variant	version0	version1	version2	version3	version4	version5	version6	version7	version8	version9	prediction_score
M1A	21.77122688293457	37.29389190673828	5.265937805175781	18.417388916015625	1.7108765840530396	-8.962715148925781	-2.9277381896972656	-2.2444941997528076	6.0668792724609375	2.99212384223938	7.938337802886963
M1C	-2.4295949935913086	63.433712005615234	4.6537675857543945	-25.46533966064453	19.755035400390625	71.14459228515625	38.9779052734375	13.220268249511719	-49.587677001953125	2.2909436225891113	13.599360466003418
M1D	38.60020446777344	9.708009719848633	29.874025344848633	-7.377766132354736	4.408185958862305	27.33437728881836	0.683800995349884	5.364890098571777	-3.174314498901367	-6.529834270477295	9.88915729522705
M1E	31.27308464050293	40.96639633178711	7.681976318359375	13.035725593566895	2.077362537384033	-16.343313217163086	-5.342041015625	8.254332542419434	6.077976703643799	0.43277454376220703	8.81142807006836
M1F	16.578258514404297	8.09786319732666	17.289461135864258	8.838314056396484	5.715934753417969	14.211771011352539	6.334554672241211	10.452176094055176	-2.4785046577453613	-4.930972099304199	8.010886192321777
M1G	27.28163719177246	19.942283630371094	5.289881229400635	18.732606887817383	5.163038730621338	-11.164985656738281	0.6134797930717468	13.078524589538574	4.637781620025635	0.07971411198377609	8.365396499633789
M1H	5.081818103790283	46.51835632324219	10.57155990600586	-25.474267959594727	20.778316497802734	45.01773452758789	35.749244689941406	8.997149467468262	-31.373384475708008	-4.692859649658203	11.1173677444458
M1I	15.117074966430664	10.985404014587402	15.19005298614502	14.618853569030762	6.487643718719482	13.466817855834961	9.130558967590332	13.266349792480469	-1.1747359037399292	0.15267395973205566	9.724069595336914
M1K	32.895145416259766	14.284188270568848	3.598832845687866	9.128496170043945	4.044504165649414	-0.903801441192627	2.993406057357788	18.043724060058594	-3.476530075073242	-1.0421605110168457	7.95658016204834
M1L	-0.41418689489364624	52.94059371948242	10.030198097229004	15.350557327270508	-20.96950912475586	-10.650422096252441	-0.5812395811080933	8.081450462341309	7.312989711761475	0.29712197184562683	6.1397552490234375
M1N	20.622846603393555	25.286462783813477	17.599788665771484	-13.335386276245117	11.412823677062988	26.730802536010742	10.421460151672363	2.2949812412261963	-8.371152877807617	-7.8857645988464355	8.477685928344727
M1P	25.67622184753418	12.299260139465332	17.740386962890625	-10.836085319519043	11.388561248779297	19.56199836730957	6.248175144195557	3.5862159729003906	-2.397595167160034	-7.290439128875732	7.597670078277588
M1Q	24.869861602783203	24.597360610961914	19.99755859375	-10.336359024047852	10.185440063476562	26.52031707763672	9.224172592163086	3.672511339187622	-4.057254314422607	-6.459808826446533	9.821380615234375
M1R	21.19515037536621	14.28215217590332	10.114758491516113	8.788524627685547	5.961999893188477	9.217156410217285	4.820454120635986	20.74349594116211	-2.7388758659362793	0.30946630239486694	9.269427299499512
M1S	26.675031661987305	14.597578048706055	3.1925883293151855	14.028196334838867	4.046652317047119	-5.541893482208252	0.8052799105644226	13.339790344238281	4.708009719848633	1.8319578170776367	7.768318176269531
M1T	27.653581619262695	12.330558776855469	4.092777729034424	13.371298789978027	3.1347174644470215	-1.2098268270492554	4.744215965270996	16.9449462890625	-1.8389533758163452	0.9717666506767273	8.01950740814209
M1V	22.891727447509766	30.712785720825195	4.181376934051514	15.762948036193848	0.4433433413505554	-5.523005962371826	-2.4071877002716064	12.246500015258789	6.789553642272949	4.660032749176025	8.975808143615723
M1W	-5.437014102935791	62.87942123413086	-0.03115949034690857	-41.33072280883789	22.232439041137695	72.162353515625	33.983951568603516	16.70085906982422	-61.498619079589844	0.37546437978744507	10.003697395324707
M1Y	-2.6072211265563965	63.32902908325195	3.736741542816162	-34.860469818115234	22.118988037109375	72.52742767333984	37.69725036621094	15.275142669677734	-56.681304931640625	1.1108604669570923	12.164644241333008
T2A	22.07280158996582	33.28092956542969	6.150074005126953	10.62331771850586	5.759115219116211	16.79434585571289	-7.617578506469727	2.8017637729644775	14.424261093139648	9.531671524047852	11.382070541381836
T2C	25.465482711791992	13.446439743041992	21.774158477783203	-5.328301906585693	-3.2194128036499023	23.164615631103516	5.584610939025879	6.0857462882995605	5.661248683929443	1.421030879020691	9.405561447143555
T2D	22.08541488647461	17.230939865112305	16.451393127441406	-8.093472480773926	2.0393190383911133	19.235944747924805	-2.8040244579315186	9.020524024963379	7.877246856689453	1.9657667875289917	8.500905990600586
T2E	23.94487190246582	46.67820739746094	11.198358535766602	17.19202423095703	6.6916069984436035	23.399085998535156	1.880950927734375	5.3547773361206055	18.920007705688477	13.422476768493652	16.868236541748047
T2F	13.869962692260742	15.68046760559082	10.012251853942871	-13.303521156311035	4.2075300216674805	15.08914566040039	-4.763583183288574	3.2911055088043213	5.045064449310303	-6.2309136390686035	4.289751052856445
T2G	22.909318923950195	32.19687271118164	9.240476608276367	-5.038108825683594	4.587960720062256	17.863887786865234	-12.55529499053955	7.277193546295166	8.060803413391113	9.047781944274902	9.359088897705078
T2H	23.974245071411133	15.580211639404297	22.728878021240234	-7.091780662536621	-2.041292428970337	21.669559478759766	2.539646863937378	6.727876663208008	6.423285961151123	-1.45820152759552	8.905243873596191
T2I	13.451165199279785	16.71592140197754	10.934330940246582	-1.940587043762207	6.578980445861816	13.199386596679688	2.627297878265381	2.528367280960083	6.012345314025879	-1.6712175607681274	6.84359884262085
T2K	18.686452865600586	25.005189895629883	14.278194427490234	-5.473031520843506	5.242623805999756	18.828449249267578	-7.227024555206299	8.173032760620117	9.658440589904785	2.997040271759033	9.016936302185059
T2L	5.579502582550049	23.957473754882812	-2.1261277198791504	10.065530776977539	3.0411934852600098	9.584775924682617	3.3909502029418945	-5.882214546203613	12.290205001831055	6.986259460449219	6.688755035400391
T2M	21.97468376159668	14.517080307006836	21.426631927490234	-9.393166542053223	-2.4079980850219727	22.885011672973633	4.867884159088135	5.831411361694336	4.8351969718933105	-1.487486481666565	8.304924964904785
T2N	21.240299224853516	16.925537109375	18.434066772460938	-8.38961410522461	-0.10888852924108505	19.490251541137695	0.4172287583351135	5.7566094398498535	8.058647155761719	-0.7398985624313354	8.108423233032227
T2P	15.180694580078125	15.006053924560547	12.966341018676758	-10.485008239746094	3.505551338195801	19.958646774291992	-10.302331924438477	4.511743545532227	2.275383234024048	-17.54290199279785	3.5074172019958496
T2Q	17.228214263916016	17.71164321899414	20.298782348632812	-5.618001937866211	0.5018471479415894	23.471067428588867	2.759826898574829	8.290050506591797	9.245619773864746	4.5032525062561035	9.83923053741455
T2R	17.75834846496582	21.565372467041016	14.723475456237793	-1.5561143159866333	3.5759589672088623	17.76399803161621	-0.780609667301178	7.934435844421387	10.735928535461426	5.060551166534424	9.67813491821289
T2S	23.25855827331543	24.07750129699707	11.735488891601562	-4.162564277648926	4.985151767730713	17.184898376464844	-7.518049240112305	6.426418304443359	11.135481834411621	5.021679401397705	9.214457511901855
T2V	15.125932693481445	23.608274459838867	4.316789627075195	6.92148494720459	6.37231969833374	7.053445816040039	-0.24748772382736206	-0.5437294244766235	10.038187026977539	3.817922592163086	7.6463141441345215
T2W	17.726085662841797	11.056408882141113	21.460832595825195	-16.704160690307617	-1.3757044076919556	16.699180603027344	5.093587398529053	2.4575774669647217	1.721319556236267	-5.715038776397705	5.242008209228516
T2Y	24.49138641357422	12.60334587097168	23.57071876525879	-10.73049259185791	-2.514965057373047	20.3413143157959	4.2499847412109375	4.521806240081787	3.3480420112609863	-3.4268760681152344	7.6454267501831055
A3C	27.204282760620117	15.510663032531738	29.403465270996094	4.179965019226074	-3.4435782432556152	15.376800537109375	10.869224548339844	8.23884391784668	5.8218255043029785	7.719158172607422	12.088064193725586
A3D	27.03364372253418	19.61711883544922	24.327274322509766	6.196270942687988	-0.38906151056289673	14.464715957641602	8.189546585083008	10.356249809265137	6.6711745262146	10.815701484680176	12.728263854980469
A3E	21.168312072753906	33.098297119140625	12.714619636535645	20.239404678344727	10.281745910644531	21.184059143066406	4.463519096374512	6.4250078201293945	8.17861557006836	15.710357666015625	15.346394538879395
A3F	20.519210815429688	17.561525344848633	14.190292358398438	0.04979082942008972	1.1395164728164673	8.984360694885254	3.1219611167907715	6.700660705566406	4.8244476318359375	3.1242287158966064	8.021598815917969
A3G	24.487592697143555	28.157609939575195	8.727802276611328	8.7887544631958	6.082030773162842	15.385305404663086	2.493187665939331	6.986086368560791	6.93900203704834	14.305097579956055	12.235246658325195
A3H	28.483253479003906	16.804323196411133	31.704011917114258	5.746431827545166	-2.8266570568084717	13.906845092773438	9.758079528808594	8.4464693069458	6.225096702575684	8.386049270629883	12.663389205932617
A3I	17.918682098388672	18.04767417907715	14.736923217773438	5.750032901763916	2.690134048461914	7.772353649139404	4.1390252113342285	6.561553001403809	6.318567752838135	4.42409086227417	8.83590316772461
A3K	20.821582794189453	24.82558822631836	18.242307662963867	9.291451454162598	5.122604846954346	16.064695358276367	5.99226713180542	10.887276649475098	7.338040828704834	14.816322326660156	13.34021282196045
A3L	8.078965187072754	21.803302764892578	1.2880741357803345	10.160204887390137	7.341699600219727	6.58154296875	2.1981635093688965	-2.3941352367401123	-0.27716493606567383	5.753060817718506	6.053371429443359
A3M	25.133485794067383	15.10850715637207	28.19873809814453	5.025341987609863	-2.4061942100524902	13.021080017089844	10.618401527404785	8.627979278564453	5.124173641204834	4.858579158782959	11.331010818481445
A3N	26.87417221069336	17.883668899536133	26.2733097076416	6.061498641967773	-1.6288973093032837	13.517757415771484	8.527117729187012	8.950634956359863	6.9767374992370605	8.834501266479492	12.227049827575684
A3P	23.61164093017578	14.958059310913086	23.183452606201172	-0.9679667949676514	-0.8173619508743286	11.655692100524902	6.404255390167236	8.200003623962402	4.051078796386719	3.0145680904388428	9.329341888427734
A3Q	27.42255210876465	19.452608108520508	28.343467712402344	9.003890991210938	-0.5103628039360046	15.820136070251465	9.850617408752441	10.885967254638672	8.117254257202148	11.940726280212402	14.032684326171875
A3R	19.33631134033203	21.04033088684082	19.51740264892578	9.75788402557373	2.6197359561920166	13.09293270111084	5.431382656097412	9.38038444519043	8.164649963378906	12.696074485778809	12.103708267211914
A3S	22.160314559936523	23.25407600402832	13.575142860412598	8.340323448181152	4.310136795043945	15.94131088256836	2.9802005290985107	7.502935409545898	8.831814765930176	13.436982154846191	12.033323287963867
A3T	21.773706436157227	22.220375061035156	15.00545597076416	9.286979675292969	3.5276408195495605	14.354286193847656	4.552958011627197	7.4868950843811035	8.73488712310791	11.584067344665527	11.852724075317383
A3V	18.652935028076172	21.330537796020508	7.948209762573242	12.079479217529297	8.318937301635742	4.75796365737915	2.087702751159668	0.9106940627098083	4.065270900726318	5.944469451904297	8.609619140625
A3W	25.8667049407959	11.117694854736328	31.933916091918945	2.0042612552642822	-1.220503330230713	12.2923583984375	9.883806228637695	6.421703815460205	2.7505674362182617	3.3080577850341797	10.435856819152832
A3Y	28.669633865356445	12.918880462646484	31.845279693603516	2.2579774856567383	-2.3870701789855957	13.335590362548828	9.929120063781738	7.237330436706543	3.7490286827087402	4.743147373199463	11.229891777038574
S4A	18.992433547973633	27.922679901123047	1.4248512983322144	13.002216339111328	4.70092248916626	12.88089656829834	-4.783243656158447	7.3062262535095215	8.289772987365723	7.518127918243408	9.725488662719727
S4C	33.53792953491211	8.700788497924805	5.361669540405273	3.5344905853271484	-0.453852117061615	9.969491004943848	3.0516717433929443	9.470634460449219	10.365254402160645	4.572760581970215	8.811083793640137
S4D	30.4984073638916	10.28326416015625	6.203622817993164	1.09999680519104	3.4658432006835938	10.101205825805664	-1.6147674322128296	7.011408805847168	7.649065971374512	3.0049831867218018	7.770301818847656
S4E	21.340700149536133	40.45265579223633	2.0395853519439697	14.496766090393066	5.697086334228516	22.302356719970703	-3.656647205352783	4.339242935180664	8.807828903198242	10.874809265136719	12.669438362121582
S4F	24.11342430114746	9.114128112792969	4.554122447967529	-2.5016684532165527	2.792781352996826	6.140866756439209	-5.8572001457214355	7.360795497894287	4.454646587371826	-6.729476451873779	4.344242095947266
S4G	22.375627517700195	29.91396141052246	3.259955406188965	-1.1185922622680664	6.479067325592041	10.812271118164062	-3.3070461750030518	7.751263618469238	6.694662094116211	11.28204345703125	9.414321899414062
S4H	31.911779403686523	8.30271053314209	7.06314754486084	2.036426544189453	-0.08750832825899124	9.691336631774902	2.075317144393921	7.502511978149414	9.061933517456055	2.8402905464172363	8.039794921875
S4I	23.34332275390625	9.810661315917969	4.643080234527588	2.589780330657959	3.2667794227600098	5.302032947540283	-0.5201535820960999	9.14251708984375	5.138431072235107	-1.9297984838485718	6.078665733337402
S4K	27.32215690612793	18.406564712524414	6.609848499298096	5.832813262939453	4.282392978668213	13.493607521057129	-5.287949562072754	9.463994026184082	9.212682723999023	4.940194606781006	9.427631378173828
S4L	5.541243076324463	18.278017044067383	-2.089871406555176	4.100083827972412	3.426067352294922	18.169355392456055	2.705310344696045	3.8944332599639893	9.418131828308105	10.002320289611816	7.344509124755859
S4M	32.9543571472168	7.329060077667236	7.205356597900391	2.0128061771392822	0.03482859581708908	9.586578369140625	1.836022973060608	8.364410400390625	8.298198699951172	3.4011175632476807	8.102272987365723
S4N	29.403654098510742	9.13548469543457	7.542892932891846	1.9830318689346313	2.413071632385254	9.393497467041016	0.9499678015708923	6.73897647857666	9.915830612182617	2.6266825199127197	8.010309219360352
S4P	27.753469467163086	7.699907302856445	4.628982067108154	-1.6907696723937988	2.8998403549194336	5.5821404457092285	-4.293598651885986	4.769909858703613	4.719998836517334	-6.83050012588501	4.523938179016113
S4Q	29.322187423706055	9.610307693481445	7.284333229064941	2.437652587890625	2.677712917327881	11.22913932800293	1.1104885339736938	9.69478988647461	9.659065246582031	5.189786911010742	8.82154655456543
S4R	26.712316513061523	12.901326179504395	6.649133682250977	4.364621162414551	4.670367240905762	8.18400764465332	-0.5083149075508118	8.484803199768066	10.419063568115234	5.965108394622803	8.784242630004883
S4T	29.610559463500977	17.638547897338867	4.582466125488281	6.474420547485352	4.998705863952637	8.936545372009277	-3.381901264190674	8.506505966186523	10.064475059509277	1.2190078496932983	8.864933013916016
S4V	12.65405559539795	21.088924407958984	2.035398483276367	10.49630355834961	2.7991631031036377	8.091231346130371	-0.30682891607284546	7.663796901702881	7.253868579864502	5.526233196258545	7.730214595794678
S4W	33.636329650878906	6.820779800415039	7.559723377227783	-0.08668509125709534	-1.0524502992630005	7.514768123626709	1.6490161418914795	6.274354457855225	8.4158353805542	0.4094112515449524	7.114107608795166
S4Y	34.35899353027344	8.172971725463867	7.090634822845459	-0.8436757326126099	-1.236831784248352	8.200224876403809	1.8316233158111572	7.540754318237305	8.340625762939453	0.7863643765449524	7.424168586730957
A5C	32.53531265258789	11.121259689331055	26.20929527282715	5.079159736633301	-5.196185111999512	12.865251541137695	9.322439193725586	8.385766983032227	8.333053588867188	11.194401741027832	11.984975814819336
A5D	32.238548278808594	15.223365783691406	18.56000518798828	5.143646717071533	-1.7190510034561157	14.869534492492676	8.552362442016602	10.651047706604004	6.056361675262451	10.52800464630127	12.010382652282715
A5E	20.401498794555664	35.34553909301758	12.385940551757812	22.551748275756836	8.684600830078125	22.030376434326172	8.723078727722168	11.537443161010742	11.894206047058105	10.722489356994629	16.427692413330078
A5F	25.066545486450195	12.083866119384766	11.169881820678711	6.088901519775391	2.838944435119629	10.004844665527344	5.008753299713135	8.421964645385742	5.17984676361084	4.049539089202881	8.99130916595459
A5G	26.892244338989258	24.658000946044922	9.084402084350586	10.836185455322266	5.61512565612793	15.219231605529785	3.3595080375671387	7.401820182800293	6.042702674865723	10.62822151184082	11.97374439239502
A5H	32.85220718383789	12.370044708251953	27.06768798828125	4.747326374053955	-4.048758506774902	14.040846824645996	8.767047882080078	8.029388427734375	8.413074493408203	10.865447044372559	12.310430526733398
A5I	22.405406951904297	13.599273681640625	11.794754981994629	7.4970221519470215	4.311520576477051	9.202102661132812	7.250441074371338	6.643374443054199	5.8026580810546875	3.459193468093872	9.196573257446289
A5K	27.257307052612305	21.56920623779297	16.544506072998047	11.206562042236328	4.947612762451172	16.809974670410156	8.343445777893066	10.823867797851562	8.617217063903809	9.60417366027832	13.5723876953125
A5L	9.520000457763672	33.3327522277832	-1.0390340089797974	4.094231128692627	7.195334434509277	10.711159706115723	3.3775744438171387	4.011943340301514	8.499545097351074	9.264997482299805	8.896849632263184
A5M	31.893396377563477	10.496891021728516	24.303112030029297	5.224618911743164	-4.767151832580566	12.059097290039062	9.892746925354004	8.287464141845703	7.359654903411865	8.871968269348145	11.362180709838867
A5N	33.457794189453125	13.525470733642578	22.967235565185547	4.9211602210998535	-2.4264626502990723	13.668132781982422	8.069348335266113	9.352567672729492	6.403340816497803	10.019567489624023	11.995816230773926
A5P	32.32400894165039	12.816106796264648	18.233726501464844	2.9941940307617188	-0.23541706800460815	12.56434440612793	8.438624382019043	8.28591251373291	4.552135944366455	1.056313395500183	10.102994918823242
A5Q	32.37503433227539	14.978402137756348	22.181201934814453	7.244711875915527	-1.663246989250183	15.048086166381836	10.637578010559082	11.241666793823242	7.044198989868164	11.738475799560547	13.082611083984375
A5R	25.503162384033203	16.701305389404297	16.446537017822266	10.929312705993652	3.3136489391326904	12.667752265930176	9.40945053100586	10.043481826782227	7.767411231994629	11.728729248046875	12.451079368591309
A5S	25.400564193725586	21.624876022338867	13.091670036315918	10.79316520690918	5.569451808929443	16.12696647644043	6.253820419311523	8.003952026367188	10.376485824584961	8.98096752166748	12.6221923828125
A5T	25.214500427246094	19.80038070678711	13.810728073120117	12.034435272216797	5.940323829650879	13.835799217224121	8.605131149291992	7.826755046844482	10.158568382263184	8.402910232543945	12.562952995300293
A5V	19.508190155029297	18.946441650390625	5.812595844268799	13.216066360473633	6.967282772064209	6.845602989196777	5.101079940795898	5.56047248840332	8.915085792541504	3.065828561782837	9.393864631652832
A5W	32.611473083496094	7.567203521728516	26.762168884277344	2.930103063583374	-6.140892028808594	12.928600311279297	9.639015197753906	7.294879913330078	6.392983913421631	9.25585651397705	10.924139022827148
A5Y	31.9057559967041	8.469959259033203	28.471139907836914	2.7211995124816895	-5.997936248779297	12.789094924926758	8.78106689453125	7.819164276123047	7.160435199737549	10.079379081726074	11.219925880432129
Q6A	16.07404899597168	16.126667022705078	5.936767101287842	8.89689826965332	5.468377113342285	19.311092376708984	0.4779354929924011	8.90429973602295	12.423690795898438	-0.6581698656082153	9.296159744262695
Q6C	32.45377731323242	-2.221127986907959	10.124979019165039	-2.736950159072876	1.7138758897781372	6.548858642578125	11.806785583496094	2.751218318939209	7.074074745178223	-0.06682796031236649	6.744866371154785
Q6D	31.46364402770996	7.1176300048828125	9.366729736328125	-5.603323936462402	3.613715171813965	1.6731775999069214	8.171915054321289	7.03103494644165	5.437463283538818	7.635340213775635	7.590732574462891
Q6E	18.26112174987793	17.641141891479492	7.244534492492676	15.160602569580078	5.661240577697754	20.12347984313965	1.979987382888794	8.51926040649414	10.339365005493164	3.816938638687134	10.874767303466797
Q6F	21.618318557739258	1.7136062383651733	6.9037652015686035	-8.729503631591797	4.095584869384766	-6.654036521911621	6.151462078094482	9.90394115447998	4.781385898590088	0.05514126271009445	3.983966827392578
Q6G	29.611482620239258	11.975284576416016	5.255762100219727	2.39520001411438	4.900141716003418	4.627481460571289	1.2677892446517944	6.437702178955078	5.698950290679932	4.811689853668213	7.698148250579834
Q6H	33.347843170166016	2.592923164367676	11.278481483459473	-2.4452052116394043	2.3574469089508057	2.8455350399017334	10.113825798034668	3.731297254562378	6.140138626098633	3.2516212463378906	7.3213911056518555
Q6I	15.694382667541504	5.674615383148193	7.7696099281311035	2.8165557384490967	4.446564197540283	0.31088781356811523	5.257269859313965	8.26768970489502	6.597108364105225	0.08454414457082748	5.691922187805176
Q6K	23.041873931884766	11.805465698242188	10.673908233642578	6.0705246925354	6.2408318519592285	14.163655281066895	3.0790441036224365	7.927485466003418	7.269678592681885	7.81267786026001	9.808513641357422
Q6L	11.707300186157227	10.07304573059082	1.2526469230651855	17.92795181274414	2.2762796878814697	15.63999080657959	2.898388624191284	4.183302402496338	13.81313705444336	-4.503424167633057	7.526862144470215
Q6M	30.972354888916016	-4.175678253173828	10.553226470947266	-0.5774499177932739	1.7312926054000854	1.0949299335479736	9.760148048400879	3.596709966659546	5.620079517364502	-1.7392927408218384	5.683631896972656
Q6N	33.093421936035156	5.102788925170898	9.61462688446045	-8.460466384887695	3.311379909515381	0.23824168741703033	8.900531768798828	6.299881935119629	5.943139553070068	5.788265228271484	6.983181953430176
Q6P	28.08974266052246	-0.9879975318908691	7.4078545570373535	-22.194477081298828	3.51827073097229	-9.017570495605469	8.207472801208496	3.5596609115600586	4.144284725189209	-2.374617338180542	2.0352625846862793
Q6R	20.936628341674805	8.456825256347656	8.380083084106445	4.98342227935791	5.259121894836426	7.267839431762695	3.6129517555236816	6.866518974304199	5.154437065124512	6.5797858238220215	7.74976110458374
Q6S	21.232805252075195	12.732126235961914	8.614870071411133	1.9282869100570679	5.117417812347412	7.447259426116943	2.3965182304382324	8.486964225769043	7.790402412414551	5.8222455978393555	8.156888961791992
Q6T	18.592920303344727	11.430420875549316	8.51461410522461	3.107752561569214	5.984303951263428	6.049588203430176	2.9735469818115234	6.759876728057861	6.860687732696533	3.4659411907196045	7.373965263366699
Q6V	13.580726623535156	16.497888565063477	4.900508880615234	11.878082275390625	3.185887336730957	11.151691436767578	0.0250827856361866	9.038766860961914	10.966153144836426	-5.104985237121582	7.611980438232422
Q6W	34.14675521850586	-1.7191615104675293	8.613670349121094	-5.3614959716796875	0.7874069213867188	2.372192621231079	10.729050636291504	3.337278127670288	5.915400981903076	-10.151559829711914	4.866953372955322
Q6Y	33.68815994262695	-1.6764848232269287	10.4130220413208	-3.741734027862549	1.0723118782043457	2.7382378578186035	11.016450881958008	1.3363765478134155	6.404667377471924	-5.130337715148926	5.612067222595215
P7A	11.260208129882812	18.067134857177734	2.020148277282715	10.831555366516113	5.277714729309082	11.699925422668457	-4.188392162322998	3.878619432449341	8.372160911560059	0.6162152886390686	6.783528804779053
P7C	27.954992294311523	9.373387336730957	12.934823989868164	12.528629302978516	-4.964731216430664	19.205663681030273	11.515787124633789	11.386324882507324	5.606215000152588	11.089547157287598	11.663064002990723
P7D	28.154150009155273	14.15872573852539	10.62901782989502	10.561457633972168	-1.5352426767349243	20.915571212768555	8.467927932739258	7.7562103271484375	4.888151168823242	8.142005920410156	11.213796615600586
P7E	12.805838584899902	28.943403244018555	2.7930872440338135	13.140427589416504	6.68919038772583	23.24897575378418	2.8521196842193604	4.1645636558532715	8.768521308898926	7.9470977783203125	11.135323524475098
P7F	17.46134376525879	9.974567413330078	8.761373519897461	2.9006729125976562	2.4268598556518555	16.460853576660156	2.5773673057556152	3.876540422439575	1.755165696144104	-0.378498911857605	6.5816240310668945
P7G	16.879112243652344	17.021198272705078	5.9129815101623535	5.988041877746582	2.2568907737731934	18.898094177246094	0.6174188852310181	4.002492427825928	5.851006984710693	5.045297622680664	8.247252464294434
P7H	34.16427230834961	9.492107391357422	13.358263969421387	9.844310760498047	-6.93725061416626	20.97854232788086	10.667091369628906	11.460251808166504	5.258209228515625	10.014177322387695	11.829997062683105
P7I	15.567096710205078	11.524859428405762	10.097443580627441	3.884953022003174	4.828934669494629	16.40201759338379	6.966850280761719	3.8643267154693604	3.7175791263580322	1.534694790840149	7.838876247406006
P7K	22.1805419921875	21.1191349029541	13.233421325683594	4.445252895355225	2.75347900390625	25.76519012451172	5.883236408233643	4.726494312286377	5.438385486602783	6.838856220245361	11.238399505615234
P7L	0.4216266870498657	17.683059692382812	-9.560386657714844	10.018488883972168	3.431244373321533	7.536704063415527	-4.457731246948242	-0.7521457076072693	9.131109237670898	6.2692952156066895	3.9721267223358154
P7M	28.48358154296875	8.478647232055664	11.597294807434082	10.335102081298828	-4.57042932510376	18.937158584594727	10.852679252624512	9.739014625549316	5.445321083068848	9.845443725585938	10.91438102722168
P7N	30.363189697265625	12.322429656982422	10.903096199035645	9.177528381347656	-3.323296308517456	20.499155044555664	8.669696807861328	8.056722640991211	4.363926887512207	8.15157699584961	10.918403625488281
P7Q	31.074092864990234	14.854653358459473	11.560235023498535	10.294702529907227	-2.775665760040283	21.79051971435547	10.762219429016113	9.83127212524414	5.476062774658203	10.294158935546875	12.316225051879883
P7R	22.851106643676758	17.849538803100586	10.96267318725586	9.561585426330566	1.7364006042480469	20.999439239501953	6.894351005554199	3.086519718170166	4.870089054107666	6.474095821380615	10.528578758239746
P7S	19.8562068939209	15.547760009765625	9.013672828674316	6.532010078430176	2.9517745971679688	20.230592727661133	2.7795071601867676	2.964449882507324	6.185879230499268	2.8849165439605713	8.894678115844727
P7T	21.284849166870117	14.962326049804688	9.692607879638672	4.238254547119141	4.698180198669434	20.60988998413086	4.594925403594971	3.5818676948547363	6.4978179931640625	2.946784019470215	9.310750961303711
P7V	5.5397844314575195	13.149658203125	1.7851959466934204	9.839503288269043	8.2055025100708	8.665130615234375	-3.3353917598724365	2.2403290271759033	7.539041042327881	2.038638114929199	5.566739082336426
P7W	30.256738662719727	8.214536666870117	13.834159851074219	9.529993057250977	-6.352062225341797	20.137794494628906	10.748698234558105	11.205827713012695	4.200733661651611	9.803382873535156	11.157979965209961
P7Y	32.90138626098633	7.788483619689941	13.584135055541992	11.070262908935547	-5.71839714050293	21.085664749145508	11.08083438873291	10.859349250793457	5.412189483642578	10.38876724243164	11.845266342163086
R8A	17.913766860961914	38.85145950317383	5.649432182312012	12.668648719787598	5.141016006469727	22.756723403930664	2.933529853820801	10.002275466918945	6.312225818634033	13.403777122497559	13.563285827636719
R8C	33.10728073120117	11.409015655517578	13.687735557556152	8.0752592086792	-2.3655552864074707	23.570327758789062	7.732937335968018	7.7724761962890625	7.801017761230469	9.845439910888672	12.063593864440918
R8D	28.262868881225586	18.64497184753418	8.736217498779297	9.798089027404785	-3.084731101989746	17.732263565063477	5.134012699127197	11.966495513916016	6.030977249145508	12.385497093200684	11.56066608428955
R8E	15.045456886291504	53.86915969848633	7.510625839233398	17.4195613861084	9.582347869873047	23.709102630615234	5.617119312286377	13.269248962402344	6.152832984924316	17.81390380859375	16.998937606811523
R8F	21.658117294311523	16.078420639038086	5.118522644042969	5.437482833862305	1.4769355058670044	15.86417007446289	2.1250267028808594	9.977251052856445	4.017832279205322	5.054305076599121	8.680807113647461
R8G	25.90221405029297	29.7924747467041	4.650557994842529	7.436819553375244	2.8017146587371826	21.556970596313477	3.023254871368408	10.983162879943848	4.423839092254639	15.751346588134766	12.632234573364258
R8H	32.955238342285156	11.673279762268066	13.937671661376953	8.355744361877441	-3.784153699874878	16.105792999267578	5.6844482421875	7.129802227020264	7.34165096282959	10.25304889678955	10.965252876281738
R8I	19.938034057617188	15.97446060180664	5.803736686706543	6.336925983428955	2.8884005546569824	13.576783180236816	4.230833530426025	9.202877044677734	4.326965808868408	5.427807331085205	8.770683288574219
R8K	21.115909576416016	32.489505767822266	7.802927017211914	7.264746189117432	3.651615619659424	23.062618255615234	6.7363972663879395	13.771458625793457	5.304618835449219	14.51507568359375	13.571487426757812
R8L	6.2468976974487305	37.008792877197266	-1.181276798248291	14.224525451660156	4.490856170654297	16.52472686767578	-4.893949508666992	4.090177536010742	6.026019096374512	13.456787109375	9.599355697631836
R8M	32.830345153808594	12.252159118652344	12.594295501708984	9.156571388244629	-2.410137414932251	22.000274658203125	7.993438720703125	8.38448429107666	6.353402614593506	9.142266273498535	11.829710006713867
R8N	30.291715621948242	14.644186019897461	8.592069625854492	9.057053565979004	-2.886329174041748	15.939096450805664	5.095095157623291	9.594507217407227	6.174452304840088	10.04118824005127	10.654302597045898
R8P	26.347373962402344	15.122511863708496	8.110091209411621	4.387460708618164	-0.800565242767334	17.407594680786133	5.336506366729736	9.865291595458984	3.555523157119751	5.533576011657715	9.48653793334961
R8Q	30.569116592407227	18.184734344482422	10.29004955291748	9.536029815673828	-1.307440996170044	17.054393768310547	7.830910682678223	11.846282005310059	7.142995357513428	12.704405784606934	12.385149002075195
R8S	23.624670028686523	27.565536499023438	6.436237812042236	8.335355758666992	3.052816867828369	23.889698028564453	4.729802131652832	10.080862998962402	6.102931499481201	12.500283241271973	12.631818771362305
R8T	24.8349666595459	26.849014282226562	6.851029396057129	9.14378547668457	3.186302423477173	22.613744735717773	5.388084411621094	9.465794563293457	6.844679832458496	10.636431694030762	12.58138370513916
R8V	14.01201343536377	31.79801368713379	4.481503009796143	10.101768493652344	5.022000312805176	13.318912506103516	1.9022433757781982	7.386342525482178	8.842000961303711	10.609506607055664	10.747430801391602
R8W	32.839359283447266	8.5770263671875	13.787755012512207	7.227730751037598	-5.445219993591309	23.863786697387695	8.261102676391602	5.333869934082031	4.667507648468018	8.248198509216309	10.736111640930176
R8Y	32.94319152832031	9.665912628173828	14.036723136901855	6.189350605010986	-4.190472602844238	21.824459075927734	6.898326396942139	5.7806854248046875	5.969091892242432	9.079519271850586	10.81967830657959
G9A	4.2049431800842285	40.8568000793457	-1.0099626779556274	12.581867218017578	3.525855541229248	4.924655437469482	8.588900566101074	14.329378128051758	13.71996784210205	7.88943338394165	10.961183547973633
G9C	20.177812576293945	6.722721099853516	5.361801624298096	-2.811370611190796	7.156985759735107	7.997231483459473	6.982956409454346	7.742781639099121	-3.556413412094116	7.2784905433654785	6.305300235748291
G9D	22.6954288482666	12.20760726928711	3.8272385597229004	12.281773567199707	0.1896030306816101	5.478450775146484	2.186971664428711	7.386713981628418	3.191753387451172	5.159599304199219	7.460514068603516
G9E	4.797999382019043	41.17385482788086	-8.026241302490234	9.595457077026367	3.677936553955078	8.743695259094238	4.390957355499268	24.14426040649414	13.578301429748535	9.40355396270752	11.147977828979492
G9F	8.925837516784668	10.26503849029541	3.198929786682129	12.567715644836426	-2.2927989959716797	8.062532424926758	-1.982252836227417	11.609577178955078	-1.5669859647750854	3.6823318004608154	5.2469916343688965
G9H	25.171409606933594	8.761619567871094	5.754096508026123	-4.285823822021484	6.761928558349609	4.0921735763549805	4.435657978057861	4.6892619132995605	-1.9108532667160034	4.284255504608154	5.775372505187988
G9I	6.58333683013916	9.388608932495117	4.1853485107421875	11.687990188598633	-0.29491525888442993	6.4799957275390625	4.15308141708374	7.800987243652344	-2.083055257797241	4.6900153160095215	5.259139060974121
G9K	12.055849075317383	30.49561882019043	5.1155314445495605	24.09610366821289	-1.260330319404602	9.565165519714355	4.059144496917725	12.332754135131836	9.814789772033691	8.672496795654297	11.494712829589844
G9L	-6.209930896759033	22.28477668762207	-8.54230785369873	5.378204345703125	2.933929920196533	0.45501208305358887	5.528927803039551	4.373607635498047	12.304006576538086	5.390661716461182	4.389688968658447
G9M	21.675046920776367	6.951300621032715	6.294375419616699	-2.3911967277526855	8.0436372756958	4.58333158493042	6.938534259796143	4.400657653808594	-4.792534351348877	6.049050807952881	5.775219917297363
G9N	24.04663848876953	9.58565902709961	3.562835216522217	6.982691764831543	1.1453455686569214	7.189091205596924	3.605067729949951	8.263609886169434	0.3139183521270752	2.905691385269165	6.760054588317871
G9P	17.056251525878906	8.608071327209473	5.1335954666137695	10.212642669677734	0.04310648888349533	3.6844851970672607	5.162630081176758	6.9180707931518555	0.14480458199977875	-2.016242742538452	5.494741439819336
G9Q	23.436294555664062	10.26216983795166	4.689810276031494	9.873740196228027	3.2322802543640137	6.970488548278809	4.409069538116455	6.413681507110596	0.33361732959747314	4.429622650146484	7.405077934265137
G9R	13.0025634765625	16.647424697875977	3.981165885925293	21.27345848083496	1.0220845937728882	8.178844451904297	4.481472015380859	9.010845184326172	3.9575705528259277	7.583754539489746	8.913918495178223
G9S	7.873682975769043	28.652324676513672	1.1635798215866089	17.539915084838867	2.1002752780914307	5.431148052215576	6.412120819091797	13.681674003601074	13.240470886230469	5.973059177398682	10.206825256347656
G9T	7.819273471832275	21.052316665649414	3.2289652824401855	19.554380416870117	0.04284953325986862	7.736003398895264	5.331018447875977	9.467631340026855	7.362786769866943	6.405317306518555	8.800054550170898
G9V	0.981938898563385	22.65431022644043	1.8156548738479614	17.667922973632812	3.2071664333343506	3.682358980178833	3.0903661251068115	6.123246669769287	5.656706809997559	7.243219375610352	7.212288856506348
G9W	17.205110549926758	3.7149293422698975	4.810557842254639	4.58190393447876	7.598348617553711	7.4446611404418945	6.827103137969971	4.0286478996276855	-5.310909271240234	7.581273555755615	5.848162651062012
G9Y	22.559080123901367	6.95749568939209	6.2503557205200195	-5.3656134605407715	7.922079563140869	4.486052989959717	6.082189083099365	4.581223487854004	-3.496345043182373	6.070291519165039	5.60468053817749
R10A	9.97484016418457	31.35342788696289	0.7072657346725464	23.88538932800293	2.8186230659484863	18.97804832458496	1.4229507446289062	9.24952507019043	11.833582878112793	9.34990119934082	11.957355499267578
R10C	26.52475357055664	8.187150001525879	5.758618354797363	0.34147533774375916	1.547796607017517	14.020665168762207	9.914791107177734	1.5757484436035156	-0.4813358783721924	3.7921202182769775	7.118178367614746
R10D	26.878650665283203	14.429342269897461	4.456715106964111	12.40908432006836	1.8683809041976929	15.048834800720215	5.131004810333252	8.6803617477417	7.558609485626221	7.724226951599121	10.418519973754883
R10E	8.423728942871094	45.75815200805664	0.5035296678543091	18.512739181518555	5.248763084411621	16.949970245361328	2.4417061805725098	17.483091354370117	7.426048278808594	10.393510818481445	13.314123153686523
R10F	15.975968360900879	11.196876525878906	-0.016499459743499756	19.20697593688965	2.070307493209839	11.866449356079102	4.062839984893799	10.700698852539062	4.295254230499268	3.8932602405548096	8.325213432312012
R10G	17.87371253967285	22.68754768371582	1.3704591989517212	16.751359939575195	3.656510353088379	18.908466339111328	-0.4722282290458679	11.484177589416504	12.473164558410645	9.636021614074707	11.436920166015625
R10H	29.971281051635742	9.010539054870605	4.652036190032959	-1.6361435651779175	2.91913104057312	12.095426559448242	7.251321315765381	3.5704574584960938	4.935205936431885	1.527031421661377	7.429627895355225
R10I	15.229104995727539	10.742646217346191	2.154043674468994	19.84305191040039	-0.47443729639053345	11.599078178405762	1.659500241279602	9.483586311340332	0.6998806595802307	6.0133376121521	7.694979667663574
R10K	27.55974769592285	30.651668548583984	5.261463165283203	21.582542419433594	3.0326197147369385	19.895238876342773	-0.3089362382888794	14.616225242614746	9.056642532348633	13.41347599029541	14.476069450378418
R10L	-0.7965691685676575	12.098697662353516	-4.898053169250488	15.768967628479004	3.5854315757751465	8.957634925842285	-2.1030492782592773	-1.2016615867614746	3.5304505825042725	7.809889793395996	4.275174140930176
R10M	24.33791160583496	8.424095153808594	4.937812805175781	1.5000790357589722	1.9694019556045532	13.201410293579102	8.30591869354248	4.183876991271973	-0.4471777677536011	1.3615058660507202	6.777483940124512
R10N	26.981069564819336	12.679807662963867	3.600769519805908	8.14738655090332	1.9149178266525269	12.786808013916016	5.5867018699646	7.041075706481934	7.327456951141357	3.8039968013763428	8.986998558044434
R10P	21.390214920043945	8.64999771118164	1.8204344511032104	11.561328887939453	2.11376953125	9.300798416137695	5.278165817260742	4.148280143737793	3.8224637508392334	-3.2179043292999268	6.486754417419434
R10Q	26.570955276489258	14.11483383178711	4.475228309631348	11.798154830932617	1.5098496675491333	15.360300064086914	5.015185356140137	10.72199535369873	5.812771797180176	8.39090633392334	10.377017974853516
R10S	24.45069122314453	27.223527908325195	3.156250476837158	17.191783905029297	3.389580249786377	17.90634536743164	0.6120951771736145	12.058907508850098	12.371943473815918	10.357891082763672	12.87190055847168
R10T	19.60953140258789	25.409639358520508	2.8460402488708496	21.896120071411133	2.85221004486084	15.05167007446289	1.3354756832122803	14.535836219787598	7.044351100921631	9.16438102722168	11.97452449798584
R10V	4.129493713378906	15.829124450683594	1.0174024105072021	19.92627716064453	1.5431203842163086	11.209668159484863	-0.638483464717865	2.838068723678589	2.347119092941284	7.334001541137695	6.553578853607178
R10W	27.336015701293945	7.666025638580322	4.882230758666992	-7.604272365570068	1.469031810760498	14.767427444458008	10.184477806091309	-0.4261620044708252	-1.5573304891586304	-3.229295492172241	5.348814964294434
R10Y	32.27571487426758	6.824673652648926	4.580427646636963	-8.350871086120605	2.5846633911132812	11.64885425567627	8.972025871276855	-0.4791211485862732	0.11607013642787933	-1.733589768409729	5.643884658813477
R11A	-4.112951278686523	16.46099281311035	-5.990512371063232	19.293302536010742	1.1445451974868774	0.672469973564148	1.517423152923584	20.565235137939453	7.171871662139893	3.511988878250122	6.023436546325684
R11C	10.406946182250977	5.629162788391113	6.785553455352783	14.637470245361328	9.981973648071289	9.069294929504395	8.58787727355957	3.6160707473754883	5.4026007652282715	2.456730604171753	7.657369136810303
R11D	10.262382507324219	6.029143810272217	2.1934566497802734	13.849952697753906	2.3705530166625977	5.351431846618652	3.429208517074585	14.547599792480469	5.987391471862793	-1.570638656616211	6.245047569274902
R11E	-14.186687469482422	19.462697982788086	-11.838577270507812	13.580703735351562	-1.1860690116882324	0.3469136357307434	1.1174721717834473	17.419326782226562	0.6971307992935181	0.3713351786136627	2.5784246921539307
R11F	8.791473388671875	3.0391416549682617	2.5582804679870605	15.017364501953125	1.977626085281372	1.850799322128296	1.4719842672348022	13.43931770324707	4.907745361328125	4.11848258972168	5.717221736907959
R11G	-1.0973018407821655	13.47755241394043	-2.480041742324829	13.793944358825684	-0.5283502340316772	8.757079124450684	0.7449283003807068	19.222991943359375	2.993576765060425	-4.721956253051758	5.016242027282715
R11H	10.105809211730957	6.5331830978393555	3.319652795791626	2.32194185256958	7.177674770355225	10.4826078414917	7.7443318367004395	0.7555869817733765	3.698885440826416	-0.21310657262802124	5.192656517028809
R11I	6.254147052764893	2.1716930866241455	2.5315418243408203	17.284833908081055	6.9972357749938965	3.559116840362549	0.739097535610199	12.9022798538208	6.560098171234131	-2.479433298110962	5.652060508728027
R11K	2.6916146278381348	4.648630142211914	1.7387032508850098	24.555322647094727	2.6460373401641846	4.683516979217529	-0.08094373345375061	16.069316864013672	6.766473770141602	0.2817077040672302	6.400038242340088
R11L	-7.576239585876465	6.416252136230469	-14.489816665649414	5.483935356140137	1.7014328241348267	-1.3742072582244873	-0.06263566017150879	11.796985626220703	2.7869865894317627	2.4682161808013916	0.7150909304618835
R11M	8.133809089660645	4.459948539733887	4.099370002746582	12.723418235778809	8.223810195922852	7.352285385131836	6.259471893310547	1.6410161256790161	4.3312602043151855	2.263284921646118	5.948768138885498
R11N	9.714651107788086	5.108750343322754	3.0559139251708984	13.383955001831055	4.086605548858643	11.04174518585205	4.446930408477783	8.43289852142334	6.9386491775512695	0.7442705035209656	6.695436954498291
R11P	5.74072265625	1.3198039531707764	-0.6436364650726318	12.392688751220703	-1.7264069318771362	2.991082191467285	3.9277358055114746	10.813995361328125	3.8241889476776123	3.860022783279419	4.2500200271606445
R11Q	6.7674407958984375	5.890085220336914	2.091355800628662	20.51378631591797	2.3510050773620605	10.967695236206055	2.5550577640533447	9.995488166809082	5.312078952789307	-0.6344223618507385	6.580956935882568
R11S	1.6412395238876343	7.888528347015381	-1.6789913177490234	19.3450927734375	1.6314523220062256	4.097752571105957	2.5709609985351562	21.135286331176758	6.387726783752441	3.644744873046875	6.666379451751709
R11T	3.6228244304656982	2.9292068481445312	0.6106961965560913	17.778602600097656	5.280661582946777	2.3497278690338135	0.712105929851532	18.00261878967285	6.05368185043335	1.5653570890426636	5.890548229217529
R11V	0.6764129996299744	6.333971977233887	-4.808685302734375	9.66115951538086	4.702775001525879	0.3786294758319855	-0.6901267766952515	16.186656951904297	6.003528594970703	-0.3078710436820984	3.813645124435425
R11W	9.673501014709473	3.3503928184509277	1.8966150283813477	3.260694742202759	9.358392715454102	11.908044815063477	6.0535688400268555	-2.898324966430664	2.2072947025299072	0.844529390335083	4.5654706954956055
R11Y	13.293839454650879	5.415828227996826	4.3723626136779785	-1.2080140113830566	9.067477226257324	12.408212661743164	8.213957786560059	-3.8138201236724854	3.1320931911468506	-0.2443205714225769	5.0637617111206055
P12A	-11.855854988098145	2.99751353263855	-10.905557632446289	7.645073890686035	-4.96721076965332	-28.211606979370117	-4.4335713386535645	21.16326332092285	0.7747653722763062	-30.639156341552734	-5.843234062194824
P12C	1.5120333433151245	2.5920329093933105	-8.477277755737305	5.369077205657959	-12.19023323059082	-4.139616012573242	-16.021268844604492	2.5688154697418213	5.610848426818848	-12.085726737976074	-3.5261313915252686
P12D	-7.271646499633789	-2.662081241607666	-7.753126621246338	4.919579982757568	-11.063807487487793	-19.30208396911621	-13.268989562988281	3.0498242378234863	2.545229434967041	-28.570096969604492	-7.937719821929932
P12E	-18.36017417907715	-2.0625338554382324	-10.424898147583008	9.925264358520508	-15.835553169250488	-35.68552780151367	-6.773751735687256	19.739564895629883	-10.208966255187988	-40.751914978027344	-11.043848991394043
P12F	-2.8572800159454346	3.4063949584960938	-7.712956428527832	7.40705680847168	-0.47367018461227417	-14.058065414428711	-9.72822093963623	6.697904109954834	9.94950008392334	-21.10201072692871	-2.847134828567505
P12G	-11.304689407348633	10.884685516357422	-9.568120956420898	7.946523189544678	-6.0871429443359375	-23.231599807739258	-3.935945749282837	20.89167022705078	2.679500102996826	-31.114255905151367	-4.283937931060791
P12H	1.59953773021698	-1.603211760520935	-13.882994651794434	4.447660446166992	-13.833836555480957	-8.499835014343262	-18.083255767822266	1.3555165529251099	2.7157459259033203	-19.684480667114258	-6.546915531158447
P12I	-3.3434038162231445	1.7166283130645752	-4.072938442230225	6.8881378173828125	1.7745054960250854	-13.773677825927734	-3.4558634757995605	7.019906997680664	10.201181411743164	-20.964277267456055	-1.8009799718856812
P12K	-9.138044357299805	2.9220898151397705	-12.02334213256836	7.077710151672363	-5.348188877105713	-28.765777587890625	-6.7245378494262695	12.04321002960205	4.984574794769287	-35.09131622314453	-7.006361961364746
P12L	-9.063680648803711	5.731366157531738	-10.451379776000977	8.660806655883789	0.25825732946395874	-14.095388412475586	-1.239306926727295	24.07140350341797	4.308394908905029	-18.2355899810791	-1.0055116415023804
P12M	0.916266143321991	1.412758469581604	-6.803332328796387	4.4951171875	-11.991432189941406	-5.853569984436035	-15.323675155639648	3.4489662647247314	5.513504505157471	-16.7887020111084	-4.097409725189209
P12N	-2.5295026302337646	-1.0003873109817505	-7.259210109710693	4.25710391998291	-10.97288990020752	-11.658814430236816	-15.528746604919434	0.3796826899051666	2.2007133960723877	-22.787918090820312	-6.489996433258057
P12Q	-3.9459118843078613	-1.2085615396499634	-7.742837905883789	3.7101874351501465	-10.307043075561523	-14.987847328186035	-13.826101303100586	2.0714263916015625	2.123802423477173	-28.18773078918457	-7.2300615310668945
P12R	-7.884190559387207	3.377073049545288	-7.646420001983643	4.889126300811768	-5.840976715087891	-23.749393463134766	-7.049682140350342	10.45960807800293	2.292358875274658	-30.628076553344727	-6.1780571937561035
P12S	-11.136837005615234	5.6303300857543945	-11.915164947509766	6.607180595397949	-6.669238090515137	-25.26934814453125	-5.438003063201904	13.558015823364258	2.913304567337036	-29.402040481567383	-6.112179756164551
P12T	-9.386110305786133	6.415317058563232	-8.769224166870117	5.911887168884277	-4.8224382400512695	-24.736900329589844	-5.729089260101318	10.54841423034668	6.138088703155518	-30.354806900024414	-5.478486061096191
P12V	-4.277654647827148	4.608072757720947	-2.8898911476135254	8.597005844116211	1.9697171449661255	-15.188946723937988	-1.79036545753479	17.77379608154297	10.010383605957031	-14.729376792907715	0.40827417373657227
P12W	0.8869462609291077	0.0473623052239418	-6.426543235778809	2.355199098587036	-11.024942398071289	-11.210487365722656	-21.16329002380371	5.203324794769287	2.404467821121216	-22.04962730407715	-6.097759246826172
P12Y	2.6921226978302	0.9249637126922607	-6.7611799240112305	5.622629642486572	-10.824277877807617	-5.415810585021973	-16.653772354125977	2.549818754196167	5.443700313568115	-13.50796890258789	-3.592977523803711
G13A	0.9695551991462708	14.764047622680664	-8.996628761291504	12.78337574005127	1.4473382234573364	-2.136732816696167	1.4468510150909424	3.4310226440429688	-1.6070971488952637	-2.299323320388794	1.980240821838379
G13C	5.828422546386719	6.789470195770264	1.9032422304153442	4.489669322967529	0.2715289294719696	-3.2751591205596924	2.0513687133789062	0.5488995909690857	3.8022587299346924	-2.5977351665496826	1.981196641921997
G13D	3.422598361968994	1.502929925918579	-4.07357120513916	2.042377233505249	-3.8710811138153076	-0.7444736361503601	-0.7256758809089661	11.785584449768066	7.4899678230285645	4.017056465148926	2.084571123123169
G13E	-1.6010468006134033	15.80876350402832	-11.686636924743652	11.085164070129395	-2.49021315574646	-6.2397613525390625	4.026282787322998	6.575343132019043	-3.485558032989502	-10.300677299499512	0.16916589438915253
G13F	5.59702730178833	3.249340057373047	-1.631816029548645	11.197061538696289	1.810835599899292	2.0065360069274902	-4.39818811416626	9.685885429382324	7.0662360191345215	1.266831636428833	3.584974765777588
G13H	6.663588523864746	7.241063594818115	0.1244407594203949	-5.323418617248535	-0.17349624633789062	-1.1828508377075195	3.904982328414917	3.5389578342437744	1.5850839614868164	-0.3240633010864258	1.605428695678711
G13I	4.274089813232422	1.601606011390686	-1.5598353147506714	10.397357940673828	4.04428768157959	1.8551273345947266	-0.6411477327346802	15.131437301635742	3.880202293395996	-3.2591488361358643	3.5723979473114014
G13K	2.090719699859619	4.139138221740723	-11.100863456726074	13.196786880493164	-1.2836393117904663	0.4668418765068054	0.5005901455879211	6.77977180480957	4.956103324890137	0.4161459505558014	2.0161595344543457
G13L	-0.8146372437477112	2.5606632232666016	-9.714884757995605	4.711215019226074	-0.5312657952308655	-8.320096015930176	3.2081334590911865	4.4664411544799805	0.3858718276023865	-9.027739524841309	-1.3076298236846924
G13M	5.085659980773926	5.832098484039307	1.5493603944778442	4.687524795532227	-2.746678113937378	-4.78343391418457	-0.6502971053123474	0.954460620880127	4.529024124145508	-2.6597485542297363	1.1797971725463867
G13N	5.041909694671631	3.303264856338501	-1.3028154373168945	6.255155086517334	-3.236456871032715	-0.8693347573280334	1.143958568572998	7.558175563812256	7.030330181121826	3.1961240768432617	2.8120312690734863
G13P	3.7173073291778564	-7.205084323883057	-4.509586334228516	5.598972320556641	-4.580653667449951	-4.0535688400268555	-0.8612671494483948	3.7804043292999268	3.998084783554077	2.1346051692962646	-0.19807866215705872
G13Q	6.623645782470703	6.77618408203125	-0.20616236329078674	7.610795497894287	-5.040152549743652	-2.480015277862549	0.8976771831512451	7.636283874511719	6.9024271965026855	0.48354989290237427	2.9204232692718506
G13R	4.726008415222168	1.704122543334961	-4.696497917175293	11.472799301147461	1.0683679580688477	1.4885740280151367	-0.4786716103553772	10.895276069641113	7.144315242767334	0.13347122073173523	3.345776319503784
G13S	2.963805913925171	2.1019153594970703	-7.228689193725586	5.808924674987793	-0.2607613503932953	0.466985821723938	2.1601459980010986	4.662477493286133	2.084592342376709	3.2372162342071533	1.5996613502502441
G13T	4.527466773986816	-0.3654203712940216	-5.122081756591797	7.277360916137695	0.4001256227493286	1.1424274444580078	-0.45140188932418823	5.351363182067871	4.12568473815918	-1.5577558279037476	1.532776951789856
G13V	2.761085271835327	6.644660949707031	-4.612809181213379	9.794793128967285	3.801915407180786	-1.8430097103118896	-0.44088149070739746	7.157038688659668	4.125591278076172	-4.722861289978027	2.266552448272705
G13W	5.441428184509277	5.223115921020508	0.10333225131034851	4.117691993713379	-2.500478744506836	-7.159981727600098	1.267046332359314	0.10811401903629303	2.550168991088867	-3.109287738800049	0.6041150689125061
G13Y	8.219348907470703	7.9279303550720215	1.1310607194900513	-4.8914995193481445	4.328105926513672	-6.851825714111328	3.7760236263275146	-1.0768259763717651	1.6211087703704834	-3.6437482833862305	1.0539679527282715
V14A	-11.245620727539062	-0.9850891828536987	-30.534767150878906	8.711749076843262	-3.264514446258545	-35.70295333862305	-1.7325718402862549	8.099427223205566	-9.268881797790527	-22.795696258544922	-9.871891975402832
V14C	-14.348358154296875	0.6814031600952148	-21.8489990234375	3.473700761795044	-8.003036499023438	-16.279579162597656	-19.100461959838867	1.5227506160736084	-3.589864730834961	-17.759485244750977	-9.525193214416504
V14D	-18.275867462158203	-3.277296543121338	-21.82208824157715	14.682428359985352	-21.43260383605957	-32.173885345458984	-12.56966495513916	3.536311149597168	-6.997580051422119	-32.3424072265625	-13.067266464233398
V14E	-18.28170394897461	-27.057825088500977	-33.100704193115234	11.985084533691406	-16.92950439453125	-44.33461380004883	-5.454890727996826	10.85241413116455	-16.509668350219727	-32.119873046875	-17.095129013061523
V14F	-5.205940246582031	0.32405704259872437	-24.287628173828125	7.776844024658203	-4.236874580383301	-19.40798568725586	-7.615296840667725	2.5640013217926025	-7.829287528991699	-21.834228515625	-7.975233554840088
V14G	-15.146804809570312	7.305441856384277	-26.05418586730957	20.19298553466797	-11.303690910339355	-32.954673767089844	-7.558918476104736	15.381576538085938	-10.186031341552734	-35.25669479370117	-9.558099746704102
V14H	-16.948650360107422	-3.9255564212799072	-17.394651412963867	8.96535587310791	-14.317692756652832	-24.553327560424805	-13.329450607299805	-1.3190443515777588	-6.261316776275635	-21.655681610107422	-11.074002265930176
V14I	-2.590242385864258	3.463890552520752	-24.234867095947266	10.314059257507324	0.44008398056030273	-17.36773681640625	-4.421090602874756	5.267863750457764	1.5425060987472534	-18.9555721282959	-4.654110908508301
V14K	-10.2440185546875	2.880471706390381	-29.208969116210938	15.33447551727295	-14.056584358215332	-38.97207260131836	-6.680127143859863	6.753448009490967	-3.0781917572021484	-28.38740348815918	-10.565896987915039
V14L	-6.535336494445801	-10.908706665039062	-15.456533432006836	5.187445640563965	6.587952613830566	-12.35323715209961	5.810925483703613	9.884714126586914	3.332411527633667	-5.477095127105713	-1.9927457571029663
V14M	-15.90938663482666	-1.4171688556671143	-21.84576988220215	0.7755417823791504	-11.504076957702637	-19.135318756103516	-17.345563888549805	1.6960949897766113	-3.8718695640563965	-20.002607345581055	-10.856012344360352
V14N	-14.809232711791992	-1.282188892364502	-20.898406982421875	14.349088668823242	-15.222208976745605	-27.093517303466797	-10.655373573303223	3.9885079860687256	-5.519659042358398	-23.77248764038086	-10.091547966003418
V14P	-13.704720497131348	-3.5001425743103027	-37.07329177856445	0.24170610308647156	-16.160755157470703	-30.027446746826172	-14.046148300170898	1.1710469722747803	-13.074810981750488	-24.248159408569336	-15.042272567749023
V14Q	-15.648859024047852	-4.673107147216797	-21.376882553100586	7.757106304168701	-18.604774475097656	-29.097280502319336	-13.911345481872559	2.9681618213653564	-4.259159564971924	-27.098464965820312	-12.394460678100586
V14R	-11.35897445678711	1.307985544204712	-22.857284545898438	14.58151912689209	-13.52476692199707	-33.70840072631836	-7.043481826782227	5.640181541442871	-1.3358955383300781	-25.149932861328125	-9.344904899597168
V14S	-18.13405990600586	12.906492233276367	-31.756067276000977	16.619693756103516	-13.878183364868164	-36.07781219482422	-9.203983306884766	7.932807922363281	-13.036229133605957	-31.196218490600586	-11.582357406616211
V14T	-7.470088481903076	11.179635047912598	-29.570144653320312	15.056435585021973	-8.026142120361328	-27.58485221862793	-6.176427841186523	6.157501220703125	-3.8086466789245605	-24.83042335510254	-7.507315158843994
V14W	-22.483291625976562	-7.304291248321533	-31.712257385253906	-11.705645561218262	-16.54007339477539	-27.63986587524414	-19.66306495666504	1.6734024286270142	-12.434162139892578	-21.273963928222656	-16.908321380615234
V14Y	-15.92474365234375	-2.6469147205352783	-20.211538314819336	-0.015053391456604004	-13.21457290649414	-22.525100708007812	-20.14698600769043	-1.5357409715652466	-10.264644622802734	-17.19812774658203	-12.368341445922852
G15A	-24.956266403198242	-4.861246109008789	-11.446184158325195	13.758004188537598	-6.138379096984863	-20.014373779296875	-5.728290557861328	5.039252758026123	-9.255223274230957	-28.300336837768555	-9.190303802490234
G15C	-29.375141143798828	-26.641328811645508	-11.523285865783691	-5.778264999389648	-12.463716506958008	-8.057988166809082	-22.830854415893555	-5.296548843383789	-6.054714679718018	-18.14531707763672	-14.616717338562012
G15D	-21.761653900146484	-16.561655044555664	-11.84926700592041	6.178602695465088	-9.643043518066406	-17.340906143188477	-14.893733024597168	-3.8308162689208984	-4.871152400970459	-23.670970916748047	-11.82446002960205
G15E	-26.9342098236084	-8.17753791809082	-8.173990249633789	12.886174201965332	-9.167734146118164	-19.517101287841797	-3.5173676013946533	1.8694056272506714	-10.624669075012207	-32.69614028930664	-10.405317306518555
G15F	-18.662874221801758	-21.282320022583008	-14.181239128112793	-1.4686908721923828	-9.13259506225586	-14.01611042022705	-12.675658226013184	-1.2149074077606201	-2.89833402633667	-21.429262161254883	-11.696199417114258
G15H	-16.26111602783203	-20.513689041137695	-12.647336959838867	-0.46725788712501526	-9.63082504272461	-10.137592315673828	-21.09895896911621	-5.853292465209961	-3.8273677825927734	-17.546016693115234	-11.798345565795898
G15I	-19.54595375061035	-27.377002716064453	-12.199946403503418	-4.333438873291016	-8.660996437072754	-13.16784954071045	-15.523741722106934	1.0063623189926147	-4.200402736663818	-23.739484786987305	-12.774245262145996
G15K	-18.487241744995117	-19.649097442626953	-13.544853210449219	4.334865570068359	-8.488895416259766	-20.8843936920166	-7.96173620223999	1.0367623567581177	-6.892850875854492	-26.596330642700195	-11.713376998901367
G15L	-13.241931915283203	-12.866362571716309	-18.79612922668457	1.079275131225586	-6.341645240783691	-22.74441909790039	-5.350090980529785	4.5895280838012695	-18.411151885986328	-29.702783584594727	-12.178569793701172
G15M	-34.668846130371094	-30.194046020507812	-11.896456718444824	-6.129507541656494	-16.44666862487793	-10.760061264038086	-25.736797332763672	-6.942690849304199	-8.260034561157227	-20.65617561340332	-17.16912841796875
G15N	-25.34290885925293	-19.500795364379883	-11.623720169067383	1.5297093391418457	-11.447689056396484	-14.781545639038086	-18.421600341796875	-2.794074773788452	-3.401604413986206	-21.57918930053711	-12.73634147644043
G15P	-25.7789249420166	-22.002735137939453	-18.570552825927734	-6.165156364440918	-12.742803573608398	-18.982309341430664	-20.37553596496582	-5.75903844833374	-16.078760147094727	-22.600727081298828	-16.905654907226562
G15Q	-24.390613555908203	-22.07863998413086	-11.801551818847656	-1.2360888719558716	-12.904455184936523	-15.893190383911133	-17.68686294555664	-3.274418830871582	-3.8199193477630615	-23.37590980529785	-13.646163940429688
G15R	-19.81157684326172	-18.843107223510742	-10.332653045654297	3.1626195907592773	-6.586901664733887	-16.826290130615234	-6.9035468101501465	0.7244311571121216	-2.3574059009552	-22.59492301940918	-10.036935806274414
G15S	-21.173276901245117	-11.794990539550781	-12.678990364074707	9.548856735229492	-7.70487117767334	-19.018421173095703	-7.757688999176025	1.104858160018921	-6.188742160797119	-24.762962341308594	-10.042623519897461
G15T	-18.243087768554688	-19.7434139251709	-13.089090347290039	3.878495931625366	-7.856802940368652	-17.483394622802734	-10.61279296875	0.6223472356796265	-3.1823275089263916	-24.29302215576172	-11.000308990478516
G15V	-8.00827407836914	-2.3482506275177	-16.112686157226562	8.966883659362793	-5.744744300842285	-15.991759300231934	-9.050617218017578	7.054162979125977	-0.10557107627391815	-32.83951187133789	-7.418036460876465
G15W	-34.475643157958984	-30.48444366455078	-14.53640365600586	-8.81147575378418	-18.010948181152344	-13.219447135925293	-27.07918357849121	-8.725199699401855	-10.360593795776367	-23.28238296508789	-18.898571014404297
G15Y	-18.906457901000977	-23.80421257019043	-12.932133674621582	-2.665706157684326	-10.905393600463867	-9.19351577758789	-24.537673950195312	-8.039345741271973	-6.9316229820251465	-15.652976036071777	-13.356904983520508
V16A	-8.127626419067383	-8.527320861816406	-36.01518630981445	5.565590858459473	-7.086302280426025	-33.26218795776367	-3.3416876792907715	0.5775742530822754	-11.339579582214355	-24.103633880615234	-12.566035270690918
V16C	-22.199357986450195	0.020397759974002838	-18.371889114379883	-3.401388168334961	-7.381762504577637	-17.343158721923828	-20.785085678100586	-4.901011943817139	-9.26213550567627	-16.223997116088867	-11.984939575195312
V16D	-30.084596633911133	-7.451867580413818	-21.943889617919922	-10.598041534423828	-20.60105323791504	-31.387989044189453	-16.701866149902344	-3.6827385425567627	-12.717904090881348	-30.4195499420166	-18.55895233154297
V16E	-16.098554611206055	-35.17538070678711	-32.08590316772461	2.228846311569214	-28.905399322509766	-44.481014251708984	-8.347665786743164	10.150205612182617	-29.49927520751953	-31.05427360534668	-21.326841354370117
V16F	-7.160183906555176	-5.3577165603637695	-26.832502365112305	-3.627255916595459	-4.475073337554932	-15.333852767944336	-4.413898468017578	-1.1721773147583008	-12.042098999023438	-14.816876411437988	-9.523164749145508
V16G	-15.441580772399902	2.6036617755889893	-32.75580596923828	6.359858512878418	-14.366982460021973	-33.14716720581055	-10.672436714172363	3.324507236480713	-14.019113540649414	-40.85798263549805	-14.897303581237793
V16H	-21.710044860839844	-6.22369909286499	-12.808469772338867	-5.594756126403809	-13.18968391418457	-19.62489891052246	-22.508474349975586	-9.216689109802246	-13.148008346557617	-19.445484161376953	-14.347021102905273
V16I	-0.7031760215759277	-0.6490253210067749	-22.649410247802734	4.531620979309082	1.2443112134933472	-9.686389923095703	-2.6656482219696045	5.148006439208984	-0.9418169260025024	-13.923685073852539	-4.0295209884643555
V16K	-13.236052513122559	-17.619626998901367	-31.246191024780273	-5.520036697387695	-16.45041275024414	-38.2909049987793	-8.693859100341797	-0.07436072826385498	-9.957425117492676	-21.98885726928711	-16.30777359008789
V16L	1.6796506643295288	-20.681533813476562	-16.177143096923828	2.9628612995147705	5.279252052307129	-7.110623359680176	1.79682457447052	5.302948951721191	2.5168986320495605	-2.186089515686035	-2.6616950035095215
V16M	-23.53849220275879	-5.43290376663208	-13.186022758483887	-2.305389642715454	-9.0278902053833	-19.31326675415039	-20.521238327026367	-8.307119369506836	-12.600103378295898	-16.617067337036133	-13.08495044708252
V16N	-27.785547256469727	-5.339631080627441	-19.605518341064453	-7.8466949462890625	-14.247910499572754	-23.10099220275879	-17.690216064453125	-3.8772780895233154	-13.078861236572266	-24.875869750976562	-15.744852066040039
V16P	-33.325992584228516	-6.51900577545166	-33.19795227050781	-16.576549530029297	-17.29006576538086	-26.81243133544922	-21.179224014282227	-5.395796298980713	-24.534221649169922	-23.720460891723633	-20.855173110961914
V16Q	-30.915420532226562	-10.828157424926758	-18.53951644897461	-9.762776374816895	-16.9110107421875	-26.8597412109375	-18.81068992614746	-6.6579694747924805	-10.779227256774902	-25.162290573120117	-17.52267837524414
V16R	-13.884443283081055	-15.793368339538574	-24.68346405029297	-7.138698577880859	-15.691412925720215	-32.46414566040039	-9.809783935546875	-1.2452853918075562	-7.549657821655273	-20.962610244750977	-14.922286987304688
V16S	-16.07086753845215	1.156273603439331	-34.45771408081055	-0.3985462486743927	-15.920502662658691	-35.265228271484375	-8.5751371383667	1.0989959239959717	-15.626380920410156	-27.70952606201172	-15.176862716674805
V16T	-4.636707782745361	0.7418516874313354	-31.46990394592285	2.6144871711730957	-7.501899242401123	-22.94682502746582	-4.2670578956604	0.15669982135295868	-9.158867835998535	-20.806379318237305	-9.727460861206055
V16W	-34.47953414916992	-7.072242736816406	-21.65338134765625	-11.208373069763184	-14.103323936462402	-27.918771743774414	-23.87389373779297	-8.335714340209961	-20.816848754882812	-18.83765983581543	-18.829973220825195
V16Y	-21.990530014038086	-4.978593826293945	-14.583067893981934	-5.1393327713012695	-10.659131050109863	-19.279041290283203	-24.05305290222168	-9.716989517211914	-17.461015701293945	-16.270111083984375	-14.4130859375
G17A	-17.4184627532959	2.4901180267333984	-12.356008529663086	9.491703987121582	-4.3824310302734375	-23.53668975830078	-3.309854030609131	12.764327049255371	-8.669816970825195	-23.51740074157715	-6.844450950622559
G17C	-30.122045516967773	-7.641356945037842	-6.845803737640381	0.6805411577224731	-5.9063897132873535	-12.107702255249023	-23.292205810546875	-2.4429240226745605	2.051617383956909	-14.197137832641602	-9.982339859008789
G17D	-19.915822982788086	-8.033052444458008	-10.496343612670898	8.71530818939209	-8.374872207641602	-20.176589965820312	-10.643060684204102	-0.36434072256088257	-0.9030215740203857	-22.934589385986328	-9.312639236450195
G17E	-15.973154067993164	5.524271011352539	-13.911434173583984	9.923547744750977	-12.554093360900879	-26.91637420654297	-4.192390441894531	2.863396167755127	-15.214277267456055	-36.64004135131836	-10.709054946899414
G17F	-10.527990341186523	-5.874515056610107	-10.460201263427734	0.13672959804534912	-1.6201002597808838	-13.676051139831543	-5.204234600067139	4.624194145202637	2.878666877746582	-15.995199203491211	-5.57187032699585
G17H	-29.29141616821289	-9.576276779174805	-7.1436333656311035	1.287613034248352	-10.104394912719727	-13.6359281539917	-20.267759323120117	-3.773416042327881	-0.4443380832672119	-16.858020782470703	-10.980756759643555
G17I	-5.971497535705566	-5.1196393966674805	-7.976226806640625	-0.2768629789352417	0.29313427209854126	-13.297529220581055	-4.676091194152832	8.014347076416016	4.991713047027588	-17.448299407958984	-4.146695137023926
G17K	-11.495077133178711	-5.139319896697998	-15.536738395690918	8.70263957977295	-6.279347896575928	-23.110383987426758	-3.714367628097534	4.236843585968018	-2.5801594257354736	-23.604650497436523	-7.85205602645874
G17L	-9.520896911621094	4.343533515930176	-8.567255973815918	5.337099552154541	1.6727218627929688	-17.40496826171875	-1.392927885055542	14.201985359191895	-9.073591232299805	-17.39756965637207	-3.7801871299743652
G17M	-26.842172622680664	-10.600358963012695	-8.368806838989258	-0.44111132621765137	-7.157001972198486	-12.755484580993652	-20.249298095703125	-3.379117965698242	0.3111156225204468	-16.890241622924805	-10.637248039245605
G17N	-19.717191696166992	-8.441415786743164	-8.632610321044922	4.676634311676025	-6.961184978485107	-16.50128936767578	-12.077291488647461	3.4585299491882324	0.5137577056884766	-20.02049446105957	-8.370256423950195
G17P	-20.356470108032227	-10.127542495727539	-16.86901092529297	-0.19036272168159485	-8.987364768981934	-19.656810760498047	-13.538410186767578	1.1950653791427612	-0.7638930678367615	-19.316404342651367	-10.861120223999023
G17Q	-17.78978157043457	-9.809433937072754	-9.169812202453613	0.7699202299118042	-9.043929100036621	-18.242738723754883	-14.012606620788574	-0.29641538858413696	-0.18810252845287323	-21.384309768676758	-9.916720390319824
G17R	-10.372506141662598	-5.560861587524414	-10.872757911682129	5.816014289855957	-5.0687055587768555	-18.59270477294922	-3.4868247509002686	5.341699123382568	0.20164261758327484	-21.82342529296875	-6.441843509674072
G17S	-14.869268417358398	-0.918144702911377	-13.666057586669922	12.278963088989258	-5.005560398101807	-22.1187744140625	-4.510721206665039	7.097424507141113	-4.6984171867370605	-21.42308807373047	-6.783364772796631
G17T	-10.500930786132812	-3.5407164096832275	-9.579156875610352	5.369479656219482	-2.285552978515625	-17.410842895507812	-2.3467214107513428	8.629929542541504	1.9462834596633911	-19.904481887817383	-4.962271213531494
G17V	-3.1944351196289062	9.062603950500488	-5.781680583953857	4.9401936531066895	2.3914742469787598	-11.996292114257812	-1.3084003925323486	7.731386184692383	2.5070652961730957	-23.16876220703125	-1.88168466091156
G17W	-32.6522331237793	-15.893016815185547	-9.997213363647461	-4.492449760437012	-10.316533088684082	-15.008678436279297	-20.580839157104492	-5.886582851409912	-3.424639940261841	-18.805288314819336	-13.7057466506958
G17Y	-30.212541580200195	-10.372138977050781	-8.672638893127441	-0.6317039728164673	-6.347420692443848	-12.563041687011719	-22.390790939331055	-6.21872615814209	-2.262965440750122	-14.149951934814453	-11.38219165802002
V18A	-11.459883689880371	-2.4480555057525635	-19.296430587768555	13.236570358276367	-7.6947174072265625	-14.904154777526855	-1.5512514114379883	7.396999359130859	-10.008942604064941	-17.444673538208008	-6.417453765869141
V18C	-11.35785961151123	-2.6635046005249023	-8.467002868652344	4.357084274291992	-4.580153942108154	-12.745904922485352	-11.26693058013916	0.03400833532214165	-9.16574478149414	-3.6733012199401855	-5.9529314041137695
V18D	-28.740514755249023	-3.7717089653015137	-12.617097854614258	2.2935266494750977	-16.013586044311523	-21.049285888671875	-9.011381149291992	-1.5955458879470825	-11.951125144958496	-19.570844650268555	-12.202756881713867
V18E	-18.64337730407715	-26.67283821105957	-23.556594848632812	1.8422765731811523	-25.431350708007812	-29.877450942993164	-6.233802318572998	0.6905097365379333	-8.505788803100586	-27.49750518798828	-16.388591766357422
V18F	-11.309493064880371	-3.7533926963806152	-15.32749080657959	4.725124359130859	0.513038158416748	-11.37431812286377	-3.734853744506836	-0.21083185076713562	-8.404694557189941	-8.28631591796875	-5.716322422027588
V18G	-12.885931015014648	-2.1997873783111572	-17.429811477661133	16.074501037597656	-14.106477737426758	-19.120759963989258	-4.35332727432251	26.1754150390625	-14.616985321044922	-21.463205337524414	-6.392636775970459
V18H	-15.741743087768555	-0.06350534409284592	-9.73438835144043	6.670576572418213	-8.852282524108887	-18.16628646850586	-14.491517066955566	0.9439178109169006	-10.571466445922852	-11.05748462677002	-8.10641860961914
V18I	-3.24296498298645	-3.805912971496582	-6.721475601196289	13.769020080566406	2.348440408706665	-13.542739868164062	0.9539008736610413	8.936369895935059	-0.5016994476318359	-6.308527946472168	-0.8115589022636414
V18K	-11.267179489135742	-6.106750011444092	-11.898914337158203	3.783174514770508	-11.887635231018066	-24.750104904174805	-3.9060044288635254	-0.07883104681968689	-12.19406509399414	-17.16566276550293	-9.547198295593262
V18L	-6.329463005065918	-14.145752906799316	-6.644691467285156	6.235994338989258	7.718409538269043	-0.017525408416986465	1.3391081094741821	7.508702278137207	2.3766400814056396	-1.5789560079574585	-0.3537534177303314
V18M	-9.80674934387207	-2.3920702934265137	-10.353083610534668	3.2669248580932617	-6.62598991394043	-16.044897079467773	-12.17724895477295	-1.1524838209152222	-10.384014129638672	-4.915104389190674	-7.058472633361816
V18N	-23.872793197631836	-3.187121868133545	-13.740327835083008	8.326035499572754	-9.621929168701172	-18.094253540039062	-8.40588665008545	1.3499568700790405	-12.788569450378418	-12.263107299804688	-9.229799270629883
V18P	-29.294456481933594	-3.0169200897216797	-25.564128875732422	-3.9517273902893066	-11.920802116394043	-18.16151237487793	-8.93268871307373	-3.1207213401794434	-19.074920654296875	-13.516484260559082	-13.655436515808105
V18Q	-21.373214721679688	-4.253232002258301	-11.319986343383789	2.5890655517578125	-12.085184097290039	-21.296825408935547	-9.998565673828125	-0.6079895496368408	-8.664478302001953	-15.778129577636719	-10.278853416442871
V18R	-12.021440505981445	-4.873839855194092	-8.959346771240234	3.857144355773926	-10.799967765808105	-21.183345794677734	-3.175729274749756	0.6263967156410217	-7.638076305389404	-16.607542037963867	-8.077574729919434
V18S	-16.242170333862305	-1.0307903289794922	-18.411130905151367	6.912387847900391	-13.430749893188477	-20.060945510864258	-3.759141206741333	3.251753807067871	-15.473763465881348	-16.722543716430664	-9.496708869934082
V18T	-8.81316089630127	-2.1312787532806396	-13.302946090698242	10.153010368347168	-4.802035331726074	-14.967881202697754	0.015358451753854752	6.664954662322998	-7.480103969573975	-12.23948860168457	-4.690357208251953
V18W	-15.418991088867188	-3.03548526763916	-17.32640838623047	-8.329419136047363	-9.654739379882812	-19.122440338134766	-14.942061424255371	-2.1231744289398193	-18.137073516845703	-7.191742420196533	-11.528154373168945
V18Y	-15.1618070602417	-0.791130542755127	-10.619304656982422	3.463510513305664	-7.289622783660889	-16.66877555847168	-15.506169319152832	-0.6841143369674683	-15.61208724975586	-6.851672172546387	-8.57211685180664
V19A	-20.342378616333008	-19.774250030517578	-26.794937133789062	14.680802345275879	-8.524140357971191	-27.7838191986084	-3.2517731189727783	5.340535640716553	-8.464583396911621	-22.824045181274414	-11.773859024047852
V19C	-11.155582427978516	-5.841989994049072	-15.114181518554688	2.875213861465454	-9.199419975280762	-21.072019577026367	-14.208452224731445	-4.0882720947265625	-5.720283031463623	-13.217110633850098	-9.674209594726562
V19D	-20.54435157775879	-17.373027801513672	-15.892282485961914	2.6467273235321045	-26.776416778564453	-35.56842803955078	-7.799174785614014	2.0631680488586426	-10.588930130004883	-28.79035186767578	-15.8623046875
V19E	-33.427490234375	-38.32050704956055	-36.52385330200195	9.066495895385742	-30.582992553710938	-43.47691345214844	-8.435894966125488	3.6598918437957764	-21.323673248291016	-41.45161819458008	-24.081653594970703
V19F	-9.015318870544434	-3.418485641479492	-20.616029739379883	18.882125854492188	-10.460494995117188	-19.730426788330078	0.7708017826080322	4.279613971710205	-2.715604782104492	-16.807470321655273	-5.883129119873047
V19G	-22.625417709350586	-15.738055229187012	-27.04531478881836	16.05042266845703	-21.31908416748047	-30.44348907470703	-4.124841213226318	17.983783721923828	-20.863670349121094	-29.40494155883789	-13.753061294555664
V19H	-16.245370864868164	-12.497182846069336	-11.721307754516602	0.6380131244659424	-19.079111099243164	-26.891685485839844	-12.373330116271973	-1.3926414251327515	-9.468360900878906	-21.578636169433594	-13.060961723327637
V19I	-3.9917211532592773	-4.684238910675049	-18.91547966003418	10.600920677185059	-2.603989601135254	-20.347909927368164	-0.3174467086791992	1.4017473459243774	2.856865644454956	-17.239147186279297	-5.324040412902832
V19K	-17.87554931640625	-13.775171279907227	-22.296430587768555	11.857796669006348	-20.75614356994629	-37.899139404296875	-6.378926753997803	3.6458632946014404	-13.673710823059082	-28.13484764099121	-14.52862548828125
V19L	-11.318868637084961	-10.462732315063477	-7.0418925285339355	7.526709079742432	1.6410791873931885	2.5731894969940186	0.9353448748588562	14.462723731994629	0.13986599445343018	-3.7499353885650635	-0.529451847076416
V19M	-9.138982772827148	-12.457685470581055	-19.01852035522461	4.355743885040283	-11.697254180908203	-19.167957305908203	-11.334067344665527	-4.353455066680908	-4.514063835144043	-17.78061294555664	-10.510685920715332
V19N	-16.618549346923828	-12.644052505493164	-12.837963104248047	2.803354501724243	-19.425792694091797	-27.821870803833008	-6.66847038269043	1.400389552116394	-10.88082504272461	-24.902053833007812	-12.75958251953125
V19P	-21.524654388427734	-17.820512771606445	-20.996578216552734	2.8747706413269043	-21.794645309448242	-24.71207618713379	-5.756536483764648	-2.6583170890808105	-15.628348350524902	-23.64315414428711	-15.16600513458252
V19Q	-15.071510314941406	-18.210886001586914	-15.405081748962402	1.8861148357391357	-24.644193649291992	-32.583831787109375	-7.920138835906982	-0.2001313418149948	-9.535467147827148	-26.69921112060547	-14.838434219360352
V19R	-14.44886589050293	-12.665874481201172	-16.727161407470703	8.700383186340332	-19.25155258178711	-34.11920928955078	-5.396470546722412	6.819043159484863	-8.437606811523438	-25.166126251220703	-12.069343566894531
V19S	-22.75968360900879	-12.01080322265625	-26.30389976501465	14.173617362976074	-22.275339126586914	-28.622224807739258	-5.3103532791137695	6.126193046569824	-18.183826446533203	-26.13308334350586	-14.1299409866333
V19T	-12.79810905456543	-10.577289581298828	-23.462228775024414	16.421295166015625	-13.319525718688965	-26.137720108032227	-1.8729753494262695	5.5756659507751465	-4.179083347320557	-21.1678409576416	-9.15178108215332
V19W	-16.468942642211914	-15.692435264587402	-14.326685905456543	-1.7936453819274902	-15.850286483764648	-25.867393493652344	-13.54846477508545	-7.930076599121094	-13.568563461303711	-16.120704650878906	-14.116720199584961
V19Y	-13.4190034866333	-8.383843421936035	-13.483291625976562	4.442560195922852	-12.565214157104492	-19.57620620727539	-15.65071964263916	-3.216637134552002	-8.970797538757324	-15.199413299560547	-10.602256774902344
V20A	-19.87825584411621	-15.24282455444336	-21.543411254882812	8.578889846801758	-9.7518310546875	-13.105317115783691	-2.003176212310791	3.2409279346466064	-9.85237979888916	-15.568633079528809	-9.512600898742676
V20C	-4.152802467346191	-2.681205987930298	-4.676666259765625	-3.7742555141448975	-13.209867477416992	-13.151840209960938	-6.567164897918701	-0.22806422412395477	-8.596023559570312	-3.862245559692383	-6.0900139808654785
V20D	-19.943593978881836	-12.056388854980469	-16.87358856201172	2.9676320552825928	-28.50680923461914	-23.24901008605957	-5.890746116638184	-0.7110648155212402	-13.217756271362305	-20.808441162109375	-13.82897663116455
V20E	-36.36017608642578	-44.40774154663086	-35.93172836303711	-2.4590086936950684	-38.32792282104492	-34.742584228515625	-11.419931411743164	-1.1251081228256226	-16.789505004882812	-36.300662994384766	-25.78643798828125
V20F	-5.425943851470947	-0.8993211984634399	-10.976143836975098	8.440921783447266	-3.8928987979888916	-7.867290019989014	0.4416953921318054	3.7848894596099854	-3.7780635356903076	-4.350494861602783	-2.4522647857666016
V20G	-20.09099769592285	-12.407163619995117	-21.988061904907227	8.006184577941895	-23.29476547241211	-24.30268096923828	-3.236323356628418	13.229902267456055	-15.815065383911133	-26.551952362060547	-12.64509105682373
V20H	-8.452421188354492	-4.530828475952148	-7.49125337600708	3.5152571201324463	-20.72691535949707	-17.709077835083008	-11.02878189086914	-1.2071748971939087	-13.695395469665527	-10.521042823791504	-9.18476390838623
V20I	-2.8763604164123535	-3.370774030685425	-5.8002729415893555	7.428584575653076	-2.6725025177001953	-9.073206901550293	2.657618999481201	5.92749547958374	-2.725236654281616	-3.9803307056427	-1.4484984874725342
V20K	-18.02411651611328	-13.040302276611328	-22.058486938476562	6.108592987060547	-26.006328582763672	-23.086923599243164	-5.3623046875	0.16578231751918793	-16.02707290649414	-20.03534507751465	-13.736650466918945
V20L	-5.471373081207275	1.098567247390747	-8.711791038513184	4.1619343757629395	2.6617231369018555	12.933942794799805	-1.5212699174880981	20.82807159423828	3.420657157897949	6.229487419128418	3.562995195388794
V20M	-4.53269100189209	-3.0845394134521484	-6.712334156036377	-3.1167759895324707	-13.81158447265625	-11.999155044555664	-6.377696990966797	-1.3568106889724731	-8.025127410888672	-4.352907657623291	-6.336962699890137
V20N	-11.663029670715332	-8.713685035705566	-13.17495059967041	0.0484069287776947	-21.54741096496582	-17.518287658691406	-5.158517360687256	-0.7344902753829956	-16.041061401367188	-14.43056869506836	-10.893359184265137
V20P	-17.43560028076172	-7.891420841217041	-27.065505981445312	-4.031996250152588	-21.435333251953125	-16.674793243408203	-6.464576244354248	-3.5916974544525146	-19.05316925048828	-12.923836708068848	-13.656793594360352
V20Q	-12.085524559020996	-12.178585052490234	-15.387121200561523	0.5469274520874023	-25.092208862304688	-20.199832916259766	-7.403047561645508	-1.3525645732879639	-12.139799118041992	-16.990449905395508	-12.228219985961914
V20R	-13.348417282104492	-8.810270309448242	-18.8214054107666	2.784968852996826	-23.79770278930664	-21.106740951538086	-4.626895427703857	1.1192013025283813	-12.682918548583984	-20.62047004699707	-11.991064071655273
V20S	-20.011133193969727	-8.778307914733887	-25.906696319580078	3.318695068359375	-25.02340316772461	-20.646381378173828	-5.739181041717529	3.2894294261932373	-18.16372299194336	-20.881996154785156	-13.854269027709961
V20T	-10.149782180786133	-6.885745525360107	-21.140151977539062	8.771077156066895	-15.713382720947266	-13.873254776000977	-2.0474226474761963	8.719223976135254	-6.520799160003662	-15.02095890045166	-7.386119842529297
V20W	-7.289218902587891	-8.163570404052734	-10.727940559387207	-8.51173210144043	-18.346107482910156	-14.577926635742188	-11.497030258178711	-3.8457870483398438	-18.263132095336914	-5.958293437957764	-10.718072891235352
V20Y	-5.434617042541504	-2.403090476989746	-6.062736988067627	2.6795780658721924	-15.436019897460938	-13.119050979614258	-12.807779312133789	-2.4098126888275146	-12.06015682220459	-4.597121715545654	-7.165081024169922
T21A	-8.875564575195312	6.0601911544799805	-12.122749328613281	-2.797157049179077	-16.64807891845703	-5.214950084686279	-0.3715396225452423	2.4613828659057617	-0.9178229570388794	-4.722153663635254	-4.314844131469727
T21C	8.665224075317383	-8.092448234558105	-12.538997650146484	-35.04471969604492	-5.542873859405518	1.8499128818511963	-14.209759712219238	-3.8864362239837646	-0.18941636383533478	-11.931102752685547	-8.092061042785645
T21D	-10.667744636535645	-14.120532989501953	-16.69704246520996	-10.133979797363281	-22.6130428314209	-7.6813740730285645	-5.580663204193115	-1.1262331008911133	-4.166641712188721	-9.812960624694824	-10.260022163391113
T21E	-24.5550479888916	-13.124307632446289	-21.83697509765625	2.5469563007354736	-29.11996841430664	-13.143564224243164	-3.6588001251220703	9.425119400024414	0.7635149359703064	-12.365129470825195	-10.506819725036621
T21F	-7.272327899932861	-0.09031333774328232	-7.004056930541992	-10.402936935424805	-15.99835205078125	-5.520883083343506	-7.315119743347168	-8.294384002685547	-4.341507911682129	-5.665878772735596	-7.190576076507568
T21G	-12.432670593261719	-2.759549140930176	-14.513233184814453	-3.962386131286621	-21.878902435302734	-7.585833549499512	-2.548952579498291	4.279270648956299	-2.9597666263580322	-8.704185485839844	-7.3066205978393555
T21H	1.7180546522140503	-13.837482452392578	-14.52975845336914	-25.99676513671875	-18.34383773803711	-0.11518441140651703	-10.881375312805176	-0.06941701471805573	-2.096949338912964	-12.90294361114502	-9.70556640625
T21I	-9.2333345413208	-0.7406890988349915	-3.3675589561462402	-11.54610538482666	-10.62993049621582	-3.0517520904541016	-5.469592571258545	-11.236653327941895	-2.4207708835601807	-6.749532222747803	-6.444591522216797
T21K	-12.635034561157227	-1.4307446479797363	-17.440521240234375	-4.019711017608643	-23.836666107177734	-9.32968521118164	-3.2610507011413574	-0.9624255895614624	-1.0601478815078735	-8.887136459350586	-8.2863130569458
T21L	1.6570255756378174	17.677093505859375	-2.0960004329681396	-1.8197907209396362	-5.261440753936768	3.410930633544922	-2.7316694259643555	-0.7818459272384644	-2.7923145294189453	3.8501029014587402	1.1112091541290283
T21M	3.3539533615112305	-9.628061294555664	-13.67936897277832	-32.293521881103516	-8.206428527832031	0.962033212184906	-13.80717945098877	-3.088129758834839	0.5865368843078613	-11.864581108093262	-8.766473770141602
T21N	-4.860411643981934	-11.014765739440918	-15.537981986999512	-21.472673416137695	-19.184532165527344	-3.0193235874176025	-7.8528547286987305	-1.0009472370147705	-3.806246757507324	-10.900463104248047	-9.865018844604492
T21P	-8.139127731323242	-8.357340812683105	-22.403554916381836	-13.391716957092285	-20.708524703979492	-4.580223083496094	-5.882863998413086	-5.200464248657227	-2.809368133544922	-15.650012969970703	-10.712320327758789
T21Q	-8.091489791870117	-9.185461044311523	-15.991092681884766	-18.278547286987305	-17.38231658935547	-4.484419345855713	-7.654791831970215	0.12228544056415558	0.20524215698242188	-10.813905715942383	-9.155450820922852
T21R	-11.11807632446289	-4.231170654296875	-12.023184776306152	-7.410429000854492	-19.33361053466797	-9.50459098815918	-5.98910665512085	0.79249107837677	0.9918501377105713	-11.223752975463867	-7.904958248138428
T21S	-12.992183685302734	-6.487103462219238	-18.695648193359375	-5.0327467918396	-21.763734817504883	-8.328893661499023	-4.050714015960693	0.15248452126979828	-2.831813097000122	-8.203398704528809	-8.82337474822998
T21V	-6.442337989807129	11.834369659423828	-1.6502068042755127	-5.5490336418151855	-9.940284729003906	0.9576161503791809	-4.664661884307861	-10.86407470703125	-7.109292030334473	-3.1099348068237305	-3.6537842750549316
T21W	9.932405471801758	-17.611194610595703	-19.507417678833008	-37.89341735839844	-8.87880802154541	-0.9903364181518555	-11.666688919067383	-11.508464813232422	-1.9373871088027954	-15.373821258544922	-11.543512344360352
T21Y	8.416226387023926	-11.715503692626953	-11.50271224975586	-26.499319076538086	-10.64780330657959	2.0870561599731445	-14.854294776916504	-2.6789848804473877	-0.8728727698326111	-12.919716835021973	-8.118792533874512
S22A	2.368795394897461	19.926122665405273	-5.955872058868408	5.065578937530518	-0.9212208390235901	4.633120536804199	-3.241974353790283	-5.243143558502197	4.756568431854248	0.21174895763397217	2.1599724292755127
S22C	4.715688705444336	2.16160249710083	0.46051326394081116	-33.76411437988281	0.562196671962738	4.971919059753418	-3.192521333694458	-30.810489654541016	-12.803174018859863	-4.003638744354248	-7.170201778411865
S22D	0.5954774618148804	0.20422199368476868	-6.125978469848633	-4.972541332244873	0.25866061449050903	-1.0556343793869019	-8.052138328552246	-19.378154754638672	-3.958880662918091	-7.429496765136719	-4.991446495056152
S22E	5.783282279968262	30.262001037597656	-7.1178669929504395	5.396841526031494	3.5108277797698975	10.083418846130371	-0.16879862546920776	2.948538303375244	8.520284652709961	-1.5833951234817505	5.763513088226318
S22F	2.911821126937866	1.2518959045410156	-5.292667388916016	-11.703832626342773	-4.052338600158691	-1.1831756830215454	-6.849611759185791	-11.611868858337402	-0.6513652205467224	-10.222625732421875	-4.7403764724731445
S22G	2.129598617553711	11.548406600952148	-9.131579399108887	2.7952182292938232	-1.002549409866333	4.521021366119385	-4.575328350067139	-1.3038345575332642	1.1838752031326294	0.8907251954078674	0.7055554389953613
S22H	5.485679626464844	-0.15739598870277405	0.8489110469818115	-24.785287857055664	-0.19066041707992554	5.695681571960449	-6.791934013366699	-28.00957489013672	-9.611270904541016	-8.984594345092773	-6.6500444412231445
S22I	-0.6011649966239929	2.6219968795776367	-2.829402446746826	-9.996150970458984	-2.7478437423706055	-0.3967188596725464	-6.487791061401367	-15.794113159179688	-0.8220608234405518	-2.3626198768615723	-3.941586971282959
S22K	2.857931613922119	10.910683631896973	-10.124678611755371	1.3421719074249268	-0.39710816740989685	0.8533892631530762	-4.99846076965332	-7.611748695373535	1.9165576696395874	0.4328995943069458	-0.4818362295627594
S22L	-3.676858901977539	26.45360565185547	-6.476531982421875	1.6204861402511597	-5.912350177764893	3.326474905014038	-3.914170265197754	-19.319196701049805	-0.7117284536361694	-2.5997190475463867	-1.1209988594055176
S22M	2.63584566116333	1.878340482711792	-0.5460435152053833	-32.752685546875	1.9300506114959717	3.978156089782715	-3.9744651317596436	-31.464975357055664	-12.083441734313965	-5.03472900390625	-7.543394565582275
S22N	-1.5041636228561401	-0.6986010670661926	-2.7315521240234375	-15.973697662353516	0.7918233275413513	3.0814859867095947	-7.13309383392334	-21.663177490234375	-8.087409973144531	-9.752205848693848	-6.367059230804443
S22P	-4.160951137542725	-1.279200553894043	-8.911593437194824	-12.566048622131348	-1.6719759702682495	-0.8895033001899719	-10.904145240783691	-29.669902801513672	-9.945344924926758	-25.078733444213867	-10.507740020751953
S22Q	1.7029532194137573	-0.017271123826503754	-4.235994338989258	-11.774955749511719	1.3049851655960083	0.47870033979415894	-5.747332572937012	-20.677959442138672	-6.583343029022217	-7.90954065322876	-5.345975875854492
S22R	0.16512829065322876	1.119689702987671	-9.29350471496582	0.5365090370178223	1.24660325050354	-1.2469558715820312	-5.424793720245361	-11.098580360412598	-1.5608621835708618	-0.45833122730255127	-2.6015095710754395
S22T	5.902517318725586	0.39378586411476135	-8.409656524658203	-0.7942637205123901	-0.3900008797645569	-1.0828596353530884	-5.8445725440979	-7.711460113525391	2.0718724727630615	-0.06766004115343094	-1.5932297706604004
S22V	-3.28519344329834	11.272415161132812	-2.0407021045684814	5.021012783050537	-8.248372077941895	2.6836817264556885	-1.5632238388061523	-12.042586326599121	0.7965465188026428	-0.5234125256538391	-0.7929834127426147
S22W	4.170451641082764	-1.2895317077636719	0.5640014410018921	-32.99544906616211	-0.4305919110774994	7.338447570800781	-4.315395832061768	-35.240386962890625	-13.673479080200195	-11.673603057861328	-8.754552841186523
S22Y	3.844653367996216	2.597764253616333	0.1737981140613556	-34.52192687988281	0.4309268295764923	4.593027114868164	-2.238399028778076	-29.819028854370117	-14.158937454223633	-6.065615653991699	-7.516373634338379
C23A	23.707183837890625	10.385464668273926	-3.186312675476074	3.166727066040039	3.2175865173339844	-0.19232027232646942	-1.667373776435852	-12.298056602478027	3.4436323642730713	6.461880207061768	3.3038406372070312
C23D	13.39488410949707	3.7999930381774902	0.5527471303939819	6.689837455749512	0.8934019804000854	0.6528634428977966	-2.181295394897461	-12.084583282470703	4.214450359344482	1.878393530845642	1.7810691595077515
C23E	13.932114601135254	20.785627365112305	-4.071455001831055	-0.007803685963153839	7.686208248138428	3.7205705642700195	2.431840419769287	0.4406358003616333	3.2580630779266357	6.545900344848633	5.472170352935791
C23F	14.533141136169434	4.2373552322387695	-11.228699684143066	-1.170487880706787	-0.4644549489021301	-0.6317680478096008	-7.25773286819458	-17.567852020263672	-5.252240180969238	-1.3869473934173584	-2.6189684867858887
C23G	20.90886116027832	9.408231735229492	-3.6180717945098877	5.304563999176025	5.720551490783691	3.5653598308563232	-3.9646992683410645	-5.477321624755859	2.230855941772461	5.587721347808838	3.9666054248809814
C23H	12.754663467407227	-1.1560262441635132	2.76397967338562	1.4024049043655396	-0.16552257537841797	2.251232147216797	-4.299622058868408	-4.407963275909424	0.5946921110153198	5.043257236480713	1.47810959815979
C23I	12.225371360778809	4.727753639221191	-2.822983741760254	-2.0657758712768555	-0.09373826533555984	0.5102277398109436	-6.999983787536621	-23.125770568847656	-2.833699941635132	-1.231123685836792	-2.1709723472595215
C23K	15.612950325012207	12.111827850341797	-1.175318717956543	2.381544589996338	4.342968463897705	2.845884323120117	-5.0364603996276855	-11.259398460388184	1.8094110488891602	5.623396396636963	2.725680351257324
C23L	2.457059860229492	-23.594064712524414	-12.00537395477295	-3.811347007751465	-5.1810302734375	-5.415513038635254	-5.98190450668335	-15.326406478881836	-4.5311102867126465	2.447343349456787	-7.094235420227051
C23M	11.491066932678223	-1.0906648635864258	3.1111690998077393	-5.162381172180176	1.7267948389053345	1.2752008438110352	-3.722726821899414	-6.6201677322387695	-1.503165364265442	1.5280612707138062	0.1033187136054039
C23N	15.26980972290039	2.7712349891662598	0.9901663064956665	4.169753551483154	-0.05629696696996689	0.5964217782020569	-1.639369010925293	-6.818047523498535	3.519627571105957	2.674494504928589	2.1477792263031006
C23P	9.45318603515625	2.3400509357452393	-4.704131126403809	0.5903536081314087	-0.3162723183631897	-4.929875373840332	-7.403538227081299	-20.63878631591797	-0.058436110615730286	-7.054201602935791	-3.272164821624756
C23Q	13.3974609375	3.427006721496582	1.8520097732543945	5.475904941558838	0.5436826348304749	1.3868486881256104	-1.5921634435653687	-9.70355224609375	3.8255815505981445	4.61583948135376	2.322861671447754
C23R	13.382258415222168	7.835209369659424	-4.050486087799072	3.041957139968872	2.8484625816345215	1.9318671226501465	-4.702507495880127	-12.11941909790039	1.6677178144454956	4.388980388641357	1.4224042892456055
C23S	19.285005569458008	11.366113662719727	-3.2655251026153564	2.260985851287842	3.958178997039795	2.1300926208496094	-4.197319507598877	-11.10920238494873	2.6197948455810547	5.117851257324219	2.8165974617004395
C23T	16.39826011657715	7.324470520019531	-5.841983795166016	-5.794360160827637	2.589562177658081	1.5195480585098267	-3.8551759719848633	-21.408809661865234	0.7777805328369141	3.5151686668395996	-0.4775539040565491
C23V	9.477713584899902	4.898524284362793	-6.597210884094238	1.4324703216552734	-0.31497544050216675	-5.253492832183838	-4.0359649658203125	-29.844728469848633	0.10572908818721771	4.143645763397217	-2.5988290309906006
C23W	8.87910270690918	-6.085265159606934	3.5051040649414062	-5.1095709800720215	1.7346159219741821	-0.196537047624588	-2.3688035011291504	-8.80111026763916	-1.6993505954742432	0.30800074338912964	-0.983381450176239
C23Y	9.02282428741455	-0.9964014291763306	4.224521160125732	-6.275592803955078	1.7085145711898804	2.2266530990600586	-3.8427438735961914	-3.8015267848968506	-1.3869138956069946	2.641637086868286	0.35209712386131287
K24A	6.989291191101074	21.043251037597656	-3.428330421447754	1.1865739822387695	-9.590538024902344	11.002284049987793	2.2245612144470215	1.4475289583206177	2.484604835510254	2.678332805633545	3.6037564277648926
K24C	31.243688583374023	8.616697311401367	6.887962341308594	4.763410568237305	1.8059391975402832	7.732093334197998	7.140429496765137	6.723068714141846	9.976634979248047	11.966408729553223	9.685632705688477
K24D	20.03188705444336	18.535343170166016	9.330620765686035	7.286748886108398	-1.1990476846694946	8.290356636047363	6.797021389007568	2.897761583328247	7.98274040222168	12.437231063842773	9.239066123962402
K24E	7.447076320648193	18.256792068481445	-0.08370611816644669	3.1177473068237305	-6.471986770629883	17.462459564208984	4.5988240242004395	6.563457012176514	4.2488932609558105	5.652583599090576	6.079214572906494
K24F	6.393427848815918	15.515483856201172	1.8947558403015137	-3.6803081035614014	-4.229053974151611	5.443735122680664	1.5033715963363647	-6.90805196762085	-2.4967095851898193	-3.7884862422943115	0.964816689491272
K24G	5.640639781951904	15.567098617553711	-2.1315464973449707	0.4254086911678314	-8.676030158996582	14.333374977111816	2.635295867919922	6.204624652862549	2.4675161838531494	5.910279750823975	4.237666130065918
K24H	31.38910484313965	11.907028198242188	10.072382926940918	6.516433238983154	-0.24487048387527466	9.402673721313477	8.14991283416748	5.377182483673096	11.977607727050781	12.352728843688965	10.690018653869629
K24I	8.003313064575195	15.904291152954102	3.110337495803833	-1.4302263259887695	-3.221801280975342	4.875513076782227	2.8242547512054443	-8.306702613830566	-2.978673219680786	-2.8358967304229736	1.5944409370422363
K24L	-15.834243774414062	6.620182991027832	-6.813218593597412	-3.7498269081115723	-21.558305740356445	-1.7791212797164917	-2.582859992980957	-30.655345916748047	-3.613367795944214	-1.9361385107040405	-8.190224647521973
K24M	25.206283569335938	9.292966842651367	7.351218223571777	5.1748809814453125	0.9984642863273621	8.021808624267578	9.158799171447754	4.757144451141357	9.845804214477539	10.907217025756836	9.07145881652832
K24N	18.825742721557617	14.478537559509277	7.521884918212891	6.559436798095703	-1.2690062522888184	7.198774337768555	6.331661701202393	1.5311096906661987	8.701018333435059	10.840433120727539	8.071958541870117
K24P	15.678031921386719	14.142520904541016	8.535740852355957	3.402635097503662	-1.602359652519226	7.237728118896484	5.83660364151001	0.6732824444770813	7.175559043884277	2.5029187202453613	6.3582658767700195
K24Q	21.044029235839844	17.37513542175293	9.394413948059082	8.383346557617188	-1.2812464237213135	9.143543243408203	7.713838577270508	2.1505846977233887	10.356422424316406	12.336810111999512	9.661686897277832
K24R	11.190262794494629	19.61554718017578	5.125675678253174	2.240320920944214	-2.6442344188690186	9.445396423339844	5.31701135635376	2.1185786724090576	1.3467971086502075	9.826811790466309	6.358217239379883
K24S	8.051260948181152	19.659818649291992	-0.05800069868564606	-2.612931728363037	-7.488253593444824	11.757156372070312	3.3164443969726562	3.881403684616089	1.1230080127716064	4.683319568634033	4.231322288513184
K24T	8.875182151794434	22.4467716217041	0.4716268479824066	-1.1427240371704102	-5.413470268249512	9.541169166564941	3.0579895973205566	-2.6096460819244385	0.5843677520751953	2.452866792678833	3.8264129161834717
K24V	2.694960594177246	13.855033874511719	-2.6841320991516113	1.3306610584259033	-6.607712745666504	1.352371335029602	1.8502445220947266	-7.184523582458496	-2.7662343978881836	3.9543261528015137	0.5794996023178101
K24W	29.0300350189209	8.059494018554688	8.46948528289795	4.185194969177246	0.8666607737541199	9.407088279724121	8.61898136138916	6.325462341308594	10.197729110717773	11.613926887512207	9.677407264709473
K24Y	30.75895881652832	8.845096588134766	9.160161972045898	3.510434627532959	1.5117779970169067	8.099933624267578	9.251952171325684	6.256039619445801	9.048778533935547	12.617097854614258	9.906023979187012
H25A	15.82391357421875	4.7721428871154785	0.026290208101272583	7.938098430633545	0.49355897307395935	3.5134167671203613	-6.311972141265869	-4.146522521972656	1.9805898666381836	3.5301482677459717	2.7619662284851074
H25C	17.124135971069336	8.685873031616211	1.1030555963516235	-19.596967697143555	-0.576366126537323	7.1832966804504395	3.921098232269287	-28.64723014831543	5.157662391662598	1.8727388381958008	-0.37727031111717224
H25D	14.352560043334961	9.711607933044434	-2.636646270751953	-20.750333786010742	-1.8912984132766724	8.815680503845215	0.82138592004776	-26.953746795654297	6.356385707855225	-5.121335506439209	-1.729574203491211
H25E	13.335577964782715	25.352792739868164	-0.29231366515159607	9.245192527770996	-3.110959053039551	6.137654781341553	-1.618086814880371	2.3287057876586914	7.826020240783691	4.3154826164245605	6.352006435394287
H25F	4.601044654846191	1.3386094570159912	-3.3476521968841553	-24.656110763549805	-1.5309745073318481	-2.5957212448120117	-6.29515266418457	-22.394363403320312	-1.898026943206787	-14.438657760620117	-7.121700286865234
H25G	11.359601020812988	0.2658369243144989	-0.8044725656509399	5.219871997833252	0.549088716506958	6.538793563842773	-4.7221479415893555	-0.8866503238677979	2.6015865802764893	3.481916904449463	2.360342502593994
H25I	6.859800338745117	4.693874835968018	-3.725942611694336	-20.657743453979492	0.16268402338027954	-2.0718202590942383	-0.22040194272994995	-20.03042221069336	-1.1888643503189087	-10.789342880249023	-4.696817874908447
H25K	8.461484909057617	12.816887855529785	-2.206211566925049	-4.603209972381592	-2.3832788467407227	5.259530067443848	-9.269021987915039	-23.704975128173828	5.122997283935547	-5.633010387420654	-1.6138807535171509
H25L	-18.315841674804688	-4.639545917510986	-0.5314879417419434	-0.29154786467552185	-4.850641250610352	-0.18307577073574066	0.1083267331123352	-31.79726219177246	2.5569379329681396	1.6547881364822388	-5.628934860229492
H25M	13.964696884155273	8.494253158569336	0.6328092813491821	-30.80474853515625	0.7055475115776062	8.773931503295898	3.2502388954162598	-27.806917190551758	6.967784404754639	-0.35845357179641724	-1.6180858612060547
H25N	15.545019149780273	5.280064582824707	-2.8195457458496094	-28.462316513061523	-0.43911468982696533	7.943721771240234	0.041716162115335464	-26.966196060180664	3.8881800174713135	-4.72816801071167	-3.0716638565063477
H25P	15.182697296142578	1.6616133451461792	-5.305138111114502	-40.42510223388672	0.0771830603480339	7.1406450271606445	-3.433513641357422	-41.364986419677734	1.512553095817566	-14.836676597595215	-7.979072570800781
H25Q	14.51760196685791	8.517330169677734	-1.4342726469039917	-29.43603515625	-1.564963936805725	9.226633071899414	1.4053678512573242	-28.72064781188965	5.546267986297607	-3.8830528259277344	-2.5825772285461426
H25R	10.915464401245117	6.411267280578613	-5.252965927124023	-8.562362670898438	-1.0314117670059204	5.877552509307861	-4.7074174880981445	-20.33873748779297	4.456170082092285	-6.484509468078613	-1.8716949224472046
H25S	13.802515029907227	4.075090408325195	0.38429221510887146	0.5047739744186401	-0.8148272037506104	4.676168441772461	-9.690861701965332	-12.425503730773926	4.603597640991211	-2.729374408721924	0.2385871410369873
H25T	12.208799362182617	5.8658294677734375	-0.03203746676445007	-6.404294967651367	-0.44820231199264526	1.7190546989440918	-10.273214340209961	-14.90269660949707	4.285254955291748	-6.621118068695068	-1.4602625370025635
H25V	0.8987470269203186	-4.095828056335449	-2.7423484325408936	4.519069671630859	-0.25662633776664734	1.2971171140670776	-5.211925029754639	-15.582390785217285	-1.2573587894439697	-0.6831170320510864	-2.3114659786224365
H25W	14.110123634338379	7.0092244148254395	1.5466192960739136	-39.83894729614258	-0.4237161874771118	9.3609037399292	3.439260482788086	-36.53746795654297	3.77785587310791	-4.003921985626221	-4.156006813049316
H25Y	15.311893463134766	8.994324684143066	1.58087158203125	-34.587669372558594	-0.8240365386009216	7.874006748199463	3.5313494205474854	-33.93918228149414	4.842233180999756	0.01492830365896225	-2.720128297805786
P26A	8.096689224243164	8.877857208251953	-13.786327362060547	4.482933521270752	1.6072717905044556	4.186686992645264	1.2653392553329468	-7.0576090812683105	3.750420331954956	2.219184160232544	1.3642444610595703
P26C	1.663019061088562	-0.6442807912826538	0.1324935257434845	2.790102958679199	0.3739601969718933	1.2997187376022339	0.6028127670288086	-2.7742714881896973	-1.7939252853393555	6.912948131561279	0.8562577962875366
P26D	12.510488510131836	1.1496727466583252	2.5347437858581543	3.207292318344116	-2.6078829765319824	0.40081602334976196	2.471047878265381	-2.4511985778808594	1.5417879819869995	-0.7046878337860107	1.8052079677581787
P26E	13.388662338256836	13.060739517211914	-7.117860317230225	1.8703817129135132	6.424176216125488	9.4502592086792	3.5423574447631836	-1.8295308351516724	4.775074005126953	3.037743330001831	4.660200119018555
P26F	4.1956892013549805	3.5620369911193848	1.4622142314910889	1.7594958543777466	-1.2365190982818604	-0.6776168346405029	-0.2955630421638489	-4.519828796386719	0.5994828939437866	-10.020902633666992	-0.5171511173248291
P26G	13.300098419189453	6.353215217590332	-6.03830623626709	0.04029688984155655	2.865372896194458	8.946115493774414	3.137423038482666	0.8779953718185425	1.968120813369751	3.6265084743499756	3.507683515548706
P26H	4.238245010375977	-4.956550121307373	2.03776216506958	4.791286945343018	-3.706061840057373	0.30872663855552673	2.4086523056030273	-1.712999939918518	-1.358728051185608	7.9108476638793945	0.9961180686950684
P26I	5.029905319213867	3.990753173828125	1.7486273050308228	1.7774457931518555	-0.4647499918937683	-0.9765005111694336	1.184343934059143	-3.199629783630371	3.479408025741577	-9.826068878173828	0.2743535041809082
P26K	6.17575216293335	12.28555679321289	-4.2033843994140625	-2.182128429412842	-0.4085497558116913	9.77586555480957	3.1540191173553467	-2.415117025375366	1.654143214225769	-3.993072271347046	1.9843082427978516
P26L	-16.389976501464844	-3.0307445526123047	-32.639041900634766	-12.73686408996582	-22.138778686523438	-11.166625022888184	-2.716160297393799	-11.280488967895508	-15.420493125915527	-4.8352460861206055	-13.235441207885742
P26M	2.49782133102417	-2.158684015274048	2.4284379482269287	3.4758853912353516	-0.5886415839195251	1.0235819816589355	1.6186400651931763	-3.2472357749938965	-2.530074119567871	6.515373706817627	0.9035104513168335
P26N	9.206643104553223	-0.1410301923751831	2.4215245246887207	3.3282315731048584	-2.5845913887023926	-0.5977012515068054	2.870013952255249	-0.3881937861442566	0.5058776140213013	2.3892338275909424	1.7010008096694946
P26Q	8.872919082641602	0.7655749320983887	3.9112350940704346	5.498096466064453	-2.773242235183716	-1.5333640575408936	3.400963306427002	-0.3216719925403595	0.025835618376731873	5.10980224609375	2.295614719390869
P26R	4.524415969848633	9.827471733093262	-0.8631689548492432	-1.4756609201431274	-2.3966636657714844	2.9119627475738525	1.6437737941741943	-4.334550380706787	0.9326088428497314	-2.6212518215179443	0.8148936033248901
P26S	10.908514022827148	7.927614688873291	-5.820859909057617	-2.301767349243164	0.2720679044723511	7.185308933258057	2.6649961471557617	-1.0410634279251099	1.7679089307785034	-3.710775852203369	1.7851941585540771
P26T	7.997178554534912	7.147409439086914	-4.241306304931641	-2.7021729946136475	-1.8580440282821655	4.73071813583374	1.6461049318313599	-3.72434663772583	2.083425283432007	-7.953300952911377	0.31256651878356934
P26V	0.04419022053480148	-0.9290687441825867	-12.78624439239502	-2.6615304946899414	-4.432682037353516	-7.575601577758789	0.3565019965171814	-18.022430419921875	1.803186058998108	-1.7600048780441284	-4.596368789672852
P26W	1.9468119144439697	-8.335766792297363	-0.5880093574523926	1.0620458126068115	-2.79091739654541	0.9102483987808228	1.3874155282974243	-7.212663650512695	-4.7613749504089355	6.83812141418457	-1.1544090509414673
P26Y	1.9111541509628296	-2.3866095542907715	3.1177501678466797	0.0815458819270134	-1.8919423818588257	2.0712037086486816	2.757728338241577	-3.431710958480835	-2.9207406044006348	7.7412919998168945	0.7049671411514282
R27A	-2.107463836669922	23.013141632080078	-1.5154109001159668	0.8181617259979248	2.0309720039367676	4.07245397567749	-2.8577346801757812	-0.7032592296600342	6.445878505706787	0.933288037776947	3.013002872467041
R27C	13.90031623840332	0.5118204355239868	7.245700359344482	-3.755988121032715	3.3215537071228027	9.720196723937988	12.733752250671387	4.887666702270508	7.49647331237793	3.1415135860443115	5.920300483703613
R27D	17.313417434692383	13.988079071044922	6.119568824768066	0.5645465850830078	-0.7276231646537781	9.706182479858398	9.444404602050781	1.7465969324111938	5.231960296630859	3.389333963394165	6.677646636962891
R27E	6.840841293334961	29.099075317382812	-3.156345844268799	3.620389223098755	2.6396336555480957	10.198476791381836	-0.6620203256607056	4.994315147399902	4.060917377471924	9.628097534179688	6.7263383865356445
R27F	5.009304046630859	8.670296669006348	-3.7952280044555664	-5.712937831878662	-12.074098587036133	-0.21821515262126923	-3.5309672355651855	-3.379023313522339	3.8418021202087402	-16.51070213317871	-2.76997709274292
R27G	10.541590690612793	34.620426177978516	2.0206949710845947	2.7738752365112305	6.4505414962768555	11.026989936828613	1.2459690570831299	10.430777549743652	6.047530651092529	6.069921016693115	9.122832298278809
R27H	10.913613319396973	5.960960388183594	6.327242851257324	-0.29817429184913635	-0.1266670823097229	9.198530197143555	10.483631134033203	2.8220465183258057	6.779276371002197	4.594954967498779	5.665541648864746
R27I	5.8403849601745605	8.030077934265137	0.09418150782585144	-2.174530029296875	-13.020870208740234	-0.8376104235649109	2.56174373626709	-4.334133148193359	4.260942459106445	-18.03236198425293	-1.761217713356018
R27K	15.889961242675781	27.71448516845703	1.7471128702163696	3.785327911376953	-3.9990930557250977	9.89787483215332	0.10305002331733704	1.2351408004760742	3.0854551792144775	-4.047613620758057	5.541170120239258
R27L	-18.412174224853516	-17.07721710205078	-2.0284783840179443	-10.769338607788086	-20.970102310180664	-8.8233642578125	-0.016476746648550034	-48.47820281982422	-1.5268703699111938	-1.9115616083145142	-13.001378059387207
R27M	6.240492820739746	2.5524415969848633	4.752631187438965	-4.393576622009277	3.879950523376465	5.981478691101074	14.165095329284668	2.296276807785034	7.239043712615967	4.835377216339111	4.754920959472656
R27N	16.53303337097168	9.641728401184082	3.5155887603759766	1.4639172554016113	1.1289814710617065	7.7297797203063965	9.276078224182129	2.755051374435425	7.020471572875977	1.0004804134368896	6.0065107345581055
R27P	10.285737991333008	5.9442548751831055	-0.6577683687210083	-7.778660774230957	-0.9919754862785339	5.509468078613281	3.9902572631835938	-2.150006055831909	3.2812438011169434	-6.9490790367126465	1.0483471155166626
R27Q	14.702348709106445	12.738029479980469	6.241671562194824	1.4876753091812134	0.19481390714645386	9.135613441467285	11.029582023620605	7.027566909790039	7.61879825592041	4.829208850860596	7.500530242919922
R27S	12.032207489013672	29.606149673461914	1.9644230604171753	2.945012331008911	1.2804173231124878	6.0858540534973145	-0.2739074230194092	0.20073436200618744	4.6548075675964355	2.4399631023406982	6.093566417694092
R27T	10.462714195251465	19.043846130371094	2.7205703258514404	4.713066101074219	-6.396245002746582	3.673635244369507	-0.5336386561393738	-1.019561767578125	4.471803188323975	-2.5624616146087646	3.4573726654052734
R27V	-10.309657096862793	-11.754459381103516	-1.847077488899231	-5.806454658508301	-8.969086647033691	-14.163469314575195	0.2753598988056183	-36.869422912597656	1.2651290893554688	-3.5727691650390625	-9.175190925598145
R27W	6.389893531799316	1.0458985567092896	4.941606521606445	-7.426862716674805	1.539657711982727	5.745199203491211	12.59598445892334	1.010500431060791	4.3615803718566895	3.476732015609741	3.368018627166748
R27Y	7.711444854736328	1.1408374309539795	4.905890464782715	-8.166029930114746	2.787627696990967	5.5060648918151855	12.274089813232422	-0.9841997623443604	4.83300256729126	4.724489688873291	3.4733219146728516
C28A	19.853017807006836	-16.117359161376953	-1.3045380115509033	10.175647735595703	-5.469277858734131	4.7340545654296875	9.453537940979004	-13.203777313232422	5.477739334106445	2.457512855529785	1.6056560277938843
C28D	16.894269943237305	3.023965358734131	-8.117463111877441	-12.733743667602539	-1.2516924142837524	0.38779115676879883	-6.1412177085876465	-34.45733642578125	7.8429131507873535	-19.394407272338867	-5.394692420959473
C28E	12.607877731323242	-3.2141971588134766	-0.2888858914375305	12.884394645690918	-7.480842113494873	2.700268268585205	-2.4156007766723633	-6.839034557342529	10.194547653198242	5.419394016265869	2.3567919731140137
C28F	-11.193075180053711	-11.256637573242188	-2.1071760654449463	-21.572669982910156	-4.871757984161377	-1.2050879001617432	4.474548816680908	-29.300125122070312	0.055820658802986145	-20.48224639892578	-9.745840072631836
C28G	24.136449813842773	-1.848207712173462	1.6408954858779907	3.9912261962890625	-3.296100616455078	5.436288833618164	11.243062973022461	-4.405601978302002	10.251810073852539	3.7345452308654785	5.088437080383301
C28H	8.52778148651123	4.182059288024902	-0.9942961931228638	-26.253948211669922	0.6523236632347107	-4.495278358459473	-3.3908562660217285	-21.034778594970703	6.0126752853393555	-9.888647079467773	-4.668295860290527
C28I	-4.236631870269775	-10.245414733886719	0.5238213539123535	-12.876749992370605	-1.6154768466949463	0.6797823309898376	6.19827127456665	-20.434001922607422	-4.983150959014893	-10.689846992492676	-5.767939567565918
C28K	19.850095748901367	-5.153190612792969	1.6046346426010132	1.5932016372680664	-2.4034903049468994	6.607916355133057	4.274126052856445	-9.251025199890137	5.361523151397705	-1.8329432010650635	2.065084934234619
C28L	2.2422518730163574	-39.305946350097656	-2.3614706993103027	2.646810293197632	-7.74776029586792	1.5813639163970947	2.7943310737609863	-37.541419982910156	-4.998580455780029	4.735244274139404	-7.795517921447754
C28M	3.04797625541687	0.6353440284729004	-3.222146511077881	-27.310022354125977	1.748063325881958	-7.202785491943359	-3.6851911544799805	-18.0397891998291	6.39995002746582	-14.424567222595215	-6.20531702041626
C28N	13.083375930786133	2.2017993927001953	-2.7298831939697266	-13.743906021118164	-0.5834816098213196	1.5013396739959717	1.4664621353149414	-22.87555503845215	8.444975852966309	-15.223255157470703	-2.8458125591278076
C28P	10.508489608764648	-4.05894660949707	-17.059547424316406	-26.353689193725586	-4.382872581481934	0.35095876455307007	-2.1080284118652344	-41.48833084106445	4.194089889526367	-31.710763931274414	-11.21086311340332
C28Q	14.266899108886719	-0.08822216838598251	-3.6297566890716553	-15.223442077636719	-0.9087893962860107	2.19356107711792	1.0044922828674316	-20.811702728271484	9.038053512573242	-17.38576889038086	-3.1544675827026367
C28R	14.128939628601074	-1.6853231191635132	0.4157501459121704	2.5096662044525146	-0.5328708291053772	3.590081214904785	2.3040452003479004	-12.827409744262695	8.194405555725098	-6.126272678375244	0.9971010088920593
C28S	26.94680404663086	-6.524663925170898	0.2040756344795227	4.9377570152282715	-5.882626533508301	3.094294548034668	5.00056791305542	-18.73796844482422	8.998900413513184	-1.1902209520339966	1.684692144393921
C28T	16.935169219970703	-5.413384437561035	-0.5877571105957031	1.8685271739959717	-5.214022159576416	1.8312230110168457	6.349281311035156	-18.9906063079834	7.0289483070373535	-5.005291938781738	-0.11979126930236816
C28V	10.025428771972656	-22.7533016204834	-0.9988147020339966	5.649293422698975	-7.618659019470215	2.5448405742645264	7.639871120452881	-22.078739166259766	-2.3889663219451904	5.71787166595459	-2.426117420196533
C28W	13.779112815856934	2.3687636852264404	-3.0221381187438965	-34.46084976196289	2.543790102005005	-1.8195772171020508	-8.947185516357422	-28.380311965942383	4.916502952575684	-20.477685928344727	-7.349957466125488
C28Y	2.7164082527160645	0.1355198323726654	-0.844883918762207	-38.35603713989258	1.5856552124023438	-8.62679672241211	-5.594951152801514	-19.65031623840332	5.25494384765625	-12.296453475952148	-7.567690849304199
V29A	-22.189348220825195	-13.999601364135742	-23.969783782958984	4.74361515045166	-13.332083702087402	-16.00079345703125	1.7233226299285889	-0.2733168303966522	-18.12752914428711	-13.17896556854248	-11.460448265075684
V29C	-5.756479263305664	-12.323820114135742	-7.023917198181152	0.29700860381126404	-12.998059272766113	-9.207014083862305	-14.3021821975708	-5.415417671203613	-7.726563453674316	-4.451855659484863	-7.890830039978027
V29D	-30.557607650756836	-13.247904777526855	-13.560430526733398	-4.389456272125244	-29.399978637695312	-21.6230411529541	-5.478551864624023	-2.8660895824432373	-22.7735595703125	-21.073486328125	-16.497011184692383
V29E	-31.989133834838867	-24.982763290405273	-35.49794387817383	0.5779120922088623	-40.15262222290039	-32.51877975463867	-6.538020610809326	-1.326842188835144	-20.440841674804688	-29.788461685180664	-22.265750885009766
V29F	-9.099507331848145	-7.913531303405762	-9.137207984924316	5.357635021209717	-9.940185546875	-5.117794036865234	-0.21952587366104126	-1.6627416610717773	-12.299514770507812	-7.879705905914307	-5.791207790374756
V29G	-25.139053344726562	-9.696480751037598	-26.371700286865234	2.2009105682373047	-20.840885162353516	-22.006431579589844	1.6096537113189697	1.06691312789917	-22.05646514892578	-21.49286460876465	-14.2726411819458
V29H	-11.57414436340332	-7.701176166534424	-9.810487747192383	-6.561511993408203	-22.48922348022461	-17.864818572998047	-12.929261207580566	-4.63692045211792	-13.697681427001953	-13.586698532104492	-12.08519172668457
V29I	-7.338799953460693	-7.838982105255127	-10.992376327514648	9.06020736694336	-3.5956075191497803	-5.6178483963012695	0.7112975120544434	-3.2644801139831543	-6.144696235656738	-5.613125801086426	-4.063441276550293
V29K	-20.438861846923828	-11.118587493896484	-20.58906364440918	11.9993896484375	-22.63905143737793	-20.151981353759766	-3.108471393585205	0.16825200617313385	-13.057426452636719	-18.479124069213867	-11.741493225097656
V29L	-7.1548638343811035	-4.124878883361816	-6.731313228607178	2.0579187870025635	-2.7223501205444336	17.920848846435547	1.2813116312026978	3.3075435161590576	-14.729331970214844	2.9511139392852783	-0.7944000959396362
V29M	-7.346926689147949	-8.283244132995605	-9.369375228881836	-4.11430025100708	-19.450927734375	-15.272320747375488	-14.535469055175781	-6.6738362312316895	-11.037900924682617	-6.096277713775635	-10.218057632446289
V29N	-20.45467758178711	-12.516972541809082	-12.012343406677246	-4.056554794311523	-24.249568939208984	-16.348339080810547	-4.336822986602783	-2.791269063949585	-21.28679084777832	-15.928413391113281	-13.398175239562988
V29P	-24.08453941345215	-14.230331420898438	-18.81565284729004	-9.564329147338867	-27.40076446533203	-15.581987380981445	-8.302084922790527	-5.410159111022949	-27.633411407470703	-18.347822189331055	-16.93710708618164
V29Q	-17.1529598236084	-15.456456184387207	-11.767021179199219	-4.479313850402832	-28.154617309570312	-19.140182495117188	-6.681063175201416	-2.4295096397399902	-18.288667678833008	-17.683706283569336	-14.1233491897583
V29R	-16.342697143554688	-10.803607940673828	-13.851058959960938	6.83701753616333	-22.004371643066406	-18.746749877929688	-1.355206847190857	0.17605902254581451	-10.141911506652832	-17.996782302856445	-10.422931671142578
V29S	-25.27482795715332	-12.132291793823242	-20.64969825744629	1.802499532699585	-21.086069107055664	-16.186800003051758	-0.24458259344100952	-0.48556801676750183	-21.841650009155273	-17.1369571685791	-13.32359504699707
V29T	-15.205208778381348	-7.352453231811523	-15.389264106750488	4.930594444274902	-14.834959030151367	-10.66103458404541	1.3724365234375	-1.503401279449463	-13.266328811645508	-14.823267936706543	-8.673288345336914
V29W	-13.559560775756836	-10.120168685913086	-11.570284843444824	-14.643512725830078	-18.567604064941406	-15.20538330078125	-14.084105491638184	-8.13205623626709	-20.586606979370117	-9.139737129211426	-13.56090259552002
V29Y	-10.22158145904541	-4.1416144371032715	-11.068798065185547	-7.509001731872559	-17.798105239868164	-13.823394775390625	-14.516401290893555	-5.41660213470459	-16.98168182373047	-7.974680423736572	-10.945185661315918
L30A	-21.238473892211914	-10.766194343566895	-9.219062805175781	0.7314852476119995	-11.675421714782715	-12.529619216918945	-1.933720350265503	-0.9889101386070251	-10.998800277709961	-8.697319984436035	-8.731603622436523
L30C	-23.963651657104492	-3.7436490058898926	-2.9851579666137695	2.358617067337036	-12.836190223693848	-15.516559600830078	-10.7250337600708	-9.893858909606934	-5.914907932281494	-7.396773338317871	-9.06171703338623
L30D	-54.601070404052734	-14.568912506103516	-6.930726528167725	-5.450497627258301	-22.40794563293457	-21.30623435974121	-3.5009312629699707	-5.2686872482299805	-17.106685638427734	-8.480557441711426	-15.962226867675781
L30E	-31.70684051513672	-19.0574893951416	-10.817928314208984	-9.432319641113281	-29.985820770263672	-21.724748611450195	-9.523005485534668	1.8327816724777222	-12.714862823486328	-18.06769371032715	-16.119792938232422
L30F	-20.934484481811523	-6.061747074127197	-5.567196846008301	3.107057809829712	-6.860299110412598	-8.4824857711792	-2.6589763164520264	-2.8982295989990234	-9.668718338012695	-5.610983371734619	-6.563606262207031
L30G	-14.001245498657227	-6.267029762268066	-9.160486221313477	1.8665971755981445	-14.383488655090332	-17.178138732910156	0.9966863989830017	-3.4569733142852783	-17.345863342285156	-12.740501403808594	-9.167044639587402
L30H	-44.448394775390625	-3.979398250579834	-5.900803565979004	3.179673671722412	-16.41950225830078	-20.18874168395996	-13.60749340057373	-10.396069526672363	-8.590807914733887	-7.746340274810791	-12.809786796569824
L30I	-14.280106544494629	-7.238267421722412	-4.123158931732178	2.673649787902832	-4.486121654510498	-11.340160369873047	-1.8005950450897217	-4.845857620239258	-0.6533262729644775	-2.053176164627075	-4.8147125244140625
L30K	-12.524096488952637	-11.885458946228027	-7.9953413009643555	2.727818250656128	-14.104975700378418	-21.72845458984375	-2.0216917991638184	-2.708254814147949	-17.453231811523438	-12.34779167175293	-10.004148483276367
L30M	-30.038354873657227	-6.1942219734191895	-3.677107572555542	3.9099111557006836	-12.09054946899414	-13.180906295776367	-6.413850784301758	-10.839315414428711	-4.062909126281738	-8.251008987426758	-9.083831787109375
L30N	-56.057926177978516	-11.715627670288086	-5.223287105560303	-2.2772560119628906	-17.837440490722656	-15.989538192749023	-4.5009613037109375	-5.609052658081055	-12.344715118408203	-6.586985111236572	-13.814279556274414
L30P	-49.45519256591797	-10.569742202758789	-9.646513938903809	-4.58743953704834	-19.805374145507812	-14.578147888183594	-7.586645603179932	-6.5615315437316895	-23.3096981048584	-8.505515098571777	-15.460578918457031
L30Q	-50.33502960205078	-11.379246711730957	-5.936894416809082	-2.9058926105499268	-20.72564697265625	-20.698665618896484	-5.7857208251953125	-5.692864418029785	-12.56482219696045	-8.360979080200195	-14.438575744628906
L30R	-14.26174259185791	-11.645960807800293	-7.077887535095215	1.5974394083023071	-10.792269706726074	-19.679685592651367	0.187511146068573	-2.335892915725708	-13.525001525878906	-11.131328582763672	-8.866482734680176
L30S	-15.14761734008789	-11.89076042175293	-8.74748420715332	0.7113099098205566	-16.022428512573242	-17.2026424407959	-1.0563488006591797	-2.797804117202759	-18.2376708984375	-9.929636001586914	-10.032108306884766
L30T	-12.239765167236328	-8.9983549118042	-5.9907002449035645	1.3865389823913574	-11.1790189743042	-15.978060722351074	-0.4721139669418335	-3.8438587188720703	-9.927555084228516	-7.395448207855225	-7.463833808898926
L30V	-8.41116714477539	-0.1376812756061554	-6.742117404937744	2.1573705673217773	0.5798075795173645	-4.608104228973389	-2.587779998779297	1.6481331586837769	1.844293236732483	0.37434107065200806	-1.5882904529571533
L30W	-44.63212203979492	-11.273371696472168	-3.0007028579711914	-2.2710797786712646	-15.239396095275879	-14.865199089050293	-14.838388442993164	-16.434179306030273	-13.815774917602539	-5.02123498916626	-14.139144897460938
L30Y	-39.508544921875	-2.4246137142181396	-3.839822769165039	3.2819931507110596	-12.053109169006348	-14.976496696472168	-17.16385841369629	-12.9603910446167	-10.895989418029785	-5.414122104644775	-11.595495223999023
L31A	-20.16408920288086	-17.068864822387695	-12.643186569213867	0.37335285544395447	-12.347158432006836	-18.295419692993164	-1.4857460260391235	2.3327884674072266	-6.462875843048096	-6.756341934204102	-9.251754760742188
L31C	-15.493765830993652	1.3719134330749512	-6.239480495452881	-1.6981184482574463	-5.282407283782959	-10.847339630126953	-17.946495056152344	-5.014224052429199	-4.643651008605957	-10.618611335754395	-7.641218662261963
L31D	-32.206974029541016	-5.720198154449463	-8.738502502441406	-2.9475038051605225	-17.181201934814453	-18.52631950378418	-8.44980525970459	-6.965292930603027	-12.369050025939941	-12.620189666748047	-12.572504043579102
L31E	-18.124588012695312	-21.724767684936523	-16.92061996459961	-4.844906806945801	-25.231264114379883	-36.296512603759766	-3.7082886695861816	5.156670570373535	-9.476699829101562	-20.019441604614258	-15.119041442871094
L31F	-0.6589384078979492	1.1187002658843994	-7.5228962898254395	1.0983730554580688	-3.753200054168701	-13.912971496582031	0.5486369729042053	0.12193895876407623	-3.865985631942749	-2.6446568965911865	-2.9470999240875244
L31G	-19.458498001098633	-7.055434226989746	-13.58969783782959	-1.0850205421447754	-15.200453758239746	-17.91210174560547	-4.328375816345215	-0.9603808522224426	-14.095870018005371	-10.954000473022461	-10.463983535766602
L31H	-16.819738388061523	-0.6520330905914307	-8.621150970458984	-2.879455804824829	-9.627738952636719	-11.906954765319824	-18.353132247924805	-6.032331466674805	-7.178770542144775	-11.742498397827148	-9.381381034851074
L31I	-4.9664506912231445	-2.0520057678222656	-9.969018936157227	1.2577301263809204	2.7280049324035645	-12.403419494628906	-0.45042699575424194	-4.783363342285156	-1.069475531578064	-6.675071716308594	-3.8383498191833496
L31K	-11.608098030090332	-3.0104146003723145	-10.367146492004395	6.29245662689209	-10.193501472473145	-21.68016242980957	-3.583199977874756	-1.140159010887146	-3.835522413253784	-14.756540298461914	-7.388228416442871
L31M	-14.004773139953613	1.927786111831665	-6.2589263916015625	-1.0478322505950928	-7.109745502471924	-12.833444595336914	-17.384889602661133	-2.844768762588501	-2.6488046646118164	-8.80383014678955	-7.100922584533691
L31N	-30.427736282348633	-3.4011638164520264	-6.558319568634033	-0.9597039222717285	-12.814230918884277	-15.330674171447754	-7.990932941436768	-6.6107282638549805	-10.807035446166992	-9.887818336486816	-10.47883415222168
L31P	-31.384897232055664	-11.3858642578125	-16.902950286865234	-9.911471366882324	-17.685537338256836	-17.21468734741211	-8.948798179626465	-7.6999006271362305	-19.688716888427734	-9.288512229919434	-15.011134147644043
L31Q	-29.80567169189453	-4.581766128540039	-8.350176811218262	-2.2848572731018066	-14.475109100341797	-16.228023529052734	-8.143956184387207	-6.50782585144043	-8.495657920837402	-10.987218856811523	-10.986026763916016
L31R	-13.104549407958984	-3.5284247398376465	-9.357782363891602	7.007889747619629	-9.56844711303711	-15.619422912597656	-1.3159259557724	-0.9069123268127441	-4.02453088760376	-13.8743257522583	-6.429243564605713
L31S	-15.825708389282227	-4.1186113357543945	-11.887542724609375	-1.065219759941101	-13.426060676574707	-19.831058502197266	-1.6669776439666748	-2.351454019546509	-8.440251350402832	-9.60306453704834	-8.821596145629883
L31T	-9.350274085998535	-2.3236513137817383	-10.080774307250977	-1.6384412050247192	-7.208809852600098	-15.371074676513672	-0.9453297257423401	-3.4611871242523193	-5.493574142456055	-7.420591831207275	-6.329370975494385
L31V	-10.61731243133545	-2.0611214637756348	-4.02008056640625	1.4878402948379517	2.857163429260254	-7.4093017578125	-0.09668527543544769	4.7688775062561035	1.158450722694397	-1.320986270904541	-1.5253156423568726
L31W	-16.01235008239746	-5.54301118850708	-3.8965601921081543	-8.349393844604492	-9.700547218322754	-11.92128849029541	-21.392663955688477	-10.255975723266602	-11.94428539276123	-7.183892726898193	-10.619996070861816
L31Y	-11.095035552978516	0.8648953437805176	-4.360726833343506	-5.5431599617004395	-5.695888519287109	-10.022205352783203	-22.941755294799805	-7.361144065856934	-8.340981483459473	-6.851161479949951	-8.134716033935547
G32A	-20.44855308532715	-8.585022926330566	-22.191823959350586	2.285296678543091	-7.695530891418457	-21.7281436920166	-0.831273078918457	3.377629041671753	-20.86908721923828	-20.624217987060547	-11.731073379516602
G32C	-22.73427391052246	-2.6497325897216797	-9.420537948608398	12.295637130737305	-1.5472551584243774	-10.346221923828125	-12.68794059753418	-4.473092555999756	1.1568657159805298	-13.682977676391602	-6.4089531898498535
G32D	-27.233022689819336	-8.665145874023438	-8.941764831542969	8.499629974365234	-6.561746597290039	-20.926584243774414	-7.102786540985107	-1.3949458599090576	-11.151169776916504	-21.142288208007812	-10.461981773376465
G32E	-40.75261688232422	-22.73585319519043	-11.336703300476074	-2.502777338027954	-16.364280700683594	-21.73377227783203	-3.4664227962493896	2.649066925048828	-20.976911544799805	-26.814559936523438	-16.403484344482422
G32F	-20.9693660736084	-8.128704071044922	-10.329447746276855	1.8651869297027588	-1.5160661935806274	-15.847298622131348	-3.3250629901885986	-1.5375666618347168	-7.383362293243408	-16.648048400878906	-8.381973266601562
G32H	-29.418367385864258	-4.029542922973633	-6.672182083129883	10.043827056884766	-2.0861923694610596	-16.739931106567383	-13.003057479858398	-2.795071840286255	-3.479814052581787	-16.2369327545166	-8.441726684570312
G32I	-8.369853019714355	-10.873113632202148	-6.949402332305908	3.7336983680725098	1.3881818056106567	-14.798921585083008	-2.3970847129821777	0.41023582220077515	0.41926276683807373	-17.957637786865234	-5.539463043212891
G32K	-20.10529136657715	-16.747671127319336	-11.374798774719238	5.8520379066467285	-5.440832138061523	-21.33175277709961	-2.4088239669799805	2.271153450012207	-13.468213081359863	-23.056652069091797	-10.581083297729492
G32L	-14.285385131835938	-6.162442684173584	-17.063291549682617	3.0148208141326904	-1.1502397060394287	-14.627473831176758	-1.8916115760803223	9.065546035766602	-4.638193607330322	-9.819825172424316	-5.755809307098389
G32M	-21.00651741027832	-1.9444310665130615	-6.25777530670166	12.529436111450195	-6.334721565246582	-13.141942024230957	-10.791565895080566	-4.453662395477295	0.008214563131332397	-20.93219757080078	-7.232516288757324
G32N	-27.21651840209961	-6.195497512817383	-7.242510795593262	7.353766918182373	-2.9612796306610107	-16.937978744506836	-7.95714807510376	0.47701773047447205	-4.526285648345947	-16.474699020385742	-8.168113708496094
G32P	-26.341333389282227	-7.48158073425293	-14.953332901000977	4.826557159423828	-9.429325103759766	-21.341537475585938	-9.415987968444824	-4.128084659576416	-16.437397003173828	-17.047609329223633	-12.174962043762207
G32Q	-23.886804580688477	-9.291521072387695	-7.220392227172852	10.116412162780762	-4.134975433349609	-20.153383255004883	-7.791069030761719	-0.24444212019443512	-5.243434906005859	-17.79591941833496	-8.564553260803223
G32R	-25.13580322265625	-13.423850059509277	-9.106627464294434	11.805180549621582	-3.462402582168579	-21.021625518798828	-3.6962671279907227	0.9494510293006897	-5.811609268188477	-15.887825012207031	-8.479138374328613
G32S	-25.85697364807129	-9.424973487854004	-17.261693954467773	6.5217814445495605	-8.132972717285156	-20.130687713623047	-2.0720419883728027	-0.9193823337554932	-17.85076904296875	-18.65354347229004	-11.37812614440918
G32T	-17.416784286499023	-10.316588401794434	-10.631829261779785	3.0659658908843994	-5.363900184631348	-17.599618911743164	-2.311365842819214	-0.26222923398017883	-8.377330780029297	-19.409902572631836	-8.862358093261719
G32V	-8.818168640136719	-6.133861541748047	-8.611069679260254	1.264471173286438	1.3845988512039185	-14.228204727172852	-0.6299889087677002	7.815499782562256	0.5347957611083984	-18.21397590637207	-4.563590049743652
G32W	-19.928035736083984	-2.0656213760375977	-7.906317710876465	6.5591044425964355	-6.150397300720215	-15.075767517089844	-17.785634994506836	-7.160138130187988	-7.799735069274902	-14.030926704406738	-9.134347915649414
G32Y	-27.139558792114258	-2.081402063369751	-7.0472846031188965	8.827831268310547	-4.304544925689697	-13.409833908081055	-15.176361083984375	-7.1712541580200195	-5.469536781311035	-16.487213134765625	-8.945916175842285
K33A	-12.53198528289795	-11.665074348449707	-12.415513038635254	-16.668994903564453	-17.83746337890625	-7.401022911071777	-5.92769718170166	0.9029017686843872	-12.220758438110352	1.7190526723861694	-9.404655456542969
K33C	-5.118262767791748	-4.772059440612793	4.679402828216553	1.028814435005188	-10.156225204467773	0.4787030816078186	-3.9835829734802246	-7.12744665145874	-30.947128295898438	2.36004638671875	-5.35577392578125
K33D	-16.683422088623047	-11.401493072509766	-5.1544599533081055	-5.35405158996582	-12.569330215454102	-0.3894347548484802	-7.430909633636475	0.42230352759361267	-27.83393096923828	-3.0860323905944824	-8.948076248168945
K33E	-25.819149017333984	-6.975342750549316	-7.102212905883789	-20.897254943847656	-14.458892822265625	-9.515922546386719	-3.1555776596069336	2.563621997833252	-13.196891784667969	-10.987968444824219	-10.954559326171875
K33F	-13.251575469970703	-21.932865142822266	-8.924176216125488	-15.914016723632812	-20.96002197265625	-3.5522959232330322	-8.903303146362305	-2.1760666370391846	-25.576894760131836	0.1998300850391388	-12.099138259887695
K33G	-17.614927291870117	-12.240723609924316	-10.1287202835083	-10.739096641540527	-27.114938735961914	-1.875849962234497	-7.3034281730651855	0.5968674421310425	-9.664955139160156	-3.8661983013153076	-9.995196342468262
K33H	-9.50145149230957	-7.199559211730957	4.635227680206299	-1.3613040447235107	-12.460197448730469	0.9267841577529907	-9.7112398147583	-0.3068678677082062	-31.250598907470703	1.3003801107406616	-6.492883205413818
K33I	-7.613065719604492	-14.729129791259766	-8.039012908935547	-6.541958808898926	-3.9437952041625977	-5.022139549255371	-8.3226957321167	-0.8261181116104126	-4.884563446044922	4.006227493286133	-5.591625213623047
K33L	-1.0897878408432007	-11.977778434753418	-24.353687286376953	-7.6994123458862305	4.653697967529297	-20.889284133911133	1.9192508459091187	4.921814441680908	0.8844698071479797	11.247859001159668	-4.238286018371582
K33M	-7.840571880340576	-7.3195977210998535	2.683870792388916	0.17276030778884888	-8.889714241027832	-2.1625707149505615	-6.073451995849609	-7.110715866088867	-27.603097915649414	2.0534889698028564	-6.208960056304932
K33N	-10.459709167480469	-13.317331314086914	-5.480114459991455	-4.137534141540527	-14.417325019836426	0.634674608707428	-5.224452972412109	-0.9295780062675476	-24.467063903808594	-0.8510759472846985	-7.864950656890869
K33P	-18.455570220947266	-22.849679946899414	-13.182662010192871	-16.500017166137695	-26.79216766357422	-1.1164555549621582	-12.266407012939453	-1.3689067363739014	-37.89864730834961	-2.1168792247772217	-15.254739761352539
K33Q	-13.192899703979492	-9.306743621826172	-2.4716429710388184	-3.9231514930725098	-10.17099380493164	0.2226472645998001	-5.502954959869385	0.6212208271026611	-26.28171157836914	-0.04796735197305679	-7.0054192543029785
K33R	-9.29276180267334	-5.762097358703613	-2.9906888008117676	1.311947226524353	0.9946257472038269	2.1685702800750732	-2.9366917610168457	3.2027342319488525	-10.068679809570312	6.04057502746582	-1.7332465648651123
K33S	-20.90426254272461	-16.379772186279297	-10.096853256225586	-14.5323486328125	-23.871652603149414	0.8296696543693542	-7.751681804656982	0.4058034121990204	-16.55061912536621	-0.17518776655197144	-10.902690887451172
K33T	-9.659125328063965	-12.955299377441406	-9.403261184692383	-15.395831108093262	-12.150884628295898	-2.66133451461792	-9.118499755859375	1.855517864227295	-16.179365158081055	3.1063544750213623	-8.256174087524414
K33V	9.359867095947266	-9.636265754699707	-10.494611740112305	-8.255598068237305	3.5397520065307617	-14.601813316345215	-13.124114990234375	3.259718894958496	0.11815838515758514	7.7954325675964355	-3.203947067260742
K33W	-16.46695899963379	-12.690211296081543	-2.17051362991333	-5.838341236114502	-8.952472686767578	-1.9191021919250488	-6.52094030380249	-16.04338836669922	-29.990127563476562	0.6611461043357849	-9.993090629577637
K33Y	-10.817808151245117	-13.235737800598145	2.4935686588287354	-2.6970114707946777	-11.125682830810547	-1.496196985244751	-7.690990447998047	-11.014942169189453	-35.85554504394531	1.5701854228973389	-8.987016677856445
R34A	-26.716726303100586	3.5296058654785156	-18.309953689575195	5.238194465637207	-13.551156044006348	-26.150096893310547	-11.759485244750977	1.4440115690231323	-20.32452964782715	-31.505220413208008	-13.81053638458252
R34C	-38.31300735473633	-10.3350830078125	-8.309513092041016	-4.27481746673584	-6.250614643096924	-10.806334495544434	-26.457168579101562	-7.523683547973633	1.4643725156784058	-18.873979568481445	-12.967984199523926
R34D	-33.54145050048828	-13.330471992492676	-13.075146675109863	-6.962152004241943	-12.265678405761719	-18.3134708404541	-21.586915969848633	-5.050169944763184	-8.491254806518555	-26.001262664794922	-15.861796379089355
R34E	-20.94306182861328	-1.6923036575317383	-17.12795639038086	-5.586979389190674	-13.823594093322754	-28.37633514404297	-9.08525562286377	4.8376898765563965	-26.01314926147461	-38.218746185302734	-15.6029691696167
R34F	-31.439605712890625	-6.592299938201904	-13.336562156677246	-7.55848503112793	-9.513643264770508	-16.603132247924805	-20.118757247924805	-3.2405714988708496	-2.278632402420044	-22.75143814086914	-13.343313217163086
R34G	-25.238170623779297	0.5121498107910156	-15.588663101196289	-3.331747055053711	-14.523622512817383	-18.56867218017578	-9.967659950256348	0.7046912908554077	-20.901582717895508	-32.499122619628906	-13.940240859985352
R34H	-25.313573837280273	-9.96911907196045	-5.783353805541992	-2.9785714149475098	-6.819679260253906	-10.955235481262207	-25.89304542541504	-4.417092323303223	-0.0496392548084259	-18.535194396972656	-11.071450233459473
R34I	-29.867645263671875	-11.136968612670898	-12.40324592590332	-6.208560466766357	-11.284053802490234	-19.77182388305664	-19.758743286132812	-1.7100669145584106	-0.9888436794281006	-24.220008850097656	-13.734997749328613
R34K	-19.58452606201172	-0.684461236000061	-13.95976734161377	0.028012722730636597	-19.68401527404785	-28.90936279296875	-15.153935432434082	2.063502550125122	-6.286693096160889	-36.5826416015625	-13.875389099121094
R34L	-24.34871482849121	-3.152461051940918	-24.49693489074707	-0.5207926034927368	-12.352132797241211	-31.439443588256836	-9.689107894897461	8.274346351623535	-35.11186981201172	-18.894256591796875	-15.173136711120605
R34M	-46.575538635253906	-13.468491554260254	-10.201255798339844	-7.488188743591309	-9.515840530395508	-12.538323402404785	-28.352354049682617	-6.731979846954346	0.3570689558982849	-19.22967529296875	-15.374456405639648
R34N	-33.022220611572266	-11.50125503540039	-11.306108474731445	-7.995573043823242	-10.183788299560547	-13.646721839904785	-20.7560977935791	-3.723552942276001	-5.231259822845459	-24.759315490722656	-14.2125883102417
R34P	-31.77443504333496	-12.488813400268555	-15.27469253540039	-5.962282657623291	-13.605671882629395	-16.02506446838379	-25.737640380859375	-5.958791732788086	-12.88493537902832	-21.044376373291016	-16.07567024230957
R34Q	-31.860904693603516	-14.053074836730957	-11.3203125	-6.701385021209717	-13.676329612731934	-17.391538619995117	-21.600873947143555	-3.9971354007720947	-3.6523735523223877	-25.499706268310547	-14.975364685058594
R34S	-35.70469284057617	-0.614366888999939	-15.040209770202637	4.571010589599609	-11.74417495727539	-19.611886978149414	-14.330784797668457	-1.454869031906128	-13.244941711425781	-25.959518432617188	-13.313444137573242
R34T	-31.96634864807129	-4.755918502807617	-12.312723159790039	-0.9740824699401855	-9.913102149963379	-19.023557662963867	-15.981183052062988	-2.985065221786499	-5.7043914794921875	-25.15558433532715	-12.877195358276367
R34V	-24.596303939819336	-5.883145332336426	-15.299985885620117	-6.880485534667969	-9.087698936462402	-25.12674903869629	-9.044440269470215	6.921224594116211	-5.55409574508667	-19.880388259887695	-11.443205833435059
R34W	-43.29499053955078	-13.59496021270752	-11.24935245513916	-7.986179351806641	-12.303059577941895	-12.606542587280273	-30.036420822143555	-8.982348442077637	-3.829601287841797	-19.751920700073242	-16.36353874206543
R34Y	-37.847999572753906	-9.908134460449219	-8.910630226135254	-5.6788787841796875	-6.981879234313965	-10.01854419708252	-29.51685905456543	-9.583580017089844	-2.1847362518310547	-16.859058380126953	-13.749031066894531
K35A	-11.665241241455078	-1.2496274709701538	-10.77136516571045	-5.007479190826416	-1.993273138999939	-5.3325653076171875	1.641901969909668	3.121662139892578	-5.407040596008301	-1.3890681266784668	-3.8052093982696533
K35C	-0.64842689037323	-1.0603697299957275	7.191754341125488	5.919732093811035	-7.076144695281982	-1.7581554651260376	2.317577362060547	-3.8217520713806152	-8.412094116210938	1.8503443002700806	-0.5497534871101379
K35D	-14.251153945922852	-4.443267345428467	-2.1251423358917236	1.5229021310806274	-6.880183219909668	-2.7374165058135986	0.6727655529975891	-1.0171009302139282	-8.838208198547363	-1.0471975803375244	-3.914400577545166
K35E	-11.315180778503418	-7.264710903167725	-6.168380260467529	-13.386672973632812	-5.796635627746582	-8.449151992797852	-3.645350933074951	5.532829284667969	-8.639790534973145	-9.565622329711914	-6.869866371154785
K35F	-9.576494216918945	-0.9862384796142578	-2.2322707176208496	5.182393550872803	-1.5824161767959595	-2.3110132217407227	3.80806303024292	-1.1527800559997559	-2.796538829803467	0.19009506702423096	-1.1457200050354004
K35G	-12.259074211120605	-4.28546667098999	-9.977920532226562	-8.32706069946289	-15.678506851196289	-4.491934299468994	3.989765167236328	-1.7110576629638672	-6.658653736114502	-5.844306945800781	-6.524421691894531
K35H	-12.802572250366211	-8.666945457458496	0.4310477375984192	3.9752285480499268	-1.4060407876968384	-1.0125256776809692	-0.7424069046974182	0.7770800590515137	-11.346248626708984	0.5394952297210693	-3.025388479232788
K35I	-14.154500961303711	-4.045001983642578	3.9561338424682617	11.587058067321777	9.869434356689453	-5.582254886627197	6.128509998321533	-1.356756567955017	-0.5707221031188965	-0.5620918869972229	0.5269807577133179
K35L	-2.6518166065216064	-7.298511981964111	-1.609512209892273	12.315013885498047	16.44789695739746	-19.980342864990234	5.052414894104004	7.8354949951171875	6.619875431060791	5.799263954162598	2.2529778480529785
K35M	-20.395845413208008	-0.6552008390426636	1.7415486574172974	7.468657970428467	-3.913583517074585	-3.4289228916168213	0.9760047197341919	-2.8501317501068115	-10.59572696685791	-0.6297308802604675	-3.228292942047119
K35N	-18.47102928161621	-5.286932945251465	3.4873621463775635	2.193120002746582	-7.713665008544922	-2.9233057498931885	-0.06667189300060272	0.16146992146968842	-7.751168251037598	1.2708121538162231	-3.510000705718994
K35P	-26.636503219604492	-13.003544807434082	-0.08256631344556808	-13.993593215942383	-11.693020820617676	-3.7704453468322754	-2.3180792331695557	-2.928690195083618	-19.38868522644043	-0.8921168446540833	-9.470725059509277
K35Q	-16.16333770751953	-4.22289514541626	1.9086315631866455	4.706747055053711	-2.141730308532715	-1.6661503314971924	2.6647539138793945	-0.5747261047363281	-7.362782955169678	-0.7397297024726868	-2.359121799468994
K35R	0.6137228608131409	-0.25052160024642944	-0.03684673458337784	13.49902057647705	7.8721537590026855	5.394548416137695	2.971134662628174	1.4566270112991333	1.1236029863357544	0.031988583505153656	3.267543077468872
K35S	-17.16472816467285	-9.412769317626953	-13.065649032592773	-9.185657501220703	-12.432769775390625	-6.930530071258545	3.230719804763794	-0.38354623317718506	-7.635635852813721	-2.3011248111724854	-7.528168678283691
K35T	-3.120300531387329	-5.672562599182129	-3.3562281131744385	7.7806010246276855	4.511557579040527	-3.4591617584228516	3.95290207862854	-0.03216031566262245	-2.693974733352661	-0.7545711994171143	-0.28438979387283325
K35V	1.190067172050476	-5.995743751525879	2.9556870460510254	9.09500789642334	10.549846649169922	-11.560356140136719	7.246325492858887	4.767299175262451	4.24057674407959	4.650665283203125	2.713937282562256
K35W	-24.89626121520996	-4.274832248687744	0.6533516645431519	2.0746870040893555	-5.759446620941162	-4.614837169647217	-3.8291678428649902	-9.168095588684082	-15.514559745788574	1.1796989440917969	-6.41494607925415
K35Y	-14.321642875671387	-6.0326433181762695	1.6366852521896362	3.869292736053467	-5.038440704345703	-2.442908525466919	-1.6443507671356201	-5.668337345123291	-16.74533462524414	1.7224657535552979	-4.466521263122559
G36A	3.4414892196655273	9.062216758728027	-6.392440319061279	9.134495735168457	-0.7303710579872131	16.09812355041504	5.785201549530029	10.571178436279297	4.6979899406433105	1.585476040840149	5.32533597946167
G36C	2.522554874420166	-7.284682273864746	2.620635986328125	3.926508665084839	-0.29096776247024536	-15.535677909851074	18.539722442626953	-6.625372886657715	-7.1437458992004395	7.228368759155273	-0.20426559448242188
G36D	8.166085243225098	11.967748641967773	-1.681723952293396	5.324437141418457	0.3858494758605957	-3.69329833984375	4.631862163543701	0.07581794261932373	0.08707146346569061	16.588193893432617	4.18520450592041
G36E	6.209743022918701	24.16126251220703	-4.552050590515137	9.293485641479492	0.3736060857772827	10.8233642578125	9.2272367477417	7.626415252685547	9.605551719665527	-0.08492732793092728	7.268368721008301
G36F	-2.280216693878174	4.228346824645996	-4.279604911804199	8.720566749572754	-1.5584161281585693	-6.965965270996094	3.5119266510009766	-4.8959527015686035	-0.7525906562805176	11.228853225708008	0.6956947445869446
G36H	3.236161708831787	-5.216880798339844	2.9770801067352295	3.6828460693359375	0.34498709440231323	-11.247352600097656	8.279387474060059	-5.301661014556885	-5.185417652130127	9.64390754699707	0.12130574882030487
G36I	-0.6233259439468384	5.078066349029541	-2.512178897857666	6.098433971405029	2.492713451385498	-5.09627628326416	3.3339569568634033	-4.1244940757751465	1.0420706272125244	8.212162017822266	1.3901127576828003
G36K	10.671786308288574	14.035689353942871	0.07744506001472473	8.834485054016113	0.32203981280326843	9.979510307312012	3.7989697456359863	5.570484161376953	12.807235717773438	24.54582977294922	9.064348220825195
G36L	-8.814393997192383	-1.1433825492858887	-11.4817476272583	5.980702877044678	1.6266757249832153	6.632823944091797	6.403918743133545	-8.386341094970703	-0.9609168767929077	-4.908380508422852	-1.5051043033599854
G36M	0.35112130641937256	-5.488164901733398	2.2643699645996094	4.056797027587891	0.6110851168632507	-14.283820152282715	12.35163688659668	-5.926351547241211	-5.5312581062316895	7.566745281219482	-0.4027838110923767
G36N	7.17060661315918	7.585146427154541	0.5957202911376953	5.5287675857543945	0.4029005765914917	-6.3766093254089355	5.263205528259277	-0.0667201429605484	-0.786538302898407	17.560583114624023	3.6877059936523438
G36P	-0.8632860779762268	7.377598762512207	-5.017344951629639	2.3378357887268066	0.7666293978691101	-7.077944278717041	2.234020709991455	-2.5080385208129883	-2.3269259929656982	9.687087059020996	0.4609631597995758
G36Q	4.522074222564697	8.767786979675293	1.361403465270996	4.802444934844971	2.0900626182556152	-6.002888202667236	5.301463603973389	0.8945308923721313	0.05484195053577423	18.040912628173828	3.9832634925842285
G36R	8.381230354309082	10.885502815246582	1.6319628953933716	10.89298152923584	2.5621185302734375	6.571225166320801	5.821132659912109	2.3607990741729736	9.122146606445312	14.268439292907715	7.249753475189209
G36S	9.558015823364258	14.262286186218262	-0.8410450220108032	12.05545425415039	-1.1941646337509155	13.448493957519531	4.833439350128174	10.489248275756836	9.50491714477539	15.128737449645996	8.72453784942627
G36T	8.361940383911133	13.217135429382324	-3.3134384155273438	7.278867721557617	-0.7716875672340393	6.3112287521362305	6.59351921081543	1.3992058038711548	5.230183124542236	12.63532829284668	5.694228172302246
G36V	-0.4766911268234253	3.929588556289673	-1.5602895021438599	6.015846252441406	2.204047679901123	3.4554529190063477	9.08258056640625	-0.7292076349258423	1.3720066547393799	0.5221226215362549	2.3815457820892334
G36W	0.13063907623291016	-4.587515354156494	4.297221660614014	4.924560070037842	-0.9187025427818298	-15.223651885986328	9.172188758850098	-9.03634262084961	-6.80320930480957	3.306795120239258	-1.473801612854004
G36Y	0.3191676735877991	-8.852215766906738	2.5136866569519043	2.5200772285461426	-1.2171558141708374	-17.956823348999023	14.798905372619629	-10.001202583312988	-9.809333801269531	6.15765380859375	-2.152724027633667
S37A	-19.254865646362305	-6.910909652709961	-10.536877632141113	7.960803985595703	-13.965283393859863	-13.50425910949707	-4.69509744644165	-0.8264392614364624	-10.719438552856445	-15.85575008392334	-8.830811500549316
S37C	-11.861959457397461	3.0319619178771973	-5.511466979980469	4.561642646789551	0.03958659619092941	-8.406194686889648	-11.092162132263184	-7.431856155395508	-4.529404163360596	-9.924290657043457	-5.112414360046387
S37D	-6.6869611740112305	-4.362726211547852	-6.629688262939453	12.955881118774414	-3.609391927719116	-9.803654670715332	-7.469370365142822	-6.267419815063477	-3.046415328979492	-9.545207023620605	-4.446495532989502
S37E	-19.17740249633789	-10.491898536682129	-6.526340961456299	2.5234017372131348	-15.057921409606934	-15.632841110229492	-0.42799490690231323	2.304050922393799	-8.742349624633789	-11.33522891998291	-8.256452560424805
S37F	-18.134048461914062	-6.7501654624938965	-6.989169120788574	-0.21697935461997986	-5.979472637176514	-10.688214302062988	-6.062330722808838	-5.351047515869141	-4.05907678604126	-9.561127662658691	-7.3791632652282715
S37G	-3.0483367443084717	-4.258881092071533	-10.263964653015137	13.699520111083984	-10.7034273147583	-9.143592834472656	1.5015891790390015	-1.6314541101455688	-4.567531108856201	-10.856727600097656	-3.9272804260253906
S37H	-5.929188251495361	-0.9867473840713501	-3.8951642513275146	4.718631267547607	-1.8987131118774414	-7.357410907745361	-11.70507526397705	-6.890023231506348	-0.11262501776218414	-6.57936429977417	-4.063568115234375
S37I	-20.83786964416504	-12.17663860321045	-4.783168792724609	-3.2190194129943848	-6.4282379150390625	-13.980499267578125	-5.649229526519775	-5.49729061126709	-9.673166275024414	-12.041293144226074	-9.428640365600586
S37K	-9.627314567565918	-13.109962463378906	-6.822832107543945	9.429749488830566	-9.087965965270996	-13.117424964904785	-3.231672763824463	-4.748661041259766	-6.263188362121582	-9.634925842285156	-6.621420383453369
S37L	-23.88072395324707	-23.0900821685791	-12.523563385009766	-4.214264869689941	-16.390546798706055	-14.651010513305664	-6.546146869659424	-4.460995197296143	-16.182388305664062	-13.089101791381836	-13.50288200378418
S37M	-16.144018173217773	0.8719149827957153	-3.8355154991149902	4.623656272888184	-1.4638679027557373	-9.280384063720703	-10.282328605651855	-6.947981834411621	-6.737858295440674	-10.681525230407715	-5.987791061401367
S37N	-6.464940071105957	-3.225857734680176	-6.258726119995117	7.824995040893555	-2.7840096950531006	-8.670404434204102	-9.737618446350098	-6.5257697105407715	-3.599882125854492	-8.720878601074219	-4.816309452056885
S37P	-9.589920043945312	-3.6034364700317383	-7.5740485191345215	2.878779649734497	-7.212291717529297	-10.365588188171387	-9.551056861877441	-8.6527681350708	-10.458216667175293	-12.16647720336914	-7.6295013427734375
S37Q	-8.341614723205566	-0.23386326432228088	-5.426241874694824	11.087745666503906	-1.6102882623672485	-9.543889045715332	-7.525872707366943	-2.299194812774658	-3.5830113887786865	-9.364023208618164	-3.684025526046753
S37R	-7.085827350616455	-7.529453754425049	-3.9755637645721436	14.037942886352539	-4.789905548095703	-9.056648254394531	-3.1903975009918213	-0.4344196617603302	-1.1323198080062866	-7.424034595489502	-3.058062791824341
S37T	-13.586824417114258	-8.964855194091797	-6.513912677764893	3.320284843444824	-7.281087875366211	-12.371183395385742	-6.501029014587402	-3.8849081993103027	-4.462437152862549	-10.501152992248535	-7.074710845947266
S37V	-22.779455184936523	-20.172578811645508	-7.963689804077148	-3.3177809715270996	-11.122215270996094	-15.663204193115234	-4.3211669921875	-7.484462261199951	-11.803189277648926	-12.476988792419434	-11.71047306060791
S37W	-12.202936172485352	2.6020302772521973	-4.9177069664001465	4.297823429107666	-3.6908206939697266	-10.386317253112793	-14.941514015197754	-7.681503772735596	-8.540863037109375	-10.842206001281738	-6.630401611328125
S37Y	-6.575392723083496	3.578460693359375	-4.181302547454834	4.013896942138672	-0.3120887875556946	-7.329085826873779	-14.86451244354248	-6.828472137451172	-3.486677885055542	-7.655001640319824	-4.364017963409424
V38A	-12.032317161560059	-1.3209009170532227	-17.559810638427734	6.648594856262207	-4.422454357147217	-22.86979103088379	1.1564075946807861	2.9154212474823	-3.303945541381836	-33.58499526977539	-8.437379837036133
V38C	-5.233736515045166	1.733686089515686	-3.241157293319702	8.602534294128418	-0.06278020888566971	-5.256918907165527	-6.718926906585693	1.4102174043655396	1.316198468208313	-13.086624145507812	-2.05375075340271
V38D	-7.798667907714844	-4.980354309082031	-10.437986373901367	8.038269996643066	-6.705622673034668	-15.978666305541992	-4.500534534454346	-3.0590381622314453	-1.3789201974868774	-23.46358299255371	-7.026510715484619
V38E	-25.098119735717773	-12.934715270996094	-19.537464141845703	-1.8634412288665771	-12.455317497253418	-28.277286529541016	0.20083773136138916	5.953252792358398	-10.609865188598633	-33.367496490478516	-13.798962593078613
V38F	-0.6477771997451782	1.2994855642318726	-9.393701553344727	8.197212219238281	-0.7610706686973572	-9.125495910644531	-0.6706281304359436	-1.5339871644973755	0.13920298218727112	-12.562469482421875	-2.505922794342041
V38G	-14.954320907592773	-10.59765625	-16.199583053588867	7.25630521774292	-7.236911773681641	-16.905115127563477	-3.6627023220062256	-1.814292550086975	-13.588027954101562	-28.409027099609375	-10.611132621765137
V38H	-1.523087739944458	-1.6503527164459229	-4.336389064788818	10.212873458862305	-0.1965050995349884	-7.929867744445801	-5.16932487487793	7.304399490356445	-0.40058600902557373	-15.857789993286133	-1.9546630382537842
V38I	3.2405731678009033	1.8997728824615479	-4.319545745849609	4.920192241668701	0.3827941119670868	-8.110689163208008	-0.3829679489135742	-1.238852858543396	2.296696662902832	-13.295742988586426	-1.4607770442962646
V38K	-4.0904340744018555	0.06016752868890762	-12.199469566345215	11.856441497802734	-2.501249313354492	-18.889266967773438	-0.8434303998947144	-0.5286703109741211	-0.27458757162094116	-20.89277458190918	-4.830327033996582
V38L	-5.086769104003906	-13.45488452911377	-9.539268493652344	1.3558900356292725	4.8550615310668945	-9.985323905944824	5.439897060394287	9.98122787475586	2.5569300651550293	-6.841813564300537	-2.0719051361083984
V38M	-3.982186794281006	2.2372689247131348	-3.0401699542999268	7.079010963439941	-0.5385290384292603	-6.58091926574707	-8.63963508605957	-0.3368910551071167	1.7238264083862305	-13.840788841247559	-2.5919013023376465
V38N	-5.413928508758545	-4.023483753204346	-7.473505020141602	9.459924697875977	-4.118791580200195	-12.321192741394043	-4.432034969329834	-0.836266279220581	0.6094331741333008	-19.607666015625	-4.815751075744629
V38P	-7.1180949211120605	-3.051762580871582	-16.485523223876953	6.343770980834961	-5.318879127502441	-18.2275447845459	-4.772236347198486	-1.9325727224349976	-2.929922342300415	-22.11248779296875	-7.560525417327881
V38Q	-3.0426666736602783	-0.8771799802780151	-7.513390064239502	8.618760108947754	-3.0037407875061035	-14.833122253417969	-5.908600330352783	-0.7420024275779724	0.46256327629089355	-21.73026466369629	-4.856964588165283
V38R	-2.0601553916931152	0.6962380409240723	-7.191133499145508	10.925189018249512	-1.299857258796692	-15.182132720947266	-1.4223949909210205	2.3924338817596436	0.6088593602180481	-18.39797592163086	-3.093092918395996
V38S	-11.935083389282227	-2.5486762523651123	-11.539597511291504	11.173310279846191	-5.537303447723389	-18.25393295288086	0.5071031451225281	-0.35541513562202454	-0.20322711765766144	-26.21455192565918	-6.490736961364746
V38T	-1.0990653038024902	0.29858556389808655	-8.053413391113281	11.684640884399414	0.3071099519729614	-13.06106948852539	0.4126294255256653	2.1606714725494385	-0.3609333634376526	-19.547725677490234	-2.7258572578430176
V38W	-11.189321517944336	2.1887147426605225	-4.649896621704102	3.517122507095337	-5.761970520019531	-11.473211288452148	-10.266319274902344	-2.4435904026031494	0.9200853109359741	-16.775482177734375	-5.593386650085449
V38Y	-5.477506160736084	2.2284765243530273	-4.382854461669922	6.158602714538574	-1.0497711896896362	-5.769171237945557	-8.117843627929688	1.0776032209396362	0.4843299984931946	-11.924264907836914	-2.6772398948669434
G39A	-7.232501983642578	-1.8624821901321411	-6.544379234313965	5.6536712646484375	-6.671884536743164	-0.9382427334785461	-8.044435501098633	-0.8285672068595886	-3.763293743133545	-19.652612686157227	-4.988472938537598
G39C	1.321954369544983	-0.10418965667486191	-0.6977329254150391	3.213217258453369	-4.116044521331787	-0.48351454734802246	-0.5368211269378662	-8.989779472351074	2.4111711978912354	-7.246018886566162	-1.5227758884429932
G39D	1.2141486406326294	2.5796759128570557	-7.335513591766357	7.189793586730957	-6.9760589599609375	0.6855446696281433	-2.8535220623016357	-2.5895049571990967	-1.9336084127426147	-5.248956203460693	-1.5268001556396484
G39E	-3.9103403091430664	-2.418799877166748	-9.505449295043945	9.384469985961914	-3.1124348640441895	5.243704795837402	-0.9914484620094299	6.253561496734619	-0.8351250290870667	-14.676774024963379	-1.456863522529602
G39F	0.3581199049949646	-1.7330751419067383	-4.860024452209473	2.9951698780059814	-6.111055374145508	-3.823416233062744	-3.5714852809906006	-4.982005596160889	-1.2763673067092896	-6.101024627685547	-2.9105165004730225
G39H	1.791712999343872	-4.220415115356445	-5.090640068054199	-0.9741595983505249	-6.681102275848389	-1.7149393558502197	0.4808045029640198	-1.5661909580230713	-0.1932910829782486	-3.465909719467163	-2.1634130477905273
G39I	-0.33092719316482544	-7.346043109893799	-3.5539631843566895	2.634965419769287	-4.030002593994141	-4.447387218475342	-5.914544105529785	-5.80745792388916	-1.950095534324646	-7.880865573883057	-3.8626322746276855
G39K	-1.2630174160003662	4.009681701660156	-7.010136604309082	10.506034851074219	-4.789169788360596	-0.8499647378921509	-3.2062034606933594	0.7221943736076355	1.0824438333511353	-5.005809783935547	-0.5803946852684021
G39L	-11.365752220153809	-7.836025238037109	-8.276920318603516	2.742994546890259	-6.271235466003418	-9.819228172302246	-9.001128196716309	-1.2390964031219482	-7.349137306213379	-20.517688751220703	-7.893321990966797
G39M	1.9367790222167969	-0.6828744411468506	-1.6397496461868286	4.131834983825684	-4.610410690307617	-0.3503398895263672	-1.0054705142974854	-7.968411445617676	3.231394052505493	-7.216534614562988	-1.417378306388855
G39N	1.196937084197998	-0.19827213883399963	-5.97354793548584	7.0182061195373535	-6.989192962646484	0.2843765616416931	-4.182117938995361	-4.457513809204102	-1.8803014755249023	-5.706115245819092	-2.088754177093506
G39P	0.019240133464336395	-0.8318357467651367	-8.355323791503906	3.7530479431152344	-7.785375595092773	-2.206779956817627	-5.5702948570251465	-5.135869979858398	-3.4795238971710205	-7.142418384552002	-3.673513412475586
G39Q	5.471543312072754	2.5526270866394043	-5.071760177612305	9.44544792175293	-4.239293098449707	0.6723196506500244	-2.0254762172698975	-3.440680742263794	1.6572566032409668	-4.300839900970459	0.07211432605981827
G39R	0.4526362419128418	6.195465564727783	-4.7244157791137695	11.929058074951172	-3.7217226028442383	-0.8602774143218994	-0.7436560988426208	-0.17568029463291168	2.7349088191986084	-4.425477504730225	0.6660839319229126
G39S	-5.38008975982666	3.0507540702819824	-5.251646041870117	9.751047134399414	-5.102121353149414	-1.0475449562072754	-2.661900043487549	-0.3638555705547333	-2.802750587463379	-9.741637229919434	-1.9549744129180908
G39T	-1.6015770435333252	0.03942618519067764	-6.797377586364746	5.174932956695557	-4.7475481033325195	-4.106305122375488	-3.6545228958129883	-0.4451044499874115	-1.0893170833587646	-7.171850681304932	-2.4399242401123047
G39V	-5.939333915710449	-11.690908432006836	-7.107921600341797	3.2791452407836914	-3.514261484146118	-9.261981964111328	-8.686065673828125	-2.980276107788086	-9.574689865112305	-11.6834135055542	-6.715970516204834
G39W	4.449513912200928	-1.9162817001342773	-0.9333781003952026	2.2609190940856934	-4.08791971206665	0.4179365038871765	-1.1968376636505127	-8.402918815612793	1.8213062286376953	-7.96674108505249	-1.5554401874542236
G39Y	2.99108624458313	-1.921792984008789	-1.8711827993392944	2.4247617721557617	-3.217508316040039	-1.25984525680542	-0.9003693461418152	-8.987237930297852	1.816204309463501	-6.145537853240967	-1.7071422338485718
A40C	-14.739484786987305	-2.2762224674224854	4.757518768310547	-16.728012084960938	2.7149276733398438	-6.8722333908081055	4.11395263671875	-6.685703277587891	-12.538366317749023	2.2068018913269043	-4.604681968688965
A40D	-5.202669620513916	9.037507057189941	4.554580211639404	-3.4751553535461426	0.02251448482275009	5.7750396728515625	0.29644039273262024	2.1351048946380615	-1.0711156129837036	5.763966083526611	1.7836211919784546
A40E	1.2141234874725342	13.673904418945312	3.2297542095184326	15.789158821105957	12.804960250854492	5.89995002746582	2.3188161849975586	7.057216644287109	0.9123197793960571	10.169997215270996	7.3070197105407715
A40F	-5.929997444152832	-1.9208509922027588	2.553205728530884	-4.579042434692383	1.770542860031128	-2.412102460861206	5.423438549041748	-3.342954635620117	-2.199268102645874	2.8720247745513916	-0.7765005230903625
A40G	5.420265197753906	10.824058532714844	-8.498330116271973	0.7758767604827881	-1.942712664604187	6.8172125816345215	2.2834486961364746	2.951615333557129	5.255436897277832	4.979922294616699	2.8866794109344482
A40H	-9.110127449035645	3.5810489654541016	7.244441032409668	-15.784830093383789	3.2787041664123535	-3.4186103343963623	0.8707651495933533	-1.5261822938919067	-8.383408546447754	3.0188159942626953	-2.0229382514953613
A40I	-10.572989463806152	-2.1153464317321777	4.367992401123047	-6.969873428344727	5.031347274780273	-1.367767572402954	4.746767997741699	-2.687778949737549	-1.7476218938827515	1.6374460458755493	-0.9677823185920715
A40K	5.964169502258301	14.976428031921387	4.336856365203857	1.7759047746658325	6.720376491546631	5.123064994812012	4.347469329833984	5.235773086547852	1.978713870048523	14.012527465820312	6.4471282958984375
A40L	-6.800361633300781	-8.55648422241211	0.34672680497169495	6.093430042266846	1.412064552307129	-4.870800018310547	1.5540237426757812	10.789676666259766	1.8843005895614624	-5.772244453430176	-0.3919667601585388
A40M	-25.435514450073242	-2.2428271770477295	4.055985927581787	-12.056198120117188	2.1153016090393066	-5.918856620788574	2.2545650005340576	-5.131008625030518	-13.412440299987793	3.5163209438323975	-5.225466728210449
A40N	-9.843063354492188	0.18979033827781677	4.438170909881592	-15.056472778320312	1.4734821319580078	0.042698848992586136	2.793731689453125	-0.5322027206420898	-2.2493984699249268	4.411910533905029	-1.4331353902816772
A40P	-13.013404846191406	-6.615025043487549	0.8422845602035522	-21.093782424926758	-5.044239044189453	-3.9273433685302734	-1.7543840408325195	-1.9210267066955566	-13.055322647094727	2.867387294769287	-6.271485805511475
A40Q	-12.45351505279541	7.280435562133789	8.053262710571289	-11.345741271972656	-0.5290864109992981	4.435029983520508	2.0144314765930176	2.1898515224456787	-6.282698631286621	7.847085475921631	0.12090554088354111
A40R	0.7984258532524109	10.888134956359863	4.333580017089844	1.7051440477371216	8.089119911193848	4.610833168029785	3.3953027725219727	4.758121013641357	1.7098767757415771	11.1914701461792	5.148001194000244
A40S	4.262838363647461	10.748872756958008	-0.4312173128128052	-1.6247737407684326	1.399755835533142	6.318402290344238	7.462101459503174	5.2767791748046875	4.221366882324219	11.32280445098877	4.895692825317383
A40T	1.0475537776947021	8.137029647827148	1.5644170045852661	4.542233467102051	6.0541768074035645	2.610079526901245	2.861158847808838	2.982638359069824	0.009811580181121826	7.986486434936523	3.7795586585998535
A40V	-0.3996964693069458	-3.550877332687378	2.7422034740448	3.7146224975585938	8.700146675109863	-1.285825490951538	3.9113035202026367	5.842912673950195	2.063732862472534	-1.282152533531189	2.0456368923187256
A40W	-28.935026168823242	-6.106573104858398	5.0362982749938965	-15.997797012329102	-1.059294581413269	-11.291360855102539	0.7544065117835999	-6.690748691558838	-12.7428560256958	2.4865007400512695	-7.454644680023193
A40Y	-22.667293548583984	-6.435001850128174	3.565012216567993	-24.358129501342773	1.5718916654586792	-12.031291961669922	1.1860921382904053	-9.263989448547363	-16.51491928100586	1.427955985069275	-8.351967811584473
G41A	7.959801197052002	11.031033515930176	-0.5106223821640015	-3.6146183013916016	-4.772436141967773	1.7026088237762451	5.069217205047607	2.2783384323120117	4.589757442474365	4.8510847091674805	2.8584163188934326
G41C	1.3199659585952759	-17.623350143432617	3.4405646324157715	-6.6742730140686035	4.691905498504639	-21.751880645751953	39.85984802246094	-5.207694053649902	-5.582747459411621	5.401652812957764	-0.2126009464263916
G41D	3.523275375366211	5.827914714813232	0.4220907986164093	7.594603538513184	3.823066234588623	2.4768314361572266	9.120043754577637	2.0307230949401855	5.505622863769531	7.4658026695251465	4.778997421264648
G41E	11.330293655395508	25.8135929107666	0.5016255378723145	4.435393333435059	-2.294987440109253	9.82276725769043	10.130826950073242	7.28643274307251	7.5075788497924805	3.7679643630981445	7.830149173736572
G41F	-7.259385585784912	-6.108551979064941	-1.4964643716812134	-4.482247829437256	0.1555863916873932	-3.908926248550415	10.134095191955566	-2.4141979217529297	-6.475193500518799	2.2188422679901123	-1.9636443853378296
G41H	2.830054759979248	-10.274222373962402	1.7687865495681763	-1.2053465843200684	4.955507755279541	-12.969797134399414	21.927776336669922	-1.724713683128357	0.8586150407791138	4.676213264465332	1.0842872858047485
G41I	-7.416357040405273	-5.68769645690918	-3.067476272583008	-5.200695991516113	-0.7452970147132874	-6.45583963394165	2.8780195713043213	-4.4966020584106445	-7.01029634475708	2.7391178607940674	-3.446312427520752
G41K	11.991765975952148	11.62462043762207	0.9603639841079712	7.438421249389648	-2.701629877090454	5.020421028137207	8.717098236083984	4.39809513092041	6.169622898101807	5.969399929046631	5.958817481994629
G41L	4.203699111938477	-3.3042426109313965	-2.110022783279419	-6.117409706115723	-9.639618873596191	1.909658432006836	-2.2288734912872314	-0.9109759330749512	-5.127267837524414	-0.9745587706565857	-2.4299612045288086
G41M	1.1009306907653809	-16.465871810913086	3.156700849533081	-5.424467086791992	4.345799922943115	-20.02778434753418	37.989192962646484	-3.2658591270446777	-5.001186847686768	4.91549825668335	0.13229556381702423
G41N	2.587280511856079	0.507911741733551	0.6022188663482666	5.745606422424316	6.767406940460205	0.7321258187294006	21.929441452026367	6.231829643249512	1.9072610139846802	7.334008693695068	5.43450927734375
G41P	0.5221840739250183	-4.623672008514404	0.061569035053253174	0.13980260491371155	1.5401602983474731	-2.5931053161621094	7.563642978668213	-4.60310173034668	-3.8589866161346436	2.7867095470428467	-0.30647966265678406
G41Q	2.3632543087005615	-1.5706844329833984	-0.01224091649055481	2.796623706817627	6.223104476928711	-2.8798015117645264	22.364307403564453	3.147183895111084	5.104944705963135	6.5876078605651855	4.412430286407471
G41R	6.246438026428223	7.403412342071533	0.8660519123077393	5.435426235198975	1.824425220489502	3.509143352508545	7.58436918258667	3.6180546283721924	3.1923089027404785	6.911489009857178	4.659111976623535
G41S	16.242826461791992	8.413583755493164	1.8918178081512451	8.766911506652832	-4.798895835876465	6.233272552490234	5.700559616088867	2.933696985244751	7.048983097076416	5.402739524841309	5.7835493087768555
G41T	2.8951902389526367	3.952791929244995	-2.1585750579833984	4.443053245544434	-1.828144907951355	2.0095722675323486	4.332186222076416	-0.20483772456645966	4.6439290046691895	4.477880477905273	2.2563045024871826
G41V	3.228367567062378	-4.36025333404541	-3.632422685623169	-11.724493026733398	-18.607995986938477	-1.049373984336853	-3.6394739151000977	-3.1979498863220215	-5.81588888168335	2.5011534690856934	-4.629832744598389
G41W	2.1282877922058105	-14.754276275634766	3.6897730827331543	-7.058073043823242	5.083457946777344	-21.032564163208008	36.43720245361328	-6.895135879516602	-4.5216851234436035	3.996223211288452	-0.2926788926124573
G41Y	2.2597761154174805	-19.7767391204834	3.779305934906006	-10.774435043334961	5.234979629516602	-23.292171478271484	35.45308303833008	-6.928177356719971	-3.1399741172790527	3.82157826423645	-1.3362772464752197
S42A	-10.779947280883789	0.5185832977294922	-16.80924415588379	17.386571884155273	-6.148914337158203	-10.323576927185059	2.0251753330230713	5.026877403259277	-10.712018966674805	-10.01062297821045	-3.9827117919921875
S42C	-1.0548181533813477	2.327354907989502	-3.1474151611328125	6.5564961433410645	-2.919034004211426	-6.975193500518799	-11.625082015991211	-6.65880012512207	2.0154428482055664	-6.145828723907471	-2.7626876831054688
S42D	-0.9480834603309631	2.7565817832946777	-12.059650421142578	19.341800689697266	-7.2814531326293945	-11.639871597290039	-6.060004711151123	-1.2832963466644287	-3.5014641284942627	-3.2693159580230713	-2.3944756984710693
S42E	-9.133235931396484	-1.9105708599090576	-17.433887481689453	21.62766456604004	-7.476451396942139	-13.542120933532715	3.1584625244140625	5.0765886306762695	-10.854378700256348	-19.003070831298828	-4.949100017547607
S42F	-2.1955652236938477	4.202068328857422	-17.174413681030273	9.624159812927246	-2.9889440536499023	-9.650789260864258	-3.5364084243774414	2.4307444095611572	-1.3344124555587769	-0.718803346157074	-2.1342360973358154
S42G	-5.311271667480469	8.689973831176758	-15.267293930053711	16.83864974975586	-8.884182929992676	-7.989476203918457	-3.36285138130188	6.958987236022949	-7.326196670532227	-15.882619857788086	-3.15362811088562
S42H	2.2172534465789795	4.645638465881348	-2.2399539947509766	5.525017738342285	-7.1152567863464355	-5.9591779708862305	-13.883852005004883	-3.035076856613159	2.1604435443878174	-3.6773922443389893	-2.1362357139587402
S42I	-4.250767707824707	-0.2419624626636505	-6.627919673919678	10.021749496459961	-2.6724965572357178	-10.191991806030273	1.5285043716430664	-0.16227693855762482	-4.539065837860107	-4.410765647888184	-2.1546993255615234
S42K	-3.57932710647583	-2.74055552482605	-16.116958618164062	19.555862426757812	-6.367832183837891	-9.501606941223145	2.904665946960449	3.5706851482391357	-9.553674697875977	-3.5740206241607666	-2.540276050567627
S42L	-9.853907585144043	-6.161057949066162	-13.619135856628418	8.799949645996094	0.3494320809841156	-9.180068016052246	3.3535995483398438	7.2497711181640625	-8.864631652832031	-6.271056175231934	-3.419710636138916
S42M	-2.1733579635620117	0.9082245230674744	-4.894753932952881	10.061267852783203	-4.075507164001465	-9.29922103881836	-11.650824546813965	-4.66340446472168	0.6108894348144531	-6.434605598449707	-3.1611294746398926
S42N	-0.25318294763565063	3.1302361488342285	-10.666415214538574	14.462054252624512	-7.236238956451416	-11.630985260009766	-9.295769691467285	-1.4492859840393066	-1.769357442855835	-4.111949443817139	-2.882089614868164
S42P	-0.23156633973121643	-5.0667243003845215	-21.233604431152344	12.228181838989258	-8.419979095458984	-16.889812469482422	-6.3933329582214355	-3.056333065032959	-7.8759026527404785	-4.915738105773926	-6.185481071472168
S42Q	1.5967575311660767	3.625948905944824	-10.9879150390625	19.270994186401367	-3.830300807952881	-11.056944847106934	-6.533961296081543	-0.5319013595581055	-0.18011172115802765	-3.855609655380249	-1.2483046054840088
S42R	-0.4283588230609894	1.7712547779083252	-9.871576309204102	18.3789005279541	-4.210150718688965	-9.945959091186523	1.06550133228302	4.037224292755127	-3.4094626903533936	-3.0300452709198	-0.5642672777175903
S42T	-1.782391905784607	4.110621452331543	-13.650248527526855	15.10375690460205	-2.2918598651885986	-9.699811935424805	2.3811769485473633	5.593729019165039	-5.401327610015869	-3.3956637382507324	-0.9032019376754761
S42V	-8.382059097290039	-6.481453895568848	-11.725914001464844	3.318516969680786	2.6984474658966064	-9.568463325500488	4.997860431671143	2.6726882457733154	-7.387021541595459	-2.318711996078491	-3.217611312866211
S42W	1.448876976966858	2.9270029067993164	-4.531689643859863	11.416139602661133	-7.952737808227539	-12.78009033203125	-12.4869966506958	-9.409379005432129	-0.09823134541511536	-3.4780595302581787	-3.494516372680664
S42Y	2.508821725845337	5.3637309074401855	-1.9589073657989502	7.192562580108643	-6.284186363220215	-4.674093246459961	-11.632753372192383	-9.57943344116211	1.1178332567214966	-2.3788509368896484	-2.032527446746826
F43A	-12.502820014953613	-21.61969566345215	-17.281801223754883	-6.378352165222168	-30.58948516845703	-3.939258575439453	-0.813424825668335	-8.652166366577148	-10.686905860900879	-12.644701957702637	-12.51086139678955
F43C	-3.9852237701416016	-16.511430740356445	2.3160746097564697	-3.590190887451172	-0.73299640417099	-13.618693351745605	-7.714888095855713	-6.5963568687438965	-7.1694746017456055	-4.702822685241699	-6.230600357055664
F43D	-21.016189575195312	-24.243206024169922	-13.310940742492676	-8.276654243469238	-24.379270553588867	-12.123449325561523	-3.2409849166870117	-13.32209587097168	-10.238137245178223	-10.527268409729004	-14.06782054901123
F43E	-23.656816482543945	-35.153072357177734	-14.425958633422852	-8.582450866699219	-45.28895950317383	-13.502888679504395	-8.622066497802734	-3.432248830795288	-21.273160934448242	-21.456186294555664	-19.53938102722168
F43G	-17.297157287597656	-19.336713790893555	-13.715757369995117	-3.3106045722961426	-33.16879653930664	-7.349057674407959	-4.377048492431641	-13.235782623291016	-12.736004829406738	-12.348001480102539	-13.687494277954102
F43H	-5.878163814544678	-14.666219711303711	-8.827397346496582	-0.9572291374206543	-8.637211799621582	-17.179935455322266	-5.135264873504639	-10.913910865783691	-8.66403579711914	-6.579514980316162	-8.743888854980469
F43I	-6.678479194641113	-12.886894226074219	-7.681887626647949	-5.0030131340026855	-10.525413513183594	0.16617636382579803	2.6675362586975098	-10.675570487976074	-3.0766031742095947	-5.405566692352295	-5.909971714019775
F43K	-12.052582740783691	-22.552024841308594	-18.685056686401367	-7.351308345794678	-39.648536682128906	-3.374096155166626	-3.009721040725708	-7.871931552886963	-13.049254417419434	-11.858673095703125	-13.945318222045898
F43L	0.6453527808189392	-3.060288429260254	-5.119106769561768	-5.778138637542725	-6.186848163604736	4.040353775024414	0.19286102056503296	-17.8646297454834	-1.6012752056121826	5.176718235015869	-2.9555001258850098
F43M	-0.642626941204071	-12.743864059448242	2.839207649230957	-5.859551429748535	-0.8618896007537842	-9.73898696899414	-8.304625511169434	-7.527751922607422	-3.2879278659820557	-5.169831275939941	-5.12978458404541
F43N	-14.97472095489502	-21.50319480895996	-10.790508270263672	-6.150125503540039	-17.508459091186523	-10.470893859863281	-2.2124524116516113	-15.247150421142578	-7.112986087799072	-9.105623245239258	-11.507612228393555
F43P	-12.984100341796875	-17.16943359375	-15.711136817932129	-5.597903728485107	-26.52373695373535	-4.018700122833252	-2.692652702331543	-8.24531078338623	-8.712087631225586	-11.066156387329102	-11.27212142944336
F43Q	-12.314855575561523	-19.058971405029297	-11.79524040222168	-6.055172443389893	-17.99384307861328	-16.752901077270508	-2.8554465770721436	-13.317776679992676	-6.119143486022949	-8.50617504119873	-11.476951599121094
F43R	-10.16024398803711	-21.147228240966797	-13.412489891052246	-5.366113662719727	-28.450599670410156	-4.698823928833008	-0.3215113580226898	-8.906304359436035	-10.073837280273438	-8.71876335144043	-11.125591278076172
F43S	-12.859344482421875	-22.045677185058594	-17.577165603637695	-5.002233505249023	-34.837039947509766	-3.9272663593292236	-1.4446842670440674	-10.969415664672852	-12.876460075378418	-10.545663833618164	-13.208494186401367
F43T	-9.889639854431152	-20.984025955200195	-14.451993942260742	-5.371273994445801	-28.94557762145996	-1.9513105154037476	2.3634228706359863	-10.185163497924805	-10.393854141235352	-7.256453037261963	-10.706586837768555
F43V	-1.2016793489456177	-15.440170288085938	-7.641511917114258	-6.628851890563965	-14.765323638916016	-0.6106860637664795	3.9655404090881348	-10.239029884338379	-8.976583480834961	-4.307009696960449	-6.584529876708984
F43W	-10.413958549499512	-16.378881454467773	-4.912456035614014	-8.45486831665039	-1.2141327857971191	-26.06781768798828	-5.012036323547363	-17.04982566833496	-10.137555122375488	-7.127207279205322	-10.676874160766602
F43Y	-4.0512189865112305	-13.467552185058594	-3.4779508113861084	-3.9494149684906006	-2.376396417617798	-13.23023796081543	-7.283214569091797	-12.534255027770996	-7.692104339599609	-6.29403829574585	-7.435638427734375
Q44A	-17.39878273010254	-4.532752990722656	-21.225786209106445	5.966640472412109	-13.69465160369873	-24.433795928955078	-3.808992385864258	14.507467269897461	-21.069900512695312	-23.0779972076416	-10.87685489654541
Q44C	-31.5609130859375	-0.14461544156074524	-14.983630180358887	-2.473093032836914	-4.093401908874512	-12.177523612976074	-18.58375358581543	0.2667740285396576	-2.908601760864258	-16.825292587280273	-10.348405838012695
Q44D	-28.160282135009766	-5.901756286621094	-15.800217628479004	-2.174666404724121	-6.750600814819336	-18.282852172851562	-19.565370559692383	10.414855003356934	-2.297513246536255	-20.712772369384766	-10.923116683959961
Q44E	-21.23933219909668	-20.064098358154297	-25.19785499572754	-8.791069030761719	-16.33464813232422	-27.84119987487793	-4.143893241882324	9.414175987243652	-19.675804138183594	-28.392824172973633	-16.226654052734375
Q44F	-28.403459548950195	-9.322687149047852	-11.669538497924805	0.5756528377532959	-11.969030380249023	-16.83293342590332	-20.105327606201172	12.426240921020508	-9.114402770996094	-26.22325325012207	-12.063874244689941
Q44G	-3.153280258178711	3.550185441970825	-18.704681396484375	8.546305656433105	-6.842029094696045	-13.680022239685059	-4.178493499755859	4.931338787078857	-4.225884914398193	-21.022911071777344	-5.477946758270264
Q44H	-27.35820198059082	-2.0056679248809814	-13.97918701171875	-2.3729870319366455	-1.356325387954712	-10.985162734985352	-22.407394409179688	1.3254765272140503	0.2253134399652481	-14.384398460388184	-9.329854011535645
Q44I	-38.578704833984375	-13.829052925109863	-11.275798797607422	-3.762237310409546	-11.383139610290527	-19.280193328857422	-11.326409339904785	30.5855770111084	-11.179935455322266	-24.282976150512695	-11.431286811828613
Q44K	-26.205921173095703	-14.141229629516602	-20.26069450378418	-2.305873155593872	-10.219303131103516	-23.670745849609375	-11.34123706817627	20.189252853393555	-7.9601006507873535	-22.274246215820312	-11.819009780883789
Q44L	-26.363737106323242	-21.21051788330078	-36.08371353149414	-11.944759368896484	-14.130145072937012	-27.799766540527344	-0.5934156179428101	19.325458526611328	-46.05366516113281	-22.537912368774414	-18.739219665527344
Q44M	-36.282371520996094	-3.2454209327697754	-11.893810272216797	-3.85854172706604	-7.013352870941162	-12.569408416748047	-20.471323013305664	3.5458195209503174	-5.605901718139648	-18.509035110473633	-11.590333938598633
Q44N	-31.198938369750977	-4.408541679382324	-13.071306228637695	-2.9298558235168457	-7.32853364944458	-15.16912841796875	-23.181711196899414	13.250463485717773	-3.1129772663116455	-18.552814483642578	-10.570333480834961
Q44P	-30.29282569885254	-6.867402076721191	-19.770864486694336	-3.4788994789123535	-10.760124206542969	-20.158510208129883	-25.789472579956055	5.708256721496582	-10.090254783630371	-18.525951385498047	-14.002604484558105
Q44R	-28.852617263793945	-7.278841495513916	-13.138067245483398	-2.1922199726104736	-6.923749923706055	-18.29789924621582	-11.951313972473145	15.684593200683594	-2.0804576873779297	-19.940616607666016	-9.497118949890137
Q44S	-15.72868537902832	-4.804171085357666	-18.692420959472656	4.561769962310791	-10.261094093322754	-19.763896942138672	-7.18875789642334	10.004738807678223	-8.189486503601074	-19.98524284362793	-9.004724502563477
Q44T	-20.29815673828125	-5.805574417114258	-16.202716827392578	4.087725639343262	-7.740235328674316	-18.153873443603516	-11.556197166442871	10.476652145385742	-3.011740207672119	-21.251379013061523	-8.945549964904785
Q44V	-32.216976165771484	-21.50701332092285	-21.172740936279297	-9.072613716125488	-11.882400512695312	-21.6669979095459	-4.025537967681885	18.76811408996582	-18.763456344604492	-19.736555099487305	-14.127618789672852
Q44W	-39.39593505859375	-4.2240309715271	-12.427462577819824	-4.014983177185059	-9.498430252075195	-14.734241485595703	-27.076066970825195	5.644744873046875	-5.521037578582764	-15.016753196716309	-12.626420021057129
Q44Y	-30.087942123413086	-2.171147584915161	-11.056715965270996	-3.3974270820617676	-4.971358299255371	-12.147085189819336	-24.738664627075195	0.739341676235199	-2.9724974632263184	-12.935686111450195	-10.373918533325195
L45A	-25.604829788208008	-14.325858116149902	-20.26957130432129	3.4110171794891357	-15.05490493774414	-24.454313278198242	-8.476253509521484	-0.28959211707115173	-24.074947357177734	-25.298128128051758	-15.443737983703613
L45C	-10.675240516662598	0.3615530729293823	-7.126020431518555	9.135843276977539	-4.581003189086914	-8.439558029174805	-14.51284122467041	-1.4574702978134155	-1.791089653968811	-20.500574111938477	-5.958640098571777
L45D	-24.180585861206055	-12.22353458404541	-9.914379119873047	-0.43672236800193787	-14.77254867553711	-31.69194793701172	-8.57333755493164	-4.03629732131958	-14.294755935668945	-28.31169319152832	-14.84358024597168
L45E	-33.0265998840332	-20.89073944091797	-19.020780563354492	-1.9170812368392944	-29.522430419921875	-29.268999099731445	-10.387969970703125	0.8933680057525635	-30.27277374267578	-33.435279846191406	-20.684926986694336
L45F	-9.085251808166504	-4.869781970977783	-11.458944320678711	6.140856742858887	-7.52868127822876	-21.10594367980957	-1.4991819858551025	-0.8265724182128906	-5.651331901550293	-23.104509353637695	-7.898934364318848
L45G	-12.615106582641602	-6.9367289543151855	-13.382247924804688	13.054581642150879	-17.715137481689453	-23.286285400390625	-4.086326599121094	8.764758110046387	-15.37279987335205	-25.782217025756836	-9.735751152038574
L45H	-17.73462677001953	-5.148186683654785	-8.905458450317383	4.887994289398193	-6.8060622215271	-18.556291580200195	-18.53264045715332	-2.352797031402588	-4.873483180999756	-20.639318466186523	-9.866086959838867
L45I	-12.408760070800781	-12.939191818237305	-8.150211334228516	0.7729647159576416	-4.897789478302002	-17.852497100830078	-1.497592568397522	-4.024731159210205	-6.972222805023193	-21.38929557800293	-8.935933113098145
L45K	-19.404653549194336	-11.963899612426758	-12.744978904724121	3.106235980987549	-12.516273498535156	-30.78375816345215	-6.067651271820068	-1.0041356086730957	-18.750164031982422	-28.469703674316406	-13.859896659851074
L45M	-8.810991287231445	-0.645892858505249	-8.959548950195312	9.438732147216797	-5.7335004806518555	-9.887625694274902	-16.61113166809082	-1.5132818222045898	-2.128143787384033	-20.915193557739258	-6.576657772064209
L45N	-22.691490173339844	-8.652823448181152	-7.959084510803223	0.3359234631061554	-9.196233749389648	-24.654064178466797	-9.787885665893555	-2.9488046169281006	-10.180187225341797	-26.055625915527344	-12.17902946472168
L45P	-16.440113067626953	-14.777587890625	-14.002601623535156	0.1530229151248932	-16.453411102294922	-27.415077209472656	-7.375985145568848	-5.220747947692871	-17.66765022277832	-32.944583892822266	-15.214472770690918
L45Q	-21.647817611694336	-12.105393409729004	-9.13503646850586	0.5919450521469116	-12.06906509399414	-28.40243911743164	-9.483712196350098	-4.267621994018555	-10.295159339904785	-26.461666107177734	-13.327596664428711
L45R	-16.698535919189453	-11.601823806762695	-10.622467041015625	0.1255839765071869	-11.010147094726562	-30.48032569885254	-3.3003134727478027	-1.4792063236236572	-16.785348892211914	-27.62908172607422	-12.94816780090332
L45S	-18.03948211669922	-9.255608558654785	-14.465513229370117	5.013642311096191	-15.992475509643555	-26.444820404052734	-5.487392425537109	-1.0718257427215576	-21.660337448120117	-24.628387451171875	-13.203221321105957
L45T	-16.510387420654297	-8.981680870056152	-12.836562156677246	2.842254877090454	-12.595369338989258	-25.439523696899414	-3.593294143676758	-2.5668885707855225	-21.124305725097656	-25.034326553344727	-12.58400821685791
L45V	-16.303077697753906	-13.122532844543457	-11.337559700012207	1.131266474723816	-3.689424514770508	-13.855986595153809	-3.029177665710449	-1.3233469724655151	-12.844386100769043	-14.279092788696289	-8.865331649780273
L45W	-12.126485824584961	-2.681302070617676	-11.131088256835938	3.5940260887145996	-8.352975845336914	-14.992076873779297	-22.797218322753906	-2.867767333984375	-6.961993217468262	-21.785457611083984	-10.010233879089355
L45Y	-13.362703323364258	-0.9716677665710449	-10.590497970581055	8.459131240844727	-5.724661827087402	-11.409540176391602	-22.616436004638672	-0.7710563540458679	-4.433707237243652	-17.34506607055664	-7.876620292663574
P46A	-35.017608642578125	-1.1799064874649048	-20.89877700805664	-3.997954845428467	-14.729438781738281	-33.67367935180664	-5.882477283477783	15.16215991973877	-28.208040237426758	-29.608346939086914	-15.803407669067383
P46C	-20.40317153930664	0.17949429154396057	-0.9299896955490112	0.6401925086975098	-7.249408721923828	-16.26120376586914	-11.897751808166504	-5.8908162117004395	-2.0656025409698486	-29.85161590576172	-9.372987747192383
P46D	-38.2246208190918	-12.446537017822266	-10.050873756408691	-15.697185516357422	-17.786727905273438	-24.237470626831055	-11.343544960021973	1.4267151355743408	-11.16767692565918	-38.759883880615234	-17.82878303527832
P46E	-31.398727416992188	-15.836713790893555	-19.2456111907959	-9.058135986328125	-22.59864616394043	-38.404205322265625	-7.035604476928711	11.755730628967285	-39.93299102783203	-35.950313568115234	-20.770523071289062
P46F	-19.39097785949707	-3.478278875350952	-9.245216369628906	-10.515612602233887	-4.189651966094971	-17.73606300354004	-3.1831185817718506	6.767786026000977	-6.494201183319092	-21.328258514404297	-8.879359245300293
P46G	-15.724855422973633	4.758125305175781	-24.02237319946289	1.0423181056976318	-11.464380264282227	-27.078510284423828	-9.956306457519531	5.776181697845459	-13.150577545166016	-52.7919807434082	-14.261236190795898
P46H	-22.016948699951172	-5.20626163482666	-5.861123561859131	-7.471231460571289	-15.771544456481934	-13.678080558776855	-16.05949592590332	3.729543447494507	-3.0275161266326904	-34.678871154785156	-12.004152297973633
P46I	-24.79728889465332	-9.697823524475098	-6.9088544845581055	-9.498749732971191	-7.132153034210205	-19.304433822631836	-3.401841640472412	3.275298595428467	-10.07939338684082	-22.204967498779297	-10.975019454956055
P46K	-27.830339431762695	-11.521232604980469	-15.762582778930664	-12.394073486328125	-16.868595123291016	-31.219507217407227	-4.695497989654541	5.956714630126953	-15.084630966186523	-29.916790008544922	-15.9336519241333
P46L	-27.283151626586914	-3.448178768157959	-20.53292465209961	3.39070200920105	-8.78872013092041	-22.759521484375	-3.415693521499634	12.783252716064453	-29.794553756713867	-17.820133209228516	-11.76689338684082
P46M	-25.73642921447754	-4.60258674621582	-2.899411201477051	-3.289605140686035	-9.65633487701416	-17.001338958740234	-13.107699394226074	-5.418957710266113	-4.955080509185791	-29.44883918762207	-11.611627578735352
P46N	-32.75355529785156	-6.805874824523926	-7.976072788238525	-13.228408813476562	-14.789302825927734	-16.291412353515625	-12.290823936462402	6.849494457244873	-6.906822681427002	-34.371131896972656	-13.856389999389648
P46Q	-30.786487579345703	-7.742534637451172	-6.496284484863281	-13.897103309631348	-16.92318344116211	-21.481687545776367	-10.916205406188965	11.15146255493164	-6.9291839599609375	-35.47468185424805	-13.949589729309082
P46R	-22.418180465698242	-8.18671703338623	-10.090154647827148	-12.183775901794434	-14.417685508728027	-27.235944747924805	-3.210836887359619	2.262890577316284	-10.802072525024414	-27.91022300720215	-13.419270515441895
P46S	-33.02739715576172	-4.348618030548096	-19.898832321166992	-8.420814514160156	-14.253750801086426	-29.574190139770508	-6.10366678237915	6.358553886413574	-14.336362838745117	-33.18595504760742	-15.679104804992676
P46T	-33.71947479248047	-4.145301342010498	-11.427945137023926	-9.922637939453125	-11.17154598236084	-27.46198081970215	-4.944649696350098	2.5223946571350098	-13.651750564575195	-32.421661376953125	-14.634454727172852
P46V	-36.597896575927734	-5.7845001220703125	-10.50529956817627	-6.179439544677734	-12.245064735412598	-26.700252532958984	-1.4648029804229736	8.72986125946045	-20.001628875732422	-17.472537994384766	-12.822155952453613
P46W	-28.5611515045166	-3.0313117504119873	-3.4991097450256348	-2.406346559524536	-8.643653869628906	-17.1839599609375	-16.911170959472656	-6.32313871383667	-5.442561626434326	-31.135211944580078	-12.313760757446289
P46Y	-24.040245056152344	-3.1303625106811523	-0.8214917182922363	-2.348707437515259	-9.892355918884277	-12.788960456848145	-18.333538055419922	-7.199761867523193	-4.204653263092041	-30.603450775146484	-11.336352348327637
G47A	-42.80174255371094	-9.165961265563965	-12.243587493896484	-2.569042444229126	-10.268484115600586	-27.708377838134766	-4.6960272789001465	-1.5540385246276855	-18.89659881591797	-26.954177856445312	-15.68580436706543
G47C	-23.771757125854492	-1.6255428791046143	-12.086153030395508	-1.1675623655319214	-10.602049827575684	-10.928800582885742	-9.998188972473145	-13.309039115905762	-3.839172124862671	-17.368013381958008	-10.469627380371094
G47D	-18.040311813354492	-6.3077216148376465	-7.012635707855225	-4.66504430770874	-9.89579963684082	-16.79785919189453	-11.27791976928711	-5.004970073699951	-10.124921798706055	-23.9095516204834	-11.303674697875977
G47E	-41.2348747253418	-8.241241455078125	-12.847006797790527	-2.1933975219726562	-8.741058349609375	-21.284156799316406	-4.060591697692871	0.17312784492969513	-14.548856735229492	-28.2308292388916	-14.120889663696289
G47F	-22.451326370239258	-10.984251022338867	-5.517291069030762	-5.4882493019104	-7.797491073608398	-11.876999855041504	-7.278499126434326	-0.9185764193534851	-10.406305313110352	-14.983695983886719	-9.770268440246582
G47H	-22.672548294067383	-1.4165475368499756	-13.94880485534668	-0.35237815976142883	-8.221715927124023	-8.644414901733398	-19.911645889282227	-5.632116317749023	-5.5121331214904785	-16.957489013671875	-10.326979637145996
G47I	-29.522016525268555	-12.404149055480957	-4.482365608215332	-4.7893757820129395	-13.608413696289062	-12.493488311767578	-6.502674579620361	-3.147676706314087	-15.89376449584961	-17.488325119018555	-12.033224105834961
G47K	-23.99956703186035	-12.752187728881836	-7.149721145629883	-6.187143802642822	-8.77599811553955	-22.63924789428711	-8.584572792053223	-1.6446855068206787	-10.929227828979492	-21.948400497436523	-12.461074829101562
G47L	-43.60979461669922	-17.772340774536133	-15.618949890136719	-6.014030456542969	-9.81818675994873	-25.452890396118164	-0.814085841178894	4.073817729949951	-22.875871658325195	-16.364490509033203	-15.426681518554688
G47M	-27.14522933959961	-5.414457321166992	-12.877299308776855	-4.318563461303711	-12.784737586975098	-9.240421295166016	-11.291558265686035	-12.662649154663086	-8.881573677062988	-18.158607482910156	-12.277509689331055
G47N	-21.04547119140625	-4.843304634094238	-9.188852310180664	-5.096560001373291	-8.171517372131348	-12.866110801696777	-11.641020774841309	-4.918471336364746	-7.640462875366211	-19.34523582458496	-10.475701332092285
G47P	-18.342809677124023	-14.402504920959473	-13.638418197631836	-7.407149314880371	-12.297269821166992	-18.95893669128418	-12.447188377380371	-9.042152404785156	-19.9549503326416	-23.288381576538086	-14.97797679901123
G47Q	-20.915441513061523	-8.044160842895508	-10.453911781311035	-5.856066703796387	-10.930788040161133	-14.7199068069458	-10.351212501525879	-5.8850178718566895	-10.835526466369629	-19.341827392578125	-11.733386039733887
G47R	-17.306930541992188	-5.459868907928467	-4.701329231262207	-5.674709320068359	-7.668931484222412	-19.64368438720703	-5.960686206817627	-3.215395927429199	-4.382875919342041	-18.337900161743164	-9.235230445861816
G47S	-32.75325393676758	-6.8399200439453125	-9.304813385009766	-2.6253743171691895	-10.03837776184082	-21.886266708374023	-7.258411884307861	-2.056816816329956	-13.672127723693848	-24.91260528564453	-13.134796142578125
G47T	-23.818754196166992	-9.040684700012207	-7.0893988609313965	-5.190165042877197	-10.371447563171387	-20.56020736694336	-8.43225383758545	-1.6432760953903198	-12.604990005493164	-24.224164962768555	-12.297533988952637
G47V	-43.878440856933594	-15.996625900268555	-9.217886924743652	-9.366963386535645	-13.395036697387695	-18.298450469970703	-4.19264554977417	0.3432554304599762	-19.97454261779785	-18.681961059570312	-15.26593017578125
G47W	-24.52109718322754	-6.077654838562012	-19.13473892211914	-3.9486098289489746	-13.075965881347656	-11.80874252319336	-15.365818977355957	-15.801348686218262	-11.716084480285645	-18.100553512573242	-13.955060958862305
G47Y	-19.68244171142578	-1.8893331289291382	-20.153751373291016	-2.744521379470825	-9.594193458557129	-8.36208438873291	-15.335783004760742	-14.779947280883789	-6.659841060638428	-15.889457702636719	-11.509135246276855
G48A	-28.71575164794922	-10.029589653015137	-17.051881790161133	-5.260501861572266	-16.12120246887207	-27.24889373779297	-3.743741750717163	2.382540464401245	-19.166475296020508	-32.95164108276367	-15.790715217590332
G48C	-35.83281326293945	-6.295467853546143	-12.529036521911621	-0.7084634304046631	-18.152244567871094	-15.55372428894043	-11.417107582092285	-16.739578247070312	-16.108339309692383	-20.566448211669922	-15.3903226852417
G48D	-29.375930786132812	-9.795594215393066	-13.003156661987305	-5.7180938720703125	-21.366989135742188	-17.255382537841797	-13.27027702331543	-7.342298984527588	-13.429244995117188	-26.475414276123047	-15.703239440917969
G48E	-27.766765594482422	-3.465897560119629	-10.990915298461914	-5.026410102844238	-5.792905330657959	-17.875110626220703	2.245917320251465	-1.30984628200531	-11.31367301940918	-33.40902328491211	-11.47046184539795
G48F	-30.25339126586914	-21.498504638671875	-10.173298835754395	-10.019645690917969	-29.31781578063965	-16.849143981933594	-6.829146862030029	-5.775148391723633	-12.560997009277344	-18.36810874938965	-16.164520263671875
G48H	-26.580678939819336	-11.740626335144043	-11.351714134216309	-2.077514410018921	-13.677720069885254	-20.475627899169922	-19.138277053833008	-9.729910850524902	-13.566874504089355	-22.847801208496094	-15.118673324584961
G48I	-42.700618743896484	-20.25777816772461	-9.159722328186035	-7.954577445983887	-31.065855026245117	-20.68218231201172	-5.788463115692139	-6.385113716125488	-15.23367977142334	-19.611141204833984	-17.883914947509766
G48K	-22.48924446105957	-19.09459114074707	-16.443592071533203	-8.382192611694336	-18.237396240234375	-25.998577117919922	-7.890414714813232	-6.669999122619629	-15.738595008850098	-27.82886505126953	-16.87734603881836
G48L	-47.50312042236328	-22.245189666748047	-15.355527877807617	-9.807625770568848	-13.414236068725586	-29.606746673583984	2.304543972015381	10.004528045654297	-25.151626586914062	-17.96246910095215	-16.87374496459961
G48M	-40.209163665771484	-10.336298942565918	-12.807103157043457	-2.8656108379364014	-20.032238006591797	-17.829626083374023	-10.576725006103516	-17.37721061706543	-19.55813980102539	-19.21210289001465	-17.080421447753906
G48N	-33.3442268371582	-9.612831115722656	-13.871049880981445	-7.346246719360352	-19.404552459716797	-18.6787052154541	-13.187000274658203	-6.366586685180664	-16.687076568603516	-23.265148162841797	-16.176342010498047
G48P	-28.483327865600586	-15.411308288574219	-20.70816993713379	-11.4233980178833	-23.333904266357422	-24.344745635986328	-13.60874080657959	-10.070539474487305	-27.066200256347656	-20.199920654296875	-19.465023040771484
G48Q	-33.012481689453125	-11.694135665893555	-12.451647758483887	-4.9096269607543945	-23.643341064453125	-22.580322265625	-11.721565246582031	-8.668018341064453	-15.709068298339844	-22.84524917602539	-16.72354507446289
G48R	-16.692886352539062	-11.276551246643066	-12.874994277954102	-6.2439680099487305	-13.522187232971191	-24.555194854736328	-7.720908164978027	-6.061429977416992	-12.368090629577637	-24.284177780151367	-13.560038566589355
G48S	-21.25181007385254	-13.4177827835083	-18.771230697631836	-6.5513386726379395	-16.43001365661621	-23.216726303100586	-5.986081600189209	-4.170080661773682	-13.75507926940918	-30.491363525390625	-15.404151916503906
G48T	-25.943639755249023	-14.761070251464844	-13.76440143585205	-8.239095687866211	-30.66628646850586	-22.582870483398438	-7.261448860168457	-5.592378616333008	-11.971867561340332	-27.475448608398438	-16.825851440429688
G48V	-47.93358612060547	-23.525989532470703	-10.942756652832031	-10.982028007507324	-28.04550552368164	-27.967269897460938	-2.51814866065979	1.4265834093093872	-14.88337516784668	-22.674144744873047	-18.804622650146484
G48W	-32.65239715576172	-9.043364524841309	-16.09540367126465	-2.4170966148376465	-20.041074752807617	-22.538753509521484	-12.884269714355469	-22.119495391845703	-24.13396644592285	-17.328332901000977	-17.925416946411133
G48Y	-34.55488204956055	-8.249509811401367	-12.397777557373047	-1.884911060333252	-17.75832176208496	-14.623958587646484	-13.661380767822266	-19.2961368560791	-19.834596633911133	-19.684162139892578	-16.194562911987305
H49A	-25.975309371948242	-24.52878761291504	-14.325156211853027	-8.468913078308105	-8.028942108154297	-18.8090877532959	-3.360384702682495	-9.89777660369873	-19.621200561523438	-19.49421501159668	-15.2509765625
H49C	-12.426057815551758	-3.849268913269043	-0.06994083523750305	-2.930887222290039	-10.33850383758545	-11.809072494506836	-8.709115028381348	-20.39440155029297	-17.454198837280273	-12.369440078735352	-10.035088539123535
H49D	-8.678848266601562	-7.245843410491943	-7.610725402832031	-8.902975082397461	-8.071395874023438	-6.744510650634766	-8.251769065856934	-10.929662704467773	-15.297593116760254	-14.186666488647461	-9.591999053955078
H49E	-18.17789649963379	-8.078201293945312	-12.164118766784668	-5.14396858215332	-5.337480545043945	-3.7210214138031006	2.5391554832458496	1.7346829175949097	-1.2168503999710083	-9.642436027526855	-5.92081356048584
H49F	-15.874619483947754	-18.224084854125977	-7.564436435699463	-15.565932273864746	-10.963987350463867	-9.154115676879883	-4.144957542419434	-10.598114967346191	-11.645750045776367	-14.488574028015137	-11.822457313537598
H49G	-10.367461204528809	-11.03647232055664	-26.875690460205078	-10.726676940917969	-6.28147029876709	-12.132280349731445	-0.9051585793495178	-9.635661125183105	-16.677705764770508	-17.8113956451416	-12.244997024536133
H49I	-23.051904678344727	-21.531116485595703	-7.259625434875488	-9.896528244018555	-12.521026611328125	-18.732526779174805	-3.644965171813965	-9.145492553710938	-10.463645935058594	-16.70218849182129	-13.294901847839355
H49K	-11.789007186889648	-17.600706100463867	-11.385315895080566	-10.21121597290039	-6.644688606262207	-11.586905479431152	-5.823124885559082	-7.577157020568848	-15.590691566467285	-16.963794708251953	-11.517260551452637
H49L	-23.03583335876465	-30.125804901123047	-21.144485473632812	-9.671004295349121	-11.184069633483887	-26.551654815673828	-2.121861219406128	4.742637634277344	-21.917903900146484	-17.29009246826172	-15.830007553100586
H49M	-11.640619277954102	-5.4997992515563965	6.591423034667969	-4.264063835144043	-10.288442611694336	-12.292304992675781	-8.082927703857422	-18.016721725463867	-21.499509811401367	-14.269482612609863	-9.926244735717773
H49N	-14.023070335388184	-5.714137554168701	-4.101181983947754	-6.713293075561523	-10.121397018432617	-5.829855442047119	-8.044984817504883	-17.710479736328125	-16.3953800201416	-13.301595687866211	-10.195537567138672
H49P	-13.256452560424805	-9.411828994750977	-10.198919296264648	-15.575981140136719	-10.091731071472168	-9.347607612609863	-8.929821014404297	-10.91753101348877	-21.974502563476562	-14.675071716308594	-12.437945365905762
H49Q	-12.30766487121582	-5.445755481719971	-4.273390293121338	-10.509865760803223	-13.220173835754395	-12.864801406860352	-7.526949882507324	-17.208446502685547	-16.945709228515625	-14.767057418823242	-11.506980895996094
H49R	-13.721301078796387	-8.546213150024414	-9.0657377243042	-9.697443008422852	-7.413666248321533	-8.615941047668457	-5.449012756347656	-11.314054489135742	-13.211759567260742	-12.976536750793457	-10.001166343688965
H49S	-13.71992015838623	-18.62540054321289	-13.409748077392578	-10.51488971710205	-9.079506874084473	-10.114570617675781	-4.7701005935668945	-10.920005798339844	-19.630531311035156	-17.589738845825195	-12.837442398071289
H49T	-18.607391357421875	-18.12615966796875	-9.114885330200195	-12.273309707641602	-9.609301567077637	-13.09819507598877	-4.580216884613037	-12.970744132995605	-10.26129150390625	-17.750720977783203	-12.63922119140625
H49V	-31.085695266723633	-23.34403419494629	-10.239273071289062	-9.57183837890625	-12.62564754486084	-27.029571533203125	-0.6624516844749451	-8.482033729553223	-9.6345796585083	-16.69974708557129	-14.937487602233887
H49W	-16.315223693847656	-2.1960530281066895	-2.5519213676452637	-3.8462510108947754	-10.369782447814941	-13.529889106750488	-9.222352981567383	-24.95456886291504	-22.6061954498291	-10.212089538574219	-11.580431938171387
H49Y	-6.214424133300781	-9.988882064819336	-1.8348430395126343	-8.052274703979492	-6.959114074707031	-6.860196590423584	-10.02490234375	-16.29578971862793	-16.981658935546875	-8.764861106872559	-9.197694778442383
L50A	-55.32273483276367	-22.974321365356445	-21.24980926513672	-13.712663650512695	-30.19967269897461	-36.855064392089844	-4.126495838165283	-7.960458755493164	-55.055381774902344	-27.474634170532227	-27.49312400817871
L50C	-30.319425582885742	-6.951250076293945	-9.681884765625	2.1123995780944824	-16.731813430786133	-9.965696334838867	-15.657546997070312	-17.75662612915039	-13.78145980834961	-18.37129783630371	-13.71045970916748
L50D	-46.17411422729492	-18.642026901245117	-14.526071548461914	-11.694718360900879	-24.903085708618164	-27.796131134033203	-10.446712493896484	-13.472040176391602	-34.044883728027344	-26.045881271362305	-22.774568557739258
L50E	-29.701316833496094	-30.743915557861328	-20.10042953491211	-12.41044807434082	-28.869518280029297	-32.1434326171875	-8.660614967346191	-1.5724811553955078	-46.591064453125	-38.85823059082031	-24.965145111083984
L50F	-36.51527404785156	-7.637287139892578	-10.752248764038086	-8.17357063293457	-19.59664535522461	-15.81689453125	-5.022623538970947	-7.690287113189697	-21.24209213256836	-18.163145065307617	-15.061006546020508
L50G	-47.15541458129883	-13.857101440429688	-27.328489303588867	-7.748499393463135	-27.442508697509766	-27.4338321685791	-5.148170471191406	-1.1185489892959595	-41.64995574951172	-22.787389755249023	-22.166988372802734
L50H	-35.89134979248047	-9.87081241607666	-8.649789810180664	-4.557051658630371	-19.0856990814209	-20.466230392456055	-14.28293514251709	-9.707499504089355	-22.341554641723633	-21.617860794067383	-16.647077560424805
L50I	-37.45524215698242	-15.652734756469727	-10.390884399414062	-12.375104904174805	-24.0860595703125	-19.784320831298828	-4.245974540710449	-10.157909393310547	-25.239185333251953	-21.265348434448242	-18.065277099609375
L50K	-47.77565002441406	-25.708168029785156	-17.661039352416992	-14.440654754638672	-28.673933029174805	-34.73019790649414	-5.308960914611816	-14.678531646728516	-46.54943084716797	-27.59344482421875	-26.312000274658203
L50M	-39.69993209838867	-8.108077049255371	-9.643841743469238	-0.1363559067249298	-17.161724090576172	-11.023845672607422	-11.530156135559082	-18.14116668701172	-19.47003936767578	-19.65656089782715	-15.457168579101562
L50N	-43.27356719970703	-15.795381546020508	-11.523521423339844	-9.174202919006348	-22.497526168823242	-19.08346939086914	-10.030986785888672	-12.896147727966309	-26.36477279663086	-23.069501876831055	-19.370908737182617
L50P	-48.25353240966797	-12.169034957885742	-16.823293685913086	-13.210311889648438	-20.487869262695312	-21.385175704956055	-12.162567138671875	-11.83501148223877	-38.795536041259766	-24.764141082763672	-21.9886474609375
L50Q	-47.75263214111328	-18.71226692199707	-12.088777542114258	-10.472766876220703	-25.831512451171875	-22.018829345703125	-9.702956199645996	-16.865861892700195	-28.835519790649414	-24.73104476928711	-21.701217651367188
L50R	-43.254032135009766	-18.751567840576172	-14.625799179077148	-11.29685115814209	-24.41839027404785	-29.28240394592285	-5.583635330200195	-10.071561813354492	-34.34092712402344	-26.150577545166016	-21.77757453918457
L50S	-49.5411262512207	-18.88953399658203	-18.592565536499023	-15.643608093261719	-26.570537567138672	-32.08552932739258	-5.148815631866455	-12.287308692932129	-50.104530334472656	-26.229625701904297	-25.509319305419922
L50T	-41.62411117553711	-16.690759658813477	-13.88105583190918	-14.96760368347168	-26.436378479003906	-24.9927921295166	-5.7544426918029785	-12.152352333068848	-37.413089752197266	-24.916887283325195	-21.88294792175293
L50V	-39.74394607543945	-25.67140769958496	-11.996288299560547	-13.927301406860352	-19.738935470581055	-26.44919204711914	1.1964635848999023	-6.714846611022949	-36.839752197265625	-20.601032257080078	-20.04862403869629
L50W	-39.7633056640625	-5.129556655883789	-10.9514741897583	-0.4336128532886505	-20.48686981201172	-11.257312774658203	-15.175963401794434	-22.629919052124023	-22.983821868896484	-19.252357482910156	-16.80641746520996
L50Y	-37.384765625	-5.446227073669434	-9.131454467773438	2.537294387817383	-16.39747428894043	-10.063312530517578	-17.15275764465332	-18.817873001098633	-22.300752639770508	-18.48458480834961	-15.264190673828125
E51A	-26.993877410888672	-13.594447135925293	-17.90395736694336	3.3166747093200684	-8.117372512817383	-16.836292266845703	-5.142356872558594	-5.524571418762207	-10.019147872924805	-18.126821517944336	-11.894217491149902
E51C	-20.40605926513672	0.886827826499939	-14.315815925598145	1.1589369773864746	-13.262330055236816	-14.271374702453613	-11.250035285949707	-9.6386137008667	-7.509812355041504	-7.915590763092041	-9.652386665344238
E51D	-10.918951988220215	-2.631603956222534	-15.149616241455078	3.0491957664489746	-4.3985443115234375	-8.674210548400879	-10.430150032043457	-10.512332916259766	-3.7130215167999268	-12.312445640563965	-7.5691680908203125
E51F	-17.375308990478516	-13.490964889526367	-14.959379196166992	-5.070457935333252	-9.721612930297852	-12.279746055603027	-12.198875427246094	-4.229058742523193	-7.4417853355407715	-19.229969024658203	-11.599716186523438
E51G	-9.625898361206055	-11.431001663208008	-15.49678897857666	-0.36207371950149536	-4.175063133239746	-8.611879348754883	-1.5985397100448608	-7.744950294494629	-7.702605247497559	-16.196256637573242	-8.294506072998047
E51H	-9.639883041381836	-0.034971438348293304	-15.090479850769043	-6.576153755187988	-8.498924255371094	-6.937580108642578	-6.963269233703613	-8.521751403808594	-5.248424053192139	-5.538869857788086	-7.305030822753906
E51I	-20.65309715270996	-15.693156242370605	-14.383051872253418	-3.943213939666748	-12.209911346435547	-13.960309028625488	-6.6686530113220215	-6.330214500427246	-7.4345550537109375	-20.195396423339844	-12.147156715393066
E51K	-9.318805694580078	-13.335108757019043	-12.55690860748291	3.2132017612457275	-3.5073492527008057	-11.330513954162598	-6.087234973907471	-6.5325493812561035	-5.450658321380615	-12.351348876953125	-7.7257280349731445
E51L	-18.373781204223633	-17.172151565551758	-24.167482376098633	-4.629457950592041	-16.090242385864258	-26.13603973388672	-4.270051002502441	5.405848503112793	-18.17245101928711	-34.00246047973633	-15.760826110839844
E51M	-20.2098388671875	-0.86509108543396	-14.131888389587402	-0.8476513624191284	-11.548023223876953	-14.076499938964844	-10.223042488098145	-5.259674072265625	-7.144822597503662	-6.986736297607422	-9.129327774047852
E51N	-13.853680610656738	-4.559930801391602	-17.016841888427734	0.5029973983764648	-6.177512168884277	-8.752354621887207	-11.951689720153809	-12.608120918273926	-4.339796543121338	-9.440855026245117	-8.819779396057129
E51P	-14.107678413391113	-7.594783782958984	-20.703506469726562	-4.724056243896484	-10.446895599365234	-16.447872161865234	-13.411735534667969	-10.304678916931152	-16.170181274414062	-15.067118644714355	-12.897851943969727
E51Q	-14.436395645141602	-3.2478790283203125	-14.695416450500488	1.7161879539489746	-6.798565864562988	-12.171130180358887	-8.507899284362793	-15.294675827026367	-5.495217323303223	-9.796558380126953	-8.87275505065918
E51R	-6.793041706085205	-10.1538724899292	-12.042338371276855	0.994976282119751	-2.6319336891174316	-8.64738941192627	-4.5106587409973145	-5.8032450675964355	-2.650308847427368	-11.134888648986816	-6.337270259857178
E51S	-12.457755088806152	-14.783268928527832	-15.581722259521484	-2.2788631916046143	-7.398781776428223	-12.864799499511719	-6.152867794036865	-5.52589225769043	-9.585220336914062	-18.015104293823242	-10.464427947998047
E51T	-15.751814842224121	-16.298280715942383	-13.422844886779785	-4.74790096282959	-9.130961418151855	-14.019233703613281	-8.49315357208252	-7.583329200744629	-6.178323268890381	-19.585798263549805	-11.521163940429688
E51V	-25.72734260559082	-21.284025192260742	-18.041141510009766	-5.143784046173096	-15.72738265991211	-19.770830154418945	-4.957033634185791	-2.7657694816589355	-4.292579650878906	-24.610828399658203	-14.232070922851562
E51W	-26.7474365234375	-1.4945075511932373	-18.984718322753906	1.234453797340393	-11.201112747192383	-17.158910751342773	-12.92901611328125	-15.534165382385254	-10.90858268737793	-4.33445405960083	-11.805845260620117
E51Y	-15.726940155029297	1.7572858333587646	-14.435821533203125	1.3961377143859863	-9.581140518188477	-13.011592864990234	-10.557015419006348	-6.556379318237305	-7.744198322296143	-7.560245513916016	-8.201991081237793
F52A	-32.11684799194336	-2.5778589248657227	-10.566652297973633	-1.2319252490997314	-6.800796031951904	-9.825952529907227	-6.831473350524902	0.5627552270889282	-4.321430683135986	-12.645821571350098	-8.635601043701172
F52C	-6.845399379730225	12.70914077758789	9.993550300598145	0.21410253643989563	-0.7731993198394775	1.0820097923278809	3.0398759841918945	-1.7162247896194458	-5.013823986053467	-1.1303819417953491	1.1559650897979736
F52D	-6.496332168579102	9.068265914916992	-3.95125412940979	-2.6090099811553955	-1.759965181350708	-1.65595543384552	0.3705636262893677	-0.2360827773809433	-2.8158931732177734	-12.711648941040039	-2.279731273651123
F52E	-2.165898084640503	4.748332500457764	-8.022866249084473	9.23038387298584	5.108644485473633	8.181327819824219	-1.3160488605499268	1.10225510597229	14.209416389465332	-3.275306463241577	2.780024290084839
F52G	-7.921915054321289	-0.8466320037841797	-9.007559776306152	4.630080223083496	-3.3941054344177246	-5.763177871704102	-4.557054042816162	3.657158851623535	-1.7636088132858276	-10.788905143737793	-3.5755717754364014
F52H	-0.82220458984375	8.805574417114258	1.7193659543991089	0.5823026895523071	-6.486361503601074	2.7269580364227295	-0.33324259519577026	-4.479018688201904	-0.489099383354187	-7.12491512298584	-0.5900639891624451
F52I	-6.326961517333984	1.682389736175537	-9.954323768615723	-5.578850746154785	-4.0662641525268555	-3.100839853286743	-0.9256891012191772	-1.0642133951187134	-1.2881990671157837	-8.734662055969238	-3.9357612133026123
F52K	-4.375790119171143	-0.6979044675827026	-9.936872482299805	1.7827417850494385	-0.28961971402168274	-2.9667739868164062	-4.274341583251953	3.8365447521209717	-2.516456365585327	-9.796977996826172	-2.9235451221466064
F52L	-29.165678024291992	-10.153470993041992	-20.60854721069336	-5.526202201843262	-12.010162353515625	-11.83883285522461	-2.562288284301758	2.574709415435791	-7.876514911651611	-10.324057579040527	-10.749104499816895
F52M	-5.586256504058838	12.43094253540039	6.545922756195068	-0.04912492632865906	-1.7176259756088257	-3.065847635269165	-0.05456910654902458	-0.617355227470398	-3.300292730331421	-2.8196871280670166	0.17661063373088837
F52N	-3.8683505058288574	8.532461166381836	-3.3434882164001465	-0.9511271715164185	-5.271752834320068	0.43956440687179565	-0.5728529095649719	0.9579859972000122	-4.054738998413086	-7.662689208984375	-1.5794988870620728
F52P	-5.821882724761963	-3.1949353218078613	-14.645808219909668	-4.585227012634277	-6.313394546508789	-3.0390169620513916	-9.52505111694336	-3.5925276279449463	-8.003181457519531	-16.001073837280273	-7.472209930419922
F52Q	-9.457515716552734	12.635183334350586	-1.9377224445343018	-0.9031203985214233	-6.994759559631348	-0.6056226491928101	-1.4006178379058838	3.187624454498291	-3.6300971508026123	-5.969716548919678	-1.5076364278793335
F52R	-3.6706926822662354	1.1687616109848022	-9.778132438659668	1.858256459236145	-0.9664815068244934	-3.47355580329895	-4.543017387390137	1.994794487953186	-4.404913902282715	-6.001274108886719	-2.781625270843506
F52S	-5.922118186950684	-2.235445737838745	-13.725010871887207	0.4059475362300873	-3.3409271240234375	-1.5108425617218018	-5.784510612487793	0.5855125188827515	-2.656334161758423	-11.415374755859375	-4.559910774230957
F52T	-5.137159824371338	0.34417960047721863	-17.300046920776367	-3.6189653873443604	-3.5322227478027344	-3.139361619949341	-5.208202362060547	-0.8525798320770264	-7.223656177520752	-11.20114803314209	-5.686916351318359
F52V	-26.350421905517578	-6.028466701507568	-13.131159782409668	-8.726991653442383	-9.111543655395508	-9.821416854858398	-5.064589500427246	0.2644539773464203	-6.623068809509277	-13.158663749694824	-9.775186538696289
F52W	-7.377131938934326	12.22059440612793	6.312417507171631	-1.8495638370513916	-7.453845024108887	-3.4891018867492676	-0.08131307363510132	-7.987471103668213	-7.81114387512207	-5.415840148925781	-2.2932400703430176
F52Y	-2.5692989826202393	12.224233627319336	8.8812894821167	-2.879453182220459	-3.265368938446045	1.3628196716308594	1.814414620399475	-6.852453708648682	-2.7690722942352295	-5.289679527282715	0.06574306637048721
G53A	7.372034072875977	16.997982025146484	-5.420498371124268	-1.5483695268630981	-3.105412483215332	4.004158973693848	2.3032755851745605	-0.42934730648994446	2.487356662750244	-2.5718209743499756	2.0089356899261475
G53C	-0.3917005658149719	-1.456691026687622	3.774974822998047	-3.6564736366271973	2.8637826442718506	-5.304795742034912	1.6265095472335815	-7.6265411376953125	5.792773723602295	1.2677327394485474	-0.311042845249176
G53D	0.1155012771487236	4.291137218475342	0.19518998265266418	-1.783440113067627	-0.6707826256752014	-0.4200441241264343	1.4772534370422363	-4.351986885070801	-6.840508937835693	4.351158618927002	-0.36365216970443726
G53E	-1.951499104499817	22.329002380371094	-7.207683086395264	6.186670303344727	-3.325697898864746	11.226751327514648	5.039470195770264	2.612147092819214	4.255136013031006	0.7963224649429321	3.9960618019104004
G53F	-3.1227710247039795	-4.724058628082275	-0.030154317617416382	-4.016575336456299	-2.4006052017211914	-0.08485084772109985	0.5024011135101318	-4.49476957321167	-4.7223801612854	-1.6181384325027466	-2.4711902141571045
G53H	2.021745443344116	-2.994344711303711	4.106077194213867	-6.43196964263916	0.14274805784225464	-0.545613169670105	7.953973293304443	-10.786331176757812	5.070765972137451	1.225956678390503	-0.023699212819337845
G53I	-7.979592323303223	-7.337361812591553	-5.257823944091797	-14.869525909423828	-3.1133534908294678	-2.858699321746826	-3.7974939346313477	-4.46883487701416	-3.8287694454193115	-2.4631519317626953	-5.597460746765137
G53K	-3.2754862308502197	12.582189559936523	-3.4177098274230957	-1.391232967376709	-7.761589050292969	0.35993388295173645	0.8282265663146973	-2.2754576206207275	-0.201496884226799	4.767093181610107	0.021447038277983665
G53L	-4.276216506958008	-2.8238415718078613	-10.2557373046875	-7.3965606689453125	-6.0913825035095215	-7.691299915313721	-1.7301969528198242	-5.550529956817627	-6.5457234382629395	0.2709153890609741	-5.209057331085205
G53M	-0.6536906361579895	0.012225307524204254	3.689683675765991	-3.8346140384674072	4.170902252197266	-4.861352920532227	-1.7548421621322632	-7.480769157409668	4.995321273803711	1.5099841356277466	-0.42071524262428284
G53N	-0.5046747922897339	-1.0670452117919922	3.186455488204956	-0.6059693098068237	-1.6390949487686157	0.7006906270980835	3.3753223419189453	-5.489997386932373	-4.5518317222595215	5.448608875274658	-0.11475358158349991
G53P	-8.313582420349121	-5.657118797302246	-5.618508815765381	-11.985702514648438	-4.322822093963623	-0.49867022037506104	-0.6769475340843201	-3.5796189308166504	-10.039993286132812	-0.4137445092201233	-5.110671043395996
G53Q	-1.7574694156646729	-1.0728070735931396	3.1086525917053223	-2.90967059135437	-1.2499148845672607	-1.038446068763733	2.620856285095215	-5.3967509269714355	-2.7716639041900635	5.464404582977295	-0.5002809166908264
G53R	-3.744277000427246	9.025023460388184	-1.6074222326278687	-2.1540403366088867	-3.2618539333343506	-0.7025719285011292	-0.19325506687164307	-2.8283498287200928	0.3523712158203125	2.8612215518951416	-0.22531545162200928
G53S	2.6969799995422363	17.736629486083984	-6.0060200691223145	-1.1043426990509033	-8.23367691040039	0.19688792526721954	0.7495357990264893	-0.7371386289596558	0.7065777778625488	0.6934329271316528	0.6698865294456482
G53T	-4.294409275054932	5.912961006164551	-9.184961318969727	-3.9827399253845215	-7.21602725982666	-1.1393871307373047	-0.8379849791526794	-2.5456531047821045	-0.831043004989624	1.3139841556549072	-2.2805259227752686
G53V	1.1185263395309448	-1.3521010875701904	-15.092259407043457	-10.564858436584473	-15.72065544128418	-4.881204605102539	-2.420755386352539	-4.317309856414795	-3.99580979347229	-5.8334197998046875	-6.305984973907471
G53W	-1.2687841653823853	1.8645429611206055	5.719339847564697	-0.2360793650150299	0.42163991928100586	-3.7996506690979004	2.646406650543213	-11.552789688110352	1.4040498733520508	1.310059666633606	-0.3491264879703522
G53Y	1.4710896015167236	-2.751060724258423	3.6980156898498535	-6.965124130249023	2.2319302558898926	-4.033064365386963	0.7208591103553772	-11.169636726379395	6.322453498840332	0.3834562301635742	-1.0091081857681274
E54A	-46.216552734375	-34.619014739990234	-16.07390785217285	-8.104883193969727	-4.956109523773193	-14.290833473205566	-3.59161376953125	-13.530485153198242	-23.46030044555664	-19.31048011779785	-18.415416717529297
E54C	-44.71480178833008	-6.831660270690918	-10.524993896484375	-6.447153091430664	-12.895587921142578	-18.306713104248047	-11.396470069885254	-4.690558433532715	-17.563156127929688	-9.768378257751465	-14.313946723937988
E54D	-26.811296463012695	-8.309948921203613	-12.060653686523438	-4.442992210388184	-6.06323766708374	-14.421483993530273	-13.18213939666748	-8.291364669799805	-16.68670082092285	-13.810806274414062	-12.408061981201172
E54F	-40.934226989746094	-23.67833709716797	-17.32415008544922	-19.55213737487793	-10.26052474975586	-7.981723785400391	-12.306896209716797	-9.708443641662598	-20.438053131103516	-13.178430557250977	-17.536293029785156
E54G	-25.79035758972168	-21.487873077392578	-10.739619255065918	-14.047857284545898	-1.8389315605163574	-6.888978481292725	-8.296414375305176	-6.097215175628662	-27.61321258544922	-20.950103759765625	-14.375055313110352
E54H	-38.199249267578125	-4.394118785858154	-8.822622299194336	-5.56163215637207	-11.883171081542969	-19.05480194091797	-10.187739372253418	-2.7257802486419678	-12.11426830291748	-9.713974952697754	-12.265734672546387
E54I	-39.339778900146484	-28.657758712768555	-10.597803115844727	-11.149944305419922	-6.364954948425293	-19.918664932250977	-3.2800004482269287	-10.233990669250488	-20.87187957763672	-14.975229263305664	-16.538999557495117
E54K	-36.7694091796875	-24.886049270629883	-11.456212997436523	-11.158761978149414	0.16205990314483643	-15.646331787109375	-5.449450969696045	-11.554773330688477	-23.15150260925293	-15.632063865661621	-15.554247856140137
E54L	-23.100906372070312	-44.251953125	-28.636524200439453	-14.072540283203125	-15.88261604309082	-22.702241897583008	-4.532443523406982	-8.246280670166016	-13.083943367004395	-19.422962188720703	-19.393238067626953
E54M	-43.6478157043457	-11.705818176269531	-10.578649520874023	-5.572992324829102	-13.431249618530273	-20.81017303466797	-9.953299522399902	-4.724878311157227	-21.568817138671875	-6.41079044342041	-14.840448379516602
E54N	-35.87818145751953	-7.954941749572754	-11.838364601135254	-7.407201766967773	-9.121541023254395	-18.77423858642578	-12.555912971496582	-6.344432353973389	-18.93766212463379	-14.028202056884766	-14.28406810760498
E54P	-37.20635223388672	-15.29265308380127	-17.937002182006836	-19.03181266784668	-12.140074729919434	-19.191753387451172	-14.333611488342285	-15.757512092590332	-30.882198333740234	-15.28832721710205	-19.706130981445312
E54Q	-43.294395446777344	-8.600201606750488	-10.79076099395752	-8.21785831451416	-7.2591094970703125	-24.283306121826172	-10.438868522644043	-11.210334777832031	-21.970714569091797	-13.892974853515625	-15.99585247039795
E54R	-16.911888122558594	-20.919517517089844	-10.302144050598145	-9.051532745361328	-0.6319063901901245	-9.692853927612305	-5.97100305557251	-5.588311195373535	-12.097803115844727	-10.184576988220215	-10.135152816772461
E54S	-40.00741958618164	-21.804574966430664	-10.436383247375488	-10.487567901611328	-0.042237766087055206	-14.16497802734375	-7.531745910644531	-5.613163471221924	-27.970924377441406	-15.434057235717773	-15.34930419921875
E54T	-44.30583190917969	-21.545804977416992	-13.092704772949219	-9.819377899169922	-2.279019355773926	-19.596969604492188	-7.420668125152588	-5.114177703857422	-21.63882064819336	-16.548662185668945	-16.13620376586914
E54V	-42.538814544677734	-39.96806716918945	-15.442974090576172	-11.617857933044434	-5.323485851287842	-18.253963470458984	2.2967562675476074	-9.926795959472656	-8.644292831420898	-17.849205017089844	-16.726871490478516
E54W	-47.10416030883789	-11.929189682006836	-15.00104808807373	-8.35753059387207	-16.31577491760254	-21.71672248840332	-15.67215633392334	-5.713275909423828	-23.731693267822266	-8.067849159240723	-17.360939025878906
E54Y	-49.409950256347656	-7.538455009460449	-11.292699813842773	-6.618731498718262	-13.66490650177002	-18.861865997314453	-14.12463092803955	-6.304468154907227	-19.299240112304688	-7.719193458557129	-15.483415603637695
T55A	-0.22221344709396362	8.149714469909668	-7.9135894775390625	-0.5783320665359497	-3.8089470863342285	3.7351059913635254	6.923768997192383	2.5776925086975098	-0.9037790894508362	-2.5632760524749756	0.5396144986152649
T55C	1.3856748342514038	1.1568946838378906	3.4368667602539062	8.252187728881836	-1.3337252140045166	-5.656826496124268	-7.210891246795654	-9.357902526855469	1.3666166067123413	7.452618598937988	-0.05084853246808052
T55D	1.8769989013671875	5.855565071105957	10.08140754699707	3.979846239089966	4.341975212097168	1.5786429643630981	-0.01593005284667015	-0.31844279170036316	-3.82878041267395	4.7092790603637695	2.8260562419891357
T55E	1.5057039260864258	20.58672332763672	-4.760828971862793	6.673644065856934	1.5931779146194458	18.652795791625977	3.453490972518921	7.892401695251465	3.8724920749664307	5.598425388336182	6.506802558898926
T55F	-4.12678861618042	-0.24972587823867798	2.935328483581543	0.022684544324874878	5.529171943664551	-0.6559175252914429	0.6232202649116516	-0.4479159414768219	0.007389813661575317	-0.39038556814193726	0.32470613718032837
T55G	5.5103559494018555	10.693593978881836	-7.063888072967529	1.0088077783584595	-2.8231587409973145	3.226663589477539	6.164302349090576	2.99001407623291	0.30616533756256104	1.316927194595337	2.1329784393310547
T55H	2.401855945587158	5.559527397155762	8.735033988952637	7.711108207702637	-1.7878520488739014	-0.6121163368225098	-0.9498527646064758	-10.040422439575195	-0.2785937786102295	8.117679595947266	1.8856369256973267
T55I	-0.34693044424057007	-2.0019819736480713	0.12404049932956696	1.9695568084716797	4.385615825653076	-1.2742583751678467	-0.4577561914920807	-0.9447335004806519	-0.9069489240646362	2.7721683979034424	0.3318771719932556
T55K	2.388970375061035	6.6043548583984375	1.9742604494094849	1.2947607040405273	1.8691211938858032	8.599853515625	0.044884633272886276	3.716341257095337	-0.8035675883293152	7.709249973297119	3.339822769165039
T55L	-25.79518699645996	1.401141881942749	-25.138824462890625	-6.761951923370361	-16.85540771484375	-11.672412872314453	-0.022239860147237778	1.8932678699493408	-8.842414855957031	-15.387664794921875	-10.718168258666992
T55M	-1.1283988952636719	2.238081455230713	3.970097541809082	8.85844898223877	1.2628461122512817	-5.714169979095459	-4.544830322265625	-6.323596954345703	1.1142584085464478	9.10478687286377	0.8837522268295288
T55N	1.8550437688827515	6.68000602722168	8.581514358520508	8.277059555053711	3.5247011184692383	0.40752679109573364	-0.15942537784576416	-6.675169467926025	3.7242279052734375	6.7591423988342285	3.2974624633789062
T55P	-8.387388229370117	-1.9587202072143555	6.710829734802246	-3.8478198051452637	3.4551424980163574	-0.24514754116535187	-0.128993421792984	-1.365074872970581	-7.88307523727417	2.5649077892303467	-1.1085339784622192
T55Q	1.0487898588180542	5.452568054199219	8.08195686340332	4.671527862548828	3.3799448013305664	-0.42027780413627625	-0.31514477729797363	-1.7176202535629272	-0.9962735176086426	7.89229154586792	2.7077763080596924
T55R	2.025541067123413	6.906325340270996	3.8812997341156006	2.2029712200164795	7.376931667327881	1.5297471284866333	-0.01757579669356346	1.792572021484375	-1.0610041618347168	9.066965103149414	3.3703773021698
T55S	4.339069843292236	9.05472183227539	-2.670330047607422	0.23693031072616577	-2.8909668922424316	7.313385486602783	2.3604888916015625	2.0353643894195557	-1.9272669553756714	0.2991887331008911	1.8150583505630493
T55V	-2.5925941467285156	-1.095738410949707	-11.958940505981445	-10.031753540039062	-8.128538131713867	-1.9054837226867676	0.8308244347572327	-0.2544313073158264	-7.224137783050537	-7.011468410491943	-4.937225818634033
T55W	0.04511033743619919	3.5628721714019775	3.5786659717559814	6.937605857849121	3.7166590690612793	-2.766392707824707	-3.5663208961486816	-10.856206893920898	2.735658884048462	7.9663310050964355	1.135398268699646
T55Y	0.936913788318634	4.055493354797363	5.168269634246826	7.324965476989746	1.8071867227554321	-3.9453492164611816	-5.088795185089111	-12.598755836486816	0.5918751358985901	8.803637504577637	0.705544114112854
W56A	-12.903837203979492	-9.910215377807617	-16.704004287719727	-1.175886631011963	-8.170654296875	-19.357759475708008	-1.5099979639053345	-3.1810638904571533	-20.464000701904297	-16.382526397705078	-10.975993156433105
W56C	-17.887401580810547	2.034156560897827	1.380377173423767	-0.14946958422660828	-2.6701905727386475	-0.2245721071958542	-11.738567352294922	-4.960882663726807	-6.279244422912598	-3.959146738052368	-4.445494174957275
W56D	-14.20654582977295	-0.6478335857391357	-8.12441635131836	5.203648567199707	-4.823360443115234	-8.70536994934082	-7.103522777557373	-1.6267577409744263	-7.601181507110596	-10.688232421875	-5.832356929779053
W56E	-20.762489318847656	-6.257132530212402	-21.688474655151367	6.492690086364746	-21.841123580932617	-29.32542610168457	-8.228604316711426	-8.181482315063477	-14.45971393585205	-28.811256408691406	-15.306302070617676
W56F	-7.464529991149902	-0.2236333191394806	-4.249371528625488	0.292739599943161	-2.7891483306884766	-6.194244384765625	-2.012589454650879	-3.3884692192077637	-11.214449882507324	-7.511976718902588	-4.475567817687988
W56G	-16.592792510986328	-2.968848466873169	-17.249052047729492	-5.132839679718018	-13.034494400024414	-17.11797332763672	-1.4910863637924194	-5.456355094909668	-23.17193031311035	-26.057180404663086	-12.827255249023438
W56H	-13.240741729736328	4.2836594581604	-5.395670413970947	3.775177478790283	-3.438819169998169	-4.996153354644775	-13.768876075744629	-0.6514766812324524	-7.906679153442383	-6.954514026641846	-4.829409599304199
W56I	-6.653522968292236	-0.670831024646759	-10.229290962219238	0.36641207337379456	-2.222472667694092	-4.620809078216553	1.0022614002227783	-3.753750801086426	-4.539735317230225	-4.768584728240967	-3.609032392501831
W56K	-12.925411224365234	-6.174643039703369	-10.944107055664062	-2.283409833908081	-8.893527030944824	-19.31033706665039	-2.6463184356689453	-3.7651360034942627	-15.00396728515625	-10.838067054748535	-9.27849292755127
W56L	-1.1604933738708496	-11.686161994934082	-9.958474159240723	-3.6401519775390625	-3.6380913257598877	-10.553905487060547	-2.9647908210754395	4.260378360748291	-7.743379592895508	-3.018353223800659	-5.010342121124268
W56M	-8.956823348999023	3.320030689239502	0.2825357913970947	1.0969264507293701	-2.654122829437256	-1.4290390014648438	-10.892230987548828	-1.5331130027770996	-4.450779438018799	-3.7284348011016846	-2.894505023956299
W56N	-12.068448066711426	4.144065856933594	-5.467385292053223	7.440420627593994	-4.363326549530029	-4.618837356567383	-6.979225158691406	-1.7328617572784424	-6.184347152709961	-7.361284255981445	-3.719123125076294
W56P	-16.719728469848633	-2.8741350173950195	-13.523149490356445	0.47211191058158875	-7.882381439208984	-13.13243579864502	-10.086616516113281	-4.579850196838379	-16.051015853881836	-12.768840789794922	-9.714604377746582
W56Q	-14.15443229675293	0.18873834609985352	-5.2307047843933105	5.2987823486328125	-4.411180019378662	-8.97706413269043	-6.192986965179443	-1.171930193901062	-7.4154133796691895	-9.49634838104248	-5.156253814697266
W56R	-16.62737464904785	-3.913104772567749	-8.254960060119629	-2.739102840423584	-7.079217910766602	-15.746981620788574	-3.673953056335449	-4.189062118530273	-6.914103984832764	-10.882298469543457	-8.002016067504883
W56S	-13.14189624786377	-3.3337936401367188	-10.370915412902832	1.5912002325057983	-8.670297622680664	-14.48320198059082	-1.885538935661316	-2.4730803966522217	-15.892969131469727	-10.359197616577148	-7.901968955993652
W56T	-7.116392612457275	-4.0193095207214355	-7.149816513061523	2.515876054763794	-5.676786422729492	-11.66457748413086	0.16114529967308044	-1.7684823274612427	-6.8026862144470215	-6.666182518005371	-4.818721294403076
W56V	-4.926743984222412	-6.127839088439941	-7.233547687530518	-1.9624807834625244	0.5963237285614014	-4.8657026290893555	1.0249521732330322	-3.862067461013794	-1.6735355854034424	0.8537400364875793	-2.817690134048462
W56Y	-9.8441162109375	4.031723499298096	-1.5062342882156372	2.7455642223358154	-3.595362424850464	-3.330366611480713	-15.85847282409668	-6.986938953399658	-10.883589744567871	-6.372652530670166	-5.1600446701049805
E57A	3.703052043914795	0.6366368532180786	-18.02077293395996	-3.0954360961914062	-16.312725067138672	1.0710835456848145	7.414637565612793	2.224876642227173	-11.435949325561523	-3.2931618690490723	-3.7107760906219482
E57C	3.349935293197632	2.047635316848755	3.8644216060638428	-3.0854859352111816	-1.762682557106018	-0.09619693458080292	-4.613583564758301	-5.433528900146484	5.006089687347412	4.488173007965088	0.3764777183532715
E57D	-3.262474298477173	2.3893518447875977	0.6000300645828247	-1.0396771430969238	-9.095799446105957	0.951713502407074	-2.450509548187256	0.22593463957309723	-5.505418300628662	-5.27354097366333	-2.2460389137268066
E57F	0.7255932688713074	-3.301879405975342	-6.225352764129639	-4.613929271697998	-6.5627546310424805	0.8138037323951721	0.9459266066551208	-5.974279880523682	-0.018525555729866028	-4.994828701019287	-2.9206223487854004
E57G	1.905561089515686	4.97312068939209	-13.148686408996582	-1.4783034324645996	-14.218240737915039	0.6542677283287048	6.909916400909424	0.3970235288143158	-12.513154983520508	-4.661333084106445	-3.117983102798462
E57H	3.2989938259124756	4.658657073974609	3.680161476135254	-0.4379754960536957	-7.560326099395752	0.5631325244903564	-5.737423896789551	-2.835312843322754	0.9250417947769165	2.102900743484497	-0.1342150866985321
E57I	0.7155991196632385	2.8423385620117188	-3.0982449054718018	-1.1612548828125	-1.3639872074127197	1.4181705713272095	4.237597465515137	-5.0588297843933105	0.02527385950088501	-4.424611568450928	-0.586794912815094
E57K	-5.23967170715332	0.2781575620174408	-4.850533485412598	-6.468227386474609	-9.591361999511719	1.535765528678894	0.5374935865402222	0.7625327110290527	-11.59225082397461	-2.121306896209717	-3.674940586090088
E57L	3.3724212646484375	-32.28631591796875	-12.808709144592285	-8.681410789489746	-30.069332122802734	-4.4697489738464355	-2.636674642562866	-14.575457572937012	-10.257866859436035	3.316685438156128	-10.909639358520508
E57M	0.8835278153419495	2.8844637870788574	3.429800271987915	-2.6858232021331787	-2.453991413116455	-2.7103874683380127	-6.281254291534424	-6.816788196563721	6.431737422943115	4.443405628204346	-0.28753089904785156
E57N	-1.4034757614135742	7.6353759765625	0.4204927980899811	-2.2989699840545654	-5.140477180480957	0.9233869910240173	-0.9082772135734558	0.09338526427745819	-6.4210333824157715	-0.26753634214401245	-0.7367128133773804
E57P	-4.045658111572266	-4.161991119384766	-4.538049221038818	-10.949078559875488	-5.64208984375	0.7656238079071045	-0.6676172018051147	-2.685521364212036	-11.610583305358887	-5.1950364112854	-4.873000621795654
E57Q	-5.7384562492370605	7.119734287261963	1.1896668672561646	-1.6975709199905396	-6.7677412033081055	0.6584795117378235	-0.8939718008041382	-0.1408003717660904	-4.523795127868652	-0.2118929922580719	-1.1006348133087158
E57R	-5.036435604095459	-0.3272581398487091	-1.627124547958374	-4.5859694480896	-4.098877906799316	0.6391815543174744	-0.32442331314086914	0.12028144299983978	-6.823330879211426	-4.78584623336792	-2.6849803924560547
E57S	-1.9154402017593384	10.257158279418945	-4.73642635345459	-3.6324071884155273	-16.49936866760254	0.8729250431060791	10.113880157470703	0.8685426115989685	-8.736639022827148	0.6274617314338684	-1.278031587600708
E57T	1.7829526662826538	10.705697059631348	-1.9422584772109985	-3.077875852584839	-9.597835540771484	1.4840751886367798	11.184754371643066	0.8718006610870361	-3.2280220985412598	1.8734006881713867	1.0056687593460083
E57V	5.534160614013672	-12.569283485412598	-14.711533546447754	-4.967649936676025	-14.182613372802734	0.010958056896924973	7.506134510040283	-14.932076454162598	-11.186888694763184	-1.3133739233016968	-6.081216335296631
E57W	5.261630058288574	4.608695983886719	5.217374801635742	-2.6213531494140625	2.2050817012786865	0.7623694539070129	-3.34628963470459	-5.6104278564453125	7.266287326812744	1.7950953245162964	1.5538463592529297
E57Y	3.240036725997925	3.0770020484924316	4.304848670959473	-3.283583641052246	-3.275729179382324	1.2396068572998047	-6.0223259925842285	-6.327470779418945	5.039639472961426	3.18164324760437	0.1173667162656784
E58A	10.976140975952148	22.031497955322266	2.198495388031006	9.256528854370117	9.77276611328125	12.494278907775879	-3.3740761280059814	9.783487319946289	2.5975966453552246	11.563286781311035	8.729999542236328
E58C	4.147607326507568	4.03950834274292	10.759565353393555	-23.687644958496094	10.596053123474121	-2.2482690811157227	5.537439346313477	-3.57527494430542	-0.04777510464191437	-0.7782748341560364	0.4742935299873352
E58D	5.929759502410889	10.59480094909668	0.91153883934021	-1.4177143573760986	1.6637684106826782	7.385949611663818	0.13154596090316772	5.429006576538086	-2.4573771953582764	7.013902187347412	3.5185179710388184
E58F	-1.1343554258346558	0.6031972169876099	-0.054894208908081055	-11.37631893157959	4.053009510040283	1.454205870628357	-6.024086952209473	-1.2213977575302124	-2.97523832321167	5.601546764373779	-1.1074330806732178
E58G	12.579374313354492	31.70400619506836	4.053834915161133	7.789516925811768	5.363320350646973	13.846393585205078	2.351571798324585	7.711769104003906	5.117824554443359	11.654525756835938	10.21721363067627
E58H	3.988175868988037	-1.9183905124664307	5.226602077484131	-10.051819801330566	-2.847388744354248	-1.0432178974151611	2.4725475311279297	-1.7176921367645264	-11.796070098876953	3.3765599727630615	-1.4310693740844727
E58I	0.957653284072876	-2.200296640396118	2.6426517963409424	1.4739000797271729	4.896764278411865	1.5102324485778809	-5.220394134521484	1.5424526929855347	-0.7780799269676208	5.124255180358887	0.9949138760566711
E58K	9.93802261352539	26.462671279907227	6.779661178588867	5.917243957519531	11.628888130187988	13.806609153747559	-6.496829509735107	4.409831523895264	2.636833906173706	13.034906387329102	8.811783790588379
E58L	1.6479941606521606	-2.9994401931762695	-8.829078674316406	0.0859098732471466	7.613228797912598	-1.5336297750473022	1.0732457637786865	1.5760282278060913	3.500999689102173	3.9775495529174805	0.6112807393074036
E58M	2.2485299110412598	-2.9818317890167236	7.17332124710083	-13.32175064086914	4.98046875	-1.1539663076400757	2.547842502593994	-12.650591850280762	-6.057291030883789	3.2122933864593506	-1.6002975702285767
E58N	3.820800542831421	2.7417240142822266	4.701403617858887	-1.6244287490844727	1.0931484699249268	2.437091827392578	0.0021652616560459137	2.392158269882202	-4.743823528289795	6.092556476593018	1.691279649734497
E58P	-1.6314098834991455	0.059821225702762604	-7.566462516784668	-12.081769943237305	-7.650832653045654	-0.4937072992324829	-6.070730686187744	-1.2396235466003418	-14.684228897094727	5.280732154846191	-4.607821464538574
E58Q	3.6974716186523438	9.591734886169434	10.782491683959961	0.7270276546478271	6.776297569274902	3.5033769607543945	-0.9721389412879944	1.7719424962997437	-5.958312511444092	8.403308868408203	3.832319974899292
E58R	14.511423110961914	21.71403694152832	5.123123645782471	3.6444129943847656	9.194293975830078	5.009993553161621	-6.731166362762451	2.2474825382232666	2.5533556938171387	10.169835090637207	6.743679046630859
E58S	12.399492263793945	25.508548736572266	4.671586990356445	4.143106937408447	9.168597221374512	14.575064659118652	-2.9860384464263916	7.3502326011657715	2.5903031826019287	13.046939849853516	9.046783447265625
E58T	9.209010124206543	23.46731948852539	8.137469291687012	4.009006977081299	10.841529846191406	12.355674743652344	-2.240865707397461	4.781768798828125	1.884645700454712	11.30132007598877	8.374688148498535
E58V	5.3704633712768555	1.497873067855835	-5.823396682739258	1.8545923233032227	10.097180366516113	1.8427565097808838	2.005218505859375	1.0650880336761475	1.0275813341140747	4.41173791885376	2.334909677505493
E58W	2.4809160232543945	-1.4063658714294434	0.6275577545166016	-34.5582160949707	1.724440336227417	-4.729485034942627	-1.5831830501556396	-11.864102363586426	-8.352339744567871	-0.20371311902999878	-5.786449432373047
E58Y	2.4680771827697754	-6.683658599853516	3.71490478515625	-29.76934814453125	1.1658152341842651	-5.920434951782227	3.1561946868896484	-14.286402702331543	-13.389123916625977	-0.010596700012683868	-5.9554572105407715
C59A	-11.77727222442627	-9.651427268981934	-10.182575225830078	0.858725905418396	-7.371283531188965	-24.798355102539062	-3.0869507789611816	0.4630821645259857	-15.417144775390625	-26.599802017211914	-10.75629997253418
C59D	-38.88615036010742	-8.427762985229492	-11.156645774841309	0.3838120400905609	-7.052000045776367	-20.996877670288086	-11.870247840881348	1.9213820695877075	-12.577020645141602	-17.60483741760254	-12.62663459777832
C59E	-20.33526039123535	-7.206836700439453	-13.212177276611328	-0.017822295427322388	-11.6821928024292	-31.712295532226562	-5.737399578094482	6.212388515472412	-17.40708351135254	-36.24845886230469	-13.734713554382324
C59F	-25.12009620666504	-5.126408576965332	-8.517066955566406	2.680631160736084	-2.8381872177124023	-16.549579620361328	-5.436333179473877	5.378094673156738	-7.4655375480651855	-10.936485290527344	-7.393096923828125
C59G	-14.917413711547852	-5.525683879852295	-11.63742733001709	1.4348171949386597	-6.374512672424316	-22.865665435791016	-3.3043336868286133	-1.9803532361984253	-10.88286018371582	-20.76347541809082	-9.681690216064453
C59H	-36.7574348449707	-5.2017364501953125	-7.544378280639648	-0.4230480492115021	-3.9140419960021973	-18.875629425048828	-18.528379440307617	0.03192010149359703	-10.283748626708984	-13.44892406463623	-11.494539260864258
C59I	-15.357650756835938	-9.86921501159668	-4.363300323486328	2.1008172035217285	-3.6640989780426025	-14.17206859588623	-4.519438743591309	6.163529396057129	-4.5507283210754395	-13.738022804260254	-6.197017669677734
C59K	-24.108379364013672	-14.245685577392578	-11.978630065917969	-1.8946462869644165	-8.50480842590332	-28.63833236694336	-4.6299591064453125	-0.39316824078559875	-16.727285385131836	-19.405364990234375	-13.05262565612793
C59L	-11.533681869506836	-26.052120208740234	-11.212698936462402	0.21804293990135193	-4.472965240478516	-17.892410278320312	-1.7913150787353516	9.562376976013184	-18.709190368652344	-17.02381134033203	-9.890776634216309
C59M	-31.945615768432617	-3.6097898483276367	-6.144984722137451	-0.8025672435760498	-4.883986473083496	-13.198783874511719	-20.657373428344727	-2.408111333847046	-13.36430835723877	-11.70847225189209	-10.872400283813477
C59N	-39.91508483886719	-5.824906349182129	-9.595508575439453	-2.036367893218994	-5.776381492614746	-17.738178253173828	-14.691449165344238	3.7087035179138184	-11.136839866638184	-15.207672119140625	-11.821369171142578
C59P	-41.238914489746094	-7.20288610458374	-16.131139755249023	-10.815092086791992	-8.116657257080078	-22.780914306640625	-12.87036418914795	-0.04519553855061531	-17.552967071533203	-14.798103332519531	-15.155221939086914
C59Q	-34.17341232299805	-8.819637298583984	-9.500165939331055	-2.12241792678833	-7.201519966125488	-19.106882095336914	-12.052948951721191	5.136908531188965	-11.435083389282227	-17.481115341186523	-11.675626754760742
C59R	-19.178247451782227	-10.490266799926758	-8.798407554626465	2.0586657524108887	-5.630429267883301	-23.170623779296875	-4.942402362823486	2.1646571159362793	-6.756723403930664	-16.748443603515625	-9.149221420288086
C59S	-22.751758575439453	-7.1848297119140625	-13.774605751037598	-3.1071040630340576	-7.702502250671387	-24.627826690673828	-3.675400495529175	-1.3272258043289185	-18.098649978637695	-18.644624710083008	-12.089452743530273
C59T	-22.659460067749023	-8.759769439697266	-8.96597671508789	-2.087944507598877	-5.959311485290527	-22.43541145324707	-3.8435497283935547	3.8655011653900146	-10.627758026123047	-19.909503936767578	-10.138318061828613
C59V	-7.005842208862305	-8.817720413208008	-5.218394756317139	1.01961350440979	-1.9249199628829956	-18.735177993774414	2.6503872871398926	7.15371561050415	-3.328230619430542	-17.80167579650879	-5.200824737548828
C59W	-35.0240478515625	-2.5443525314331055	-8.598251342773438	-5.191751480102539	-7.661055088043213	-18.381423950195312	-26.91417121887207	-3.317784547805786	-16.794620513916016	-12.921845436096191	-13.734930038452148
C59Y	-37.07571029663086	-2.5570316314697266	-6.085769176483154	-0.5656403303146362	-4.670677185058594	-14.848064422607422	-23.72128677368164	-3.6278281211853027	-15.316550254821777	-11.097122192382812	-11.956568717956543
A60C	-14.829012870788574	-12.8016357421875	-9.062847137451172	-2.4212186336517334	-27.954544067382812	-5.693201065063477	-8.708152770996094	-15.772321701049805	-23.694063186645508	-7.4231719970703125	-12.836016654968262
A60D	-36.38159942626953	-13.755441665649414	-14.595661163330078	-10.77964973449707	-33.24449920654297	-14.923966407775879	-6.117591857910156	-4.9536824226379395	-26.165319442749023	-13.269207954406738	-17.41866111755371
A60E	-32.94741439819336	-5.880870819091797	-27.427833557128906	-0.5374749898910522	-25.114492416381836	-26.74336814880371	-11.282731056213379	3.684812307357788	-12.90341567993164	-28.16376304626465	-16.73165512084961
A60F	-24.931039810180664	-11.091479301452637	-14.212838172912598	-4.073726177215576	-16.586214065551758	-6.322465896606445	0.2308097779750824	-7.477382183074951	-28.208969116210938	-6.234215259552002	-11.890750885009766
A60G	-23.608707427978516	-8.185715675354004	-23.423864364624023	-1.16672945022583	-17.936622619628906	-15.029045104980469	-5.55855131149292	-1.0633100271224976	-21.680431365966797	-12.614154815673828	-13.026712417602539
A60H	-34.09641647338867	-9.998592376708984	-11.894527435302734	-10.6549711227417	-39.11996078491211	-11.007440567016602	-8.508890151977539	-7.982224464416504	-27.73265838623047	-9.430023193359375	-17.04256820678711
A60I	-25.3757266998291	-13.343265533447266	-10.502690315246582	-3.4174771308898926	-16.858055114746094	-9.80173110961914	-1.0075072050094604	-6.039630889892578	-19.372047424316406	-6.418440341949463	-11.21365737915039
A60K	-25.60580825805664	-15.459460258483887	-17.94509506225586	-5.342081069946289	-23.518932342529297	-20.01288604736328	-4.584700584411621	-6.171408653259277	-30.491382598876953	-14.301624298095703	-16.343338012695312
A60L	-15.291702270507812	-14.239823341369629	-9.502057075500488	-9.070594787597656	-1.4842344522476196	-4.124223232269287	-11.765485763549805	3.090895414352417	-27.07063865661621	-1.916380763053894	-9.13742446899414
A60M	-35.4109001159668	-9.909515380859375	-9.808757781982422	-5.946826934814453	-41.604984283447266	-10.994987487792969	-8.250645637512207	-12.72509479522705	-24.928543090820312	-7.584585666656494	-16.71648406982422
A60N	-34.49126052856445	-13.81938648223877	-13.408971786499023	-13.480854034423828	-34.93184280395508	-11.184823036193848	-5.413173675537109	-5.804206371307373	-27.432504653930664	-8.586095809936523	-16.855310440063477
A60P	-48.145809173583984	-17.047115325927734	-17.36988639831543	-13.792787551879883	-29.014095306396484	-12.165312767028809	-9.21239948272705	-9.217510223388672	-41.34505081176758	-10.070110321044922	-20.738008499145508
A60Q	-37.31314468383789	-12.219907760620117	-13.154732704162598	-14.365942001342773	-36.782386779785156	-14.01710033416748	-6.9387617111206055	-6.1642327308654785	-29.164512634277344	-10.129281044006348	-18.025001525878906
A60R	-35.79511642456055	-9.836158752441406	-13.610957145690918	-6.002738952636719	-19.146434783935547	-15.994223594665527	-4.154083728790283	-7.8299174308776855	-19.323486328125	-14.369593620300293	-14.606271743774414
A60S	-38.695465087890625	-13.089240074157715	-19.903627395629883	-4.158275604248047	-23.099624633789062	-17.524599075317383	-4.3332390785217285	-5.191835403442383	-32.03516387939453	-12.736547470092773	-17.07676124572754
A60T	-31.5760498046875	-11.525662422180176	-12.805517196655273	-2.9634451866149902	-18.081003189086914	-12.464401245117188	-3.0132386684417725	-4.610044002532959	-25.016725540161133	-10.04350757598877	-13.209959030151367
A60V	-21.87214469909668	-6.0207295417785645	-17.26678466796875	-3.597104072570801	-6.157981872558594	-8.83517837524414	-1.9577316045761108	0.31956520676612854	-21.78848648071289	-5.393096446990967	-9.256967544555664
A60W	-34.13404846191406	-12.421468734741211	-12.41500186920166	-13.336576461791992	-40.40219497680664	-9.322382926940918	-10.02118968963623	-14.178292274475098	-30.890615463256836	-8.291389465332031	-18.54131507873535
A60Y	-35.873844146728516	-10.299813270568848	-11.0703125	-8.083578109741211	-36.33960723876953	-8.841513633728027	-11.119593620300293	-11.769107818603516	-25.633712768554688	-8.789295196533203	-16.78203773498535
Q61A	6.809296607971191	25.862674713134766	-8.681096076965332	5.2167582511901855	4.878511905670166	8.992713928222656	8.923298835754395	3.290219783782959	6.3204264640808105	11.950551986694336	7.356335639953613
Q61C	5.117406368255615	-5.172250747680664	4.440338611602783	-19.4250431060791	-0.21392345428466797	7.3582048416137695	2.947692632675171	-18.769929885864258	-36.384681701660156	2.0955960750579834	-5.8006591796875
Q61D	4.502328872680664	2.981351375579834	1.6403729915618896	-1.269831657409668	-15.939582824707031	10.379373550415039	-1.3519541025161743	4.365771770477295	-5.018928050994873	5.487308025360107	0.5776209831237793
Q61E	3.279770851135254	7.446671962738037	-4.890731334686279	7.480734348297119	15.123432159423828	3.6070752143859863	2.2410614490509033	2.0549628734588623	6.834721565246582	11.300039291381836	5.4477739334106445
Q61F	3.8763504028320312	7.731706142425537	0.4326094090938568	-8.46014404296875	-4.337176322937012	7.200463771820068	-0.9649136662483215	2.2457239627838135	-8.350332260131836	4.4969401359558105	0.38712278008461
Q61G	2.533993721008301	17.18349838256836	-9.710698127746582	-0.28460952639579773	-1.2346388101577759	3.039733409881592	4.686856746673584	3.7607438564300537	2.410325527191162	7.6019768714904785	2.998718023300171
Q61H	4.209575653076172	-1.7948329448699951	1.068776249885559	-9.737269401550293	-9.903800964355469	7.535611152648926	0.6200941205024719	-2.638727903366089	-17.86664581298828	4.16619873046875	-2.4341020584106445
Q61I	7.511353015899658	7.546605110168457	1.123478651046753	-4.342516899108887	0.7369062304496765	8.204289436340332	-2.4639885425567627	1.7968155145645142	-4.09609317779541	6.003148555755615	2.2019999027252197
Q61K	5.441280364990234	8.35645580291748	-1.338703989982605	1.8716665506362915	3.3632407188415527	7.1027936935424805	-4.04658842086792	5.650382041931152	1.0440022945404053	7.920398235321045	3.5364928245544434
Q61L	8.552630424499512	2.257535219192505	3.2858364582061768	8.866253852844238	9.195530891418457	5.894484519958496	7.846490383148193	3.791609048843384	11.003085136413574	6.391470432281494	6.708493232727051
Q61M	4.460254192352295	-4.035022735595703	2.1468520164489746	-17.219646453857422	-0.32255566120147705	6.742031097412109	11.078426361083984	-10.264427185058594	-32.224666595458984	2.8971493244171143	-3.6741607189178467
Q61N	4.379983901977539	1.8940397500991821	2.636502742767334	-3.7146360874176025	-11.214234352111816	8.111626625061035	1.4834158420562744	2.6787099838256836	-7.01628303527832	6.366629123687744	0.5605754256248474
Q61P	-8.245572090148926	-5.690201282501221	-17.78295135498047	-35.033958435058594	-17.067188262939453	6.181921005249023	-11.541665077209473	-4.310211181640625	-34.661827087402344	3.6610755920410156	-12.449056625366211
Q61R	4.813871383666992	17.951190948486328	3.4701647758483887	3.6440441608428955	-0.4441514015197754	6.508246421813965	3.3388671875	4.34365177154541	3.241460084915161	4.766607761383057	5.163395404815674
Q61S	3.4462878704071045	12.166715621948242	-9.512228965759277	-1.9566328525543213	-2.544260025024414	7.180605411529541	6.366243839263916	4.326798439025879	0.05796991288661957	9.031551361083984	2.8563051223754883
Q61T	6.133368492126465	8.003561973571777	-2.6129696369171143	-0.7812798023223877	1.638594627380371	8.994571685791016	-1.9453893899917603	6.9312214851379395	-0.9966754913330078	7.152342319488525	3.251734495162964
Q61V	9.769804954528809	15.440757751464844	1.9845975637435913	0.8490792512893677	4.978559494018555	7.417166709899902	3.5653889179229736	4.204165935516357	2.9513676166534424	7.602485179901123	5.87633752822876
Q61W	-0.25584954023361206	-11.537165641784668	-2.8545780181884766	-36.901710510253906	-6.015289783477783	4.683963775634766	4.488271713256836	-16.56524085998535	-47.34857940673828	-5.289414882659912	-11.75955867767334
Q61Y	1.498867392539978	-8.04192066192627	-0.34742555022239685	-23.75748634338379	-7.964968681335449	5.969668388366699	1.0676599740982056	-14.702014923095703	-40.17304611206055	0.9313557744026184	-8.551931381225586
R62A	-23.8143310546875	-13.0338716506958	-14.63415241241455	-9.814403533935547	-10.539356231689453	-21.439048767089844	-0.7138554453849792	-14.09659194946289	-12.458382606506348	-26.45383071899414	-14.69978141784668
R62C	-25.88144302368164	-9.496541976928711	-5.115412712097168	3.0767011642456055	-4.617215156555176	-18.42830467224121	-12.352994918823242	-6.905648708343506	-15.281578063964844	-8.85314655303955	-10.385558128356934
R62D	-25.93607521057129	-10.781007766723633	-6.2027587890625	-7.117229461669922	0.8699780106544495	-16.240385055541992	-13.604279518127441	-10.280083656311035	-11.773696899414062	-11.819707870483398	-11.288524627685547
R62E	-6.2364420890808105	-3.703294038772583	-12.813560485839844	5.635123252868652	-7.06331205368042	6.430806636810303	-2.6407363414764404	-4.923722743988037	-3.827484607696533	-16.6367130279541	-4.577933311462402
R62F	-34.37197494506836	-16.247119903564453	-8.648096084594727	-8.058656692504883	-8.309983253479004	-15.113164901733398	-7.454275608062744	-9.007305145263672	-9.697797775268555	-14.180182456970215	-13.108854293823242
R62G	-21.464859008789062	-10.6415376663208	-12.614782333374023	-8.478365898132324	-4.023711681365967	-18.13376235961914	-0.5610107779502869	-13.518577575683594	-10.831554412841797	-19.911235809326172	-12.017939567565918
R62H	-30.521432876586914	-4.713327407836914	-2.694655656814575	1.9622048139572144	-4.126960277557373	-21.020057678222656	-13.885491371154785	-7.594224452972412	-12.61512565612793	-10.236531257629395	-10.544561386108398
R62I	-26.959543228149414	-24.09095573425293	-6.605569362640381	-5.732524871826172	-5.5179362297058105	-21.304622650146484	-5.268167972564697	-6.19910192489624	-8.22175407409668	-14.3565673828125	-12.425674438476562
R62K	-20.166759490966797	-15.914944648742676	-8.89438247680664	-16.724416732788086	-4.933715343475342	-14.803167343139648	-2.6541051864624023	-11.232006072998047	-12.828919410705566	-12.240588188171387	-12.039300918579102
R62L	-23.498620986938477	-18.34951400756836	-16.149255752563477	-15.259060859680176	-17.445981979370117	-22.604562759399414	-4.638009548187256	-2.505258321762085	-11.89494514465332	-17.999771118164062	-15.03449821472168
R62M	-34.73638153076172	-7.8040771484375	-5.5247087478637695	2.9263830184936523	-4.8699870109558105	-20.703248977661133	-15.399421691894531	-5.5622334480285645	-17.410816192626953	-7.880422115325928	-11.696491241455078
R62N	-37.15252685546875	-9.912256240844727	-4.447597503662109	-0.8775211572647095	-1.2631624937057495	-21.85219383239746	-14.506657600402832	-12.807291984558105	-14.563990592956543	-11.256734848022461	-12.863992691040039
R62P	-32.6166877746582	-15.210121154785156	-9.42549991607666	-15.96519660949707	-6.475134372711182	-25.761457443237305	-14.790144920349121	-12.064509391784668	-27.282066345214844	-12.788346290588379	-17.237916946411133
R62Q	-32.63225173950195	-8.922639846801758	-3.317479133605957	-5.669971466064453	-1.6709299087524414	-24.492868423461914	-13.033684730529785	-10.41004753112793	-12.09838581085205	-12.590267181396484	-12.483853340148926
R62S	-27.737367630004883	-15.958536148071289	-12.64093017578125	-15.357110023498535	-6.995327949523926	-19.232942581176758	-5.167680740356445	-13.080947875976562	-10.993215560913086	-17.951396942138672	-14.51154613494873
R62T	-29.669008255004883	-16.551647186279297	-9.485934257507324	-14.562142372131348	-6.5864033699035645	-18.64569091796875	-5.328434467315674	-11.157424926757812	-5.502276420593262	-22.107017517089844	-13.95959758758545
R62V	-26.80484962463379	-30.396934509277344	-10.439423561096191	-9.217528343200684	-9.044941902160645	-26.170028686523438	0.3876045346260071	-7.717561721801758	-5.128655910491943	-13.165924072265625	-13.769824028015137
R62W	-43.74524688720703	-11.153478622436523	-9.10983657836914	1.2510268688201904	-10.473281860351562	-29.0028018951416	-20.692739486694336	-7.403609752655029	-21.48795509338379	-8.081100463867188	-15.989903450012207
R62Y	-39.016319274902344	-10.043814659118652	-6.0608320236206055	3.091796875	-7.015581130981445	-21.661766052246094	-19.628108978271484	-6.954198360443115	-20.245250701904297	-7.310302257537842	-13.484437942504883
E63A	-24.996685028076172	-7.665811538696289	-20.02326011657715	-9.681690216064453	-12.202661514282227	-22.59478759765625	-9.141881942749023	2.250621795654297	-8.748905181884766	-24.56870460510254	-13.737378120422363
E63C	-58.00032043457031	-23.43106460571289	-13.216177940368652	-7.523036956787109	-11.95938491821289	-8.936469078063965	-28.79979133605957	-4.7975897789001465	-12.528457641601562	-5.106807231903076	-17.42991065979004
E63D	-59.724151611328125	-15.98143196105957	-12.396814346313477	-16.219898223876953	-15.111257553100586	-20.52159309387207	-23.931564331054688	-2.9184958934783936	-17.09733772277832	-14.126052856445312	-19.802860260009766
E63F	-49.10639572143555	-22.502107620239258	-11.530898094177246	-23.92229461669922	-16.427600860595703	-15.638919830322266	-13.783951759338379	-1.325478434562683	-5.994568347930908	-13.039393424987793	-17.32716178894043
E63G	-23.335899353027344	-5.4366230964660645	-12.29518985748291	-12.151252746582031	-7.655045986175537	-9.00326919555664	-8.526154518127441	-1.2153257131576538	-7.458830833435059	-14.570527076721191	-10.164811134338379
E63H	-61.53688049316406	-18.12588119506836	-11.003281593322754	-9.365188598632812	-12.210592269897461	-18.46053695678711	-26.8350772857666	-5.494441986083984	-16.399343490600586	-6.796541213989258	-18.62277603149414
E63I	-41.66050338745117	-27.05442237854004	-9.453924179077148	-21.806596755981445	-15.140312194824219	-18.067337036132812	-10.532750129699707	5.267671585083008	-4.61816930770874	-16.307662963867188	-15.937400817871094
E63K	-50.07041549682617	-24.388038635253906	-17.456321716308594	-22.602441787719727	-15.18570613861084	-17.143177032470703	-14.696950912475586	-1.6754746437072754	-7.482157230377197	-23.88614273071289	-19.458681106567383
E63L	-11.774848937988281	-20.898405075073242	-25.80434226989746	-16.457094192504883	-18.738248825073242	-35.27058792114258	-7.355982303619385	12.408198356628418	-23.69025421142578	-16.609952926635742	-16.419153213500977
E63M	-62.66761779785156	-23.447608947753906	-14.446044921875	-9.570503234863281	-16.351825714111328	-16.312679290771484	-24.132404327392578	-4.959139823913574	-14.78448486328125	-7.503707408905029	-19.417600631713867
E63N	-62.74586486816406	-15.250954627990723	-11.271035194396973	-15.172749519348145	-15.820806503295898	-17.239768981933594	-22.239137649536133	-4.095121383666992	-16.341440200805664	-9.672287940979004	-18.98491859436035
E63P	-55.0950813293457	-20.206478118896484	-20.646270751953125	-20.410375595092773	-17.02219009399414	-23.60622215270996	-28.97098731994629	-7.155078887939453	-22.111480712890625	-9.242016792297363	-22.446619033813477
E63Q	-57.8508186340332	-23.40882110595703	-12.333049774169922	-17.173248291015625	-18.16394805908203	-22.708641052246094	-19.73634147644043	-3.223778486251831	-15.639336585998535	-13.624312400817871	-20.386234283447266
E63R	-27.478960037231445	-16.7938289642334	-11.664257049560547	-14.018692970275879	-6.952113628387451	-15.688830375671387	-14.300042152404785	3.9779436588287354	-6.577147006988525	-21.988637924194336	-13.148455619812012
E63S	-43.37872314453125	-16.802148818969727	-15.724772453308105	-20.67243003845215	-12.740840911865234	-19.813289642333984	-14.239155769348145	-3.386641263961792	-6.956125736236572	-18.34592628479004	-17.206005096435547
E63T	-40.354713439941406	-19.210153579711914	-10.943320274353027	-22.732086181640625	-11.748443603515625	-17.08940315246582	-11.528755187988281	-0.6051731705665588	-3.7017805576324463	-17.809019088745117	-15.572285652160645
E63V	-28.818700790405273	-23.724363327026367	-11.628142356872559	-15.089540481567383	-9.005708694458008	-25.390483856201172	-2.5929009914398193	21.169883728027344	-1.7978547811508179	-20.52621841430664	-11.740402221679688
E63W	-61.65433883666992	-24.767576217651367	-18.164766311645508	-7.725375652313232	-17.983795166015625	-24.52053451538086	-28.300336837768555	-9.681065559387207	-18.288240432739258	-5.521790981292725	-21.66077995300293
E63Y	-67.41934967041016	-23.00743865966797	-14.81091594696045	-7.589348793029785	-15.411394119262695	-19.57892608642578	-30.26726722717285	-10.018783569335938	-19.66049575805664	-5.5489583015441895	-21.331289291381836
T64A	-18.380210876464844	-11.578727722167969	-7.752944469451904	7.954680442810059	-6.401825428009033	-14.153255462646484	-1.3697924613952637	8.488791465759277	-8.788915634155273	-18.688434600830078	-7.067063808441162
T64C	-9.079537391662598	1.65818452835083	-10.965047836303711	9.360024452209473	-12.838160514831543	-7.768049240112305	-7.050452709197998	2.9618077278137207	-3.1859288215637207	-9.328726768493652	-4.623588562011719
T64D	-22.683826446533203	-4.732923984527588	-10.744504928588867	-1.3306684494018555	-21.21917724609375	-20.32729721069336	-7.17756986618042	-4.432220935821533	-13.919769287109375	-14.764387130737305	-12.133234024047852
T64E	-30.26425552368164	-8.618008613586426	-24.635408401489258	0.694517970085144	-28.560697555541992	-26.449539184570312	-11.44434928894043	5.089632511138916	-11.985550880432129	-24.91191864013672	-16.108556747436523
T64F	-9.957645416259766	-0.45071443915367126	-6.501490592956543	2.460878610610962	-5.58305025100708	-8.47314739227295	-1.9844818115234375	-1.1843583583831787	-9.02437973022461	-7.167367458343506	-4.7865753173828125
T64G	-17.118194580078125	-8.08158016204834	-18.20795440673828	0.21279701590538025	-17.676424026489258	-14.224079132080078	1.454413652420044	2.9053192138671875	-18.296659469604492	-17.62744903564453	-10.665982246398926
T64H	-13.006882667541504	2.5485146045684814	-7.780086994171143	4.939208984375	-15.222417831420898	-10.220487594604492	-12.167703628540039	-1.9471089839935303	-7.305955410003662	-10.121994018554688	-7.028491020202637
T64I	-3.873070240020752	-2.803138494491577	-5.882490634918213	7.086690425872803	-2.898728370666504	-7.564709663391113	3.3545234203338623	3.9025983810424805	-0.8089104294776917	-10.78152084350586	-2.0268757343292236
T64K	-25.278179168701172	-10.552621841430664	-13.11386489868164	-4.079841613769531	-20.29606056213379	-20.236473083496094	-2.3921427726745605	-0.7474158406257629	-17.343875885009766	-16.92719268798828	-13.096768379211426
T64L	-7.142067909240723	5.0861992835998535	-2.232733726501465	-0.7628918886184692	-0.5610659718513489	-0.8563229441642761	-0.9821348786354065	15.807106971740723	-0.39146536588668823	-5.30148458480835	0.2663138806819916
T64M	-4.4717278480529785	1.421302318572998	-9.846051216125488	7.522407531738281	-15.115625381469727	-9.054939270019531	-6.942718505859375	-0.8239060044288635	-4.717658519744873	-9.83271312713623	-5.186162948608398
T64N	-22.144197463989258	-2.3380260467529297	-7.139693260192871	-0.6123788356781006	-15.855175018310547	-12.39174747467041	-5.889401435852051	-1.9998353719711304	-9.722332000732422	-11.839052200317383	-8.993184089660645
T64P	-24.872352600097656	-4.870317459106445	-15.420907020568848	-6.254486560821533	-20.401962280273438	-13.282651901245117	-8.871362686157227	-6.459814548492432	-20.0718936920166	-11.541714668273926	-13.204745292663574
T64Q	-18.285511016845703	-3.534621238708496	-9.181485176086426	1.1942472457885742	-17.955129623413086	-16.26981544494629	-8.530562400817871	-3.605510711669922	-8.676953315734863	-12.514795303344727	-9.736013412475586
T64R	-15.638885498046875	-5.841405868530273	-11.131340980529785	-2.7707314491271973	-20.336841583251953	-19.999168395996094	-2.0919063091278076	-3.021512508392334	-14.120889663696289	-16.39250373840332	-11.13451862335205
T64S	-26.499326705932617	-5.87492561340332	-14.92573356628418	-3.814516067504883	-15.610346794128418	-15.760714530944824	0.9536677598953247	0.15636317431926727	-18.30307388305664	-15.33298397064209	-11.501158714294434
T64V	-7.6358537673950195	1.266857385635376	0.8680465221405029	2.9282782077789307	2.514723300933838	-6.991568088531494	7.49608850479126	11.00888442993164	2.6756234169006348	-5.778949737548828	0.8352128863334656
T64W	-7.266590118408203	-0.4842527210712433	-11.145782470703125	-1.9682421684265137	-16.145538330078125	-10.932740211486816	-12.76406478881836	-3.9902541637420654	-11.644357681274414	-8.416906356811523	-8.475872993469238
T64Y	-12.24185562133789	4.2558183670043945	-9.7691650390625	5.074969291687012	-12.318272590637207	-9.418779373168945	-14.668412208557129	-3.0327377319335938	-11.12761402130127	-5.970638751983643	-6.921669006347656
W65A	6.490623474121094	12.514140129089355	-2.5702381134033203	9.668801307678223	8.674787521362305	8.796655654907227	1.1355631351470947	6.377922058105469	3.5326058864593506	7.287504196166992	6.190836429595947
W65C	2.5473310947418213	-4.888333320617676	8.560166358947754	-8.522174835205078	-4.566835403442383	-5.201710224151611	3.072523593902588	-19.92354965209961	-4.459409236907959	-1.4277769327163696	-3.4809768199920654
W65D	3.1714096069335938	3.689230442047119	2.518496513366699	0.7197911739349365	4.862637042999268	6.809709072113037	3.575892925262451	1.874948501586914	2.8219990730285645	3.2269294261932373	3.3271045684814453
W65E	0.7924055457115173	4.9832048416137695	-2.075713872909546	-0.5564059019088745	1.206093668937683	26.051074981689453	1.5707206726074219	-2.593137264251709	1.9586575031280518	-2.8849542140960693	2.8451945781707764
W65F	0.4832875728607178	-0.690300703048706	-5.372855186462402	1.4310139417648315	5.68105411529541	1.8688955307006836	1.070381999015808	6.429745197296143	2.9155280590057373	2.0203731060028076	1.5837123394012451
W65G	6.280148983001709	12.463631629943848	1.6045013666152954	4.060590744018555	6.274692058563232	14.99770736694336	5.476423263549805	4.541431427001953	2.6368911266326904	4.012530326843262	6.2348551750183105
W65H	1.9259790182113647	-4.559412479400635	4.51861047744751	-5.168161392211914	-2.8608670234680176	-5.687733173370361	-0.10341860353946686	-3.912834405899048	-3.785761594772339	2.276096820831299	-1.7357501983642578
W65I	-0.0784221962094307	2.0149383544921875	2.2490034103393555	-0.3642441928386688	4.958776473999023	4.820803165435791	0.9440169930458069	6.582499027252197	3.068077325820923	2.6532576084136963	2.684870481491089
W65K	6.429515838623047	9.999300003051758	3.5684478282928467	9.801253318786621	9.613579750061035	11.020306587219238	5.404801845550537	4.739150047302246	3.2279181480407715	10.6003999710083	7.44046688079834
W65L	1.2826999425888062	4.522914409637451	-0.17461726069450378	9.571913719177246	4.607829570770264	11.21026611328125	-3.2931554317474365	2.3484089374542236	5.685048580169678	3.3649933338165283	3.912630558013916
W65M	3.2280972003936768	-1.7546483278274536	5.925283432006836	-2.6541390419006348	-2.724874496459961	-2.966578245162964	3.6192312240600586	-11.762085914611816	-0.20818300545215607	-0.06578243523836136	-0.9363679885864258
W65N	4.503170490264893	0.24857696890830994	2.433453321456909	0.5598961114883423	0.561448872089386	2.812727928161621	2.2150039672851562	0.32386383414268494	1.6096893548965454	3.185368537902832	1.8453199863433838
W65P	-1.7587100267410278	-0.7896901965141296	-2.9234538078308105	-7.482511043548584	2.129405975341797	1.4170737266540527	-1.1615519523620605	-0.6178529262542725	1.90449059009552	1.8361505270004272	-0.7446649074554443
W65Q	3.329011917114258	1.027914047241211	5.984445095062256	1.3724606037139893	3.8640668392181396	5.529298305511475	2.8220534324645996	1.2143712043762207	2.357570171356201	3.3278627395629883	3.0829055309295654
W65R	5.798752784729004	4.8979387283325195	3.0237162113189697	6.453699111938477	8.853179931640625	13.232624053955078	3.7647576332092285	2.5872910022735596	3.522996425628662	8.958578109741211	6.109353542327881
W65S	7.384174823760986	8.763449668884277	1.7095670700073242	3.471027374267578	7.834561347961426	10.002513885498047	5.489405632019043	5.919215679168701	2.2903945446014404	5.259080410003662	5.812338829040527
W65T	6.344923973083496	9.845650672912598	2.8179855346679688	1.9340509176254272	7.876489639282227	9.488574028015137	3.0037240982055664	6.888554096221924	3.787557601928711	5.749696254730225	5.773720741271973
W65V	8.51554012298584	10.89332389831543	0.08352860808372498	1.0264908075332642	11.761669158935547	1.5557632446289062	3.1761159896850586	7.126228332519531	3.2849271297454834	5.468540191650391	5.289212703704834
W65Y	1.4538642168045044	-8.69002628326416	3.7378573417663574	-13.867912292480469	-4.900372505187988	-8.0761079788208	0.13519996404647827	-15.100224494934082	-7.754110813140869	-2.3089849948883057	-5.537081718444824
E66A	-13.11718463897705	-2.2307827472686768	-13.062182426452637	-7.666575908660889	-8.922769546508789	-17.09093475341797	-4.491403102874756	-1.7715222835540771	-0.19553743302822113	-28.157978057861328	-9.670686721801758
E66C	-27.488569259643555	-24.349246978759766	-15.166680335998535	-6.120815277099609	-9.175734519958496	-5.044408798217773	-24.36317253112793	2.0376241207122803	1.1514496803283691	-2.646250009536743	-11.11658000946045
E66D	-20.612756729125977	-7.2919111251831055	-12.34071159362793	-9.532325744628906	-11.336409568786621	-7.48091983795166	-25.440460205078125	-4.20556116104126	-8.48587703704834	-14.379353523254395	-12.110628128051758
E66F	-27.325679779052734	-17.987335205078125	-13.481084823608398	-19.996681213378906	-10.265125274658203	-8.663637161254883	-13.772027015686035	0.13308893144130707	-0.0640537291765213	-16.98253059387207	-12.840507507324219
E66G	-6.976567268371582	-2.225184440612793	-6.33573055267334	-11.582876205444336	-3.9847946166992188	-6.197219371795654	-4.929657936096191	0.263146311044693	-2.2836930751800537	-11.862690925598145	-5.6115264892578125
E66H	-19.66965103149414	-18.400131225585938	-11.312549591064453	-8.619704246520996	-8.561473846435547	-6.332845687866211	-27.338308334350586	-1.6346691846847534	-2.5811080932617188	-3.8633477687835693	-10.831378936767578
E66I	-25.39144515991211	-20.19120216369629	-10.766411781311035	-21.274023056030273	-11.733003616333008	-11.501535415649414	-9.859500885009766	5.694874286651611	1.365688443183899	-19.063343048095703	-12.271989822387695
E66K	-13.289607048034668	-9.548808097839355	-12.918724060058594	-13.213483810424805	-5.847799301147461	-12.90083122253418	-14.293892860412598	-1.5260045528411865	-5.379991054534912	-23.907732009887695	-11.282687187194824
E66L	-15.18554973602295	-3.960475444793701	-20.128971099853516	-10.544965744018555	-14.069023132324219	-29.94910430908203	-2.2535030841827393	19.139020919799805	-5.505904197692871	-39.328704833984375	-12.178717613220215
E66M	-25.753103256225586	-22.447141647338867	-18.354454040527344	-4.307632923126221	-9.257428169250488	-6.099318981170654	-28.514606475830078	4.213649749755859	-2.9483420848846436	-6.370127201080322	-11.983850479125977
E66N	-24.155672073364258	-10.406815528869629	-11.029436111450195	-10.896689414978027	-10.193321228027344	-3.5772171020507812	-25.5003719329834	-3.944430351257324	-5.557685852050781	-10.018932342529297	-11.528058052062988
E66P	-18.247690200805664	-21.411775588989258	-13.862918853759766	-13.56407356262207	-13.223562240600586	-10.83836841583252	-24.367822647094727	-6.6205315589904785	-9.82528018951416	-11.131145477294922	-14.309316635131836
E66Q	-17.28040885925293	-15.571573257446289	-14.598346710205078	-10.824398040771484	-10.810163497924805	-11.059378623962402	-24.34797477722168	-1.5207716226577759	-6.654594421386719	-11.336324691772461	-12.400394439697266
E66R	-12.049919128417969	-8.172998428344727	-9.669482231140137	-9.144587516784668	-4.840297698974609	-5.921000957489014	-18.861431121826172	-0.9133560061454773	-2.0019686222076416	-12.942681312561035	-8.45177173614502
E66S	-15.486993789672852	-8.349603652954102	-9.905003547668457	-17.968318939208984	-8.173420906066895	-12.964024543762207	-12.580166816711426	-1.9600237607955933	-2.2056353092193604	-19.463294982910156	-10.905649185180664
E66T	-17.174026489257812	-12.21735954284668	-8.819051742553711	-22.580957412719727	-9.32724666595459	-12.368858337402344	-11.989541053771973	-2.9951303005218506	1.1819777488708496	-21.653947830200195	-11.794414520263672
E66V	-19.332128524780273	-12.708484649658203	-8.878215789794922	-19.957727432250977	-8.152387619018555	-20.212392807006836	-2.2428252696990967	18.432687759399414	6.292187690734863	-20.95659828186035	-8.771589279174805
E66W	-34.78264236450195	-31.155553817749023	-18.701372146606445	-2.9160475730895996	-11.129796028137207	-13.866971015930176	-31.023508071899414	-3.597848653793335	-4.817624092102051	-3.478118658065796	-15.54694938659668
E66Y	-32.06424331665039	-28.68777084350586	-14.816728591918945	-5.067850112915039	-10.237622261047363	-7.32098388671875	-28.001554489135742	-3.394657850265503	-3.143218994140625	-3.028510808944702	-13.576313972473145
E67A	-16.11901092529297	-1.4357085227966309	-20.2503662109375	-2.448025941848755	-12.831883430480957	-19.52711296081543	-11.698357582092285	-0.20200346410274506	-6.617971420288086	-33.79585266113281	-12.492629051208496
E67C	-48.149574279785156	-24.471662521362305	-19.28728485107422	-8.605392456054688	-11.179367065429688	-5.014154434204102	-27.193225860595703	-16.787153244018555	-1.76356840133667	-11.251075744628906	-17.3702449798584
E67D	-42.21011734008789	-20.414608001708984	-10.780648231506348	-8.472698211669922	-11.737409591674805	-10.025129318237305	-23.511640548706055	-8.117335319519043	-4.314917087554932	-19.860212326049805	-15.94447135925293
E67F	-42.54680252075195	-20.176132202148438	-13.566933631896973	-16.87586784362793	-14.188782691955566	-8.032791137695312	-11.740462303161621	-7.6997389793396	1.457762360572815	-20.150150299072266	-15.35198974609375
E67G	-12.452140808105469	-0.0954335555434227	-14.94062614440918	-4.982392311096191	-8.612589836120605	-8.042025566101074	-4.6971893310546875	-3.096478223800659	-4.171693801879883	-18.068706512451172	-7.915926933288574
E67H	-41.82387161254883	-21.360177993774414	-9.84592056274414	-8.283087730407715	-11.536576271057129	-5.740290641784668	-27.310163497924805	-12.631878852844238	-1.851089596748352	-12.584317207336426	-15.296737670898438
E67I	-34.407894134521484	-24.460224151611328	-9.881585121154785	-17.797719955444336	-12.682257652282715	-9.939087867736816	-11.434179306030273	-5.384971618652344	2.2667596340179443	-20.647390365600586	-14.436854362487793
E67K	-22.780576705932617	-19.145544052124023	-13.942291259765625	-7.127748966217041	-9.539478302001953	-12.305122375488281	-18.505144119262695	-4.476884841918945	-2.5573625564575195	-26.002174377441406	-13.638232231140137
E67L	-8.58092975616455	-9.112486839294434	-21.833759307861328	-14.792073249816895	-19.12907600402832	-23.433576583862305	-3.748842477798462	10.814743995666504	-2.91278338432312	-22.771697998046875	-11.550047874450684
E67M	-45.365455627441406	-26.96563720703125	-17.118106842041016	-10.573593139648438	-14.212177276611328	-5.995205879211426	-22.158157348632812	-14.492327690124512	-3.179356098175049	-13.885095596313477	-17.394512176513672
E67N	-49.21913528442383	-22.90322494506836	-9.881248474121094	-10.732137680053711	-13.440580368041992	-7.0220136642456055	-26.294818878173828	-9.71252155303955	-2.8260698318481445	-17.02250862121582	-16.905426025390625
E67P	-39.65920639038086	-25.892940521240234	-13.777013778686523	-13.3258638381958	-14.469265937805176	-11.1199312210083	-26.53022575378418	-9.259603500366211	-9.108945846557617	-17.529390335083008	-18.06723976135254
E67Q	-42.161251068115234	-30.517436981201172	-11.023890495300293	-12.047111511230469	-14.951597213745117	-11.21693229675293	-24.318758010864258	-10.425752639770508	-2.8589181900024414	-20.04966926574707	-17.95713233947754
E67R	-24.99873161315918	-14.074568748474121	-9.003220558166504	-7.1544318199157715	-5.626903057098389	-9.544883728027344	-12.576706886291504	-4.13865327835083	1.5588229894638062	-20.18548011779785	-10.57447624206543
E67S	-24.537965774536133	-9.198390007019043	-11.792411804199219	-8.7557373046875	-10.08395767211914	-12.400056838989258	-15.8251314163208	-5.137876033782959	-2.371953010559082	-22.257946014404297	-12.236143112182617
E67T	-25.741844177246094	-10.098078727722168	-14.670663833618164	-12.372581481933594	-9.223803520202637	-14.709410667419434	-21.03272247314453	-4.896280765533447	-1.1184940338134766	-26.02690887451172	-13.9890775680542
E67V	-22.120153427124023	-17.3485050201416	-11.571859359741211	-16.897113800048828	-11.423970222473145	-17.205596923828125	-4.264008522033691	6.504968643188477	3.448638439178467	-21.34125328063965	-11.22188663482666
E67W	-49.175437927246094	-31.784929275512695	-19.266094207763672	-6.7841291427612305	-17.233654022216797	-10.773263931274414	-25.089937210083008	-16.840524673461914	-6.4746832847595215	-13.108607292175293	-19.653125762939453
E67Y	-48.29618453979492	-26.178550720214844	-16.06916046142578	-8.075450897216797	-13.619494438171387	-5.746769428253174	-25.997785568237305	-20.162757873535156	-5.023159027099609	-10.998605728149414	-18.01679229736328
A68C	-10.02827262878418	-5.218762397766113	-6.477292537689209	4.100378036499023	-9.480846405029297	-3.655036687850952	-7.022297382354736	-5.926223278045654	0.14169451594352722	-11.380501747131348	-5.494716167449951
A68D	-6.898042678833008	-4.1727399826049805	-6.468361854553223	2.7972495555877686	-9.208477020263672	-12.090731620788574	-3.7830400466918945	-2.691746473312378	-1.0178617238998413	-15.297209739685059	-5.883095741271973
A68E	-10.763535499572754	3.5280048847198486	-16.676742553710938	1.9998672008514404	-8.821128845214844	-28.08456802368164	-8.309118270874023	14.5083646774292	-3.339026927947998	-20.857568740844727	-7.681545257568359
A68F	-0.13909024000167847	-0.3444628417491913	-5.968588829040527	5.338191986083984	-3.289309024810791	-4.171545505523682	2.644559383392334	-0.5414779782295227	1.6666905879974365	-7.812440395355225	-1.2617473602294922
A68G	-9.091449737548828	-5.3105669021606445	-11.426146507263184	1.4642419815063477	-9.13260555267334	-12.359336853027344	2.2375447750091553	11.521060943603516	-4.008788585662842	-20.934925079345703	-5.704097270965576
A68H	-7.088068008422852	-0.8320894241333008	-6.825720310211182	2.6425085067749023	-9.955514907836914	-7.141202449798584	-9.631304740905762	-4.210965156555176	-1.208498477935791	-10.861045837402344	-5.511189937591553
A68I	-0.03327358514070511	-1.9381296634674072	-2.4760220050811768	1.114409327507019	-1.6257243156433105	-2.403700351715088	3.4306461811065674	2.669142484664917	2.5724284648895264	-12.889493942260742	-1.157971739768982
A68K	-8.182792663574219	-2.272411823272705	-7.0993499755859375	0.4890582263469696	-6.998095989227295	-12.063307762145996	2.491091728210449	7.373086929321289	2.8081166744232178	-18.11565589904785	-4.1570258140563965
A68L	2.3229660987854004	-5.104005813598633	5.9348015785217285	12.235468864440918	3.656350612640381	1.3429948091506958	10.15667724609375	19.271728515625	9.945757865905762	-2.111429452896118	5.765130996704102
A68M	-10.895421028137207	-4.625438213348389	-6.94158411026001	3.2867836952209473	-12.169903755187988	-5.303252696990967	-7.41278076171875	-6.6815996170043945	-0.679379940032959	-10.960283279418945	-6.238286018371582
A68N	-3.523918628692627	-2.2594850063323975	-5.067612648010254	3.828930377960205	-8.837973594665527	-8.908614158630371	-2.655930280685425	-1.6790786981582642	-0.4250560402870178	-12.096790313720703	-4.162552833557129
A68P	-7.408599853515625	-1.6974220275878906	-11.065712928771973	-1.1888582706451416	-13.20040512084961	-10.849814414978027	-2.3577044010162354	-5.752525329589844	-8.65639591217041	-14.542684555053711	-7.6720123291015625
A68Q	-4.075996398925781	-1.8886758089065552	-5.531862258911133	2.8629088401794434	-9.780441284179688	-9.328909873962402	-4.4242167472839355	-1.8612874746322632	0.19016432762145996	-15.148516654968262	-4.898683547973633
A68R	-2.9433538913726807	-1.9518380165100098	-4.563880443572998	2.086928367614746	-4.040645122528076	-9.07086181640625	0.17291444540023804	8.269890785217285	2.3586785793304443	-14.275039672851562	-2.3957207202911377
A68S	-10.423114776611328	-0.8610620498657227	-6.843390941619873	3.914823532104492	-7.639391899108887	-11.153470039367676	4.641348361968994	6.065399169921875	0.9844725131988525	-18.39362907409668	-3.970801591873169
A68T	-4.748987674713135	-0.9831075668334961	-4.192726135253906	5.145946025848389	-4.1710920333862305	-7.3014421463012695	4.248184680938721	4.5394606590271	2.3915019035339355	-16.069547653198242	-2.1141810417175293
A68V	0.23622268438339233	-1.2650840282440186	1.1687854528427124	8.070920944213867	0.7029191851615906	-3.0944361686706543	11.189263343811035	10.128461837768555	4.983096122741699	-6.630012035369873	2.549013614654541
A68W	-23.31842803955078	-8.837568283081055	-13.080742835998535	0.2198232114315033	-15.362335205078125	-6.249170780181885	-13.267193794250488	-10.74377155303955	-6.36941385269165	-8.572901725769043	-10.558171272277832
A68Y	-17.009626388549805	-0.6715353727340698	-9.687053680419922	1.552572250366211	-11.472702980041504	-6.3780951499938965	-16.717695236206055	-5.561164855957031	-5.485341548919678	-8.49159049987793	-7.992223262786865
A69C	7.134720802307129	4.639069080352783	4.664768218994141	5.342488765716553	4.630528450012207	3.8604137897491455	11.977083206176758	-12.187910079956055	1.9693329334259033	-1.4130388498306274	3.0617456436157227
A69D	12.805015563964844	8.183032035827637	3.8162379264831543	7.146759033203125	0.298753559589386	5.010544300079346	1.092863917350769	1.9480327367782593	4.157828330993652	1.8893637657165527	4.634842872619629
A69E	3.685877799987793	20.718713760375977	-3.6563963890075684	8.60300064086914	4.5538716316223145	24.063692092895508	3.966973304748535	2.232562303543091	3.8706295490264893	-0.440742552280426	6.759817600250244
A69F	9.946206092834473	4.359772682189941	-0.33735790848731995	10.521114349365234	-1.6609598398208618	1.4036391973495483	0.6659455895423889	1.1410428285598755	3.0885369777679443	-1.0129098892211914	2.8115029335021973
A69G	4.2000732421875	3.2000999450683594	-3.0958948135375977	8.984699249267578	-2.6287691593170166	14.784526824951172	3.310164213180542	4.545239448547363	2.1866772174835205	-3.023149251937866	3.2463669776916504
A69H	8.431412696838379	3.7193212509155273	5.729454040527344	3.7458741664886475	3.7079904079437256	0.9703659415245056	4.371886730194092	-11.351202011108398	1.7794153690338135	0.8824581503868103	2.198697566986084
A69I	6.901716232299805	-0.29358354210853577	1.3819531202316284	9.01339340209961	-2.378584146499634	3.8593525886535645	-0.008222740143537521	3.6642918586730957	2.4803271293640137	-3.171226978302002	2.144941806793213
A69K	7.413454055786133	9.015531539916992	-0.32573217153549194	7.666977405548096	-0.0846882238984108	16.772808074951172	3.7622251510620117	5.94575834274292	3.004369020462036	6.726877689361572	5.989758491516113
A69L	-5.752753257751465	13.289953231811523	-18.265960693359375	4.028859615325928	-5.903162479400635	-1.2851855754852295	-2.409888505935669	11.9198637008667	1.2724223136901855	-15.916757583618164	-1.9022610187530518
A69M	8.730340957641602	5.348702907562256	4.292625427246094	4.433205604553223	5.338069438934326	3.892821788787842	8.510686874389648	-11.16755199432373	4.465167045593262	-1.5719388723373413	3.2272133827209473
A69N	13.3804931640625	5.597225189208984	3.878844738006592	6.921833038330078	0.9238134622573853	3.3410472869873047	0.20636221766471863	1.9161301851272583	4.270690441131592	3.249019145965576	4.368546485900879
A69P	6.662203788757324	4.325441360473633	1.8237279653549194	6.846299648284912	-2.11030650138855	-0.08145309239625931	0.2063085436820984	-1.470132827758789	1.615882396697998	-0.8696385025978088	1.6948333978652954
A69Q	11.935434341430664	4.598026275634766	3.795863628387451	7.559791564941406	3.792910099029541	4.042494297027588	1.1878535747528076	-0.7389376759529114	5.247702598571777	5.173252582550049	4.659439563751221
A69R	9.031155586242676	5.653303146362305	1.9800223112106323	11.450196266174316	1.9643794298171997	15.240507125854492	1.1320842504501343	5.041052341461182	3.537487745285034	3.8396356105804443	5.886982440948486
A69S	2.4660489559173584	2.877189874649048	-4.891154766082764	8.49793529510498	-1.518059492111206	11.034988403320312	3.0154244899749756	4.881890773773193	2.129894495010376	-1.141342282295227	2.7352817058563232
A69T	6.199159622192383	2.272996187210083	-4.993439197540283	7.751431941986084	-2.4579105377197266	6.995382308959961	0.5067701935768127	6.732666015625	2.305300235748291	2.8261163234710693	2.813847303390503
A69V	0.8088880181312561	4.449404716491699	-5.687728404998779	9.743945121765137	-0.33705809712409973	1.4969152212142944	-0.952843427658081	3.5603857040405273	0.8501116037368774	-8.371212005615234	0.5560808181762695
A69W	5.628383159637451	3.081150531768799	5.798047065734863	3.524266481399536	4.12017297744751	4.182074546813965	4.543150901794434	-13.820387840270996	0.844400942325592	-0.5175216794013977	1.7383737564086914
A69Y	7.176562309265137	1.9557862281799316	6.600648880004883	3.9385247230529785	2.8752055168151855	1.5662641525268555	9.573901176452637	-17.151762008666992	0.7497649192810059	-0.5843669772148132	1.6700528860092163
L70A	-14.855196952819824	-3.1120243072509766	-15.526355743408203	-1.28931725025177	-14.948873519897461	-1.2117716073989868	-4.947943210601807	-1.7634974718093872	-7.207899570465088	-4.6814117431640625	-6.954428672790527
L70C	-0.8162370324134827	-10.307866096496582	-1.7512900829315186	-14.757352828979492	-2.8820319175720215	-9.310276985168457	-1.5890883207321167	-14.14159107208252	-6.133524417877197	-6.950854778289795	-6.864011287689209
L70D	-28.8431453704834	-14.977926254272461	-11.806050300598145	-2.561408042907715	-30.92668914794922	-9.523564338684082	-1.554880142211914	-8.97373104095459	-16.41109848022461	-7.626208305358887	-13.320469856262207
L70E	-23.508682250976562	-7.165332794189453	-11.820122718811035	-8.104100227355957	-24.104604721069336	-13.73946762084961	-9.055941581726074	-1.1221712827682495	-9.171289443969727	-13.652793884277344	-12.144449234008789
L70F	-10.277579307556152	-6.547478199005127	-8.201749801635742	0.1772383749485016	-13.214223861694336	-4.286400318145752	-0.3362935781478882	-3.6077053546905518	-9.024845123291016	-4.850831031799316	-6.01698637008667
L70G	-16.261924743652344	-12.834742546081543	-22.99007797241211	-2.4243364334106445	-22.169408798217773	-7.431368350982666	-6.675694942474365	-5.2880144119262695	-8.847794532775879	-9.17224407196045	-11.409560203552246
L70H	-11.280397415161133	-14.21707534790039	-3.540652275085449	-7.557249069213867	-15.76753044128418	-9.993785858154297	-3.215266704559326	-11.312922477722168	-13.230535507202148	-7.385992527008057	-9.750141143798828
L70I	-4.888725280761719	-1.8036130666732788	-6.4500579833984375	0.15493139624595642	-8.656659126281738	-4.976717472076416	-0.36048179864883423	-4.044854640960693	-4.940066337585449	-5.3453803062438965	-4.131162166595459
L70K	-30.026891708374023	-14.536852836608887	-9.690293312072754	1.4342002868652344	-31.228647232055664	-9.332345008850098	-1.7766666412353516	-4.907588005065918	-16.466501235961914	-6.59689998626709	-12.312848091125488
L70M	-0.8784144520759583	-12.350238800048828	-4.477996349334717	-16.01399803161621	-2.392530679702759	-5.900824069976807	-5.649214744567871	-14.562573432922363	-5.385980606079102	-8.031585693359375	-7.56433629989624
L70N	-19.502946853637695	-16.5653018951416	-8.22911262512207	-2.1564598083496094	-24.11288070678711	-10.529291152954102	-0.1696258783340454	-10.015448570251465	-18.513256072998047	-5.969137668609619	-11.576346397399902
L70P	-14.272209167480469	-12.081826210021973	-10.553032875061035	-7.899997711181641	-22.39133071899414	-10.590164184570312	-4.734739780426025	-7.624553203582764	-17.100282669067383	-10.401612281799316	-11.764974594116211
L70Q	-13.64312744140625	-10.842808723449707	-6.065625190734863	-4.872260093688965	-22.89830780029297	-10.43531322479248	-2.1357617378234863	-8.843448638916016	-15.522869110107422	-8.29814624786377	-10.355767250061035
L70R	-20.9816951751709	-14.152122497558594	-5.971799850463867	1.113402009010315	-25.540708541870117	-9.814313888549805	-0.2986460328102112	-3.539292335510254	-16.103662490844727	-6.48186731338501	-10.177070617675781
L70S	-26.4412784576416	-12.840835571289062	-17.01447868347168	-2.579639434814453	-24.152673721313477	-9.120368957519531	-1.7851107120513916	-3.637028217315674	-13.266809463500977	-6.5643744468688965	-11.740260124206543
L70T	-19.463706970214844	-8.322391510009766	-10.637222290039062	0.0019163787364959717	-19.15277862548828	-8.648362159729004	-3.0826494693756104	-2.3265368938446045	-9.167492866516113	-3.5359814167022705	-8.433521270751953
L70V	-4.106700897216797	1.240534782409668	-9.986187934875488	3.3201870918273926	-3.9533028602600098	-1.8239467144012451	-0.46342283487319946	1.7494345903396606	-1.0178685188293457	-1.8667396306991577	-1.6908012628555298
L70W	0.21124786138534546	-14.973265647888184	-4.118852615356445	-18.512983322143555	-1.6871956586837769	-6.601985454559326	-5.398561954498291	-18.844440460205078	-5.388550281524658	-11.340456008911133	-8.665504455566406
L70Y	-3.9891767501831055	-14.212080001831055	-2.859802484512329	-16.315176010131836	-4.633401870727539	-7.216779708862305	-8.812438011169434	-15.108295440673828	-8.734332084655762	-12.130824089050293	-9.401230812072754
H71A	6.140059471130371	25.95130729675293	2.3117856979370117	1.472257137298584	-2.9561965465545654	3.6804442405700684	3.4685139656066895	-5.398149013519287	10.25864028930664	-1.7217639684677124	4.320689678192139
H71C	10.76211929321289	11.129814147949219	8.982062339782715	-8.9216890335083	-2.1001017093658447	7.391894340515137	16.915273666381836	-22.86092185974121	6.1514129638671875	4.743268966674805	3.219313859939575
H71D	13.837052345275879	5.926556587219238	6.190583229064941	-14.772598266601562	2.1146485805511475	4.529834747314453	3.5710983276367188	-11.850678443908691	3.8607590198516846	-12.30747127532959	0.1099785789847374
H71E	18.77655029296875	35.449424743652344	2.9380736351013184	9.887812614440918	-8.637179374694824	18.495441436767578	-2.078824281692505	1.5466729402542114	14.798444747924805	10.049280166625977	10.12256908416748
H71F	0.013603337109088898	2.1685705184936523	2.2737932205200195	-15.25639533996582	1.3915694952011108	-0.053105492144823074	6.466050148010254	-15.485475540161133	3.6523597240448	-15.386754989624023	-3.021578550338745
H71G	5.196516990661621	23.199857711791992	2.5427780151367188	-4.99098539352417	-1.6717787981033325	3.1084578037261963	2.825575828552246	-2.507866382598877	7.66010046005249	5.104730606079102	4.046738624572754
H71I	10.043840408325195	5.963841438293457	1.9715389013290405	-9.231768608093262	2.2681727409362793	-2.093259572982788	3.858985185623169	-14.077051162719727	5.41358757019043	-7.825585842132568	-0.3707699179649353
H71K	6.061578750610352	19.512319564819336	7.210402011871338	-3.1294076442718506	1.247620701789856	6.773569583892822	3.205317735671997	-7.793046951293945	9.22383975982666	-4.6262688636779785	3.768592357635498
H71L	6.050228595733643	-4.6063432693481445	-8.701319694519043	5.079154968261719	-6.885934829711914	-4.074063301086426	-0.610093891620636	-16.458986282348633	9.256519317626953	0.6413246989250183	-2.030951499938965
H71M	12.047006607055664	9.042219161987305	7.18733024597168	-10.729070663452148	-2.9970908164978027	2.787771224975586	10.780267715454102	-27.007490158081055	4.023258209228516	-0.5394959449768066	0.4594705104827881
H71N	10.385750770568848	7.4405517578125	7.084738731384277	-14.40571117401123	2.7781906127929688	4.210341930389404	7.428759574890137	-12.53439998626709	3.770642042160034	-6.781269073486328	0.9377595782279968
H71P	-1.1446861028671265	3.355726480484009	-2.357013702392578	-27.70842170715332	1.1838468313217163	5.1219096183776855	4.071926593780518	-27.844402313232422	-0.4783092737197876	-44.83426284790039	-9.06336784362793
H71Q	15.357921600341797	8.481060028076172	8.136428833007812	-9.303365707397461	-0.10744494944810867	5.360270023345947	7.764971733093262	-16.691852569580078	5.390497207641602	-1.4863625764846802	2.290212392807007
H71R	6.254765033721924	13.431572914123535	7.296744346618652	0.17229744791984558	2.111194610595703	4.212691307067871	6.331695079803467	-7.497770309448242	8.414026260375977	3.8002095222473145	4.452742099761963
H71S	7.654656410217285	15.73353385925293	5.0050859451293945	-8.098737716674805	0.25385549664497375	7.705603122711182	2.639186143875122	-5.251531600952148	7.605597019195557	0.29202502965927124	3.3539276123046875
H71T	6.184935569763184	13.974599838256836	6.943634986877441	-2.5778141021728516	2.9620039463043213	5.184924125671387	6.234556674957275	-4.070058822631836	7.301169395446777	1.9186619520187378	4.405661582946777
H71V	10.610916137695312	7.517086982727051	-0.7934110164642334	3.8589024543762207	2.235318422317505	3.5004498958587646	4.305153846740723	0.018956732004880905	10.372784614562988	2.8459036350250244	4.447206497192383
H71W	8.613962173461914	6.891541481018066	5.566488265991211	-15.00318717956543	-4.071266174316406	4.757485866546631	13.860576629638672	-32.73187255859375	1.3791286945343018	-3.53694748878479	-1.427409052848816
H71Y	7.186861991882324	7.965856552124023	5.613725662231445	-10.867317199707031	-2.9665675163269043	7.354799270629883	14.025308609008789	-23.75226593017578	1.6147938966751099	-2.0871336460113525	0.4088062345981598
L72A	-24.771949768066406	-6.889781475067139	-10.590435981750488	-2.2786216735839844	-23.353412628173828	-5.786724090576172	-4.190638065338135	-10.117630004882812	-9.49824047088623	-8.612178802490234	-10.60896110534668
L72C	-2.036729335784912	-4.766838073730469	-1.7911885976791382	-18.311527252197266	-23.100648880004883	-9.097549438476562	4.037437438964844	-1.985155701637268	1.3168530464172363	3.202147960662842	-5.253320217132568
L72D	-9.168478012084961	-7.674530029296875	-7.572183609008789	0.4173223674297333	-44.08918762207031	-8.15815544128418	1.8202781677246094	-2.1782162189483643	-10.363399505615234	-9.847146987915039	-9.68136978149414
L72E	-51.51157760620117	-19.628400802612305	-14.028860092163086	-5.8750433921813965	-31.775291442871094	-12.800268173217773	-7.71417760848999	-2.393429756164551	-8.384135246276855	-15.710612297058105	-16.982181549072266
L72F	-8.151793479919434	4.532862663269043	-4.800697326660156	2.174625873565674	-21.113813400268555	-4.067405700683594	3.046457052230835	-0.35452625155448914	1.4931939840316772	-0.6984948515892029	-2.793959140777588
L72G	-9.37049674987793	-4.204050540924072	-6.32863187789917	-6.190535545349121	-28.12849235534668	-9.984790802001953	-2.524970054626465	-5.529843807220459	-9.559414863586426	-16.92890167236328	-9.87501335144043
L72H	-4.570770263671875	-3.168937921524048	-3.763035535812378	-8.758055686950684	-34.87002944946289	-9.433822631835938	2.6664199829101562	-0.6722617149353027	-2.165792465209961	-3.163273572921753	-6.789956092834473
L72I	-7.268866539001465	9.507741928100586	-1.9749726057052612	2.715366840362549	-19.596500396728516	-6.087918281555176	2.331265926361084	1.4116657972335815	-0.8121030330657959	-3.0587620735168457	-2.283308506011963
L72K	-14.452896118164062	-1.8653671741485596	-9.801043510437012	1.1770721673965454	-35.214786529541016	-9.044198989868164	0.5123087763786316	-0.14022572338581085	-8.66690444946289	-12.331792831420898	-8.982784271240234
L72M	-1.3646477460861206	-5.430131912231445	-1.1551092863082886	-14.231454849243164	-23.475997924804688	-9.684416770935059	2.5080575942993164	-1.5119107961654663	2.2132699489593506	2.3643665313720703	-4.976797580718994
L72N	-6.889479160308838	-9.344437599182129	-5.320623874664307	-4.733946323394775	-39.698707580566406	-12.775100708007812	4.184277534484863	0.9060392379760742	-3.880929946899414	-3.0478663444519043	-8.060077667236328
L72P	-5.764988422393799	-5.0757293701171875	-10.46008014678955	1.3207756280899048	-30.58647918701172	-5.9445414543151855	3.52744460105896	-4.346962928771973	-3.2869622707366943	-10.962316513061523	-7.157983303070068
L72Q	-6.923328399658203	-5.1066484451293945	-5.534520149230957	-4.611186981201172	-39.82283401489258	-9.78587818145752	2.1354949474334717	-0.06427454948425293	-3.579773187637329	-6.346145153045654	-7.963910102844238
L72R	-7.28343391418457	-1.4955949783325195	-6.515355110168457	2.4964632987976074	-30.368362426757812	-6.298766136169434	1.1258512735366821	5.001706600189209	-8.264744758605957	-12.148757934570312	-6.3750996589660645
L72S	-15.452377319335938	-1.087238073348999	-9.6223783493042	-3.8735098838806152	-31.39338493347168	-8.427838325500488	-0.850469708442688	-4.399293422698975	-8.959782600402832	-10.571734428405762	-9.463800430297852
L72T	-17.28857421875	3.328122615814209	-5.480535507202148	-1.9949560165405273	-27.803733825683594	-7.43646240234375	1.3920257091522217	-8.530135154724121	-5.782253742218018	-3.788231372833252	-7.338473320007324
L72V	-2.9363369941711426	6.463624954223633	-5.561845779418945	2.263122320175171	-16.822172164916992	-0.20687894523143768	-7.372349739074707	0.656899094581604	-10.936884880065918	3.8046627044677734	-3.0648159980773926
L72W	0.10269482433795929	-8.765487670898438	-3.673954486846924	-19.756282806396484	-18.880075454711914	-8.478011131286621	0.6724153757095337	-5.223326683044434	0.26675593852996826	-2.6565701961517334	-6.639184474945068
L72Y	-3.036198854446411	-6.596142292022705	-2.497972011566162	-11.402996063232422	-25.062782287597656	-10.513986587524414	-3.2506656646728516	-3.953214645385742	-0.10012151300907135	0.9023981690406799	-6.551167964935303
K73A	7.64893102645874	30.04098129272461	-0.2596268951892853	2.6560842990875244	-7.116270065307617	15.601162910461426	2.8928658962249756	-1.2716875076293945	10.265989303588867	4.469347953796387	6.492777347564697
K73C	10.891892433166504	14.907234191894531	9.002596855163574	-2.612311363220215	0.8179502487182617	7.835590362548828	15.820744514465332	-18.046527862548828	9.708401679992676	9.760933876037598	5.808650016784668
K73D	17.999086380004883	15.729039192199707	0.7747968435287476	-8.601405143737793	-1.108013391494751	10.07015609741211	0.6876255869865417	-16.74827766418457	9.26084041595459	0.3116368055343628	2.83754825592041
K73E	11.522539138793945	31.273542404174805	2.88763427734375	4.319881439208984	-4.12297248840332	11.702573776245117	0.9626355767250061	3.5016367435455322	14.301501274108887	7.079920291900635	8.342888832092285
K73F	2.0855860710144043	13.169315338134766	2.022270441055298	-12.877338409423828	0.5667088627815247	3.513138771057129	8.715611457824707	-14.821659088134766	6.650211334228516	1.4895904064178467	1.0513436794281006
K73G	4.901142597198486	37.926692962646484	0.6318347454071045	-7.625872611999512	-2.468261241912842	7.930296897888184	1.5758121013641357	0.13689027726650238	6.031707763671875	4.9105119705200195	5.395075798034668
K73H	14.719283103942871	12.73388671875	7.743640899658203	-7.288207054138184	-0.7029266953468323	7.302151203155518	8.740896224975586	-17.999135971069336	8.1494779586792	8.241868019104004	4.164093494415283
K73I	10.088563919067383	13.57223892211914	2.015331745147705	-3.108206272125244	-0.7128440141677856	3.357001781463623	8.356207847595215	-13.992178916931152	10.474239349365234	2.5908572673797607	3.2641212940216064
K73L	1.6584446430206299	13.95256233215332	-8.114940643310547	4.526283264160156	-10.251789093017578	-0.10093210637569427	-6.160650730133057	-7.502248287200928	9.527691841125488	5.62700891494751	0.3161429762840271
K73M	7.845970153808594	13.479606628417969	8.655324935913086	-3.597869634628296	0.6155759692192078	6.083194732666016	15.52597427368164	-17.220073699951172	8.606271743774414	9.210685729980469	4.92046594619751
K73N	16.384021759033203	17.538949966430664	4.546589374542236	-9.724013328552246	-0.4299304485321045	7.362194061279297	3.4175899028778076	-16.970317840576172	9.370499610900879	-0.47198486328125	3.1023597717285156
K73P	4.588860988616943	10.195913314819336	-1.3966823816299438	-14.99435043334961	-1.1945445537567139	6.637265682220459	8.460803031921387	-21.478670120239258	2.5397512912750244	-8.431360244750977	-1.5073013305664062
K73Q	12.92959976196289	21.041810989379883	7.393158912658691	-2.1986730098724365	-2.612848997116089	8.964998245239258	9.906484603881836	-12.536190032958984	10.737896919250488	8.62210750579834	6.224834442138672
K73R	11.441328048706055	27.311567306518555	5.095183372497559	-0.2012048065662384	1.2955913543701172	10.007121086120605	2.929537773132324	-3.6428210735321045	8.811049461364746	8.249547958374023	7.129690647125244
K73S	8.571269035339355	22.89461326599121	-0.18581441044807434	-3.6620137691497803	-4.25770378112793	11.840372085571289	0.987078845500946	-10.168797492980957	6.548409938812256	1.849509835243225	3.441692352294922
K73T	12.289796829223633	22.22182846069336	3.507725477218628	-0.4598017632961273	-2.1370859146118164	10.050050735473633	4.178452491760254	-5.797344207763672	8.856679916381836	4.9465742111206055	5.765687942504883
K73V	7.6459574699401855	17.090076446533203	0.06572261452674866	5.581811904907227	-2.565436363220215	5.519140243530273	2.0427451133728027	-3.8065602779388428	8.33351993560791	7.46560525894165	4.737257957458496
K73W	6.689586162567139	12.575202941894531	8.097635269165039	-13.244128227233887	-0.3216986358165741	4.4738688468933105	15.17175006866455	-24.20751190185547	4.247737407684326	7.023664951324463	2.0506110191345215
K73Y	8.329805374145508	13.412397384643555	8.002363204956055	-10.537272453308105	0.22805079817771912	5.830711841583252	14.666068077087402	-25.498987197875977	6.1860527992248535	7.451895236968994	2.8071084022521973
N74A	11.198592185974121	15.339179992675781	-3.723757266998291	0.12321087718009949	-4.9387078285217285	6.183126449584961	-3.75719952583313	-13.236270904541016	10.946775436401367	-2.7505035400390625	1.5384447574615479
N74C	11.54289722442627	5.190508842468262	5.306502342224121	-2.8520243167877197	-1.338032841682434	4.01387357711792	7.214258670806885	-10.625301361083984	9.534526824951172	6.358931064605713	3.4346141815185547
N74D	20.462665557861328	13.881561279296875	6.129018306732178	2.7268600463867188	4.045594692230225	9.42775821685791	0.6338583827018738	-6.452996730804443	6.373276233673096	1.4378470182418823	5.866543769836426
N74E	10.810422897338867	28.93446159362793	-1.5628763437271118	13.769624710083008	1.904256820678711	6.5715765953063965	-2.0539591312408447	0.21646057069301605	10.095372200012207	0.15148800611495972	6.883683204650879
N74F	13.229938507080078	4.691215515136719	-4.334939956665039	-17.22138786315918	-2.6676766872406006	-0.6099860668182373	-2.3457517623901367	-17.428354263305664	-0.0583406537771225	-17.501819610595703	-4.424710273742676
N74G	21.156522750854492	21.722566604614258	1.2456337213516235	-2.4510698318481445	4.177692890167236	9.26488208770752	-2.3189632892608643	-3.4029324054718018	8.573875427246094	-2.022327184677124	5.594588279724121
N74H	16.472517013549805	5.6352410316467285	6.213153839111328	-3.888305187225342	0.10347192734479904	3.7861526012420654	4.500371932983398	-10.618623733520508	5.588226795196533	0.6340292096138	2.842623233795166
N74I	9.35147762298584	7.459468364715576	-2.726991653442383	-10.449432373046875	-1.2648955583572388	-0.5746586322784424	1.5223281383514404	-13.659083366394043	2.622472047805786	-12.679206848144531	-2.0398521423339844
N74K	16.45502471923828	22.791542053222656	1.0467785596847534	4.740434646606445	3.695594549179077	10.903114318847656	-6.406771659851074	-7.323646545410156	2.730142831802368	-5.828601360321045	4.280361652374268
N74L	-3.2289254665374756	-20.866472244262695	-4.2602858543396	-5.4801764488220215	-17.47199249267578	-2.7017221450805664	-1.1902470588684082	-40.611000061035156	1.403272271156311	-0.811987578868866	-9.521953582763672
N74M	10.979395866394043	4.158671855926514	6.647616863250732	-5.6265058517456055	-0.9935529828071594	3.8561906814575195	7.6092095375061035	-9.150407791137695	10.577020645141602	3.490384817123413	3.1548023223876953
N74P	15.199081420898438	4.684636116027832	-1.5748121738433838	-14.02382755279541	4.206489562988281	6.080358505249023	4.221152305603027	-12.342626571655273	4.514723300933838	-22.52895164489746	-1.1563777923583984
N74Q	17.050920486450195	12.450275421142578	5.692331314086914	-2.0994319915771484	2.231543779373169	6.390935897827148	3.9447436332702637	-7.080597877502441	6.126255512237549	-0.5090101361274719	4.419796943664551
N74R	14.903904914855957	20.696104049682617	3.1251721382141113	2.4826841354370117	3.997614622116089	6.263680934906006	-4.658596515655518	-8.723562240600586	4.457054138183594	-4.441283226013184	3.8102774620056152
N74S	17.703857421875	16.57618522644043	-1.0802459716796875	-1.6628457307815552	1.3164944648742676	7.921408653259277	-3.3685402870178223	-6.37949800491333	5.116731643676758	-5.917229175567627	3.022631883621216
N74T	18.147449493408203	17.56360626220703	1.19020414352417	-2.1673412322998047	1.8013674020767212	4.088408470153809	-2.326828718185425	-11.158730506896973	3.419626235961914	-9.882781982421875	2.067498207092285
N74V	5.167472839355469	-2.583643913269043	-7.8153252601623535	-4.6059088706970215	-16.34807014465332	-0.31066036224365234	-1.2880349159240723	-25.000497817993164	-0.7497638463973999	-5.732201099395752	-5.926663398742676
N74W	13.647115707397461	0.9510924816131592	9.202279090881348	-10.293852806091309	-3.113304376602173	4.713428020477295	7.064925670623779	-12.95877742767334	5.2910380363464355	2.832123041152954	1.7336066961288452
N74Y	11.820544242858887	-0.019598983228206635	8.421689987182617	-9.979814529418945	-2.1719088554382324	3.8084049224853516	6.509654521942139	-10.365116119384766	7.384057521820068	3.1813418865203857	1.858925461769104
V75A	-15.246601104736328	-3.1898720264434814	-21.138158798217773	0.9600250720977783	-12.993764877319336	-8.803094863891602	-2.2351090908050537	3.179666519165039	-5.170909881591797	-9.420038223266602	-7.40578556060791
V75C	-2.2233548164367676	-3.2624945640563965	-1.6507151126861572	-9.354073524475098	-21.028549194335938	-3.0937094688415527	-7.212544918060303	-3.5235755443573	-4.317529678344727	-5.599110126495361	-6.126564979553223
V75D	-9.138394355773926	-4.988203048706055	-8.134814262390137	3.051727294921875	-28.93585205078125	-7.386716365814209	-0.9049220681190491	0.015864592045545578	-6.991505146026611	-6.129559516906738	-6.954237461090088
V75E	-30.350522994995117	-17.594364166259766	-22.95671844482422	-0.9385955333709717	-21.977401733398438	-17.70830726623535	-5.142603397369385	5.407042503356934	-5.693995475769043	-24.989137649536133	-14.194459915161133
V75F	-1.7224594354629517	-1.9286377429962158	-5.901462078094482	-13.609621047973633	-17.48394012451172	-5.070685863494873	-2.9757301807403564	-2.6426026821136475	-2.615563154220581	-2.2183468341827393	-5.616904258728027
V75G	-14.599794387817383	-2.9886298179626465	-15.491189956665039	5.190516471862793	-17.224376678466797	-7.265096664428711	-1.0423190593719482	3.0319340229034424	-13.193764686584473	-12.849275588989258	-7.643199920654297
V75H	-3.086961030960083	0.1483699083328247	-3.15606951713562	-0.11616459488868713	-21.021249771118164	-6.01943826675415	-3.7007861137390137	0.4178551137447357	-2.7449398040771484	-3.0601460933685303	-4.233953475952148
V75I	-5.210806369781494	0.4134204089641571	-7.2680158615112305	-2.581617832183838	-17.37614631652832	-4.9634857177734375	-3.713351249694824	-4.7641520500183105	-1.6457889080047607	-2.869063138961792	-4.99790096282959
V75K	-11.379668235778809	-3.155789613723755	-13.814167976379395	9.998464584350586	-20.24795913696289	-8.785422325134277	-4.170348644256592	2.0134687423706055	-5.809253215789795	-3.2897238731384277	-5.864039897918701
V75L	-3.9099392890930176	-10.386545181274414	-6.224001407623291	0.8311487436294556	3.7931087017059326	3.665520191192627	-3.1953887939453125	3.627869129180908	-1.2450724840164185	12.321633338928223	-0.07216663658618927
V75M	-2.0597739219665527	-5.709629535675049	-1.6896392107009888	-13.738017082214355	-35.712825775146484	-2.0409505367279053	-11.169301986694336	-3.526103973388672	-4.222343921661377	-6.84841775894165	-8.671700477600098
V75N	-4.750386714935303	-2.3349568843841553	-6.714977741241455	1.5700650215148926	-22.90335464477539	-5.627592086791992	-1.5208284854888916	0.1915775090456009	-2.2587220668792725	-4.288785934448242	-4.863796234130859
V75P	-6.827476501464844	-10.686867713928223	-15.09684944152832	-7.61329460144043	-23.073097229003906	-8.765166282653809	-8.198568344116211	-3.969388008117676	-9.023984909057617	-12.6238431930542	-10.587854385375977
V75Q	-6.04382848739624	-3.7676305770874023	-5.455759048461914	0.8510863780975342	-21.588184356689453	-7.329814910888672	-2.17903995513916	0.5472351908683777	-2.129624843597412	-3.441309928894043	-5.05368709564209
V75R	-12.35536003112793	-5.16681432723999	-9.002679824829102	5.159130573272705	-18.71426773071289	-7.474726676940918	-3.3157029151916504	1.8029824495315552	-2.282676935195923	-0.19471991062164307	-5.154484272003174
V75S	-14.443819046020508	-3.663431167602539	-15.289441108703613	2.409811019897461	-18.354717254638672	-8.309836387634277	-1.3853144645690918	-0.8511736989021301	-13.066911697387695	-10.135527610778809	-8.309036254882812
V75T	-10.024125099182129	-2.5785696506500244	-13.522369384765625	-1.3448922634124756	-17.84661293029785	-4.615752696990967	-0.9538257718086243	-2.2217276096343994	-7.089388370513916	-2.0620083808898926	-6.225927829742432
V75W	-2.8927295207977295	-7.516267776489258	-7.948712348937988	-13.531949996948242	-19.645793914794922	-4.520870208740234	-13.769659996032715	-2.0117733478546143	-7.119297981262207	-9.245474815368652	-8.820253372192383
V75Y	-3.4016976356506348	-3.4095969200134277	-4.296082496643066	-4.194263935089111	-28.45400619506836	-3.884929656982422	-15.479832649230957	-4.339301586151123	-5.5585618019104	-8.043866157531738	-8.10621452331543
H76A	23.007205963134766	38.085086822509766	2.2084221839904785	3.5001261234283447	1.399599313735962	19.43876838684082	1.8806278705596924	3.964024782180786	14.102062225341797	6.474270820617676	11.40601921081543
H76C	26.087749481201172	8.553653717041016	7.567307472229004	-14.78919792175293	-2.297128200531006	5.537782192230225	9.15713882446289	-3.9889047145843506	4.911103248596191	-1.3284047842025757	3.941110134124756
H76D	17.7396297454834	12.220357894897461	3.433999538421631	-6.2130231857299805	4.414373397827148	8.974241256713867	-3.7166991233825684	0.49190279841423035	6.081788539886475	-10.117247581481934	3.3309319019317627
H76E	24.792945861816406	51.282718658447266	4.388835430145264	23.88195037841797	1.3393207788467407	23.134397506713867	4.668635368347168	7.090426445007324	14.707505226135254	11.973806381225586	16.72605323791504
H76F	18.913599014282227	-0.46635177731513977	1.6204451322555542	-24.018617630004883	7.001980304718018	-0.3189171552658081	1.462524175643921	-6.345335006713867	8.122503280639648	-29.045562744140625	-2.307373523712158
H76G	19.08717155456543	37.62579345703125	2.879849910736084	0.57294762134552	2.72731614112854	14.942147254943848	2.8542370796203613	5.604528903961182	10.261287689208984	4.366659164428711	10.092194557189941
H76I	11.266944885253906	2.963351249694824	0.6069347858428955	-9.581807136535645	3.753706455230713	0.03843564912676811	5.217721462249756	-3.412111520767212	8.457916259765625	-8.429911613464355	1.088118076324463
H76K	21.917240142822266	30.26511573791504	8.207541465759277	3.3727481365203857	5.646604537963867	19.822521209716797	3.240563154220581	6.737722396850586	11.234820365905762	-0.8081720471382141	10.96367073059082
H76L	15.283275604248047	2.7891721725463867	-5.645793914794922	1.2338697910308838	-3.357578754425049	-1.400153398513794	-0.9816545844078064	-7.724745750427246	1.8325798511505127	-3.1896719932556152	-0.11606995761394501
H76M	28.580049514770508	7.319295883178711	5.565727233886719	-17.67470359802246	-1.998170018196106	4.2692437171936035	6.3644208908081055	-4.197834014892578	4.538011074066162	0.018660061061382294	3.2784698009490967
H76N	22.42148208618164	11.46456241607666	4.619333744049072	-12.991817474365234	4.979318618774414	4.811070442199707	0.9458414912223816	-4.012179851531982	6.370666980743408	-11.470361709594727	2.713791847229004
H76P	14.876568794250488	-0.40746214985847473	-3.056478500366211	-17.412572860717773	5.223536014556885	6.756021499633789	0.8274158835411072	-16.898286819458008	2.6805951595306396	-37.6655158996582	-4.507617950439453
H76Q	21.712499618530273	12.924494743347168	7.304102897644043	-6.820878982543945	6.33788537979126	9.641465187072754	3.9727513790130615	3.757383346557617	6.186877727508545	-6.159592628479004	5.8856987953186035
H76R	19.30550193786621	20.985750198364258	7.150766372680664	3.2388548851013184	4.660280227661133	11.019624710083008	4.363491535186768	6.130475997924805	11.088047981262207	0.1486608386039734	8.809144973754883
H76S	20.948572158813477	23.663480758666992	4.412817001342773	-0.8802008628845215	3.090580463409424	15.57713508605957	1.7393090724945068	3.297025203704834	10.520702362060547	-2.4084267616271973	7.996100425720215
H76T	19.115264892578125	20.43635368347168	6.307327747344971	2.2943308353424072	3.539041042327881	11.84174919128418	4.296346664428711	4.543854713439941	13.465513229370117	0.6591188311576843	8.649889945983887
H76V	14.586161613464355	11.958025932312012	-1.0288845300674438	3.185304641723633	1.640112280845642	3.567793130874634	3.2702226638793945	-1.495461106300354	13.023193359375	0.5892426371574402	4.92957067489624
H76W	26.2031192779541	1.1649701595306396	3.959939956665039	-25.951005935668945	-4.649090766906738	3.935520648956299	7.353734016418457	-11.307818412780762	1.500780701637268	-12.097308158874512	-0.9887159466743469
H76Y	28.722789764404297	2.8767361640930176	5.451382637023926	-25.27030372619629	-3.012216806411743	3.420576333999634	5.16305685043335	-5.967667579650879	3.401545286178589	-8.186301231384277	0.6599596738815308
F77A	-21.551115036010742	-1.4968153238296509	-15.783608436584473	5.754103660583496	-17.443775177001953	-2.451545238494873	-3.739450454711914	-3.445279836654663	-0.9875222444534302	-5.129215240478516	-6.6274213790893555
F77C	-1.9474116563796997	-3.4029061794281006	2.583958864212036	-9.212111473083496	-1.1307228803634644	-0.9627109169960022	-5.799490451812744	-3.8364193439483643	-0.6102437973022461	-2.318222999572754	-2.663628101348877
F77D	-8.436056137084961	-9.039670944213867	-5.491147994995117	-2.0635361671447754	-17.01494789123535	-5.843549728393555	-5.773121356964111	-1.341438889503479	-3.6975157260894775	-4.422370910644531	-6.31233549118042
F77E	-37.83187484741211	-0.9530481100082397	-12.216107368469238	0.0021874606609344482	-30.75713348388672	-10.237387657165527	-8.748212814331055	0.8540711998939514	-1.3747111558914185	-12.363946914672852	-11.362616539001465
F77G	-18.1505126953125	-2.9767487049102783	-18.33602523803711	-1.5065044164657593	-23.513357162475586	-8.747756958007812	-4.939995765686035	1.2323869466781616	-7.662570953369141	-6.658685207366943	-9.125977516174316
F77H	-5.996667385101318	-6.274558067321777	-0.632394552230835	-4.906388282775879	-8.312292098999023	-1.4886876344680786	-5.515194416046143	-1.6639639139175415	-3.565549612045288	-3.3647491931915283	-4.172044277191162
F77I	-10.815163612365723	-3.3581185340881348	-6.956685543060303	2.0841124057769775	-6.3909406661987305	-1.3072019815444946	-2.410149097442627	-4.0511860847473145	-0.6905684471130371	-0.8559607267379761	-3.4751861095428467
F77K	-24.403398513793945	-7.087396621704102	-10.295734405517578	0.8779211044311523	-21.45487403869629	-5.758566856384277	-3.623457431793213	-0.04137527570128441	-2.3179376125335693	3.4513614177703857	-7.065345764160156
F77L	-13.154736518859863	-0.5030590295791626	-14.155282974243164	-0.893573522567749	-6.764448165893555	-1.102592945098877	1.2819545269012451	1.8691785335540771	-2.4803836345672607	2.379328489303589	-3.3523612022399902
F77M	-4.464684009552002	-10.417070388793945	-1.8061221837997437	-6.8626580238342285	-4.456295967102051	-0.6959725618362427	-8.36195182800293	-4.226988792419434	-1.0852938890457153	-4.119759559631348	-4.649679183959961
F77N	-4.747599124908447	-4.821044921875	-3.5245938301086426	-5.5542802810668945	-17.34765625	-6.240815162658691	-6.294240474700928	-1.6332279443740845	-4.902731895446777	-3.776674509048462	-5.884286403656006
F77P	-6.0081634521484375	-15.639047622680664	-9.192185401916504	-13.065773963928223	-21.147138595581055	-9.480603218078613	-9.040202140808105	-4.262643814086914	-8.896502494812012	-4.883146286010742	-10.161540031433105
F77Q	-6.6697821617126465	-6.599949836730957	-2.1816763877868652	-2.9182543754577637	-8.65019416809082	-1.0275075435638428	-2.1106090545654297	-0.4330955445766449	-2.9408795833587646	-2.2738161087036133	-3.5805764198303223
F77R	-16.116193771362305	-6.657719612121582	-8.048521041870117	-2.2377007007598877	-16.557388305664062	-3.7569034099578857	-2.576815128326416	-0.4867085814476013	-3.5007364749908447	2.2891664505004883	-5.764952659606934
F77S	-20.10651206970215	-4.57900857925415	-13.621766090393066	-3.3241429328918457	-23.71139907836914	-8.542736053466797	-2.9168190956115723	-0.9634646773338318	-5.935004711151123	-5.435135364532471	-8.91359806060791
F77T	-14.300146102905273	-3.9323630332946777	-9.354110717773438	-1.5187065601348877	-18.621517181396484	-5.324533462524414	-1.9772250652313232	-4.658811569213867	-2.48728084564209	3.765399932861328	-5.840929985046387
F77V	-8.249943733215332	1.7231913805007935	-5.538551330566406	5.686241149902344	-7.675523281097412	1.3949549198150635	-2.9018521308898926	-4.092523097991943	0.9195139408111572	7.87319803237915	-1.0861295461654663
F77W	-6.137965202331543	-6.864337921142578	1.5074840784072876	-7.3974080085754395	-3.1725363731384277	-1.5838348865509033	-10.069758415222168	-7.443106174468994	-8.152270317077637	-5.142401218414307	-5.445613861083984
F77Y	-2.4126901626586914	-5.867948532104492	1.548399567604065	-5.304084777832031	-4.9743242263793945	-2.597667694091797	-13.101476669311523	-6.1757307052612305	-4.210772514343262	-3.835500478744507	-4.693179607391357
A78C	0.9768491983413696	-5.628559589385986	-11.112462997436523	-14.169706344604492	-15.73232364654541	-5.313120365142822	-8.835749626159668	-8.950643539428711	-2.291351795196533	-0.3979710340499878	-7.145503997802734
A78D	-5.671382427215576	-8.426997184753418	-18.778287887573242	-7.8228960037231445	-33.87703323364258	-14.390909194946289	-3.563490629196167	-0.6328210830688477	-11.746186256408691	-6.2686872482299805	-11.117868423461914
A78E	-23.964292526245117	-3.4983134269714355	-23.164270401000977	1.728297233581543	-28.180965423583984	-16.905550003051758	-2.44008207321167	5.882789134979248	-7.754225254058838	-18.40024185180664	-11.669685363769531
A78F	-8.173691749572754	-3.3145956993103027	-16.639921188354492	-6.24839448928833	-20.90410041809082	-8.833992004394531	-0.5711697936058044	-4.781325817108154	-8.20180606842041	-5.429727554321289	-8.309871673583984
A78G	-10.28593921661377	-5.8799638748168945	-25.593324661254883	-6.773862838745117	-19.69986343383789	-8.413887023925781	-3.2564563751220703	8.374849319458008	-12.846796989440918	-8.405510902404785	-9.278075218200684
A78H	-1.0190788507461548	-5.529201030731201	-11.664241790771484	-10.203858375549316	-34.25082015991211	-8.488090515136719	-7.373188495635986	-4.223760604858398	-6.088584899902344	-3.45845627784729	-9.229928970336914
A78I	-3.783203125	2.7349934577941895	-11.609330177307129	0.8070279359817505	-10.460721015930176	-8.595420837402344	-2.1236305236816406	-5.239175319671631	-6.5814008712768555	-3.3897452354431152	-4.824060440063477
A78K	-10.062588691711426	-6.978802680969238	-20.9864501953125	-1.418630838394165	-28.363298416137695	-14.606664657592773	-1.814782977104187	5.345530033111572	-10.640178680419922	-5.790687561035156	-9.531655311584473
A78L	-2.9179329872131348	-8.141950607299805	-14.518067359924316	3.0055770874023438	-3.0465035438537598	-1.6001255512237549	-0.6814060807228088	2.7473275661468506	7.421619892120361	3.095130205154419	-1.4636330604553223
A78M	0.35723578929901123	-5.7024617195129395	-13.196981430053711	-15.645204544067383	-22.25186538696289	-8.407930374145508	-9.766773223876953	-6.487529754638672	-3.3725571632385254	-1.1060105562210083	-8.558008193969727
A78N	-3.145430088043213	-6.3924641609191895	-15.587326049804688	-8.42004108428955	-31.221817016601562	-10.619794845581055	-2.4969592094421387	-2.620710611343384	-8.451007843017578	-4.686949729919434	-9.364250183105469
A78P	-5.852986812591553	-14.568772315979004	-21.265867233276367	-14.700763702392578	-32.717159271240234	-15.311742782592773	-4.5899128913879395	-4.969318389892578	-14.626799583435059	-6.552076816558838	-13.515539169311523
A78Q	-2.5929324626922607	-11.056968688964844	-15.712252616882324	-11.117565155029297	-39.491214752197266	-9.530749320983887	-4.685614109039307	4.19941520690918	-7.575499534606934	-2.7601687908172607	-10.032354354858398
A78R	-5.119892597198486	-8.368908882141113	-16.553184509277344	-3.008309841156006	-29.61454963684082	-13.966504096984863	-1.502890944480896	7.600526332855225	-8.954984664916992	-6.184220314025879	-8.567293167114258
A78S	-13.016372680664062	-3.586731433868408	-21.414419174194336	-5.574614524841309	-24.536409378051758	-9.973462104797363	-0.37272101640701294	5.207971572875977	-15.123236656188965	-6.602396488189697	-9.499238967895508
A78T	-8.551656723022461	-2.9667632579803467	-12.044808387756348	-9.163113594055176	-29.114669799804688	-11.670928001403809	-1.8240747451782227	-2.269108533859253	-11.252130508422852	-6.426845073699951	-9.528409957885742
A78V	-5.0559797286987305	6.052649974822998	-8.593841552734375	-2.6531991958618164	-2.2969822883605957	-0.2670324444770813	-1.2660163640975952	-0.16274374723434448	-0.7766214609146118	-0.8809993863105774	-1.5900765657424927
A78W	-0.4982655644416809	-8.627196311950684	-15.579675674438477	-17.786767959594727	-27.20541763305664	-8.45321273803711	-12.33095932006836	-14.685900688171387	-6.249847412109375	-3.3856563568115234	-11.480291366577148
A78Y	0.17096483707427979	-4.444322109222412	-11.739177703857422	-14.864273071289062	-24.381332397460938	-9.32147216796875	-5.253528594970703	-10.98646354675293	-7.501199722290039	-3.42012619972229	-9.174093246459961
S79A	-10.040288925170898	-3.0941672325134277	-12.936161041259766	2.7656021118164062	-18.819982528686523	-8.435691833496094	-7.152892589569092	4.412209510803223	0.2608492970466614	-14.287943840026855	-6.732846736907959
S79C	-2.452768325805664	0.8247289061546326	-1.1780649423599243	-0.9940154552459717	-6.358936309814453	-5.9302778244018555	-6.390918254852295	-7.181227207183838	-2.8760488033294678	-5.149132251739502	-3.7686657905578613
S79D	-8.275969505310059	-4.714661121368408	-6.750528335571289	0.32728061079978943	-13.49055290222168	-8.712995529174805	-1.1897282600402832	-4.194722652435303	-6.9481329917907715	-8.15355396270752	-6.210356712341309
S79E	-18.366600036621094	-4.947992324829102	-12.1021146774292	-1.8511772155761719	-26.254348754882812	-16.87956428527832	-2.264460563659668	3.9387898445129395	-7.0338454246521	-21.81392478942871	-10.757523536682129
S79F	-6.646838665008545	-4.44566535949707	-7.360077857971191	-2.5206966400146484	-15.364570617675781	-5.657145023345947	4.52503776550293	-4.9177165031433105	-4.567352294921875	-3.5310795307159424	-5.048611164093018
S79G	-11.742167472839355	-1.8907668590545654	-19.266950607299805	3.235584020614624	-20.982465744018555	-12.236429214477539	-4.804570198059082	-0.06087096408009529	-6.598021030426025	-13.740510940551758	-8.808716773986816
S79H	-6.990647315979004	-0.3118608295917511	-6.1675705909729	-0.9836935997009277	-6.450784206390381	-5.369534969329834	-3.3870644569396973	-1.936187505722046	-5.375473499298096	-6.662195205688477	-4.36350154876709
S79I	-7.293229103088379	-4.679968357086182	-6.899050712585449	1.0270929336547852	-9.094999313354492	-5.2120537757873535	2.8034720420837402	-5.092193126678467	-3.684915781021118	-3.2646141052246094	-4.1390461921691895
S79K	-12.699943542480469	-3.0451414585113525	-8.669920921325684	3.9982380867004395	-16.75785255432129	-9.902626037597656	0.07020449638366699	0.19844886660575867	-8.211019515991211	-10.97461223602295	-6.599422454833984
S79L	-9.233031272888184	0.06154397875070572	-6.445232391357422	3.596388816833496	-4.8023457527160645	-0.12286482751369476	-2.3660411834716797	-0.7606341242790222	3.938861131668091	-4.029000759124756	-2.016235589981079
S79M	-3.4236226081848145	-1.5302486419677734	-5.1734113693237305	-0.6327217817306519	-7.833752632141113	-5.591790199279785	-6.94289493560791	-5.4733500480651855	-3.218611240386963	-5.249068260192871	-4.5069475173950195
S79N	-5.57211971282959	-4.0081987380981445	-4.117533206939697	1.5287361145019531	-8.456123352050781	-6.702729225158691	-0.37600255012512207	-5.044615268707275	-5.358854293823242	-6.246798515319824	-4.435424327850342
S79P	-7.7530903816223145	-8.12260627746582	-12.391256332397461	-7.223143577575684	-15.345159530639648	-11.16256332397461	-4.630817890167236	-3.7078499794006348	-11.500308990478516	-7.923659801483154	-8.976045608520508
S79Q	-5.769011497497559	-1.4607844352722168	-8.370523452758789	-2.5638809204101562	-12.943235397338867	-7.7862701416015625	-0.9807465672492981	-5.520124912261963	-5.799570560455322	-7.6787028312683105	-5.8872857093811035
S79R	-9.680023193359375	-1.704186201095581	-5.287580966949463	1.8995317220687866	-11.174468040466309	-7.097035884857178	0.6361163258552551	-0.652858316898346	-6.19910192489624	-7.4228692054748535	-4.668247699737549
S79T	-2.412148952484131	2.960458517074585	-7.531234264373779	3.559476375579834	-12.172542572021484	-4.3855085372924805	6.924057483673096	1.4832490682601929	-0.4670320749282837	-4.79748010635376	-1.683870553970337
S79V	-6.022937297821045	2.9129152297973633	-4.843344211578369	2.148634910583496	-7.941776752471924	2.409801959991455	-2.4807417392730713	-4.80596399307251	2.921398401260376	1.4628535509109497	-1.423915982246399
S79W	-7.406850337982178	-6.5682172775268555	-3.1969382762908936	-2.221034049987793	-10.095255851745605	-7.84637975692749	-6.570405960083008	-7.533246040344238	-9.542734146118164	-5.613791465759277	-6.659485816955566
S79Y	-4.525149822235107	-5.0290374755859375	-5.184670925140381	-6.280496120452881	-8.043811798095703	-5.9930009841918945	-8.840455055236816	-7.026104927062988	-4.91074800491333	-6.000403881072998	-6.183387756347656
V80A	-21.09417724609375	-11.02617073059082	-29.308095932006836	18.14179801940918	-10.337438583374023	-36.34709548950195	-3.4362680912017822	3.2668826580047607	-10.889650344848633	-21.778663635253906	-12.280887603759766
V80C	-7.5881805419921875	-2.513512372970581	-3.398210048675537	-0.40505775809288025	-0.533490777015686	-11.646750450134277	-7.441899299621582	-4.358402729034424	-1.5405646562576294	-7.742730140686035	-4.716879844665527
V80D	-19.688840866088867	-15.04793930053711	-16.4466552734375	5.34134578704834	-18.712322235107422	-25.103300094604492	-4.28201150894165	-2.505495071411133	-13.592243194580078	-21.932687759399414	-13.197015762329102
V80E	-38.091373443603516	-17.651914596557617	-29.024858474731445	5.889602184295654	-28.1970157623291	-37.43541717529297	-7.461717128753662	3.39141845703125	-17.095230102539062	-28.937849044799805	-19.461435317993164
V80F	-11.091018676757812	-8.104825973510742	-13.549212455749512	7.1847453117370605	-3.7859346866607666	-9.760000228881836	2.721846103668213	-4.062054634094238	-2.991224765777588	-10.45792007446289	-5.389559745788574
V80G	-27.002111434936523	-9.993819236755371	-27.93075942993164	13.083381652832031	-17.896080017089844	-32.215858459472656	-5.7426605224609375	1.2548447847366333	-20.416122436523438	-22.423175811767578	-14.92823600769043
V80H	-17.33167839050293	-4.968625545501709	-7.46642541885376	-2.4553911685943604	-10.227128982543945	-18.537261962890625	-9.768996238708496	-4.109620571136475	-8.428556442260742	-10.03128719329834	-9.332497596740723
V80I	-4.135184288024902	-11.57450008392334	-16.451072692871094	4.7769455909729	1.29141104221344	-18.445289611816406	2.6092753410339355	-2.088427782058716	0.9595472812652588	-11.83808708190918	-5.489538669586182
V80K	-17.037641525268555	-9.899300575256348	-27.280248641967773	17.39223289489746	-14.367303848266602	-34.77096176147461	-3.8110291957855225	0.9877314567565918	-9.316646575927734	-25.69176483154297	-12.37949275970459
V80L	-10.144083023071289	-10.517729759216309	-8.701671600341797	2.178196907043457	2.566721200942993	-10.092429161071777	-0.49507832527160645	11.370190620422363	0.915319561958313	-5.680356025695801	-2.8600921630859375
V80M	-9.751876831054688	-2.1877710819244385	-3.9411816596984863	-1.2039726972579956	-1.8816434144973755	-14.754323959350586	-10.972511291503906	-4.327104091644287	-2.2313687801361084	-8.484131813049316	-5.973587989807129
V80N	-16.730777740478516	-11.517385482788086	-14.092007637023926	1.7227463722229004	-16.587202072143555	-24.423494338989258	-4.59150505065918	-0.8733522295951843	-11.690452575683594	-16.000469207763672	-11.47839069366455
V80P	-21.625078201293945	-24.94830322265625	-26.52480697631836	-3.2586989402770996	-16.48253059387207	-25.409584045410156	-4.159653186798096	-5.297338485717773	-21.214950561523438	-19.78594398498535	-16.870689392089844
V80Q	-17.641963958740234	-12.17119026184082	-15.906315803527832	4.522785186767578	-15.176289558410645	-23.446062088012695	-5.0450568199157715	-3.6474833488464355	-9.882381439208984	-16.272693634033203	-11.466665267944336
V80R	-13.560319900512695	-7.558896064758301	-21.81443977355957	10.871570587158203	-14.313565254211426	-31.527244567871094	-3.8143255710601807	0.9504380226135254	-8.597921371459961	-20.038686752319336	-10.940339088439941
V80S	-23.090320587158203	-13.965145111083984	-26.085548400878906	14.460249900817871	-14.800104141235352	-31.968952178955078	-3.394663095474243	3.0657811164855957	-15.386154174804688	-18.845746994018555	-13.001058578491211
V80T	-11.725112915039062	-6.0797271728515625	-18.662405014038086	10.611620903015137	-9.392230033874512	-32.98092269897461	-1.3969647884368896	3.2604968547821045	-4.4368062019348145	-18.36261749267578	-8.91646671295166
V80W	-19.30449676513672	-10.481345176696777	-6.1567816734313965	-9.111024856567383	-10.531131744384766	-21.854476928710938	-12.958176612854004	-11.955405235290527	-7.764868259429932	-7.568359851837158	-11.768606185913086
V80Y	-11.424778938293457	-3.969505786895752	-5.9823455810546875	-1.887274980545044	-5.183196067810059	-13.339415550231934	-13.257006645202637	-6.609769821166992	-4.594794273376465	-7.543731212615967	-7.3791823387146
V81A	-11.168461799621582	-0.2659626603126526	-15.679645538330078	10.31213092803955	-6.047774791717529	-15.02520751953125	2.8143210411071777	17.47048568725586	-6.215903282165527	-18.935348510742188	-4.274137020111084
V81C	-3.345799684524536	2.231682538986206	-5.4045844078063965	-0.7522708177566528	-4.549801349639893	-3.2716681957244873	-1.5517386198043823	-0.6252750158309937	-1.0446916818618774	-6.714258193969727	-2.502840518951416
V81D	-9.105508804321289	-5.713263511657715	-6.893560409545898	7.893153667449951	-14.801837921142578	-12.275894165039062	-2.771620512008667	0.9028583765029907	-6.749266147613525	-13.210854530334473	-6.272579669952393
V81E	-17.75720977783203	-8.755733489990234	-24.192520141601562	-6.356481075286865	-19.45231819152832	-22.98686408996582	-7.2524847984313965	4.195427417755127	-15.53666877746582	-34.164642333984375	-15.22594928741455
V81F	-0.12855938076972961	-0.036659739911556244	-2.2577950954437256	4.899565696716309	-2.841888427734375	-7.192468643188477	2.83640718460083	0.0499352402985096	-3.6126623153686523	-6.142716407775879	-1.4426841735839844
V81G	-11.877266883850098	-5.209692001342773	-17.55487632751465	1.2184447050094604	-12.297131538391113	-12.887650489807129	3.134640693664551	0.1547546237707138	-17.142244338989258	-16.659509658813477	-8.912053108215332
V81H	-4.902287483215332	-0.3310088813304901	-7.807802677154541	2.4564197063446045	-7.837563514709473	-6.081485271453857	-5.055147647857666	-2.2955524921417236	-2.606424331665039	-7.679022312164307	-4.213987827301025
V81I	5.610237121582031	3.7004363536834717	-1.680404543876648	5.935102939605713	1.5585905313491821	-6.003481388092041	3.3436429500579834	5.147552967071533	1.2335615158081055	-8.80750846862793	1.0037729740142822
V81K	-7.1396965980529785	-5.28696870803833	-13.418987274169922	0.7042471170425415	-7.7004218101501465	-15.56573486328125	-1.8679172992706299	-0.7526214718818665	-13.562746047973633	-13.436112403869629	-7.802695274353027
V81L	-10.418058395385742	-1.8251714706420898	-9.531660079956055	6.956140041351318	5.355025768280029	-8.423344612121582	0.7070618271827698	14.368616104125977	4.385960578918457	3.046077251434326	0.46206459403038025
V81M	-2.942625045776367	0.10245261341333389	-6.581366539001465	-0.1959500014781952	-7.33535099029541	-5.965980529785156	-1.6019206047058105	0.12448881566524506	-1.6262145042419434	-6.38388729095459	-3.240635395050049
V81N	-6.350667476654053	-6.976879596710205	-6.980403900146484	9.040616035461426	-14.526878356933594	-10.895404815673828	-1.333605408668518	4.206401824951172	-3.3707501888275146	-12.10499095916748	-4.929256439208984
V81P	-10.142424583435059	-5.900596618652344	-12.95775318145752	-3.694260358810425	-15.895100593566895	-12.450270652770996	-4.6964616775512695	-4.638365268707275	-21.197114944458008	-11.719525337219238	-10.329187393188477
V81Q	-4.00258207321167	-6.341779708862305	-7.109490871429443	3.7646243572235107	-12.183615684509277	-8.92166519165039	-2.741147041320801	-0.7023767232894897	-5.135369777679443	-9.338930130004883	-5.271233558654785
V81R	-5.800455570220947	-6.556554317474365	-9.350950241088867	0.09918805956840515	-6.137974739074707	-12.213469505310059	-1.0716357231140137	-2.6236419677734375	-11.93869686126709	-10.172697067260742	-6.57668924331665
V81S	-7.296541213989258	0.5971670150756836	-11.856526374816895	9.693150520324707	-9.853068351745605	-10.313228607177734	2.7261109352111816	8.73699951171875	-12.545799255371094	-12.113741874694824	-4.222548007965088
V81T	-2.1285362243652344	2.3064777851104736	-8.203700065612793	8.920872688293457	-3.019658088684082	-8.132516860961914	4.151734352111816	11.900378227233887	-0.10057772696018219	-10.868424415588379	-0.5173950791358948
V81W	-6.8776726722717285	0.03574357181787491	-8.494407653808594	-5.120824813842773	-9.252877235412598	-8.570303916931152	-8.643842697143555	-3.6166739463806152	-7.424754619598389	-7.287816047668457	-6.525343418121338
V81Y	-5.365692615509033	0.34850212931632996	-9.4760103225708	-0.9791746139526367	-6.323123455047607	-4.886790752410889	-7.641098976135254	-3.071091890335083	-3.7329165935516357	-6.371697425842285	-4.749909400939941
N82A	-16.31791877746582	3.388082504272461	-19.11835289001465	5.149101734161377	-17.229999542236328	-24.461626052856445	-6.219187259674072	6.338094711303711	-16.771547317504883	-25.80860710144043	-11.105195999145508
N82C	-12.589638710021973	-5.680881023406982	-15.038658142089844	1.9683853387832642	-11.418325424194336	-21.721651077270508	-16.876686096191406	-4.180325508117676	-6.545220851898193	-14.205940246582031	-10.628893852233887
N82D	-11.098207473754883	-13.00564193725586	-14.869969367980957	-1.2878222465515137	-20.32229232788086	-18.827852249145508	-15.173300743103027	-5.120777606964111	-13.665305137634277	-19.774091720581055	-13.314526557922363
N82E	-22.53675651550293	-2.1380741596221924	-17.574363708496094	0.6717115640640259	-23.574155807495117	-28.08112907409668	-10.363832473754883	5.150576114654541	-16.400413513183594	-26.584871292114258	-14.143132209777832
N82F	-4.990424633026123	-2.2706265449523926	-15.20251750946045	-3.7057394981384277	-9.841431617736816	-15.300619125366211	-7.760034084320068	-4.7155985832214355	-4.798914432525635	-8.75588607788086	-7.734179496765137
N82G	-15.261802673339844	-3.1619410514831543	-15.19286060333252	-1.8968174457550049	-19.77008819580078	-20.48163604736328	-3.9295854568481445	0.24335573613643646	-23.494295120239258	-29.84430694580078	-13.278997421264648
N82H	-5.268956661224365	-5.762248516082764	-12.710484504699707	-0.04693487286567688	-18.40578842163086	-16.55900764465332	-16.56410026550293	-5.834299564361572	-5.376368522644043	-12.899438858032227	-9.94276237487793
N82I	-11.094353675842285	-12.965288162231445	-11.085471153259277	-2.788506507873535	-11.343693733215332	-14.875041961669922	-7.324827194213867	-4.412875175476074	-3.761791229248047	-10.142013549804688	-8.979387283325195
N82K	-12.158321380615234	-16.96666717529297	-21.285030364990234	-2.6043100357055664	-20.559194564819336	-26.18621063232422	-9.283390045166016	-2.5366461277008057	-13.151449203491211	-18.374988555908203	-14.310620307922363
N82L	-10.306872367858887	-6.396129608154297	-11.704571723937988	4.012969493865967	-8.399617195129395	-17.177783966064453	-1.8713934421539307	7.9700727462768555	-1.4563618898391724	-2.431239366531372	-4.776093006134033
N82M	-12.786632537841797	-7.757448673248291	-15.01170825958252	1.8812141418457031	-13.377367973327637	-21.49916648864746	-16.339948654174805	-5.925713539123535	-8.391894340515137	-13.836984634399414	-11.304564476013184
N82P	-9.303983688354492	-13.706782341003418	-22.741317749023438	-10.863018035888672	-22.068405151367188	-21.89881134033203	-18.045291900634766	-7.739630222320557	-18.438091278076172	-16.752172470092773	-16.155750274658203
N82Q	-8.475337982177734	-13.334735870361328	-15.84998607635498	-3.816035747528076	-23.022720336914062	-18.58156967163086	-16.098737716674805	-6.049882888793945	-9.532553672790527	-17.475805282592773	-13.223736763000488
N82R	-13.479762077331543	-17.847803115844727	-15.46307373046875	-6.948066711425781	-17.57719612121582	-21.96659278869629	-9.715003967285156	-4.04827880859375	-13.492692947387695	-15.215578079223633	-13.575404167175293
N82S	-10.610601425170898	-3.4269258975982666	-19.74311065673828	1.1786150932312012	-19.98915672302246	-23.304901123046875	-8.520514488220215	-2.1105804443359375	-17.561058044433594	-24.01273536682129	-12.810096740722656
N82T	-7.443690776824951	-6.506144046783447	-18.120637893676758	4.306934356689453	-15.526450157165527	-19.704036712646484	-7.557417392730713	-0.46583905816078186	-6.416781425476074	-19.261157989501953	-9.669522285461426
N82V	-8.95981502532959	-0.7727640867233276	-10.158063888549805	3.1827757358551025	-10.11882495880127	-10.590209007263184	-5.239101886749268	11.605934143066406	-1.6756776571273804	-12.139034271240234	-4.486478328704834
N82W	-14.949894905090332	-14.566193580627441	-17.907859802246094	-4.405658721923828	-14.633460998535156	-25.15528678894043	-17.562292098999023	-7.873035907745361	-8.869357109069824	-12.971415519714355	-13.889447212219238
N82Y	-8.266205787658691	-1.4338265657424927	-13.43655776977539	1.6043357849121094	-13.592595100402832	-18.589433670043945	-21.335533142089844	-8.114554405212402	-7.468092441558838	-11.7677583694458	-10.240022659301758
S83A	-0.9340085387229919	4.822651386260986	-3.7669906616210938	8.039809226989746	-1.4332350492477417	-0.22530750930309296	4.095028400421143	13.004770278930664	2.8488199710845947	-26.97343635559082	-0.05219001695513725
S83C	-0.1896023154258728	8.2346773147583	-8.152929306030273	3.138164520263672	-3.238644599914551	2.0677690505981445	-6.699960231781006	3.1657423973083496	3.0475165843963623	-5.784852027893066	-0.4412117898464203
S83D	5.113667011260986	1.2012258768081665	-3.6092426776885986	11.040112495422363	-0.4623097777366638	-2.4495363235473633	-2.2316300868988037	14.550432205200195	3.0860376358032227	-21.355571746826172	0.4883182644844055
S83E	-9.548707008361816	4.769913196563721	-13.645145416259766	8.380420684814453	-6.617522239685059	-11.614557266235352	0.33849936723709106	8.472379684448242	0.044917892664670944	-31.48282241821289	-5.090262413024902
S83F	5.361063003540039	3.141814708709717	-5.745133876800537	3.4320924282073975	0.6006103754043579	0.6000393033027649	-0.8777092099189758	9.464775085449219	2.7930564880371094	-7.2093377113342285	1.1561272144317627
S83G	-2.18192195892334	7.681351661682129	-2.8880858421325684	3.7048864364624023	-3.612518310546875	-0.6805933117866516	3.494856834411621	2.1144726276397705	2.053670883178711	-28.872699737548828	-1.9186580181121826
S83H	2.4992947578430176	5.379691123962402	-6.361624717712402	4.655523777008057	-0.9000096917152405	2.9869844913482666	-9.963053703308105	6.427580833435059	1.6469091176986694	-5.711906433105469	0.06593899428844452
S83I	8.223074913024902	2.3620691299438477	-5.707881927490234	3.8902747631073	0.7873905301094055	0.6953569054603577	-2.8565621376037598	15.78515625	1.9260125160217285	-12.678240776062012	1.2426650524139404
S83K	1.2228167057037354	6.004516124725342	-4.01729154586792	7.637785911560059	-0.5139619708061218	-2.3130831718444824	1.9673302173614502	14.98709774017334	3.455552816390991	-24.439064025878906	0.399169921875
S83L	-0.521806538105011	5.931585311889648	-2.9226107597351074	4.380693435668945	0.5042848587036133	2.186819076538086	1.3040432929992676	9.031305313110352	4.274327754974365	-10.698999404907227	1.3469642400741577
S83M	0.011524207890033722	6.224056243896484	-5.294096946716309	3.9651310443878174	-2.321676731109619	0.21127094328403473	-11.045302391052246	5.153509140014648	2.1958885192871094	-6.710049152374268	-0.7609745264053345
S83N	3.598663568496704	4.369361400604248	-3.4857401847839355	9.098785400390625	-0.9716835618019104	-1.6334679126739502	-4.28180456161499	12.705465316772461	3.874725103378296	-23.334245681762695	-0.005994033999741077
S83P	4.064736366271973	1.8515191078186035	-10.858299255371094	7.034231185913086	-0.8534409403800964	-3.778679132461548	-5.83209753036499	8.121064186096191	-0.18910355865955353	-9.920714378356934	-1.0360783338546753
S83Q	5.126842498779297	3.9042346477508545	-2.8098762035369873	8.986743927001953	0.1281280368566513	0.1736304610967636	-4.666507244110107	12.462740898132324	2.3810949325561523	-9.771435737609863	1.591559886932373
S83R	2.6408050060272217	5.187292098999023	-2.593073844909668	7.093020915985107	0.6610717177391052	-0.1527075618505478	0.5350648760795593	13.55357551574707	2.296069860458374	-15.072535514831543	1.414858341217041
S83T	5.077015399932861	1.7349157333374023	-1.4753589630126953	8.94434642791748	0.7913828492164612	7.184391021728516	2.7714061737060547	15.642425537109375	3.195056676864624	-20.0892276763916	2.3776354789733887
S83V	2.895562171936035	3.075620651245117	0.05392292141914368	5.918155193328857	0.9234569668769836	-0.9599494338035583	2.2433695793151855	28.35357666015625	0.8015114068984985	-30.56292152404785	1.2742303609848022
S83W	-0.8201673626899719	3.6060805320739746	-7.720759391784668	1.9339927434921265	-2.236142158508301	-5.161816596984863	-12.123045921325684	1.6945488452911377	0.6240046620368958	-7.181971549987793	-2.738527774810791
S83Y	-0.6921416521072388	4.90014123916626	-7.903993129730225	2.8806021213531494	-2.9684150218963623	2.1097166538238525	-10.54574203491211	4.600764274597168	2.377756357192993	-4.040122985839844	-0.9281433820724487
F84A	-6.059872627258301	6.9248833656311035	-17.11223602294922	12.987546920776367	-2.114230155944824	-23.051300048828125	2.8568673133850098	7.015414237976074	1.6944841146469116	-5.094295024871826	-2.1952738761901855
F84C	0.017697028815746307	-3.7340519428253174	2.863063097000122	4.663699150085449	3.1288509368896484	-7.37967586517334	4.714901924133301	-7.60772705078125	-2.597900629043579	-2.2368974685668945	-0.816804051399231
F84D	-4.6402692794799805	-15.42399787902832	-9.291905403137207	-4.453710556030273	-8.098615646362305	-24.784339904785156	-0.755188524723053	-2.6937835216522217	-0.825346052646637	-3.731726884841919	-7.469889163970947
F84E	-15.8916015625	-6.319170951843262	-13.252488136291504	-2.669320583343506	-13.31441879272461	-21.28670883178711	-2.7118942737579346	3.4869329929351807	-6.559789180755615	-10.539982795715332	-8.905843734741211
F84G	-9.160870552062988	-1.586721420288086	-25.061389923095703	6.519994735717773	-14.267999649047852	-28.641069412231445	0.6391697525978088	1.767391324043274	-6.123688697814941	-8.506211280822754	-8.442139625549316
F84H	-3.3313515186309814	-15.233372688293457	0.2941228747367859	-3.785005569458008	2.419407606124878	-15.140073776245117	3.205763339996338	-8.4561185836792	-8.251462936401367	-3.0492212772369385	-5.1327314376831055
F84I	5.16422700881958	6.2096266746521	4.197576522827148	15.30527114868164	3.3522279262542725	-6.657342433929443	5.313668727874756	13.57408332824707	7.596566200256348	-0.37582510709762573	5.368007659912109
F84K	-4.822734355926514	9.82813835144043	-16.460552215576172	9.887985229492188	-6.253510475158691	-35.89683532714844	2.1555063724517822	0.6002047657966614	3.2955145835876465	-1.2379482984542847	-3.890423536300659
F84L	-6.024899482727051	0.9011650085449219	-10.091469764709473	14.292623519897461	2.6486477851867676	-2.742154598236084	2.702561616897583	21.98061180114746	-2.306485891342163	0.9557287096977234	2.231632709503174
F84M	1.0166008472442627	-2.7710540294647217	2.488996982574463	4.5892486572265625	5.298701286315918	-10.600467681884766	4.584003448486328	-7.395986080169678	-2.483705520629883	-1.7994693517684937	-0.7073131799697876
F84N	-0.4072971045970917	-8.280670166015625	-3.1676783561706543	-8.836551666259766	-10.019890785217285	-19.088836669921875	2.0472896099090576	-0.9947111010551453	1.3578909635543823	0.34462839365005493	-4.704583168029785
F84P	-4.1722092628479	-31.987730026245117	-8.809595108032227	-13.547438621520996	-4.7730937004089355	-21.41356658935547	1.1697232723236084	-4.763242721557617	-4.149441719055176	-4.339626789093018	-9.67862319946289
F84Q	-2.7233409881591797	-12.196303367614746	-2.3526899814605713	-2.62705659866333	-0.7662392854690552	-27.996013641357422	0.6647141575813293	-3.059638500213623	-2.6076505184173584	-2.2127718925476074	-5.587698936462402
F84R	-2.964911699295044	4.590216159820557	-11.582305908203125	10.54333209991455	-4.6933722496032715	-30.4622802734375	1.0850756168365479	-1.5765260457992554	-0.1616516262292862	-4.4303412437438965	-3.9652762413024902
F84S	-4.537005424499512	1.9782131910324097	-17.02445411682129	8.152342796325684	-12.429003715515137	-20.357324600219727	1.3898437023162842	10.346278190612793	-0.12730734050273895	-1.4277024269104004	-3.4036121368408203
F84T	0.7121860384941101	6.817478656768799	-10.26833724975586	9.168631553649902	-0.49424368143081665	-14.879809379577637	4.212638854980469	10.401087760925293	6.530940055847168	4.3874125480651855	1.6587985754013062
F84V	4.611295700073242	13.13525104522705	0.819622278213501	19.97127914428711	3.337899923324585	1.4575685262680054	1.7184752225875854	18.89537239074707	3.8124663829803467	-1.7563830614089966	6.600284576416016
F84W	-1.4653335809707642	-16.216388702392578	-2.565882921218872	-5.762386322021484	2.906320333480835	-12.259806632995605	0.4657757878303528	-10.889585494995117	-10.199678421020508	-5.499941825866699	-6.148691177368164
F84Y	-0.7212712168693542	-14.16867446899414	0.819817304611206	-0.9814265966415405	0.5346947908401489	-4.48403787612915	2.9856646060943604	-10.802650451660156	-7.400327205657959	-4.017374038696289	-3.823558807373047
I85A	-0.06453705579042435	9.689081192016602	-5.727409362792969	26.029399871826172	4.849791049957275	-1.5052059888839722	3.3618359565734863	13.524738311767578	7.130372047424316	-10.526076316833496	4.676198482513428
I85C	-0.03599061071872711	-12.542081832885742	-1.7532671689987183	-1.4318796396255493	-7.790789604187012	-4.551373481750488	-3.4705116748809814	-2.4391777515411377	2.268397092819214	-8.049198150634766	-3.9795875549316406
I85D	8.672176361083984	-8.506046295166016	-4.8317413330078125	12.275671005249023	-7.477376461029053	1.1463677883148193	-2.117232322692871	7.660616874694824	3.2429275512695312	-12.928892135620117	-0.2863529324531555
I85E	-10.05140495300293	8.478347778320312	-10.339749336242676	10.185285568237305	-1.2704321146011353	-9.970296859741211	-0.5634793043136597	5.576140880584717	5.839784622192383	-25.168575286865234	-2.728437900543213
I85F	3.947725534439087	-6.43565559387207	-2.7487215995788574	18.137659072875977	-5.708656311035156	0.16918225586414337	-0.41649842262268066	4.762803077697754	4.138001441955566	-7.197215557098389	0.8648624420166016
I85G	-2.024245023727417	0.4073326289653778	-7.828775405883789	17.435569763183594	-2.6922268867492676	-2.9098939895629883	-0.7646763324737549	2.340348720550537	5.761134147644043	-11.129840850830078	-0.14052733778953552
I85H	5.348540782928467	-11.326478958129883	-3.1622629165649414	-0.6323856115341187	-9.142297744750977	-1.1518020629882812	-1.8147087097167969	-0.631990909576416	-0.053408339619636536	-9.490821838378906	-3.205761671066284
I85K	1.368613839149475	1.7923580408096313	-4.923732280731201	22.013111114501953	-5.175131320953369	-1.7661691904067993	0.5586766004562378	4.312987327575684	7.898017406463623	-14.063480377197266	1.201525092124939
I85L	2.8580901622772217	5.987672805786133	-3.1744606494903564	13.625116348266602	5.3647074699401855	9.72884750366211	6.442702770233154	20.864917755126953	7.893805980682373	-3.69917893409729	6.589221954345703
I85M	0.15372610092163086	-8.693673133850098	-2.420175790786743	-3.2789363861083984	-8.604965209960938	-4.819476127624512	-2.6741015911102295	-0.5635650157928467	1.0745655298233032	-8.535921096801758	-3.836252212524414
I85N	3.9670753479003906	-6.2783966064453125	-4.213014602661133	7.066498279571533	-6.614053726196289	-1.1413788795471191	-3.4522910118103027	3.078489303588867	2.8033485412597656	-11.523702621459961	-1.6307426691055298
I85P	1.1782792806625366	-19.558073043823242	-14.14549446105957	6.712177276611328	-10.914756774902344	-5.201095104217529	-4.095126628875732	-0.5167502760887146	-3.245178461074829	-10.624066352844238	-6.041008472442627
I85Q	3.0468077659606934	-5.357511520385742	-4.277242660522461	6.243422985076904	-6.17002010345459	-1.7554609775543213	-2.1811680793762207	2.428741216659546	1.7308084964752197	-11.835168838500977	-1.8126790523529053
I85R	0.15511399507522583	2.386258363723755	-3.206188917160034	13.891834259033203	-3.3983054161071777	-1.3620121479034424	-0.4161650538444519	3.985410451889038	4.347400188446045	-15.014673233032227	0.13686732947826385
I85S	0.9126344323158264	-1.761558175086975	-3.7240145206451416	23.803293228149414	-0.6606000065803528	-0.7352283596992493	1.294236421585083	14.092926025390625	8.57969856262207	-5.320921421051025	3.6480460166931152
I85T	4.856250286102295	0.9232206344604492	-2.5200881958007812	23.319347381591797	-0.8572588562965393	0.6153075695037842	0.8204208612442017	10.099414825439453	6.9791579246521	-3.799649477005005	4.043612480163574
I85V	6.372969627380371	5.955679893493652	-2.6029348373413086	17.01026153564453	2.8875064849853516	11.519912719726562	5.890651702880859	14.31672477722168	10.020496368408203	-1.4714157581329346	6.98998498916626
I85W	-2.3059675693511963	-7.233497619628906	-5.388567924499512	-7.091179370880127	-11.111640930175781	-9.792220115661621	-6.9621100425720215	-0.7245726585388184	-2.7888214588165283	-12.719590187072754	-6.61181640625
I85Y	6.554641246795654	-13.73593807220459	-0.6290643215179443	-0.6662449836730957	-7.203830718994141	-1.3640589714050293	-1.2028777599334717	0.4165688455104828	-1.08975350856781	-11.749037742614746	-3.066959857940674
E86A	25.063480377197266	26.131479263305664	1.7763793468475342	22.61487579345703	5.47162389755249	18.262832641601562	8.477496147155762	19.539119720458984	15.540874481201172	9.595788955688477	15.247395515441895
E86C	19.503992080688477	6.6186981201171875	12.610209465026855	4.193025588989258	-0.13949555158615112	8.24179458618164	12.304910659790039	-0.554642379283905	4.224173069000244	4.240927219390869	7.124360084533691
E86D	31.2329158782959	12.19415283203125	5.9330525398254395	12.792840957641602	2.2686705589294434	12.04605484008789	12.959019660949707	9.625443458557129	7.810141563415527	6.11293363571167	11.297521591186523
E86F	22.72458839416504	12.964624404907227	4.124425888061523	8.470142364501953	2.278888702392578	3.8727753162384033	7.334102630615234	5.3579816818237305	11.146712303161621	2.5586392879486084	8.083288192749023
E86G	42.97477722167969	18.002212524414062	3.048879623413086	24.585771560668945	2.592155694961548	18.526657104492188	7.296529293060303	20.920269012451172	13.817408561706543	10.450799942016602	16.221546173095703
E86H	21.318439483642578	8.253911018371582	8.087045669555664	4.2947869300842285	-0.9846307635307312	5.197277069091797	13.253564834594727	1.1095269918441772	6.1368088722229	4.081843376159668	7.074857234954834
E86I	15.048744201660156	13.5280179977417	4.367617130279541	8.276252746582031	3.449038505554199	4.690089225769043	7.628665447235107	5.285634994506836	11.144092559814453	4.680148601531982	7.8098297119140625
E86K	37.954376220703125	22.473712921142578	5.548483848571777	20.513822555541992	5.355197906494141	16.55445098876953	14.237330436706543	18.35218048095703	11.82876968383789	10.596541404724121	16.341487884521484
E86L	6.085603713989258	3.0481553077697754	-8.156842231750488	5.117128372192383	5.716487884521484	9.04435920715332	-1.8816136121749878	4.4458723068237305	8.648162841796875	3.564192771911621	3.5631508827209473
E86M	21.34538459777832	6.811258316040039	7.412627696990967	3.3997385501861572	-0.46927011013031006	6.072920799255371	10.990856170654297	0.7558416128158569	5.165529727935791	3.9493567943573	6.5434250831604
E86N	27.588571548461914	10.942822456359863	5.108161926269531	8.434856414794922	1.2147995233535767	8.380717277526855	11.34496021270752	5.209385871887207	8.731352806091309	6.040676116943359	9.299631118774414
E86P	22.264257431030273	11.230298042297363	4.157493591308594	12.778915405273438	1.8873103857040405	6.604860305786133	10.659212112426758	3.611867666244507	8.15662670135498	-0.20420312881469727	8.114664077758789
E86Q	27.991344451904297	12.987537384033203	7.186899185180664	10.59416675567627	1.7601279020309448	8.185770034790039	13.064850807189941	6.639016151428223	10.523316383361816	9.13626480102539	10.806928634643555
E86R	36.45771408081055	17.1803035736084	4.275920391082764	19.093229293823242	4.64902400970459	10.609912872314453	12.145476341247559	15.459688186645508	11.349899291992188	9.961782455444336	14.118293762207031
E86S	40.26054763793945	20.291170120239258	4.349588871002197	23.529399871826172	4.1184234619140625	17.761859893798828	11.88715648651123	15.788549423217773	16.52851104736328	10.021583557128906	16.453678131103516
E86T	35.94439697265625	21.897287368774414	4.969213485717773	22.672901153564453	4.497858047485352	12.285591125488281	13.64061450958252	13.683637619018555	14.757051467895508	9.211058616638184	15.35595989227295
E86V	14.693660736083984	16.489145278930664	0.7167166471481323	10.996435165405273	5.550384998321533	10.23939037322998	1.4113781452178955	9.091629028320312	17.13083267211914	6.319537162780762	9.263910293579102
E86W	18.90985679626465	3.8068106174468994	7.827578067779541	-2.881162643432617	-1.1339688301086426	4.047174453735352	8.988970756530762	-2.941751003265381	3.0618019104003906	0.4130361080169678	4.0098347663879395
E86Y	22.864524841308594	5.058088779449463	11.78746223449707	0.6512559652328491	-1.0982977151870728	7.761422157287598	11.790081977844238	-2.0502867698669434	3.197249174118042	1.3241853713989258	6.128568649291992
K87A	9.426953315734863	22.153018951416016	2.4479730129241943	14.490559577941895	3.590402603149414	21.32006072998047	3.3739376068115234	9.486856460571289	5.009512424468994	9.379626274108887	10.067889213562012
K87C	14.01980972290039	9.045417785644531	8.147793769836426	2.7257437705993652	1.3717204332351685	9.522747039794922	4.903499603271484	1.3972069025039673	3.1340503692626953	7.8878397941589355	6.215582370758057
K87D	14.804699897766113	15.23320484161377	5.762077331542969	0.9296286106109619	-1.5914167165756226	10.73410701751709	5.024011611938477	6.6834821701049805	5.3779168128967285	12.112743377685547	7.507046699523926
K87E	11.339484214782715	26.893381118774414	4.766358375549316	17.577939987182617	5.11738395690918	26.724308013916016	5.038002967834473	11.572150230407715	5.164665222167969	14.18973159790039	12.838340759277344
K87F	3.097029209136963	10.691046714782715	4.2433576583862305	0.25480854511260986	3.5406534671783447	4.2116379737854	2.2331273555755615	3.534161329269409	2.030351400375366	8.09388542175293	4.193005561828613
K87G	10.372215270996094	17.110111236572266	0.8461258411407471	9.936763763427734	0.16184651851654053	17.948741912841797	3.819377899169922	9.407737731933594	4.476538181304932	13.560726165771484	8.764018058776855
K87H	10.26089859008789	9.991521835327148	5.331242084503174	-1.4285732507705688	0.01808943599462509	5.873903274536133	4.651590824127197	1.7047069072723389	5.913336753845215	8.889554023742676	5.120627403259277
K87I	3.8904929161071777	14.636292457580566	4.072926998138428	2.486912965774536	2.8042750358581543	2.5695152282714844	3.0114495754241943	3.382450580596924	2.5646884441375732	8.505034446716309	4.7924041748046875
K87L	-3.4801957607269287	13.44139575958252	-3.417261838912964	8.940705299377441	-2.9845337867736816	15.461751937866211	-1.5906606912612915	-3.495842695236206	3.298194169998169	-3.7406184673309326	2.243293523788452
K87M	8.265060424804688	8.602189064025879	6.320606708526611	0.7871952056884766	1.7047432661056519	7.690478324890137	4.772974491119385	0.9618872404098511	2.8185946941375732	7.616501331329346	4.9540228843688965
K87N	11.942169189453125	11.755880355834961	4.4305100440979	1.9382052421569824	-0.5175896286964417	7.646762847900391	3.8871548175811768	4.352848052978516	6.521172523498535	10.85567569732666	6.281278610229492
K87P	7.822309970855713	9.735382080078125	4.273703575134277	-2.5727858543395996	-0.6224629878997803	9.347594261169434	2.4282422065734863	2.2291362285614014	2.959285259246826	8.044195175170898	4.364459991455078
K87Q	12.721030235290527	14.886459350585938	4.158968925476074	2.903135299682617	-0.6079203486442566	8.947646141052246	5.341899871826172	5.807589530944824	7.145687103271484	12.812138557434082	7.411664009094238
K87R	8.695563316345215	21.6751766204834	2.478076457977295	5.5055341720581055	3.448047399520874	12.141144752502441	4.523298263549805	6.877767562866211	8.242717742919922	15.358802795410156	8.894613265991211
K87S	10.845521926879883	17.78365135192871	2.984963893890381	7.650022506713867	0.18941378593444824	20.23516845703125	4.1317138671875	7.998567581176758	3.6826376914978027	14.195960998535156	8.969762802124023
K87T	8.617938041687012	18.342073440551758	3.831986904144287	7.161619186401367	1.329922080039978	16.065839767456055	3.6150569915771484	6.742419242858887	4.108384132385254	12.85610580444336	8.267133712768555
K87V	2.3521862030029297	20.878910064697266	0.6181372404098511	7.528886795043945	2.441178560256958	9.791828155517578	0.8931738138198853	3.670666217803955	4.647083759307861	5.432741641998291	5.825479030609131
K87W	8.970998764038086	6.350682258605957	5.482658386230469	-5.038077354431152	0.388849675655365	8.159807205200195	4.910295009613037	-1.8882826566696167	3.2531697750091553	6.331518650054932	3.692162275314331
K87Y	14.46985912322998	8.259995460510254	7.433978080749512	-6.536539554595947	0.08873551338911057	8.0786771774292	4.776968479156494	-0.35856959223747253	2.4054105281829834	7.0811967849731445	4.569971561431885
E88A	5.041719913482666	13.538590431213379	-2.0809803009033203	22.79559326171875	2.5477795600891113	21.13077735900879	2.429304599761963	12.827676773071289	8.496109008789062	4.850803852081299	9.157737731933594
E88C	7.689051151275635	8.97800064086914	6.421492576599121	3.4670989513397217	6.007320880889893	5.679525852203369	10.028406143188477	-10.830491065979004	5.1353440284729	3.8295228481292725	4.640527248382568
E88D	10.42907428741455	-2.9416348934173584	6.991711616516113	16.28496551513672	6.2507100105285645	19.749555587768555	4.193235397338867	4.4241557121276855	2.978166341781616	7.201244354248047	7.556118965148926
E88F	4.735038757324219	-0.8493183255195618	3.3009090423583984	14.54190444946289	-3.267031669616699	2.15214204788208	3.180642604827881	-2.1331310272216797	3.0522727966308594	5.1209540367126465	2.98343825340271
E88G	15.29080581665039	10.775619506835938	-2.811150550842285	18.823638916015625	0.565800130367279	17.009159088134766	2.2124035358428955	11.057012557983398	8.525701522827148	9.871251106262207	9.132024765014648
E88H	8.822199821472168	8.998265266418457	3.9275834560394287	5.598086357116699	7.987972259521484	9.557083129882812	9.159554481506348	-10.995172500610352	3.5841736793518066	5.113224029541016	5.175297260284424
E88I	7.31242561340332	-2.511137008666992	3.112283229827881	15.10485553741455	1.072027564048767	-1.1178795099258423	1.9489011764526367	0.46213921904563904	2.232743978500366	-2.627413272857666	2.498894453048706
E88K	13.893725395202637	2.26777720451355	5.18428897857666	24.265342712402344	3.2403512001037598	17.489402770996094	3.302184820175171	11.940963745117188	5.4399518966674805	10.600360870361328	9.762434005737305
E88L	-4.467539310455322	1.456101417541504	-4.193282604217529	10.552149772644043	-0.4998246431350708	-8.016200065612793	1.3604885339736938	3.1566498279571533	1.2864927053451538	-6.473747730255127	-0.5838712453842163
E88M	5.270841598510742	8.376679420471191	5.29117488861084	4.387369155883789	6.498440742492676	4.853601932525635	7.347677707672119	-9.066435813903809	4.472360134124756	2.2024669647216797	3.9634177684783936
E88N	7.920492172241211	3.979626178741455	2.849010467529297	10.000890731811523	6.273452281951904	13.805824279785156	3.876103162765503	-2.177476644515991	2.8885741233825684	7.9351115226745605	5.735160827636719
E88P	4.9292731285095215	-6.539527416229248	3.504652500152588	1.8746814727783203	2.6129560470581055	15.086511611938477	3.0978353023529053	-5.157097816467285	1.8468319177627563	6.125187873840332	2.738130569458008
E88Q	10.192131042480469	2.041961431503296	7.10963249206543	15.468965530395508	8.707825660705566	17.596670150756836	4.7828874588012695	4.253350734710693	3.774513006210327	9.255230903625488	8.318317413330078
E88R	14.62825870513916	1.810961127281189	5.386748790740967	22.789142608642578	7.382400035858154	16.515596389770508	3.1108806133270264	12.739309310913086	3.6733362674713135	10.549541473388672	9.858617782592773
E88S	10.366995811462402	3.20951771736145	1.461308479309082	16.880887985229492	3.4677484035491943	15.769268035888672	2.993910312652588	17.531715393066406	4.2568159103393555	15.173341751098633	9.111150741577148
E88T	11.595364570617676	2.002223253250122	4.1584672927856445	18.901304244995117	4.543339729309082	12.761629104614258	3.185480833053589	10.043071746826172	3.9338855743408203	8.728242874145508	7.985300540924072
E88V	2.870537281036377	3.274099588394165	-0.3139708340167999	13.047330856323242	3.0903725624084473	0.7472483515739441	0.5918477773666382	3.6988861560821533	3.0940001010894775	-2.9332830905914307	2.7167067527770996
E88W	4.423293113708496	6.167420387268066	2.452423095703125	-1.6444413661956787	5.715061664581299	4.040524482727051	6.4430251121521	-13.664974212646484	3.656074047088623	1.055396556854248	1.8643804788589478
E88Y	15.162353515625	10.25655460357666	3.2512474060058594	4.0723652839660645	7.263988494873047	11.299455642700195	11.285787582397461	-13.94748306274414	3.1607718467712402	1.171389102935791	5.297642707824707
N89A	-0.1036381646990776	3.0344645977020264	-12.341854095458984	11.12560749053955	-1.663816213607788	1.8493590354919434	4.979494571685791	13.114068984985352	2.9629437923431396	-2.9840304851531982	1.9972600936889648
N89C	13.216551780700684	5.916718006134033	6.595185279846191	-17.645505905151367	-3.4923791885375977	3.904799699783325	-6.700250625610352	-3.8508450984954834	0.6816766262054443	-0.4537990689277649	-0.18278491497039795
N89D	7.162216663360596	-0.6375366449356079	-0.2984621226787567	11.577750205993652	0.8989440202713013	5.427907943725586	-12.722992897033691	-0.9847434759140015	1.3862179517745972	0.34962624311447144	1.215893030166626
N89E	0.5448901057243347	4.058597087860107	-4.255301475524902	5.40376091003418	3.4744691848754883	18.888200759887695	4.789509296417236	15.445348739624023	2.955310106277466	-2.7285852432250977	4.857619762420654
N89F	3.382168769836426	1.2490863800048828	-3.6530401706695557	-7.009218692779541	-4.381755352020264	-1.284311056137085	-9.707788467407227	-3.0732474327087402	-1.3401188850402832	-3.3919718265533447	-2.9210197925567627
N89G	8.993768692016602	14.780611038208008	-2.3372585773468018	14.480838775634766	-1.4051952362060547	7.871327877044678	2.1108384132385254	2.6791718006134033	2.912555456161499	-4.560797691345215	4.552586078643799
N89H	12.495498657226562	0.4848320186138153	4.013406753540039	-15.576286315917969	1.1429669857025146	5.756400108337402	-17.44202995300293	-8.911937713623047	1.1028140783309937	0.40377914905548096	-1.6530557870864868
N89I	2.5076076984405518	-0.827915608882904	-0.9667642116546631	3.8200509548187256	4.682340621948242	-3.049670457839966	-4.665145397186279	-0.2636171877384186	0.11003027856349945	-4.878626346588135	-0.3531709313392639
N89K	5.69066858291626	8.315838813781738	0.13755348324775696	17.491275787353516	7.256753921508789	9.67780590057373	0.41814738512039185	3.26092267036438	5.019309997558594	0.4459008574485779	5.771417617797852
N89L	-13.142292976379395	-9.188531875610352	-23.710220336914062	0.01339980959892273	-7.688412666320801	-3.86484694480896	0.5510377287864685	5.506434440612793	3.4037673473358154	-4.572693824768066	-5.269235610961914
N89M	11.488446235656738	5.011976718902588	3.691864013671875	-21.832433700561523	-4.037030220031738	3.1880459785461426	-13.154718399047852	-5.524349689483643	0.7654162645339966	-1.7824279069900513	-2.2185208797454834
N89P	2.575132369995117	-2.928152084350586	-15.949162483215332	3.224066734313965	-5.372124195098877	-1.2098884582519531	-15.423660278320312	-3.409041166305542	-2.361356496810913	-6.633326053619385	-4.748751163482666
N89Q	5.5595526695251465	0.4949488937854767	0.8947070837020874	8.50809383392334	3.352881908416748	6.864943981170654	-11.138628959655762	-2.35107421875	0.2607508897781372	1.7371177673339844	1.4183294773101807
N89R	4.213576316833496	6.503040313720703	1.516050934791565	9.79063606262207	8.650321960449219	5.358081340789795	-0.3437582850456238	-0.1636655032634735	2.2242321968078613	0.6586032509803772	3.840712070465088
N89S	4.9063334465026855	7.142455101013184	-0.7374306917190552	14.657958030700684	0.13532617688179016	5.820733547210693	4.406013488769531	1.8283997774124146	3.880666971206665	-0.6694154143333435	4.137104511260986
N89T	5.944390296936035	8.27331829071045	0.49540677666664124	9.619613647460938	4.871373176574707	3.8762354850769043	1.6355198621749878	0.9879238605499268	1.8080215454101562	-1.9146074056625366	3.5597195625305176
N89V	-3.6899800300598145	2.9062576293945312	-16.413921356201172	3.22515869140625	2.588752031326294	-2.56618332862854	0.42342454195022583	2.378471851348877	2.3120453357696533	-0.07839477807283401	-0.8914369344711304
N89W	10.358837127685547	3.640190601348877	-1.5902093648910522	-29.990808486938477	-7.448342800140381	3.450269937515259	-16.021398544311523	-17.78375244140625	-2.572951078414917	-0.33913347125053406	-5.829730033874512
N89Y	10.688834190368652	1.8494131565093994	3.4118876457214355	-22.466527938842773	5.094923496246338	7.064972400665283	-21.882015228271484	-10.511652946472168	-3.696134328842163	-3.037846803665161	-3.348414897918701
Y90A	-4.044589519500732	3.607447385787964	-29.610275268554688	15.159253120422363	-6.806370735168457	-20.24948501586914	1.8479058742523193	8.384472846984863	0.19704864919185638	-6.925110816955566	-3.843970537185669
Y90C	4.93585729598999	5.384484767913818	1.2243293523788452	-7.89475154876709	-9.023496627807617	-11.133138656616211	-5.092109203338623	12.25813102722168	5.116227149963379	-2.1080596446990967	-0.633252739906311
Y90D	3.0308752059936523	-2.3078341484069824	-6.292817115783691	-7.468448638916016	-9.609646797180176	-10.624208450317383	-2.728137969970703	7.975028991699219	2.1437795162200928	-2.3440041542053223	-2.8225412368774414
Y90E	-13.644201278686523	1.4049208164215088	-20.540578842163086	9.05199146270752	-6.126553535461426	-8.445755958557129	1.138811707496643	7.622687339782715	4.638438701629639	-7.009523391723633	-3.190976142883301
Y90F	2.2655820846557617	1.1800676584243774	-8.66776180267334	-0.2729456126689911	-3.170217514038086	-14.02788257598877	-4.049914360046387	3.5648722648620605	2.824692487716675	1.3985003232955933	-1.8955007791519165
Y90G	-4.615381240844727	-8.314180374145508	-29.33123779296875	-2.535282611846924	-11.534843444824219	-15.565272331237793	-0.040206100791692734	2.5873167514801025	-8.106624603271484	-6.507593154907227	-8.396329879760742
Y90H	2.151879072189331	5.900603294372559	-5.496606349945068	-5.919064998626709	-9.707976341247559	-8.500211715698242	6.742401599884033	15.796147346496582	4.01936149597168	-5.580018520355225	-0.05934853479266167
Y90I	3.0193519592285156	2.516530752182007	-5.6822638511657715	3.6769988536834717	0.6462545990943909	-14.267134666442871	-2.6124768257141113	12.79616641998291	3.847836971282959	-1.144008755683899	0.27972570061683655
Y90K	1.9192050695419312	-3.1055119037628174	-20.529727935791016	10.034777641296387	-5.966023921966553	-21.773494720458984	-0.4130735993385315	2.9693665504455566	2.141012668609619	-9.160798072814941	-4.388426780700684
Y90L	-9.524521827697754	10.728920936584473	-19.857858657836914	6.327474117279053	-0.21685025095939636	-20.642120361328125	2.647892713546753	11.08069896697998	-0.08133970201015472	1.0855666399002075	-1.845213532447815
Y90M	2.4118387699127197	4.113830089569092	-2.9354755878448486	-6.392094135284424	-8.819988250732422	-14.277812957763672	-8.550472259521484	10.51572036743164	1.2850749492645264	-2.626903533935547	-2.527628183364868
Y90N	4.106756210327148	-0.8231289982795715	-5.183043479919434	-6.960061073303223	-6.6432294845581055	-12.123995780944824	-5.4386067390441895	6.781506538391113	1.278699278831482	-3.0852811336517334	-2.8090384006500244
Y90P	4.037353038787842	-3.5156235694885254	-14.182950973510742	-7.852739334106445	-8.124006271362305	-21.558015823364258	-6.469547271728516	2.4467930793762207	-9.563834190368652	-1.9833251237869263	-6.676589012145996
Y90Q	3.8617160320281982	0.8425212502479553	-6.6305742263793945	-5.100076675415039	-10.590304374694824	-15.24043083190918	-7.925841808319092	10.351777076721191	1.0373897552490234	-4.417495250701904	-3.381131649017334
Y90R	2.87370228767395	2.2284927368164062	-11.436717987060547	1.3435924053192139	-3.659348487854004	-14.154254913330078	-0.2922288179397583	5.3179931640625	2.425304412841797	-6.984200477600098	-2.233766555786133
Y90S	1.8426287174224854	-4.179800987243652	-17.348644256591797	-0.2527649700641632	-7.735811233520508	-19.127010345458984	1.2862331867218018	3.8884005546569824	-2.042815923690796	-3.206117868423462	-4.687570571899414
Y90T	2.824502944946289	1.4708207845687866	-13.130289077758789	-1.5328032970428467	-4.057069301605225	-15.58812141418457	0.06031997874379158	6.945549964904785	2.350200653076172	-2.6365606784820557	-2.3293447494506836
Y90V	5.405360221862793	9.875402450561523	-10.793455123901367	3.2309353351593018	3.523942470550537	-13.41823959350586	0.23572349548339844	9.041324615478516	2.514699697494507	0.12930387258529663	0.9744998216629028
Y90W	3.6045544147491455	-0.7210103869438171	-7.073831558227539	-11.63268756866455	-11.361617088317871	-18.8216552734375	-11.140774726867676	1.1040514707565308	-0.8183563947677612	-3.9207346439361572	-6.0782060623168945
H91A	-12.775740623474121	5.698759078979492	-22.512739181518555	-1.8876137733459473	-13.243197441101074	-23.520700454711914	-9.597143173217773	11.820900917053223	-25.50771713256836	-30.97718048095703	-12.250237464904785
H91C	-25.913095474243164	-10.576905250549316	-12.562480926513672	-2.8312313556671143	-4.818138599395752	-13.405132293701172	-15.35443115234375	-8.677447319030762	-10.219242095947266	-9.321625709533691	-11.367971420288086
H91D	-16.871253967285156	-11.874866485595703	-9.845873832702637	-11.226757049560547	-14.859559059143066	-10.07776927947998	-9.26931095123291	-0.3992028832435608	-11.866957664489746	-19.091073989868164	-11.538262367248535
H91E	-18.814315795898438	-1.5296460390090942	-13.957719802856445	3.7847840785980225	-11.769296646118164	-24.17784881591797	-7.660734176635742	15.282604217529297	-18.394367218017578	-31.90706443786621	-10.914361000061035
H91F	-10.489810943603516	-3.289062976837158	-9.968903541564941	-7.409121036529541	-11.869471549987793	-5.553979873657227	-9.616785049438477	0.2790169417858124	-4.595605373382568	-18.656023025512695	-8.116973876953125
H91G	-11.319599151611328	-5.166883945465088	-20.64221954345703	-13.361817359924316	-18.265525817871094	-25.20604705810547	-8.47921371459961	1.2617567777633667	-25.115982055664062	-40.42891311645508	-16.672443389892578
H91I	-12.876655578613281	-11.550859451293945	-8.438730239868164	-7.916608810424805	-8.411537170410156	-7.05565881729126	-8.243621826171875	4.206399440765381	-5.129194736480713	-18.273616790771484	-8.36900806427002
H91K	-12.936958312988281	-8.943117141723633	-12.558282852172852	-9.144074440002441	-15.409064292907715	-17.8405704498291	-9.525830268859863	1.7241121530532837	-14.760558128356934	-24.56346893310547	-12.395781517028809
H91L	-26.3193302154541	11.608647346496582	-23.512290954589844	0.9134043455123901	-9.283869743347168	-20.226057052612305	-5.878444671630859	12.885233879089355	-12.433895111083984	-30.31126594543457	-10.255785942077637
H91M	-33.492698669433594	-18.281055450439453	-12.004669189453125	-6.20143985748291	-8.264547348022461	-8.209278106689453	-14.371399879455566	-11.729970932006836	-12.18388843536377	-10.762207984924316	-13.550115585327148
H91N	-20.101564407348633	-13.47221851348877	-7.303678035736084	-9.532988548278809	-11.599689483642578	-6.354434490203857	-10.677652359008789	-2.2814481258392334	-10.951516151428223	-16.255956649780273	-10.853114128112793
H91P	-28.759214401245117	-12.59310245513916	-11.188884735107422	-14.97287654876709	-15.750873565673828	-10.169190406799316	-16.521392822265625	-3.870706796646118	-19.180618286132812	-15.944839477539062	-14.895170211791992
H91Q	-25.137357711791992	-22.210824966430664	-8.249725341796875	-11.80809497833252	-15.396710395812988	-8.752216339111328	-12.818892478942871	-2.84397029876709	-14.2720308303833	-19.488370895385742	-14.097819328308105
H91R	-14.613906860351562	-12.858990669250488	-9.086631774902344	-11.079376220703125	-13.671313285827637	-13.294872283935547	-7.5810160636901855	0.5128206014633179	-10.576041221618652	-20.45729637145996	-11.270662307739258
H91S	-10.251192092895508	0.2401648461818695	-16.28404426574707	-4.99936056137085	-11.471246719360352	-19.165494918823242	-9.246331214904785	7.153409481048584	-17.75141716003418	-25.359636306762695	-10.71351432800293
H91T	-9.011087417602539	-1.9644618034362793	-9.849291801452637	-2.8592731952667236	-8.195762634277344	-12.154356002807617	-8.398294448852539	10.357166290283203	-5.709132671356201	-20.143949508666992	-6.792844295501709
H91V	-11.121784210205078	6.610044479370117	-12.695281982421875	-0.8328043222427368	-5.078679084777832	-15.728424072265625	-5.094493865966797	15.586564064025879	-12.078190803527832	-21.289384841918945	-6.172243595123291
H91W	-27.881250381469727	-19.81405258178711	-13.086564064025879	-8.93411922454834	-10.796229362487793	-11.26095199584961	-16.391767501831055	-13.297127723693848	-17.044963836669922	-8.103391647338867	-14.661041259765625
H91Y	-16.434051513671875	-14.693631172180176	-3.3313426971435547	0.9146713018417358	-6.4722137451171875	-7.836744785308838	-16.168397903442383	-4.906013488769531	-6.56920862197876	-11.650701522827148	-8.714762687683105
Y92A	-13.939327239990234	12.092142105102539	-18.850791931152344	9.089513778686523	-8.151533126831055	-24.236425399780273	-2.576385021209717	7.448482513427734	-13.561321258544922	-20.71164894104004	-7.339729309082031
Y92C	-10.792911529541016	1.9266518354415894	-8.62214183807373	5.185863018035889	-6.124180316925049	-5.920663356781006	-9.854557037353516	10.010220527648926	8.668869018554688	-14.852932929992676	-3.0375781059265137
Y92D	-5.583459854125977	-0.7400352358818054	-9.414752006530762	3.8691325187683105	-8.682452201843262	-21.252395629882812	-14.638398170471191	4.176061630249023	6.799675464630127	-21.96976661682129	-6.743638515472412
Y92E	-20.306964874267578	1.9210647344589233	-22.758861541748047	5.33550500869751	-20.66637420654297	-27.01364517211914	-6.4014573097229	10.931285858154297	-21.083248138427734	-33.19893264770508	-13.324162483215332
Y92F	-3.744248151779175	2.146247625350952	-12.33261489868164	2.387439250946045	-1.2266297340393066	-12.522893905639648	-9.02129077911377	2.595787525177002	7.279927730560303	-16.26482582092285	-4.070310115814209
Y92G	-7.595742702484131	7.74744987487793	-18.52065086364746	9.094640731811523	-13.233884811401367	-23.20452308654785	-3.8349268436431885	5.898005962371826	-15.65865707397461	-24.376428604125977	-8.368471145629883
Y92H	-11.230913162231445	-1.3177599906921387	-11.671699523925781	13.078250885009766	-8.760234832763672	-12.745573043823242	-19.989421844482422	2.660757064819336	6.847531795501709	-21.469877243041992	-6.459893703460693
Y92I	-4.235607624053955	3.21315860748291	-6.0678324699401855	1.1328461170196533	0.5296041965484619	-11.9349365234375	-5.099125385284424	10.45876407623291	5.983686923980713	-14.797369003295898	-2.0816810131073
Y92K	-6.370579719543457	5.205513000488281	-16.724742889404297	8.91952133178711	-7.785636901855469	-24.58326530456543	-5.0320940017700195	2.1453464031219482	2.178609609603882	-20.819950103759766	-6.286727428436279
Y92L	-18.914323806762695	11.95922565460205	-16.420223236083984	3.2420105934143066	0.189419686794281	-14.092344284057617	-1.2102444171905518	19.566408157348633	-2.9599721431732178	-9.466471672058105	-2.8106513023376465
Y92M	-11.718101501464844	-1.3978687524795532	-7.252687931060791	4.285811424255371	-4.233301639556885	-10.668838500976562	-13.362217903137207	14.701650619506836	8.278031349182129	-16.365983963012695	-3.773350477218628
Y92N	-3.8165266513824463	-1.083052635192871	-7.282918930053711	2.137712001800537	-4.543696403503418	-17.403301239013672	-14.20832347869873	7.701367378234863	7.7238616943359375	-18.01251792907715	-4.878739833831787
Y92P	-5.513082027435303	-3.6566991806030273	-16.790576934814453	5.876706600189209	-9.54761028289795	-20.910795211791992	-15.473358154296875	-0.853146493434906	3.985175132751465	-18.67412567138672	-8.15575122833252
Y92Q	-7.049315452575684	-6.068462371826172	-8.565058708190918	3.77424955368042	-6.8505539894104	-20.168285369873047	-15.63624382019043	6.4198760986328125	7.581063747406006	-22.06944465637207	-6.863217353820801
Y92R	-6.159051895141602	2.4212377071380615	-11.329787254333496	2.7895545959472656	-7.451152324676514	-21.90243148803711	-3.791956901550293	3.415576934814453	2.4789531230926514	-21.642719268798828	-6.117177486419678
Y92S	-6.5882086753845215	8.532974243164062	-18.683818817138672	9.622814178466797	-8.292875289916992	-22.76464080810547	-5.290048599243164	5.260828018188477	-2.705794095993042	-18.13027572631836	-5.903904914855957
Y92T	-4.775651454925537	8.16251277923584	-13.47419548034668	6.056701183319092	-1.3188931941986084	-17.87980079650879	-5.7727370262146	6.404687881469727	6.957653522491455	-15.5108642578125	-3.115058660507202
Y92V	-3.355252981185913	11.587991714477539	-8.149606704711914	0.3085651695728302	0.15313521027565002	-14.57950496673584	0.5555248856544495	12.908845901489258	3.455355405807495	-7.889327526092529	-0.5004274249076843
Y92W	-19.565427780151367	-6.853903770446777	-10.90742015838623	1.8610115051269531	-9.444514274597168	-16.610063552856445	-19.060550689697266	5.996116638183594	1.957962155342102	-16.39204216003418	-8.901884078979492
V93A	-18.934009552001953	-15.895034790039062	-26.477014541625977	-0.056678980588912964	-13.085911750793457	-39.38172912597656	-0.8636367321014404	13.311829566955566	-30.101165771484375	-21.460552215576172	-15.294392585754395
V93C	-21.892492294311523	-8.39992904663086	-9.96746826171875	-1.4288020133972168	-13.756204605102539	-20.75550651550293	-23.13506317138672	-7.1505045890808105	-8.633877754211426	-18.739816665649414	-13.385966300964355
V93D	-39.95286560058594	-12.443521499633789	-17.529483795166016	-10.746723175048828	-21.229156494140625	-39.69200134277344	-12.063901901245117	2.784193515777588	-17.511919021606445	-29.620521545410156	-19.800588607788086
V93E	-25.073448181152344	-36.661964416503906	-25.87180519104004	-7.947747230529785	-31.21755027770996	-44.47353744506836	-4.566407680511475	15.834419250488281	-34.46876525878906	-38.448123931884766	-23.289491653442383
V93F	-13.353084564208984	-8.473990440368652	-18.150060653686523	-2.7723302841186523	-7.820417881011963	-27.425085067749023	-2.335141658782959	1.9342275857925415	-18.57400894165039	-18.268239974975586	-11.523813247680664
V93G	-26.97620391845703	-5.810647964477539	-28.91881561279297	-5.8717122077941895	-17.137901306152344	-40.001461029052734	-5.250530242919922	6.009333610534668	-35.7718505859375	-23.887165069580078	-18.361696243286133
V93H	-30.981678009033203	-8.8251953125	-13.36945629119873	-2.061998128890991	-18.501056671142578	-23.88607406616211	-20.042390823364258	-3.5699880123138428	-13.0487642288208	-23.844640731811523	-15.813122749328613
V93I	-9.933618545532227	-2.9436440467834473	-13.284565925598145	8.296496391296387	-0.04995850473642349	-18.079587936401367	-0.9582149386405945	8.57275104522705	-2.011711597442627	-14.605352401733398	-4.4997406005859375
V93K	-24.991661071777344	-16.257322311401367	-22.561445236206055	-7.247979164123535	-17.504913330078125	-43.703125	-5.344752788543701	15.8910551071167	-14.265251159667969	-25.290159225463867	-16.1275577545166
V93L	-10.554596900939941	-35.81779861450195	-13.692054748535156	2.011078119277954	-3.108250617980957	-18.010019302368164	0.7657386064529419	10.066560745239258	-2.2194883823394775	-6.658655166625977	-7.721748352050781
V93M	-19.33734130859375	-6.750786781311035	-10.926445007324219	-3.6453099250793457	-13.552216529846191	-19.546836853027344	-20.59718894958496	-5.717076778411865	-10.183384895324707	-18.82577896118164	-12.908236503601074
V93N	-39.0394172668457	-9.539494514465332	-14.912832260131836	-9.26104736328125	-19.074356079101562	-29.87053108215332	-13.070767402648926	-0.42799893021583557	-17.786081314086914	-26.54883575439453	-17.953136444091797
V93P	-45.91143798828125	-11.32713794708252	-25.390413284301758	-15.887086868286133	-18.853296279907227	-29.98858642578125	-15.181136131286621	-3.0874416828155518	-31.99898910522461	-24.389236450195312	-22.20147705078125
V93Q	-43.47603988647461	-12.519914627075195	-16.689937591552734	-11.088529586791992	-18.79956817626953	-34.06349182128906	-13.252866744995117	-1.3052735328674316	-16.690074920654297	-25.607358932495117	-19.349306106567383
V93R	-28.789648056030273	-23.128673553466797	-19.89995765686035	-12.553083419799805	-17.735267639160156	-38.044097900390625	-5.069904327392578	7.069135665893555	-13.879666328430176	-21.385129928588867	-17.341629028320312
V93S	-30.812973022460938	-6.734928607940674	-23.75373649597168	-7.595398426055908	-17.950958251953125	-39.452796936035156	-6.2273030281066895	5.501967906951904	-30.772476196289062	-25.096345901489258	-18.289493560791016
V93T	-13.170456886291504	-7.541016578674316	-17.0867977142334	0.5589967966079712	-8.87728500366211	-33.90318298339844	-4.343160629272461	9.738945960998535	-7.784383296966553	-23.826263427734375	-10.62346076965332
V93W	-30.38654327392578	-14.295406341552734	-18.359622955322266	-10.910778045654297	-20.249860763549805	-22.674304962158203	-25.036060333251953	-8.044563293457031	-24.18968391418457	-19.2896671295166	-19.343647003173828
V93Y	-21.111772537231445	-9.279608726501465	-11.690787315368652	-3.050571918487549	-15.982192993164062	-25.446714401245117	-25.452844619750977	-2.625347375869751	-10.04854965209961	-20.189788818359375	-14.487817764282227
T94A	-15.181053161621094	4.789856910705566	-25.989377975463867	9.398581504821777	-12.86181926727295	-25.36402130126953	-1.698819637298584	1.308703899383545	-19.538148880004883	-27.002521514892578	-11.213862419128418
T94C	-19.02845573425293	-6.132508754730225	-11.194951057434082	-2.7162914276123047	-8.217004776000977	-20.644689559936523	-13.938494682312012	0.5394649505615234	-1.12650465965271	-14.004106521606445	-9.646352767944336
T94D	-17.587072372436523	-10.953107833862305	-17.975196838378906	9.114850044250488	-18.309242248535156	-24.630115509033203	-5.266629695892334	-0.7051940560340881	-7.803138256072998	-27.304250717163086	-12.141910552978516
T94E	-24.031124114990234	-2.0432169437408447	-34.41529846191406	-4.38437557220459	-30.026586532592773	-34.87054443359375	-6.158868312835693	-0.33397695422172546	-24.690834045410156	-40.46405792236328	-20.141887664794922
T94F	-6.527103424072266	-1.3820970058441162	-21.067720413208008	8.239535331726074	-3.771430730819702	-16.38402557373047	-2.2307591438293457	2.5622873306274414	-0.7799351811408997	-17.243797302246094	-5.858504295349121
T94G	-18.002399444580078	-4.157442569732666	-24.180503845214844	4.808904647827148	-17.705631256103516	-19.851259231567383	-3.4316599369049072	3.0412397384643555	-22.244550704956055	-30.205238342285156	-13.192855834960938
T94H	-9.687390327453613	-5.871735095977783	-14.563268661499023	6.474765777587891	-8.434194564819336	-21.371917724609375	-10.06213092803955	-0.07014507055282593	0.7220122814178467	-19.446380615234375	-8.231039047241211
T94I	-8.258399963378906	-1.0210100412368774	-14.776636123657227	13.711529731750488	-3.799558162689209	-19.87265968322754	-2.7817864418029785	4.551664352416992	0.3806491494178772	-28.82762336730957	-6.069383144378662
T94K	-15.055466651916504	-12.264226913452148	-23.66204261779785	1.0901072025299072	-18.5216064453125	-30.44702911376953	-2.7155516147613525	-2.847611665725708	-17.303571701049805	-30.647451400756836	-15.237444877624512
T94L	-6.117796421051025	2.986631155014038	-17.82329750061035	5.264568328857422	0.9231970906257629	-17.20943832397461	1.0677380561828613	8.943768501281738	0.6698755025863647	-15.520803451538086	-3.681555986404419
T94M	-23.946914672851562	-12.000849723815918	-12.707947731018066	-3.6829724311828613	-10.834490776062012	-22.829471588134766	-15.41357707977295	-0.2851027250289917	-2.2866272926330566	-16.30647087097168	-12.02944278717041
T94N	-20.72393798828125	-9.851861000061035	-17.83344078063965	4.484045028686523	-13.427572250366211	-22.43960189819336	-5.253203868865967	0.09298856556415558	-5.860105514526367	-22.623485565185547	-11.343618392944336
T94P	-21.80428123474121	-8.160523414611816	-32.05245590209961	-3.8990464210510254	-17.799163818359375	-26.687152862548828	-8.541670799255371	-3.8132779598236084	-16.598388671875	-20.29313087463379	-15.964909553527832
T94Q	-16.991138458251953	-13.007200241088867	-19.40035629272461	-0.23434284329414368	-15.541647911071777	-25.75414276123047	-6.336445331573486	-0.8556778430938721	-7.0580291748046875	-24.65610694885254	-12.98351001739502
T94R	-13.207374572753906	-10.642348289489746	-18.528810501098633	2.835907220840454	-14.65623950958252	-25.876724243164062	-2.2281391620635986	-2.425480604171753	-8.641977310180664	-27.400602340698242	-12.077179908752441
T94S	-14.650516510009766	0.5025827288627625	-26.707515716552734	15.759425163269043	-13.622817039489746	-23.722566604614258	-1.4743120670318604	0.9761815071105957	-17.417757034301758	-22.01689910888672	-10.237419128417969
T94V	-2.09494686126709	7.12391996383667	-12.94487190246582	9.754166603088379	1.0243624448776245	-16.645231246948242	3.204503297805786	12.490330696105957	-0.7521668076515198	-22.532794952392578	-2.137272834777832
T94W	-27.700485229492188	-10.111042022705078	-18.577640533447266	-9.43560791015625	-15.69629192352295	-31.137798309326172	-25.140466690063477	-4.825300693511963	-9.875537872314453	-15.357819557189941	-16.785799026489258
T94Y	-13.107686042785645	3.9721970558166504	-14.129293441772461	7.449841499328613	-10.257834434509277	-15.59871768951416	-18.18790054321289	-0.5134815573692322	-0.47964727878570557	-15.008050918579102	-7.586057186126709
I95A	-20.584552764892578	-19.92995834350586	-23.034860610961914	3.0865445137023926	-13.16865062713623	-25.01551055908203	-5.396757125854492	-1.6769553422927856	-15.309338569641113	-22.012659072875977	-14.30427074432373
I95C	-23.83576011657715	-7.012096405029297	-11.501139640808105	0.9959475994110107	-15.252897262573242	-22.952150344848633	-20.821840286254883	-6.28598165512085	-11.105476379394531	-13.128185272216797	-13.089956283569336
I95D	-46.796234130859375	-10.069977760314941	-13.727766036987305	-13.28404426574707	-27.928308486938477	-34.03184127807617	-11.311497688293457	-5.339895248413086	-17.865053176879883	-24.850284576416016	-20.520488739013672
I95E	-25.978702545166016	-37.98860549926758	-25.711681365966797	-8.9397611618042	-37.0962028503418	-39.876468658447266	-10.010534286499023	-1.3497827053070068	-24.72651481628418	-34.565921783447266	-24.62441635131836
I95F	-19.70199966430664	-9.640692710876465	-13.77554702758789	3.1423799991607666	-4.083920001983643	-15.295166969299316	-4.80512809753418	-2.9071505069732666	-12.132804870605469	-12.25936508178711	-9.145939826965332
I95G	-29.462453842163086	-13.018699645996094	-25.588581085205078	-8.641351699829102	-23.64267921447754	-29.03207778930664	-6.958370208740234	-3.522090196609497	-23.684885025024414	-25.553104400634766	-18.910429000854492
I95H	-35.59636306762695	-6.499749660491943	-9.75481128692627	-7.190006256103516	-19.16005516052246	-24.985057830810547	-17.40410041809082	-5.150435447692871	-13.097533226013184	-18.633808135986328	-15.747190475463867
I95K	-24.357576370239258	-15.456789016723633	-17.934432983398438	-8.056953430175781	-21.881540298461914	-36.683990478515625	-6.27148962020874	-4.058135032653809	-19.458019256591797	-21.989831924438477	-17.614877700805664
I95L	-10.01049518585205	-15.269944190979004	-15.058754920959473	1.4893944263458252	6.113049507141113	-3.5382463932037354	0.668979823589325	4.8548264503479	1.036540150642395	-2.523770809173584	-3.223842144012451
I95M	-22.885066986083984	-5.087559223175049	-12.972169876098633	-0.8537259101867676	-17.497615814208984	-21.835952758789062	-23.24190902709961	-5.018786907196045	-10.60523796081543	-13.509293556213379	-13.350730895996094
I95N	-47.11151123046875	-8.358770370483398	-12.88633918762207	-11.603864669799805	-22.907182693481445	-25.27193260192871	-11.07128620147705	-5.154660224914551	-19.554576873779297	-20.12199592590332	-18.404212951660156
I95P	-43.874610900878906	-9.596813201904297	-23.395954132080078	-12.598621368408203	-20.5199031829834	-25.52739715576172	-12.87204360961914	-5.809422492980957	-25.44149398803711	-21.420387268066406	-20.105663299560547
I95Q	-46.0380744934082	-13.026408195495605	-14.11018180847168	-14.950788497924805	-24.3992977142334	-29.9409236907959	-13.2693510055542	-5.787176609039307	-17.16077995300293	-22.095741271972656	-20.077871322631836
I95R	-25.034915924072266	-18.36846351623535	-16.258562088012695	-11.449849128723145	-24.0461483001709	-33.711246490478516	-5.858757495880127	-3.960388660430908	-16.013273239135742	-19.32254409790039	-17.402416229248047
I95S	-29.795425415039062	-11.481578826904297	-22.648351669311523	-5.623461723327637	-21.518983840942383	-30.567951202392578	-7.90870475769043	-4.177218914031982	-24.333660125732422	-22.263513565063477	-18.031885147094727
I95T	-13.834579467773438	-10.904744148254395	-14.570507049560547	0.5555869340896606	-11.673215866088867	-24.111711502075195	-6.040538787841797	-2.7327845096588135	-12.272605895996094	-16.460752487182617	-11.204586029052734
I95V	-7.667067527770996	-8.563088417053223	-5.281110763549805	4.552382946014404	3.534562110900879	-7.943145275115967	2.3124337196350098	6.577481269836426	0.25351178646087646	-5.7981038093566895	-1.8022143840789795
I95W	-27.245866775512695	-9.718424797058105	-28.78008270263672	-15.88670539855957	-18.37841033935547	-22.190811157226562	-23.05665397644043	-7.709771633148193	-23.44676399230957	-12.748035430908203	-18.91615104675293
I95Y	-31.129981994628906	-4.884250164031982	-9.319913864135742	1.3410781621932983	-16.314014434814453	-22.490440368652344	-19.910703659057617	-6.064926624298096	-12.06842041015625	-14.25335693359375	-13.509492874145508
L96A	-16.633892059326172	-11.256773948669434	-10.45450210571289	7.615930080413818	-10.75455093383789	-15.729907989501953	-0.591438353061676	3.4022328853607178	-19.019874572753906	-22.742658615112305	-9.616543769836426
L96C	-15.098033905029297	-4.980104446411133	-8.929726600646973	0.15397991240024567	-6.5847601890563965	-9.252724647521973	-6.016441822052002	-4.930015563964844	-11.106966972351074	-13.040299415588379	-7.978508949279785
L96D	-19.8254451751709	-9.050174713134766	-8.413199424743652	7.332808494567871	-20.503826141357422	-18.389307022094727	-2.9226908683776855	-3.820136547088623	-18.271202087402344	-20.066930770874023	-11.393011093139648
L96E	-34.47819137573242	-13.587772369384766	-23.865182876586914	-3.4132790565490723	-35.28578186035156	-29.509910583496094	-8.053980827331543	1.8053592443466187	-21.916812896728516	-34.02726364135742	-20.233280181884766
L96F	-5.523246765136719	-6.657832145690918	-6.232542037963867	11.260185241699219	-3.8028008937835693	-9.59257698059082	2.899726629257202	3.5026252269744873	-9.050771713256836	-12.200900077819824	-3.539813280105591
L96G	-17.18098258972168	-11.454693794250488	-12.148591041564941	5.4508771896362305	-19.125553131103516	-16.566377639770508	-1.3291687965393066	2.729292392730713	-21.107738494873047	-25.97892189025879	-11.671186447143555
L96H	-18.0123291015625	-7.105316162109375	-6.976530075073242	2.0056545734405518	-13.470318794250488	-15.245153427124023	-7.657010555267334	-5.527979373931885	-16.283588409423828	-15.889362335205078	-10.416193008422852
L96I	-4.76268196105957	-7.894649505615234	-8.616568565368652	11.398674964904785	-2.4369900226593018	-14.703572273254395	2.3527116775512695	-0.9376492500305176	-2.169644355773926	-16.561622619628906	-4.433198928833008
L96K	-17.01656723022461	-10.028799057006836	-11.631675720214844	4.978827953338623	-14.111201286315918	-20.720733642578125	-1.121514081954956	0.6333756446838379	-17.06427001953125	-21.753190994262695	-10.783575057983398
L96M	-4.755870819091797	-7.380669116973877	-10.569698333740234	2.6356019973754883	-4.767755031585693	-13.666687965393066	-10.567826271057129	-4.18778657913208	-5.915799140930176	-17.351884841918945	-7.65283727645874
L96N	-24.00349998474121	-9.82055377960205	-6.877005577087402	3.0808589458465576	-15.717082977294922	-14.227097511291504	-2.727537155151367	-4.958634376525879	-19.2460880279541	-14.51566219329834	-10.901230812072754
L96P	-21.54865074157715	-8.17319393157959	-11.905179023742676	-3.290510416030884	-16.874130249023438	-16.401288986206055	-3.0127620697021484	-5.25309944152832	-23.099517822265625	-16.174394607543945	-12.573272705078125
L96Q	-15.747642517089844	-8.385797500610352	-7.599636554718018	3.341496706008911	-19.002714157104492	-16.481679916381836	-3.1561450958251953	-4.749759197235107	-18.203548431396484	-17.239526748657227	-10.722495079040527
L96R	-13.920500755310059	-7.721270561218262	-9.066079139709473	4.514608860015869	-12.701247215270996	-18.047578811645508	-1.2172021865844727	-0.8940271139144897	-14.018808364868164	-20.207744598388672	-9.327984809875488
L96S	-15.802677154541016	-6.611133575439453	-10.367474555969238	13.626348495483398	-15.737770080566406	-15.759014129638672	0.853552520275116	3.370823860168457	-17.006181716918945	-19.46603775024414	-8.289957046508789
L96T	-5.438133239746094	-4.780904769897461	-7.387528896331787	12.306560516357422	-9.319931983947754	-12.620674133300781	4.006464004516602	6.735916614532471	-6.717695713043213	-13.69866943359375	-3.6914596557617188
L96V	-4.869702339172363	-2.345696449279785	-4.905323028564453	7.404505252838135	-0.5679731369018555	-5.886614799499512	0.9560913443565369	7.844857215881348	-3.4856221675872803	-6.853038311004639	-1.270851731300354
L96W	-21.160871505737305	-6.6176533699035645	-9.438106536865234	-5.101520538330078	-10.834516525268555	-12.160024642944336	-11.86059284210205	-7.924005508422852	-17.447351455688477	-12.35191822052002	-11.489656448364258
L96Y	-18.375558853149414	-8.390070915222168	-11.109081268310547	1.444258689880371	-8.08726692199707	-12.041873931884766	-13.742441177368164	-6.775423049926758	-13.219584465026855	-14.446696281433105	-10.474372863769531
M97A	-25.893089294433594	-5.202033042907715	-17.17093849182129	6.623926162719727	-12.874485969543457	-18.391658782958984	1.5359889268875122	-1.2308838367462158	-9.849376678466797	-8.172998428344727	-9.062554359436035
M97C	-13.55672550201416	-9.353212356567383	-4.762517929077148	1.7700392007827759	-8.094850540161133	-10.599015235900879	-0.6664260029792786	-7.5515289306640625	-4.809346675872803	-2.555154323577881	-6.017873764038086
M97D	-35.648094177246094	-13.093900680541992	-9.11209487915039	-3.099871873855591	-13.444531440734863	-15.928620338439941	-1.7016268968582153	-8.17361068725586	-16.34820556640625	-9.589485168457031	-12.614005088806152
M97E	-37.6330451965332	-15.883646011352539	-20.816532135009766	-9.719704627990723	-24.46932601928711	-25.01829719543457	-6.014655590057373	-1.5156943798065186	-12.8348388671875	-21.653850555419922	-17.555957794189453
M97F	-13.663383483886719	-8.59764289855957	-8.956433296203613	8.66596794128418	-9.354077339172363	-8.64591121673584	3.1811184883117676	-3.627063751220703	-8.099112510681152	-0.1766769289970398	-4.927321910858154
M97G	-17.299083709716797	-8.636359214782715	-19.91988182067871	7.017789840698242	-14.857467651367188	-15.066404342651367	-4.008693218231201	-4.380075454711914	-16.142147064208984	-10.241362571716309	-10.353367805480957
M97H	-19.92513656616211	-8.771733283996582	-6.156785011291504	-2.5907318592071533	-8.131136894226074	-20.209047317504883	-3.5503015518188477	-6.192455291748047	-11.147551536560059	-6.595368385314941	-9.327024459838867
M97I	-16.792020797729492	-3.3446223735809326	-6.653237342834473	9.471124649047852	-3.8771355152130127	-10.36510181427002	4.321772575378418	-7.177890777587891	-4.00587272644043	1.4974629878997803	-3.692551851272583
M97K	-18.375551223754883	-13.725823402404785	-11.677044868469238	-4.453514099121094	-11.185049057006836	-20.227367401123047	-2.8733208179473877	-7.696746349334717	-16.9356746673584	-10.657873153686523	-11.780797004699707
M97L	-8.667126655578613	-1.4468762874603271	-9.556739807128906	-0.20951202511787415	0.8798370361328125	-2.261939525604248	-2.476557493209839	10.291091918945312	-5.425887107849121	-0.26841962337493896	-1.914212942123413
M97N	-29.121458053588867	-13.700389862060547	-7.948657989501953	-1.0428680181503296	-12.149937629699707	-11.152410507202148	0.20134121179580688	-8.18187427520752	-14.563169479370117	-8.267407417297363	-10.592683792114258
M97P	-25.181978225708008	-15.369186401367188	-11.504339218139648	-1.4662810564041138	-13.557456970214844	-13.279029846191406	-1.8528574705123901	-8.457673072814941	-17.982868194580078	-7.682482719421387	-11.633415222167969
M97Q	-28.50981330871582	-10.918899536132812	-6.229431629180908	-3.515207290649414	-8.673107147216797	-15.278060913085938	-2.4449899196624756	-7.591203212738037	-16.379070281982422	-8.550613403320312	-10.809039115905762
M97R	-17.703277587890625	-14.353569984436035	-8.725247383117676	-5.602090835571289	-8.67111873626709	-15.715375900268555	-1.839507818222046	-6.008693695068359	-17.119455337524414	-10.220019340515137	-10.595834732055664
M97S	-20.20555305480957	-10.684154510498047	-16.332061767578125	1.431915283203125	-15.903779029846191	-17.034282684326172	1.1706562042236328	-5.795082092285156	-15.589729309082031	-8.85998821258545	-10.780206680297852
M97T	-13.499680519104004	-9.280159950256348	-9.910679817199707	1.6898410320281982	-9.23075008392334	-13.374510765075684	3.3494081497192383	-5.252014636993408	-9.915264129638672	-6.057312488555908	-7.1481122970581055
M97V	-14.378522872924805	3.604663133621216	-6.795672416687012	8.724230766296387	1.7746925354003906	-5.291507244110107	1.6235377788543701	2.4319846630096436	-5.493446350097656	12.162352561950684	-0.1637686789035797
M97W	-13.767742156982422	-12.167854309082031	-5.803731918334961	-0.36060550808906555	-9.762377738952637	-16.335344314575195	-4.083197116851807	-7.7432708740234375	-9.113652229309082	-6.362342357635498	-8.550012588500977
M97Y	-11.168584823608398	-8.730335235595703	-5.751967430114746	-0.23065033555030823	-8.675599098205566	-13.690292358398438	-2.767914056777954	-7.333454608917236	-7.151026248931885	-3.0990147590637207	-6.859883785247803
K98A	-12.374041557312012	23.268272399902344	-17.071197509765625	6.481207847595215	-9.994749069213867	1.7797963619232178	0.857880175113678	-0.5894902944564819	3.725055694580078	2.341862201690674	-0.15754036605358124
K98C	6.673237323760986	-2.5260558128356934	-6.550422191619873	-28.102941513061523	2.5903024673461914	-0.6429890990257263	-12.34499740600586	-3.505392074584961	-3.259084939956665	-1.5166538953781128	-4.918499946594238
K98D	-3.4556212425231934	-1.8109347820281982	-10.139311790466309	-11.557329177856445	-16.45030975341797	-2.6979103088378906	-4.875795841217041	0.5769731998443604	-6.989332675933838	-7.886185646057129	-6.528575897216797
K98E	-21.290647506713867	-3.7901172637939453	-13.41758918762207	1.4105174541473389	-17.05913543701172	-5.010622024536133	1.9275155067443848	3.1629958152770996	-3.023925542831421	-16.671579360961914	-7.376258850097656
K98F	-8.958894729614258	11.836755752563477	-4.894115447998047	-12.208700180053711	-13.021919250488281	-2.2153515815734863	-0.9780386090278625	-6.71506929397583	-5.987605571746826	-9.42164421081543	-5.256458282470703
K98G	-13.915733337402344	15.396716117858887	-12.764498710632324	0.35274001955986023	-13.224167823791504	-0.09913568198680878	0.6064531803131104	3.657919406890869	1.2407982349395752	-4.392061710357666	-2.3140969276428223
K98H	2.2173752784729004	-6.70537805557251	-5.143190383911133	-21.370893478393555	-9.086930274963379	0.27549082040786743	-13.261451721191406	-0.22755737602710724	-7.922596454620361	-3.8738510608673096	-6.5098981857299805
K98I	-11.67008113861084	7.239747524261475	-2.6119182109832764	-3.7069616317749023	-1.8949230909347534	-0.35660845041275024	-1.4249166250228882	-3.262929916381836	-1.2089594602584839	-4.071229934692383	-2.2968780994415283
K98L	-6.3545427322387695	9.966676712036133	-7.091092586517334	2.999809980392456	-3.100578784942627	0.1913289576768875	-3.7750799655914307	-0.07116927206516266	2.0032172203063965	9.93582534790039	0.47043949365615845
K98M	13.270238876342773	-2.4477343559265137	-3.756258249282837	-32.40290832519531	6.1911396980285645	0.6374834179878235	-11.739392280578613	-3.7352089881896973	-2.0933027267456055	-3.0751070976257324	-3.9151053428649902
K98N	-3.716404438018799	-0.6040633320808411	-7.356097221374512	-12.865885734558105	-9.482549667358398	0.33890265226364136	-6.725098133087158	-0.720811128616333	-6.817578315734863	-7.54998779296875	-5.549957275390625
K98P	-6.599295616149902	-9.616814613342285	-13.368029594421387	-18.897672653198242	-17.2912540435791	-4.732283592224121	-3.2752532958984375	-2.353560447692871	-9.473197937011719	-10.865031242370605	-9.647238731384277
K98Q	-4.16710090637207	-2.3310940265655518	-7.628354549407959	-13.455305099487305	-10.020588874816895	0.1777845174074173	-7.921568870544434	0.3786652982234955	-7.925904750823975	-7.923747539520264	-6.081721305847168
K98R	-5.699389457702637	-2.5942771434783936	-6.153941631317139	-3.603574752807617	-14.531113624572754	0.8972169160842896	-0.16820740699768066	3.6532554626464844	-6.113536357879639	-7.283101558685303	-4.159667015075684
K98S	-13.678620338439941	14.706036567687988	-11.975486755371094	-0.4578581154346466	-16.473094940185547	-1.560847282409668	-0.8868191838264465	0.10817523300647736	-5.269796848297119	-6.520990371704102	-4.200930595397949
K98T	-12.853918075561523	17.498918533325195	-8.321775436401367	0.31137242913246155	-10.73248291015625	0.20847560465335846	1.8827883005142212	-2.9088656902313232	-7.050137996673584	-6.056835651397705	-2.802245855331421
K98V	-5.7179412841796875	11.55783748626709	-3.8839759826660156	7.324376583099365	-1.0128093957901	4.986084938049316	-10.588414192199707	-1.240706205368042	-0.515386700630188	9.673385620117188	1.0582449436187744
K98W	2.4067301750183105	-8.500285148620605	-10.962935447692871	-26.1007137298584	-1.061606764793396	-1.449884057044983	-13.292305946350098	-10.356987953186035	-12.53585433959961	-11.851975440979004	-9.370580673217773
K98Y	3.860698938369751	-8.118703842163086	-3.7304461002349854	-27.52287483215332	-1.843161702156067	0.2746247947216034	-16.256040573120117	-2.1671836376190186	-7.820598125457764	-2.297306776046753	-6.562099456787109
G99A	-29.112428665161133	-4.05771017074585	-14.450021743774414	8.253012657165527	-16.478675842285156	-9.333922386169434	-0.8650274276733398	10.02588939666748	-6.726339340209961	-10.612943649291992	-7.335816860198975
G99C	-7.621587753295898	-14.479723930358887	-4.329614639282227	3.32963228225708	-28.6887149810791	-5.207271575927734	4.542595863342285	-1.9010255336761475	0.4652494788169861	-4.429784297943115	-5.832024574279785
G99D	-38.0777702331543	-9.10687255859375	-8.45559024810791	8.846053123474121	-42.1052131652832	-12.159282684326172	2.602088451385498	1.7695188522338867	-15.298870086669922	-7.989634990692139	-11.997556686401367
G99E	-52.07308578491211	-13.063898086547852	-17.412342071533203	-0.7415622472763062	-29.192768096923828	-19.69479751586914	-4.917402744293213	3.531564474105835	-11.224275588989258	-21.35694694519043	-16.614551544189453
G99F	-35.52695846557617	-8.711286544799805	-7.727519512176514	7.8903045654296875	-16.985633850097656	-8.180088996887207	5.437182903289795	0.5410957932472229	-1.3287757635116577	-0.7862978577613831	-6.537797451019287
G99H	-11.186541557312012	-7.874146461486816	-4.579639434814453	7.342276573181152	-36.368873596191406	-9.3649320602417	1.5674171447753906	-0.702924370765686	-8.216943740844727	-3.7973029613494873	-7.3181610107421875
G99I	-33.37771224975586	3.0435426235198975	-5.384220600128174	8.448776245117188	-20.007488250732422	-8.76690673828125	4.489583492279053	4.033393859863281	-7.420504093170166	-0.3395276665687561	-5.528106689453125
G99K	-55.03733825683594	-7.20650053024292	-10.178375244140625	8.847235679626465	-25.410810470581055	-12.476574897766113	-1.8784003257751465	2.098423957824707	-10.210466384887695	-7.248264312744141	-11.87010669708252
G99L	-8.894510269165039	-0.20279273390769958	-11.661566734313965	1.3129124641418457	-3.6542162895202637	-7.364361763000488	-1.2130718231201172	3.384766101837158	-3.496145248413086	-2.889531373977661	-3.4678516387939453
G99M	-8.936500549316406	-11.64707088470459	-3.4043397903442383	2.689085006713867	-36.39320373535156	-5.712334156036377	4.350320816040039	-3.247394561767578	-0.3235427737236023	-3.9634149074554443	-6.658840179443359
G99N	-24.407135009765625	-8.241082191467285	-6.087475776672363	7.686742782592773	-36.06586456298828	-10.408653259277344	5.662786960601807	1.5975843667984009	-11.368575096130371	-5.006044864654541	-8.66377067565918
G99P	-34.83442687988281	-7.883458137512207	-11.409804344177246	9.210311889648438	-32.50543975830078	-8.781595230102539	4.091722011566162	-2.3042540550231934	-11.13949966430664	-6.786891937255859	-10.234333992004395
G99Q	-24.445890426635742	-6.420437812805176	-5.53142786026001	5.240469455718994	-34.73750305175781	-11.632624626159668	2.3266940116882324	-0.23032139241695404	-8.88670539855957	-3.85811710357666	-8.817586898803711
G99R	-40.597354888916016	-8.023881912231445	-6.229861736297607	5.152923583984375	-25.14055633544922	-10.825225830078125	3.0731358528137207	1.0883173942565918	-9.102113723754883	-5.489716529846191	-9.6094331741333
G99S	-53.26663589477539	-12.035383224487305	-14.471718788146973	10.62319278717041	-25.485797882080078	-11.941948890686035	0.0948978066444397	8.163670539855957	-8.035703659057617	-9.217952728271484	-11.557337760925293
G99T	-46.61112594604492	-4.084664344787598	-9.460065841674805	8.979452133178711	-23.855539321899414	-9.482067108154297	4.286430835723877	5.197620868682861	-10.165886878967285	-4.870133399963379	-9.006597518920898
G99V	-26.734073638916016	8.99327564239502	-11.028938293457031	4.607866287231445	-8.104382514953613	-3.177158832550049	2.0111305713653564	1.1185084581375122	-9.33963680267334	2.969743490219116	-3.8683669567108154
G99W	-9.27994441986084	-15.460467338562012	-6.759978771209717	3.3651199340820312	-31.07918357849121	-6.494220733642578	2.756330966949463	-5.762409687042236	-4.6414666175842285	-5.148126125335693	-7.85043478012085
G99Y	-8.79880142211914	-11.92529296875	-5.332880020141602	6.917046070098877	-34.11300277709961	-5.549081325531006	2.58829665184021	-3.062669277191162	-1.8669602870941162	-4.184977054595947	-6.53283166885376
E100A	16.744749069213867	29.512670516967773	0.4500477612018585	8.282572746276855	3.6313161849975586	8.62210464477539	-2.014256000518799	1.4551645517349243	16.86576271057129	1.5288585424423218	8.507898330688477
E100C	21.509145736694336	7.771495819091797	1.0362364053726196	-37.86551284790039	9.697456359863281	4.545302867889404	5.2308735847473145	-17.395540237426758	6.436625957489014	-14.879401206970215	-1.3913319110870361
E100D	25.73546600341797	11.184555053710938	0.9398877620697021	-27.3271484375	12.172600746154785	1.7988898754119873	-4.39274263381958	-18.681114196777344	9.043341636657715	-27.597427368164062	-1.7123692035675049
E100F	17.06920623779297	9.546663284301758	0.5940245389938354	-30.28092384338379	7.035182952880859	0.7492516040802002	-0.22083646059036255	-16.788833618164062	7.321663856506348	-16.148666381835938	-2.1123268604278564
E100G	21.702301025390625	19.342130661010742	-1.187000036239624	-10.83090877532959	7.992871284484863	1.2610137462615967	-6.343543529510498	-1.3146229982376099	13.576457023620605	-1.1394078731536865	4.305928707122803
E100H	20.63874626159668	4.132187843322754	-0.9174067974090576	-36.7930793762207	12.083178520202637	1.490409016609192	4.076237678527832	-23.06641387939453	5.22175931930542	-26.731122970581055	-3.9865500926971436
E100I	14.071548461914062	15.072543144226074	3.1237447261810303	-11.088350296020508	5.986599445343018	4.242737293243408	0.7775117754936218	-9.693851470947266	8.315755844116211	-4.173263072967529	2.6634976863861084
E100K	23.738771438598633	25.836776733398438	3.581514358520508	-9.180108070373535	8.113509178161621	6.279265403747559	1.2476310729980469	-1.6780213117599487	9.247241020202637	-9.45203685760498	5.773453712463379
E100L	9.422567367553711	12.760128021240234	-4.588667869567871	8.220041275024414	-6.679055213928223	6.802340030670166	-5.049213409423828	-0.3659406900405884	9.09085750579834	12.22916030883789	4.1842217445373535
E100M	11.877439498901367	7.835999011993408	2.230473041534424	-34.461090087890625	9.313486099243164	3.209366798400879	1.8048371076583862	-16.308353424072266	4.406256675720215	-15.148765563964844	-2.5240352153778076
E100N	23.02419090270996	9.360034942626953	1.1146608591079712	-30.912572860717773	12.604363441467285	3.7365012168884277	1.2038507461547852	-18.400386810302734	10.166958808898926	-23.854711532592773	-1.1957112550735474
E100P	10.268499374389648	6.655961990356445	-3.2939670085906982	-36.17927169799805	10.928112030029297	3.1578426361083984	-5.361331939697266	-25.99090003967285	2.8729398250579834	-43.04050064086914	-7.99826192855835
E100Q	23.5993709564209	12.370525360107422	2.4301676750183105	-26.31074333190918	12.005341529846191	5.589282035827637	0.16400566697120667	-18.055944442749023	9.401103019714355	-16.51179313659668	0.4681314527988434
E100R	21.106849670410156	16.502378463745117	3.260890483856201	-9.982940673828125	8.890327453613281	3.1553778648376465	0.7007420063018799	-7.436874866485596	8.249829292297363	-8.712287902832031	3.5734291076660156
E100S	25.38014793395996	18.55776023864746	1.1904088258743286	-10.281624794006348	7.093332290649414	6.126749038696289	-2.3087167739868164	-4.438066482543945	8.709590911865234	-9.99166488647461	4.003791809082031
E100T	25.68842315673828	16.314239501953125	4.497305393218994	-11.330257415771484	8.910635948181152	3.4943416118621826	1.6095858812332153	-4.897779941558838	8.33484935760498	-7.475205898284912	4.514614105224609
E100V	12.475672721862793	21.10694122314453	1.883243441581726	11.322721481323242	-2.58402681350708	8.310782432556152	-1.3188377618789673	0.11479227244853973	8.982165336608887	11.028806686401367	7.132226467132568
E100W	10.317989349365234	5.155151844024658	-1.2716389894485474	-50.82680892944336	8.740669250488281	4.321559906005859	2.9319424629211426	-23.457250595092773	2.796447992324829	-30.257116317749023	-7.154905796051025
E100Y	13.24117660522461	5.015383243560791	-2.417490005493164	-46.21333694458008	8.67846393585205	3.3078501224517822	1.7568442821502686	-19.80265998840332	3.2831363677978516	-26.428525924682617	-5.957916259765625
V101A	-4.30510950088501	13.916202545166016	-6.44913911819458	3.65897274017334	-12.710052490234375	2.493314743041992	-1.0924956798553467	2.148453950881958	8.32165813446045	2.8726871013641357	0.8854492902755737
V101C	4.665844917297363	0.46575096249580383	-5.09701681137085	-23.138389587402344	-1.609850287437439	0.2345230132341385	-6.881518363952637	-1.0120947360992432	0.4418565034866333	-9.25326156616211	-4.118415355682373
V101D	-6.974516868591309	0.5016747713088989	-5.355038642883301	-6.195731163024902	-13.16313648223877	5.725679397583008	-1.2205462455749512	1.4090337753295898	4.717539310455322	-6.464354515075684	-2.701939821243286
V101E	-14.068863868713379	-6.962485313415527	-12.602408409118652	1.6317386627197266	-16.95110321044922	-1.7800228595733643	0.14565891027450562	7.147791862487793	6.8352227210998535	-10.782990455627441	-4.73874568939209
V101F	0.9586939215660095	9.928028106689453	-3.810274600982666	-1.9423974752426147	-14.301454544067383	2.326927900314331	0.6798262596130371	-5.864163398742676	7.929836273193359	-4.530415058135986	-0.8625392913818359
V101G	-3.7962262630462646	3.8919620513916016	-9.068340301513672	-4.30860710144043	-18.207809448242188	5.84977388381958	0.7434791922569275	5.400729656219482	12.902493476867676	-2.12126088142395	-0.871380627155304
V101H	-0.8311058878898621	-3.910569906234741	-10.986359596252441	-9.197391510009766	-13.706059455871582	2.2787890434265137	-3.1242313385009766	1.7103400230407715	1.469537615776062	-6.978011608123779	-4.3275065422058105
V101I	-4.6823320388793945	11.658876419067383	0.49314865469932556	-0.10137459635734558	-12.889431953430176	5.4274773597717285	-7.143478870391846	-6.352207183837891	3.176912307739258	-5.243319988250732	-1.56557297706604
V101K	-11.107892990112305	1.1214921474456787	-7.468091011047363	1.052081823348999	-19.0505428314209	3.382561445236206	0.799902081489563	1.3761825561523438	7.258017539978027	-0.9048574566841125	-2.354114532470703
V101L	2.8399970531463623	14.802048683166504	-3.1784262657165527	1.8830814361572266	0.8322889804840088	4.858749866485596	-0.9677282571792603	3.9313790798187256	7.361654281616211	17.894052505493164	5.025709629058838
V101M	-1.048937439918518	-1.6759135723114014	-7.001137733459473	-17.73998260498047	-3.697847843170166	1.3045599460601807	-7.729361057281494	-4.7467193603515625	0.7850543260574341	-9.696134567260742	-5.124642372131348
V101N	-1.8918250799179077	-1.635580062866211	-6.926052093505859	-6.623045444488525	-13.36983871459961	2.88049578666687	-1.1590678691864014	1.9253222942352295	3.605055570602417	-6.826043605804443	-3.0020580291748047
V101P	-10.12249755859375	1.1598727703094482	-18.03362274169922	-9.751737594604492	-19.33794593811035	1.5846316814422607	-3.2025790214538574	-5.421290874481201	3.367879867553711	-10.399839401245117	-7.015712738037109
V101Q	-4.50343656539917	-1.7212164402008057	-11.063096046447754	-7.678793430328369	-14.14684772491455	4.401224136352539	-2.736381769180298	0.9995545148849487	3.403998851776123	-8.011900901794434	-4.105689525604248
V101R	-4.588412761688232	-2.0980353355407715	-6.5831098556518555	1.8823168277740479	-17.85411262512207	4.743607997894287	-0.054265838116407394	3.1312789916992188	8.067091941833496	-0.9384415745735168	-1.4292081594467163
V101S	-4.859599590301514	3.3591113090515137	-9.491928100585938	-0.7009944915771484	-19.712800979614258	5.164255142211914	2.556668281555176	1.0644625425338745	8.865311622619629	-2.1577041149139404	-1.5913217067718506
V101T	-5.9597063064575195	10.449272155761719	-3.891657829284668	0.08177068829536438	-20.023216247558594	5.578524589538574	-0.3190723955631256	-3.0701181888580322	9.294112205505371	-2.958890199661255	-1.0818983316421509
V101W	5.765892028808594	-2.681140184402466	-11.8732271194458	-33.30065155029297	-2.791968584060669	2.325435161590576	-3.6875715255737305	-15.259921073913574	-1.1541410684585571	-13.63568115234375	-7.629297733306885
V101Y	1.0297402143478394	-4.351461410522461	-6.143941402435303	-14.258078575134277	-6.0122151374816895	1.3634033203125	-5.450104713439941	0.13656483590602875	0.413982629776001	-8.62285041809082	-4.189496040344238
D102A	13.5797758102417	26.555875778198242	0.3839256465435028	6.140565395355225	2.4402427673339844	7.5059404373168945	-1.3657596111297607	1.5489495992660522	7.332653045654297	4.315972328186035	6.843813419342041
D102C	32.29341506958008	7.661858081817627	4.360775470733643	-25.0270938873291	0.5731776356697083	4.13210391998291	-2.2224316596984863	-16.517784118652344	3.4020543098449707	-1.200950264930725	0.7455124258995056
D102E	14.530862808227539	36.15902328491211	1.229760766029358	9.47312068939209	3.413755416870117	12.532212257385254	-0.25825315713882446	2.739682674407959	10.171405792236328	7.828307628631592	9.781988143920898
D102F	17.816787719726562	8.30198860168457	-4.056468963623047	-18.771621704101562	0.48138996958732605	-3.743846893310547	-4.927627086639404	-12.943690299987793	1.6772559881210327	-9.38440227508545	-2.555023670196533
D102G	20.686750411987305	24.688886642456055	0.7853521108627319	-4.567883491516113	4.755673408508301	7.265075206756592	-8.17759895324707	-2.3641655445098877	7.513810157775879	1.8271843194961548	5.241308212280273
D102H	31.416759490966797	9.937581062316895	2.6541335582733154	-33.82862091064453	1.5006569623947144	-0.5714464783668518	-2.345094919204712	-22.989097595214844	3.633105516433716	0.36489710211753845	-1.0227128267288208
D102I	12.550260543823242	7.507401466369629	1.2299748659133911	-13.984539031982422	0.385231077671051	1.1605727672576904	-1.255380392074585	-12.922467231750488	1.170331358909607	-2.715773344039917	-0.6874386668205261
D102K	24.067550659179688	21.00828742980957	3.869776725769043	-6.331278324127197	3.749803066253662	8.004053115844727	-6.970439910888672	-7.057110786437988	7.860390663146973	-2.301297187805176	4.589972972869873
D102L	4.445044994354248	8.368879318237305	-3.088428020477295	3.8599226474761963	0.6549262404441833	1.8025802373886108	1.0493419170379639	-1.1524384021759033	-0.5654245615005493	12.190766334533691	2.756516933441162
D102M	30.57295799255371	7.732839584350586	4.211219787597656	-37.72138595581055	1.2541338205337524	1.5602717399597168	0.7358616590499878	-18.022842407226562	4.1563920974731445	-4.158472061157227	-0.9679023623466492
D102N	28.55694007873535	10.66524887084961	0.7213143110275269	-33.65961837768555	1.0608543157577515	2.745728015899658	-6.6935625076293945	-24.814504623413086	4.246497631072998	-1.83808171749115	-1.9009182453155518
D102P	22.17811393737793	8.976603507995605	4.013564109802246	-30.250394821166992	1.825080394744873	-1.319115161895752	-2.275076389312744	-28.49605369567871	1.0256081819534302	-23.679969787597656	-4.800164222717285
D102Q	26.116592407226562	12.047872543334961	5.1396307945251465	-32.624027252197266	2.205841541290283	5.363287448883057	-1.2665753364562988	-21.872041702270508	4.5706377029418945	-1.5996298789978027	-0.19184117019176483
D102R	21.27116584777832	15.508872032165527	4.089695930480957	-10.334295272827148	3.4946513175964355	3.7234315872192383	-6.0128350257873535	-12.6028470993042	6.816612243652344	-1.6524887084960938	2.4301960468292236
D102S	23.371402740478516	18.496585845947266	1.6686729192733765	-1.4482057094573975	3.138749361038208	7.844527721405029	-9.982100486755371	-5.388059139251709	7.298764705657959	-3.339261770248413	4.166108131408691
D102T	23.008588790893555	14.683143615722656	2.052597761154175	-2.9703426361083984	2.1126646995544434	4.91572380065918	-6.292272567749023	-8.234823226928711	7.112254619598389	-3.8509953022003174	3.2536537647247314
D102V	6.707428932189941	15.661845207214355	-0.6697167158126831	11.867119789123535	-0.2638052999973297	0.3584353029727936	-4.9365620613098145	-4.126269817352295	-0.027558311820030212	9.925168991088867	3.449608564376831
D102W	30.619800567626953	4.814164638519287	5.330258369445801	-47.34275436401367	1.412424087524414	0.6505657434463501	-0.4436284303665161	-20.193260192871094	1.4207748174667358	-6.149625778198242	-2.988128185272217
D102Y	32.27082061767578	6.459918022155762	3.1235485076904297	-36.0403938293457	0.8006964325904846	0.1651533991098404	-1.433462142944336	-17.288482666015625	2.724660873413086	-4.071131706237793	-1.3288673162460327
V103A	18.731916427612305	21.561702728271484	0.7165540456771851	10.895498275756836	1.819769263267517	3.2979226112365723	-2.8540172576904297	-4.39981746673584	8.821267127990723	2.3308005332946777	6.092159748077393
V103C	9.973392486572266	2.734132766723633	2.9612061977386475	-3.4884681701660156	1.4427541494369507	3.1820130348205566	-1.968900203704834	-14.45944881439209	3.4721004962921143	1.84028160572052	0.5689063668251038
V103D	15.952218055725098	3.3212890625	-2.7849130630493164	0.32546326518058777	2.411829948425293	-3.3610281944274902	-1.949411153793335	-11.011706352233887	4.552948474884033	-4.668856143951416	0.27878332138061523
V103E	15.831705093383789	32.55289840698242	0.33509787917137146	8.52210521697998	4.724756240844727	8.619617462158203	0.6211736798286438	1.071982741355896	5.44266939163208	6.8154072761535645	8.453741073608398
V103F	12.932190895080566	5.439028739929199	-5.715294361114502	-10.461755752563477	-0.3033050000667572	-4.174459934234619	-4.318924903869629	-15.253416061401367	4.685171127319336	-11.573843002319336	-2.8744606971740723
V103G	20.607887268066406	20.285985946655273	1.1694812774658203	1.7062056064605713	3.9185373783111572	4.173427581787109	-1.1072187423706055	-3.6095352172851562	6.076944351196289	3.81941294670105	5.704113006591797
V103H	10.006597518920898	1.998445987701416	-1.5615243911743164	-2.1675493717193604	0.2756163775920868	1.259019136428833	-0.9660832285881042	-14.289705276489258	2.8177497386932373	-2.3839383125305176	-0.5011372566223145
V103I	12.747932434082031	6.72334098815918	2.547683000564575	-0.7433593273162842	1.789645791053772	-1.7344415187835693	1.0014158487319946	-15.224188804626465	6.573879241943359	-0.9183784127235413	1.2763530015945435
V103K	19.668668746948242	16.327011108398438	4.224363803863525	4.93927526473999	3.8301029205322266	6.333131313323975	2.443871259689331	-1.40361750125885	8.659614562988281	1.4052562713623047	6.642767906188965
V103L	4.787740230560303	3.3628547191619873	-5.520668983459473	3.7588162422180176	-7.594193458557129	1.7339202165603638	-5.614442348480225	-1.894161343574524	7.90522575378418	5.41252326965332	0.6337614059448242
V103M	10.135505676269531	2.3478269577026367	2.8294320106506348	-6.77967643737793	1.0124797821044922	3.6060664653778076	0.40726596117019653	-13.13365364074707	4.403922080993652	-0.3766871690750122	0.44524821639060974
V103N	13.415994644165039	3.7225403785705566	-5.279524326324463	-1.3374886512756348	1.1811555624008179	-3.3090200424194336	-0.018091078847646713	-12.592082023620605	4.623709201812744	-0.31379497051239014	0.009339869022369385
V103P	10.653056144714355	4.931853771209717	-5.031923294067383	-14.689245223999023	1.8645368814468384	-6.842504978179932	-4.928810119628906	-22.274751663208008	2.4795634746551514	-20.73114585876465	-5.456936836242676
V103Q	15.771676063537598	3.7803115844726562	-2.8018598556518555	-0.051405131816864014	2.1878433227539062	0.8243935108184814	-0.39662933349609375	-9.599587440490723	4.978759765625	1.751479148864746	1.6444981098175049
V103R	17.000091552734375	7.086122512817383	-1.7656694650650024	1.8902794122695923	3.165865421295166	0.6886616349220276	0.8103703856468201	-10.843884468078613	5.558221340179443	0.22469443082809448	2.3814754486083984
V103S	18.423612594604492	14.112268447875977	1.4287790060043335	3.2852609157562256	3.909228801727295	3.6356654167175293	-0.366973340511322	-4.307163715362549	7.2627668380737305	0.8616454005241394	4.824509143829346
V103T	18.124921798706055	9.337248802185059	1.931153655052185	2.5793962478637695	3.031996726989746	1.5533020496368408	-0.05232667550444603	-5.143707275390625	9.100520133972168	-2.427607774734497	3.803490161895752
V103W	9.999068260192871	0.8526668548583984	-1.6977602243423462	-22.95802879333496	0.6878474354743958	1.9027576446533203	-1.353761911392212	-20.809471130371094	1.4941649436950684	-11.975013732910156	-4.3857526779174805
V103Y	8.78650188446045	0.06276050955057144	2.280980348587036	-12.442878723144531	0.9932323098182678	3.038222312927246	-2.6690285205841064	-16.765409469604492	0.9821145534515381	-4.88523530960083	-2.0618739128112793
T104A	14.481077194213867	30.177997589111328	1.4169312715530396	4.978711128234863	4.140355587005615	8.651711463928223	-1.5209646224975586	2.225365400314331	2.951153516769409	8.259563446044922	7.576189994812012
T104C	25.4991397857666	17.614360809326172	9.459572792053223	-2.8217639923095703	-1.7921994924545288	5.682729721069336	4.591812610626221	1.9639629125595093	4.677351474761963	-10.352307319641113	5.452266216278076
T104D	22.914752960205078	24.800569534301758	8.084610939025879	1.7557286024093628	-0.23273897171020508	9.606364250183105	2.5260605812072754	0.25893673300743103	3.662654399871826	-3.0340452194213867	7.034289360046387
T104E	13.245551109313965	35.935302734375	4.337325096130371	10.397369384765625	2.995424509048462	12.64523696899414	3.085601806640625	7.970094680786133	4.099269866943359	13.470749855041504	10.818193435668945
T104F	19.695920944213867	19.248071670532227	2.7299342155456543	-7.667898654937744	1.6692465543746948	1.676666021347046	0.29649245738983154	-0.1335829645395279	2.4162545204162598	-8.220958709716797	3.1710147857666016
T104G	21.08303451538086	28.5225887298584	3.3364057540893555	4.215317249298096	-0.01432093232870102	10.113600730895996	-1.2914183139801025	6.730286598205566	3.8798885345458984	8.752974510192871	8.532835006713867
T104H	27.447370529174805	18.131662368774414	9.259055137634277	0.15241429209709167	-2.7429800033569336	4.915386199951172	2.5978775024414062	2.3280580043792725	3.4723293781280518	-9.133441925048828	5.642773151397705
T104I	13.87325668334961	17.0947208404541	2.902932643890381	-5.443652153015137	1.973331332206726	1.3660497665405273	1.0997685194015503	-3.0352938175201416	2.3224472999572754	-6.337447643280029	2.5816116333007812
T104K	21.178865432739258	25.31182289123535	6.826155662536621	0.9391165971755981	1.624027132987976	10.509586334228516	0.6973541975021362	2.882627487182617	5.5798163414001465	7.543731212615967	8.309310913085938
T104L	-1.0262948274612427	8.794071197509766	-2.828195571899414	2.6538186073303223	3.253178358078003	8.014312744140625	-3.338472843170166	-23.28299331665039	1.9914573431015015	2.31101393699646	-0.3458104729652405
T104M	20.58648681640625	17.68436622619629	8.674652099609375	-3.727201461791992	-1.9952889680862427	3.1972665786743164	5.436516284942627	2.6100127696990967	4.076537132263184	-11.656057357788086	4.4887285232543945
T104N	25.263874053955078	17.463407516479492	6.540190696716309	2.894869327545166	-1.2614916563034058	5.2682929039001465	3.100105047225952	0.6683732271194458	4.415637016296387	-5.252137660980225	5.910111904144287
T104P	17.864381790161133	19.03196907043457	2.9302706718444824	-14.385374069213867	-1.272892951965332	3.493413209915161	-0.015614982694387436	-3.15751051902771	0.2490607351064682	-25.30183982849121	-0.05641365051269531
T104Q	26.437089920043945	24.106279373168945	8.825956344604492	2.550812244415283	-0.6751000881195068	7.763951778411865	4.241744518280029	0.9097651243209839	4.05942964553833	-2.3785548210144043	7.584137916564941
T104R	20.744487762451172	21.78167724609375	5.986431121826172	2.4678568840026855	1.9291644096374512	7.993838310241699	2.0786564350128174	1.0993250608444214	6.1437811851501465	6.089950084686279	7.631516933441162
T104S	22.22854232788086	22.211116790771484	4.601025104522705	0.3446374833583832	0.9631555676460266	10.467832565307617	-1.214693546295166	2.1332759857177734	5.1722869873046875	6.185112953186035	7.309228420257568
T104V	6.438418388366699	16.825231552124023	0.3094375431537628	-1.6476877927780151	-0.056325145065784454	4.456961631774902	-2.4910898208618164	-12.449947357177734	-0.951636791229248	3.668691873550415	1.4102052450180054
T104W	17.055309295654297	19.088764190673828	8.927387237548828	-4.872838497161865	-2.7237696647644043	2.2964277267456055	4.26603364944458	1.7373485565185547	2.9034383296966553	-16.80958366394043	3.186851978302002
T104Y	23.598526000976562	15.923439025878906	9.22624397277832	-4.495388984680176	-1.6966005563735962	3.746509552001953	3.5775134563446045	0.5726386904716492	3.856966733932495	-14.154272079467773	4.015557765960693
H105A	18.230459213256836	16.119609832763672	1.210286259651184	10.97340202331543	3.570754051208496	1.5927629470825195	-5.320184707641602	-14.98952579498291	5.4669928550720215	2.2605693340301514	3.9115118980407715
H105C	29.73900604248047	-3.3407599925994873	-7.343077182769775	-40.0186653137207	1.3229777812957764	-4.036765098571777	4.079178333282471	-20.786535263061523	0.35728657245635986	-16.03163719177246	-5.605898857116699
H105D	24.165334701538086	0.7440478801727295	0.3185255229473114	-14.368823051452637	-0.0548485592007637	-1.1319999694824219	-8.620931625366211	-15.961527824401855	4.714066982269287	-10.77128791809082	-2.0967445373535156
H105E	21.10661506652832	28.354408264160156	1.424775242805481	17.295270919799805	1.7724324464797974	4.959575176239014	-11.20728874206543	-11.340250015258789	17.869930267333984	2.9612908363342285	7.319674491882324
H105F	24.17521858215332	-3.0339200496673584	0.31533947587013245	-11.023530960083008	-5.253233432769775	-1.290759801864624	-7.119196891784668	-7.993716716766357	3.367755889892578	-16.44103240966797	-2.4297077655792236
H105G	14.23956298828125	6.477535247802734	-0.5723851919174194	6.289918899536133	0.20094174146652222	2.8388702869415283	-12.18693733215332	-5.634020805358887	7.366634845733643	-1.1546765565872192	1.7865444421768188
H105I	22.594472885131836	2.089507818222046	1.8651747703552246	-8.072075843811035	-1.1241670846939087	-0.2483108639717102	-3.2373735904693604	-5.025505542755127	1.7082566022872925	-6.897804260253906	0.3652178645133972
H105K	24.18385887145996	3.81662654876709	2.0898725986480713	8.381481170654297	1.652224063873291	1.8170757293701172	-8.123367309570312	-6.603436470031738	8.03527545928955	-3.844805955886841	3.1404805183410645
H105L	6.940183639526367	8.50577449798584	-0.13877849280834198	11.610220909118652	1.7710200548171997	5.900537490844727	1.0480568408966064	-21.97608184814453	0.7866969108581543	4.303939342498779	1.875157117843628
H105M	27.41831398010254	-1.3579530715942383	-2.772897958755493	-40.684749603271484	0.8090822696685791	-2.5078489780426025	2.6520612239837646	-16.804157257080078	0.17159079015254974	-17.991674423217773	-5.106823921203613
H105N	29.127944946289062	-1.474336862564087	-1.3936320543289185	-21.422039031982422	0.5850810408592224	-2.326685905456543	-7.138897895812988	-16.968997955322266	3.662280321121216	-13.411966323852539	-3.076124906539917
H105P	17.45941925048828	-9.558747291564941	-9.391348838806152	-32.703941345214844	-2.8752002716064453	-3.7802836894989014	-9.147869110107422	-27.884143829345703	-1.5932502746582031	-40.52555465698242	-12.000091552734375
H105Q	25.485193252563477	-3.253002882003784	-1.6616426706314087	-22.122173309326172	1.4440635442733765	-1.0615371465682983	-3.6086182594299316	-11.768550872802734	3.441038131713867	-7.442700386047363	-2.054792881011963
H105R	24.032577514648438	0.34315916895866394	1.8461934328079224	6.1218109130859375	2.479976177215576	0.48535794019699097	-8.612211227416992	-4.4691996574401855	8.103178024291992	-3.2378346920013428	2.709300994873047
H105S	20.701961517333984	6.172806739807129	0.4733133614063263	6.428652286529541	-0.5640012621879578	1.5927746295928955	-9.58942699432373	-5.946526527404785	5.684835433959961	-6.622687816619873	1.83316969871521
H105T	23.335432052612305	1.8178716897964478	1.6228314638137817	3.579742431640625	0.6489062309265137	0.5736063122749329	-7.03834867477417	-6.637042999267578	6.598548412322998	-5.957275867462158	1.8544270992279053
H105V	17.698511123657227	16.197553634643555	-0.21199354529380798	7.18995475769043	0.4516003727912903	1.1829137802124023	-2.8815994262695312	-10.368040084838867	1.77643620967865	0.4669561982154846	3.150228977203369
H105W	29.8609619140625	-5.932859897613525	-9.201104164123535	-50.14379119873047	-0.17302453517913818	-7.000619411468506	0.6494528651237488	-33.329097747802734	-0.8360327482223511	-31.56622886657715	-10.767233848571777
H105Y	26.813936233520508	-2.907602548599243	-8.005424499511719	-45.757747650146484	-0.7729434370994568	-7.273502826690674	2.3022186756134033	-26.614147186279297	-0.101265087723732	-23.473546981811523	-8.579002380371094
D106A	9.93606948852539	36.00809860229492	-1.2105047702789307	5.668121814727783	2.2490978240966797	2.2732434272766113	-3.5947213172912598	-1.3680070638656616	5.949519634246826	3.3211512565612793	5.923206329345703
D106C	16.572206497192383	2.1163272857666016	-0.447361558675766	-27.784929275512695	-1.9575082063674927	0.8552553057670593	-4.208601951599121	-16.007078170776367	5.361510276794434	-11.393306732177734	-3.6893486976623535
D106E	12.509142875671387	43.82530975341797	-0.20564323663711548	13.165964126586914	4.605839729309082	8.630104064941406	3.7857980728149414	6.685137748718262	8.667608261108398	7.591412544250488	10.926068305969238
D106F	12.615700721740723	13.08393669128418	-5.239021301269531	-7.287238121032715	-1.1224796772003174	-1.0210027694702148	-4.520711898803711	-11.911784172058105	1.9772104024887085	-17.79859161376953	-2.1223978996276855
D106G	19.937814712524414	22.267732620239258	-4.975822925567627	9.676883697509766	1.3896598815917969	4.412994384765625	-1.8798857927322388	1.1201374530792236	5.384052753448486	2.7490010261535645	6.008256435394287
D106H	24.886167526245117	5.1458282470703125	-3.307744026184082	-25.292028427124023	-0.9759787917137146	-0.14521516859531403	-5.186164379119873	-11.43692684173584	6.067047119140625	-12.766260147094727	-2.3011276721954346
D106I	8.694055557250977	11.961318969726562	-1.765397548675537	-2.7632365226745605	-0.7431631684303284	-1.4568077325820923	-2.1683316230773926	-13.03344440460205	5.258701801300049	-10.850016593933105	-0.6866322755813599
D106K	23.194503784179688	30.884166717529297	0.5358860492706299	4.652907848358154	3.081878662109375	5.856578826904297	0.8875805735588074	-0.6650336980819702	8.434440612792969	2.63690185546875	7.949980735778809
D106L	0.40375351905822754	0.8498349189758301	-5.603823184967041	1.5297255516052246	-5.870635509490967	-2.1899642944335938	-1.3532463312149048	-17.642568588256836	1.6584064960479736	3.141059160232544	-2.5077457427978516
D106M	14.68992805480957	2.8066208362579346	-0.23186348378658295	-26.763916015625	-0.67180997133255	0.2046867161989212	-3.1678593158721924	-13.917572975158691	5.6452813148498535	-13.274188995361328	-3.468069553375244
D106N	23.86219024658203	13.857553482055664	-5.796652317047119	-12.084798812866211	0.6120272278785706	0.3175368010997772	-3.838737964630127	-6.689223766326904	8.112116813659668	-7.977358341217041	1.0374654531478882
D106P	15.418281555175781	15.452484130859375	-6.196752071380615	-16.36619758605957	1.342694640159607	-5.212193489074707	-5.293193817138672	-12.509539604187012	2.4006237983703613	-38.17299270629883	-4.9136786460876465
D106Q	26.693193435668945	19.74018669128418	-1.7110909223556519	-9.136847496032715	0.46924036741256714	0.16944684088230133	-2.7577691078186035	-4.289518356323242	6.403858184814453	-10.907636642456055	2.467305898666382
D106R	21.590850830078125	24.433656692504883	-2.5913519859313965	2.033128499984741	1.953413963317871	3.16927433013916	0.6622690558433533	-4.5477728843688965	6.606120586395264	0.04847174137830734	5.335806369781494
D106S	23.668533325195312	24.687650680541992	-0.07920017838478088	8.554128646850586	2.2375612258911133	2.4281234741210938	0.38094741106033325	0.27828869223594666	6.4991607666015625	-3.136004686355591	6.551919460296631
D106T	21.053226470947266	21.028486251831055	-0.7351893186569214	4.478905200958252	2.5078907012939453	2.3978500366210938	0.03346962109208107	-2.479309558868408	6.990960121154785	-4.238627910614014	5.103766441345215
D106V	9.55618667602539	16.792280197143555	-2.6076653003692627	6.704564571380615	-0.9917297959327698	-1.893537998199463	-0.3886193633079529	-10.01430606842041	4.73520040512085	3.595648765563965	2.548802137374878
D106W	14.461084365844727	-0.4126946032047272	-2.0960147380828857	-31.95860481262207	-0.7024273872375488	-0.5146672129631042	-3.8807640075683594	-23.654586791992188	2.6039183139801025	-23.800209045410156	-6.9954962730407715
D106Y	18.9930362701416	2.57662034034729	0.35271918773651123	-33.53936767578125	-1.3071253299713135	0.037631284445524216	-4.639055252075195	-15.425863265991211	3.9142262935638428	-16.622711181640625	-4.5659894943237305
S107A	9.28759479522705	33.90776062011719	-0.38484933972358704	6.5268120765686035	2.3372697830200195	13.3587646484375	-2.2306666374206543	0.37477239966392517	4.127645015716553	6.413569927215576	7.3718671798706055
S107C	21.036283493041992	2.6355385780334473	9.05556583404541	5.273672580718994	0.05490656942129135	5.073665618896484	1.9502031803131104	0.023397546261548996	3.6273748874664307	-0.39478766918182373	4.833582401275635
S107D	19.64299201965332	13.645706176757812	4.623519420623779	9.018869400024414	0.45426350831985474	12.576395988464355	2.696681499481201	0.39741918444633484	3.4960811138153076	5.69036340713501	7.224228858947754
S107E	12.380294799804688	46.085777282714844	0.08381001651287079	10.119345664978027	5.286547660827637	24.14044952392578	3.041635513305664	2.9719772338867188	5.615697383880615	12.369279861450195	12.209481239318848
S107F	12.045817375183105	9.071775436401367	-2.951904535293579	3.342647075653076	-1.110852599143982	8.351550102233887	-3.045644760131836	0.906674861907959	0.04504261910915375	-7.876533031463623	1.877856969833374
S107G	16.711545944213867	28.11285400390625	-3.507718086242676	6.814253330230713	2.393871307373047	18.033462524414062	0.34393566846847534	3.550201654434204	3.183638334274292	8.564257621765137	8.42003059387207
S107H	23.317943572998047	4.210883140563965	6.922496795654297	6.504664421081543	-0.8526329398155212	4.2708024978637695	1.7115883827209473	0.5200562477111816	4.7732014656066895	0.8391258120536804	5.221813201904297
S107I	10.494330406188965	10.64327621459961	-1.4177753925323486	4.971165657043457	-0.9285609126091003	6.323363304138184	-1.799984097480774	-6.022575855255127	0.03686891496181488	-8.67330551147461	1.362680435180664
S107K	16.81999397277832	27.457590103149414	0.051714688539505005	7.72898530960083	1.2730683088302612	18.937143325805664	2.961155414581299	5.201869010925293	2.9927849769592285	8.657994270324707	9.208230018615723
S107L	-2.689289093017578	6.978475093841553	-13.204071044921875	-4.507078647613525	-12.928224563598633	2.9138195514678955	-1.9362099170684814	-15.23758602142334	4.4227800369262695	0.16593047976493835	-3.6021454334259033
S107M	19.523935317993164	0.686018705368042	8.391875267028809	4.682654857635498	-0.027211613953113556	5.26102352142334	2.184002161026001	-3.494180679321289	3.126207113265991	-2.9784955978393555	3.7355830669403076
S107N	22.906213760375977	10.433937072753906	4.541236877441406	7.857807159423828	-0.30258727073669434	6.901900291442871	1.7758508920669556	-1.3036407232284546	4.156100749969482	-0.4236573576927185	5.654316425323486
S107P	12.909637451171875	11.245662689208984	2.6160666942596436	7.426623344421387	1.275568962097168	6.335977077484131	0.4460752010345459	-2.252112865447998	1.202415108680725	-8.71091365814209	3.249499797821045
S107Q	20.945650100708008	14.167339324951172	6.453426837921143	9.317514419555664	0.46779540181159973	8.763721466064453	2.993713855743408	-0.7183170318603516	3.2929317951202393	5.985010147094727	7.166878700256348
S107R	13.834512710571289	21.26690673828125	-2.1855807304382324	5.731826305389404	1.1900540590286255	15.382268905639648	2.4092326164245605	1.827767014503479	2.4293055534362793	5.861239433288574	6.774752616882324
S107T	17.837312698364258	18.827333450317383	0.5574074983596802	4.560204029083252	-0.14605671167373657	13.535720825195312	0.4433673024177551	1.1457358598709106	3.2673301696777344	0.7181381583213806	6.074649333953857
S107V	3.486607074737549	19.41425323486328	-4.986330032348633	3.4833321571350098	-4.295327663421631	4.157599925994873	-2.3321051597595215	-9.042191505432129	0.7455822825431824	4.136477470397949	1.4767897129058838
S107W	16.42461585998535	-0.8984004259109497	7.891088008880615	4.486931324005127	-0.0424046590924263	3.8384971618652344	2.2188634872436523	-4.9344258308410645	2.905704975128174	-5.24267053604126	2.6647799015045166
S107Y	19.704484939575195	0.09325883537530899	8.399569511413574	0.6477326154708862	0.44965946674346924	5.374547004699707	0.9635435938835144	0.17127157747745514	2.2857234477996826	-3.122917890548706	3.496687412261963
E108A	14.86270809173584	5.906847953796387	1.8186835050582886	10.21992015838623	-0.3756968379020691	9.555339813232422	4.650434494018555	3.479766368865967	7.867647647857666	8.464344024658203	6.6449995040893555
E108C	10.620645523071289	6.418025970458984	-0.10327234864234924	-30.565185546875	5.034157752990723	-0.5669466853141785	-2.5677781105041504	-8.609138488769531	2.6948466300964355	-13.404484748840332	-3.1049129962921143
E108D	18.117963790893555	5.834296226501465	3.621089220046997	-2.6584596633911133	3.148465156555176	6.3287672996521	0.14892327785491943	0.7585875988006592	6.126923561096191	0.23042160272598267	4.1656975746154785
E108F	10.67467975616455	1.9027035236358643	3.371093273162842	-13.593440055847168	0.3216443657875061	0.1670793741941452	2.6344785690307617	-8.224665641784668	5.4039835929870605	-4.371540546417236	-0.1713983565568924
E108G	24.033157348632812	21.39251136779785	1.9679409265518188	-1.9700126647949219	-0.9639952778816223	10.667752265930176	4.321356773376465	2.663207769393921	8.021768569946289	9.801726341247559	7.9935407638549805
E108H	11.930505752563477	7.547223091125488	0.8445625305175781	-18.93402099609375	4.303006172180176	-0.20588092505931854	-2.7339324951171875	-4.169673919677734	4.197686195373535	-13.801740646362305	-1.1022264957427979
E108I	11.775436401367188	7.214285850524902	3.402580499649048	2.229917287826538	0.6358141303062439	2.2377700805664062	3.2508363723754883	-5.145017623901367	7.296964168548584	2.8322184085845947	3.5730807781219482
E108K	22.744688034057617	18.367008209228516	7.207752227783203	0.04272624850273132	3.5899863243103027	13.819475173950195	5.87566614151001	1.5889490842819214	6.481795310974121	9.328251838684082	8.904629707336426
E108L	6.501479625701904	-7.553902626037598	-2.671842336654663	1.8173162937164307	-6.456241607666016	4.224750995635986	-3.2099180221557617	-4.573897361755371	5.891566276550293	5.855788707733154	-0.017489958554506302
E108M	6.200990676879883	8.549942016601562	-0.18731990456581116	-24.810989379882812	5.324288845062256	-0.8666031956672668	-2.3292927742004395	-10.300618171691895	4.2925238609313965	-12.47921371459961	-2.6606290340423584
E108N	14.547182083129883	6.238926887512207	2.5441482067108154	-11.598104476928711	3.828841209411621	2.2703206539154053	0.8966823220252991	-1.4599647521972656	5.029812335968018	-6.264791965484619	1.6033052206039429
E108P	18.168289184570312	10.561126708984375	-5.152669906616211	-21.803239822387695	3.005218029022217	-4.320613861083984	-12.13774299621582	-7.238037586212158	4.036324501037598	-37.352210998535156	-5.223355293273926
E108Q	18.62431526184082	11.751465797424316	4.04965353012085	-18.224483489990234	4.355141639709473	4.413525581359863	-2.1549324989318848	-4.945346355438232	10.028454780578613	-6.134204387664795	2.176358699798584
E108R	24.093400955200195	13.204363822937012	4.818904399871826	4.438441276550293	3.585069417953491	6.075960636138916	4.093503952026367	-0.4420475661754608	6.571178913116455	7.500863075256348	7.3939642906188965
E108S	26.74883270263672	12.900703430175781	3.76004958152771	0.13012954592704773	1.3893312215805054	10.233592987060547	6.460517406463623	2.4004547595977783	9.786602973937988	7.55272912979126	8.1362943649292
E108T	21.202707290649414	11.377520561218262	4.774562358856201	2.3563573360443115	1.743948221206665	8.194661140441895	4.532231330871582	-0.829339325428009	9.32341194152832	6.790832996368408	6.946689605712891
E108V	11.916387557983398	1.2203136682510376	-1.7065621614456177	6.906848430633545	-2.4990439414978027	4.119043350219727	3.1316823959350586	-3.488204002380371	6.254912376403809	4.642058849334717	3.04974365234375
E108W	3.746880531311035	1.6278011798858643	-5.0081024169921875	-31.774616241455078	5.403726577758789	-2.1567542552948	-2.2561354637145996	-12.571285247802734	0.1417711228132248	-27.227346420288086	-7.007406711578369
E108Y	7.574685096740723	3.624630928039551	-0.5044413805007935	-32.07205581665039	4.260859489440918	-0.5118387341499329	-4.679159164428711	-9.241332054138184	-2.866610288619995	-21.642383575439453	-5.605764865875244
P109A	-30.97112464904785	-4.824664115905762	-21.62200164794922	0.8421484231948853	-13.543681144714355	-5.625123500823975	-1.262437343597412	6.032006740570068	-6.159783840179443	-5.33108377456665	-8.246574401855469
P109C	0.11842786520719528	2.2246179580688477	-4.986481189727783	-4.696132659912109	-7.60877799987793	-4.9698944091796875	-8.92739200592041	-2.535588026046753	-1.7848647832870483	-12.982704162597656	-4.6148786544799805
P109D	-21.95046043395996	-7.900693893432617	-6.157778263092041	0.7997969388961792	-24.348968505859375	-7.974545001983643	-2.715472459793091	-3.0949525833129883	-9.66815185546875	-11.024056434631348	-9.403528213500977
P109E	-32.24584197998047	-7.121294021606445	-17.65116310119629	0.30630603432655334	-28.476591110229492	-12.918837547302246	-4.266122341156006	0.4996590316295624	-6.759118556976318	-12.831298828125	-12.146430015563965
P109F	-8.941008567810059	0.06239628046751022	-4.883132457733154	4.626323223114014	-9.269073486328125	-7.606506824493408	1.1019184589385986	-0.33133164048194885	2.129115104675293	-6.124537944793701	-2.923583507537842
P109G	-17.6182861328125	-5.622345924377441	-17.814090728759766	-1.5394237041473389	-21.88252067565918	-8.278634071350098	1.728600263595581	3.0427961349487305	-7.582406044006348	-9.102801322937012	-8.466911315917969
P109H	-4.344202995300293	-1.0198173522949219	-7.232877254486084	-1.7814165353775024	-19.51959800720215	-5.091310024261475	-12.096264839172363	-3.572155475616455	-4.278666019439697	-9.243680953979492	-6.81799840927124
P109I	-11.19318675994873	2.8102867603302	-4.150588512420654	5.127891540527344	-9.59295654296875	-4.5716233253479	1.3007307052612305	0.45961764454841614	-0.5219306349754333	-3.5605697631835938	-2.389233112335205
P109K	-16.231250762939453	-3.8284454345703125	-8.46188735961914	-0.3459521234035492	-22.530378341674805	-7.8305439949035645	0.3756292462348938	0.5622338056564331	-3.7629213333129883	-1.7143837213516235	-6.3767900466918945
P109L	-17.977920532226562	-4.272243022918701	-10.719036102294922	2.9656505584716797	-5.266465663909912	-1.8718585968017578	0.056430187076330185	13.854384422302246	-1.7675328254699707	-1.5175070762634277	-2.6516098976135254
P109M	-2.155808925628662	1.4729747772216797	-10.425193786621094	-3.5682806968688965	-9.244165420532227	-5.036273956298828	-8.442835807800293	-3.1016182899475098	-1.263741374015808	-17.500648498535156	-5.9265594482421875
P109N	-8.911626815795898	-6.157541275024414	-3.792816162109375	0.3375597298145294	-21.58635711669922	-7.757307529449463	-2.4337620735168457	-2.541658878326416	-7.40040397644043	-11.100361824035645	-7.134427547454834
P109Q	-9.121095657348633	0.5430825352668762	-4.853766918182373	-2.5888423919677734	-21.056886672973633	-5.800549030303955	-1.7937159538269043	2.3233721256256104	-5.727903842926025	-8.359025001525879	-5.643532752990723
P109R	-12.555943489074707	-5.742665767669678	-5.020709037780762	0.9817080497741699	-18.754667282104492	-11.782540321350098	-0.5161145329475403	-0.27056917548179626	-6.308526515960693	-6.664031028747559	-6.663405418395996
P109S	-23.146963119506836	-4.72153377532959	-12.284707069396973	-0.4357088506221771	-19.45128631591797	-7.426623821258545	1.7773571014404297	5.652522563934326	-7.715040683746338	-6.897276401519775	-7.464925289154053
P109T	-21.27347183227539	1.869302749633789	-9.021472930908203	4.955630779266357	-16.83372688293457	-9.26468563079834	0.6625867486000061	7.849079132080078	-5.1820549964904785	-4.661390781402588	-5.090020656585693
P109V	-26.03761100769043	-5.312593936920166	-7.44312047958374	2.6008946895599365	-3.083682060241699	-5.793045520782471	-1.6555101871490479	3.1788241863250732	-2.1253154277801514	-1.557662844657898	-4.722882270812988
P109W	-1.9292203187942505	-2.531341791152954	-3.3497633934020996	-10.428884506225586	-12.87537956237793	-4.226998329162598	-7.6450676918029785	-10.307533264160156	-3.3894686698913574	-11.861254692077637	-6.854491233825684
P109Y	-3.7733964920043945	0.41072866320610046	-5.005529403686523	-4.468899726867676	-17.144906997680664	-4.204732418060303	-13.447739601135254	-7.387005805969238	-3.0940654277801514	-13.655467987060547	-7.177101135253906
K110A	9.918193817138672	26.028793334960938	1.448075532913208	8.81086254119873	-1.0440876483917236	11.613700866699219	-1.302790880203247	4.317951202392578	10.273275375366211	8.132933616638184	7.819690704345703
K110C	11.892732620239258	8.029046058654785	3.3530044555664062	-26.48542022705078	2.0224547386169434	4.7933149337768555	-0.06160193309187889	-9.249014854431152	1.3519401550292969	-2.0731866359710693	-0.6426730155944824
K110D	7.707633018493652	10.660680770874023	3.151350736618042	-5.376791000366211	-1.1476057767868042	8.194643020629883	-8.298949241638184	1.7578761577606201	2.4675917625427246	-1.875257134437561	1.7241170406341553
K110E	8.12496280670166	26.555538177490234	1.960102915763855	9.48897933959961	-0.975389301776886	12.080497741699219	3.2132608890533447	9.238045692443848	5.382430553436279	8.353243827819824	8.342166900634766
K110F	3.80487060546875	5.37459659576416	-1.631089687347412	-11.446939468383789	-0.06226930022239685	2.199716806411743	-2.6410627365112305	-1.9906600713729858	4.776701927185059	-3.1991748809814453	-0.4815309941768646
K110G	12.143289566040039	23.066808700561523	1.7277432680130005	2.048279047012329	1.0383634567260742	11.169647216796875	2.5050785541534424	4.307260513305664	4.679694652557373	6.640186309814453	6.932635307312012
K110H	9.837635040283203	5.596523761749268	3.6079795360565186	-12.139732360839844	0.4389103353023529	7.002470970153809	-0.3052700161933899	-1.9773253202438354	0.24004213511943817	-5.069821834564209	0.723141074180603
K110I	8.668811798095703	11.058222770690918	1.387545108795166	-3.940823793411255	0.8027225136756897	3.981168270111084	-1.0743346214294434	1.1577895879745483	4.049069404602051	-4.326659679412842	2.1763510704040527
K110L	0.24835139513015747	19.00950050354004	-5.028171062469482	-0.11214616894721985	-1.1976940631866455	3.573418617248535	-1.9609637260437012	1.4825749397277832	8.15533447265625	12.66205883026123	3.6832263469696045
K110M	14.200546264648438	10.733262062072754	3.4854378700256348	-24.427898406982422	1.970089077949524	1.631600260734558	-3.287785053253174	-6.719305038452148	0.46312016248703003	-8.79077434539795	-1.0741708278656006
K110N	12.873117446899414	9.515668869018555	4.219420433044434	-11.704221725463867	0.33036231994628906	9.609901428222656	-4.550682544708252	-1.7028263807296753	2.0996553897857666	-4.24574613571167	1.6444650888442993
K110P	12.876675605773926	9.76456069946289	-3.9992589950561523	-18.95648765563965	2.987333297729492	5.69447135925293	-9.75949764251709	-5.7818098068237305	1.6657322645187378	-21.72861099243164	-2.723689317703247
K110Q	13.098128318786621	11.771200180053711	5.143852710723877	-4.770193576812744	0.09996651858091354	11.828592300415039	-2.605558395385742	0.1045875996351242	2.8097333908081055	-5.449411392211914	3.203089952468872
K110R	11.235627174377441	20.943002700805664	3.997300148010254	-1.0908130407333374	1.234566569328308	11.414080619812012	-0.385736882686615	4.360834121704102	4.7959136962890625	3.7858030796051025	6.02905797958374
K110S	14.932579040527344	14.047159194946289	2.86446213722229	1.881333827972412	0.8532909750938416	12.664523124694824	-0.516582190990448	3.290994882583618	7.695064544677734	5.750829696655273	6.346365451812744
K110T	15.275420188903809	21.651887893676758	3.7935423851013184	-1.7256519794464111	0.21737200021743774	10.695892333984375	-1.7798941135406494	2.795259714126587	8.643041610717773	0.7366748452186584	6.0303544998168945
K110V	4.2247314453125	22.54029655456543	-0.4029673635959625	2.7016685009002686	-0.5107420682907104	4.419414520263672	0.589556872844696	-0.0811726301908493	4.8699493408203125	9.89954948425293	4.825028419494629
K110W	7.174874782562256	0.5478664636611938	1.8777059316635132	-31.669002532958984	1.8535232543945312	4.621703147888184	-0.7531606554985046	-17.418188095092773	-2.234065055847168	-22.54755210876465	-5.8546295166015625
K110Y	7.13066291809082	1.6062233448028564	3.1213364601135254	-25.09156608581543	1.723751187324524	3.5779011249542236	0.11808973550796509	-4.118446350097656	-1.6056861877441406	-14.396932601928711	-2.793466567993164
N111A	-18.202190399169922	-2.1929705142974854	-15.925236701965332	8.166364669799805	-14.245199203491211	-20.79137420654297	-7.584330081939697	7.340919017791748	-14.929311752319336	-18.115619659423828	-9.647893905639648
N111C	-7.797363758087158	4.34043025970459	-4.912262439727783	10.522636413574219	2.947291374206543	-5.547433853149414	-26.239622116088867	4.268802642822266	-1.314183235168457	-8.068116188049316	-3.1799819469451904
N111D	-12.328651428222656	-6.923705101013184	-9.405523300170898	11.241570472717285	-12.28210735321045	-24.571420669555664	-9.570343017578125	-0.6626200079917908	-6.29453706741333	-17.154422760009766	-8.79517650604248
N111E	-24.522245407104492	-8.270236015319824	-13.955737113952637	1.7175698280334473	-24.134870529174805	-27.566434860229492	-11.502060890197754	7.977068901062012	-16.31121826171875	-24.818754196166992	-14.138691902160645
N111F	-12.498952865600586	-2.635066509246826	-11.260164260864258	1.1729955673217773	-7.037631034851074	-21.573131561279297	-6.002002716064453	-2.363659620285034	-7.26753044128418	-13.40797233581543	-8.287311553955078
N111G	-19.101520538330078	-5.406689167022705	-14.079425811767578	6.162226676940918	-21.22156524658203	-22.36781883239746	-4.965719699859619	0.27543190121650696	-14.551387786865234	-22.729923248291016	-11.798639297485352
N111H	-11.50602912902832	-2.605686664581299	-4.075188159942627	11.88001537322998	-5.084115028381348	-14.047478675842285	-20.662294387817383	-0.7292230129241943	-4.240331172943115	-11.098623275756836	-6.21689510345459
N111I	-6.956679344177246	-5.52659273147583	-8.395956993103027	4.101022720336914	-2.082413673400879	-20.83402442932129	-2.072134256362915	-0.7199859619140625	-1.026010274887085	-18.20791244506836	-6.172069072723389
N111K	-13.529193878173828	-6.079461574554443	-11.766968727111816	13.735264778137207	-11.044624328613281	-26.71480369567871	-0.9497851133346558	0.7794672846794128	-4.438941478729248	-17.152673721313477	-7.716172218322754
N111L	-26.146066665649414	-9.725831985473633	-21.708599090576172	1.737239122390747	-5.8895487785339355	-15.470842361450195	-6.3644633293151855	11.714130401611328	-14.877872467041016	-16.53066062927246	-10.326251983642578
N111M	-11.521883010864258	3.102839946746826	-4.223494052886963	13.591734886169434	0.07214861363172531	-11.046670913696289	-22.585817337036133	-0.792080283164978	2.6020681858062744	-14.517953872680664	-4.5319108963012695
N111P	-5.394533634185791	-2.79723858833313	-10.762286186218262	9.440034866333008	-10.13880729675293	-22.515806198120117	-16.97378921508789	0.2355080097913742	-2.6373472213745117	-12.745734214782715	-7.428999900817871
N111Q	-11.5762357711792	-6.164606094360352	-7.940939426422119	12.179786682128906	-8.696115493774414	-22.095178604125977	-11.042384147644043	-0.14122529327869415	-2.9734225273132324	-12.82175064086914	-7.127207279205322
N111R	-12.194670677185059	-7.004596710205078	-8.15422534942627	10.762948036193848	-7.9202704429626465	-26.458675384521484	-1.6766126155853271	1.4293246269226074	-3.4434988498687744	-14.565361022949219	-6.9225640296936035
N111S	-15.998603820800781	-5.573210716247559	-12.359360694885254	12.834158897399902	-16.298276901245117	-26.854450225830078	-4.945993423461914	0.91435706615448	-13.30342960357666	-19.05294418334961	-10.063774108886719
N111T	-11.590462684631348	-5.6556291580200195	-10.403045654296875	9.73733901977539	-9.179189682006836	-26.174591064453125	-0.8263972401618958	1.0458837747573853	-4.830258846282959	-17.162738800048828	-7.503909111022949
N111V	-13.61711597442627	-0.2775595188140869	-11.067458152770996	1.1364771127700806	-2.1883034706115723	-24.023544311523438	-4.7453436851501465	8.468368530273438	-8.831134796142578	-19.0391845703125	-7.418479919433594
N111W	-7.686287879943848	-2.5289173126220703	-7.170379161834717	9.063464164733887	-5.069934368133545	-10.763545989990234	-29.149545669555664	-0.3215310871601105	-10.110774040222168	-7.850710868835449	-7.158815860748291
N111Y	-10.412962913513184	0.2194746434688568	-6.326108455657959	13.241862297058105	-2.8287625312805176	-8.049535751342773	-27.434751510620117	-3.156316041946411	-7.988707065582275	-9.631783485412598	-6.236758708953857
V112A	-5.897824287414551	8.15793228149414	-12.226814270019531	17.770414352416992	-3.4213216304779053	-5.133552551269531	1.999804973602295	6.242909908294678	-1.6220635175704956	-9.976122856140137	-0.41066378355026245
V112C	-0.5631886124610901	4.484725475311279	-0.6510862112045288	3.970691680908203	-7.219476699829102	-8.458857536315918	-12.938834190368652	-6.663678169250488	-2.6865744590759277	-2.991316556930542	-3.3717594146728516
V112D	-4.466993808746338	2.519165277481079	-7.492238998413086	13.981755256652832	-3.5131945610046387	-4.638187408447266	-5.523861885070801	0.7993680238723755	-5.878918170928955	-6.3275017738342285	-2.054060697555542
V112E	-5.371228218078613	4.152471542358398	-11.078603744506836	13.766807556152344	-4.150103569030762	-0.9737873673439026	1.4314326047897339	10.590235710144043	1.6947964429855347	-11.057377815246582	-0.09953565895557404
V112F	0.012351937592029572	5.877758979797363	-7.3820295333862305	8.073620796203613	-3.578719139099121	-6.3793535232543945	-2.3438148498535156	1.0562375783920288	-6.653714179992676	-4.96595573425293	-1.628361701965332
V112G	-6.833136081695557	2.983120918273926	-22.67306900024414	12.503701210021973	-9.496487617492676	-5.290256977081299	-0.7156473994255066	0.7703922986984253	-6.033884525299072	-9.85448932647705	-4.463975429534912
V112H	-2.0186047554016113	2.8885273933410645	-4.291892051696777	4.83433723449707	-4.460655689239502	-6.360639572143555	-11.682971954345703	-2.7358243465423584	-5.843360424041748	-1.5389283895492554	-3.1210014820098877
V112I	0.44612112641334534	5.581254005432129	-0.8057403564453125	14.443760871887207	-0.3284309208393097	-4.695924758911133	-1.1931970119476318	1.355126976966858	1.9437682628631592	-7.071686267852783	0.9675052762031555
V112K	-2.0132744312286377	3.423848867416382	-5.41846227645874	28.035585403442383	-4.025730609893799	-0.9491382241249084	1.7697104215621948	6.341294288635254	1.1872872114181519	-4.276107311248779	2.407501220703125
V112L	-3.253650188446045	-3.3918416500091553	-8.984779357910156	6.477781295776367	4.032858848571777	-5.325282573699951	3.478761672973633	6.737570762634277	2.304651975631714	1.1011511087417603	0.3177221715450287
V112M	-0.2050250768661499	3.6024680137634277	-0.19735702872276306	10.582514762878418	-3.859572172164917	-9.181846618652344	-16.549901962280273	-7.447758674621582	-0.3057252764701843	-3.9470198154449463	-2.750922441482544
V112N	-3.5198566913604736	1.9314403533935547	-5.67966365814209	12.962125778198242	-2.9898886680603027	-6.041125774383545	-7.0918378829956055	1.6583036184310913	-3.6564266681671143	-4.957230567932129	-1.7384159564971924
V112P	-10.054586410522461	-6.160048961639404	-17.822603225708008	-0.30666545033454895	-11.329030990600586	-8.579082489013672	-4.474292278289795	-0.4799996614456177	-13.677973747253418	-5.812471389770508	-7.869675636291504
V112Q	-0.6024531126022339	1.055063247680664	-2.256657123565674	14.52433967590332	-4.205141544342041	-8.531415939331055	-6.702364444732666	0.7087539434432983	-1.5575827360153198	-1.992132544517517	-0.9559589624404907
V112R	-1.3747445344924927	2.1597952842712402	-4.585341930389404	26.528444290161133	-0.4827360510826111	-2.52020263671875	-0.9223929047584534	2.2469944953918457	-0.8007861375808716	-6.983187198638916	1.3265841007232666
V112S	-4.2393269538879395	5.3041815757751465	-17.837583541870117	19.042600631713867	-7.74281644821167	-4.9123125076293945	2.3085832595825195	2.2858400344848633	-3.883230209350586	-7.627532958984375	-1.7301595211029053
V112T	-1.533162236213684	6.795415878295898	-7.841210842132568	22.340885162353516	-3.046048879623413	-4.39802360534668	1.4021401405334473	3.435877561569214	-1.1149437427520752	-12.133993148803711	0.3906934857368469
V112W	-0.9967290759086609	-0.12068548053503036	-5.354406356811523	-6.517322540283203	-11.38611888885498	-10.534795761108398	-17.694902420043945	-4.369378566741943	-8.570509910583496	-4.967929840087891	-7.051277160644531
V112Y	-1.3465516567230225	2.8594143390655518	-5.434876918792725	-2.322307825088501	-6.931686878204346	-5.511507034301758	-15.923941612243652	-5.661322593688965	-6.506811618804932	-1.942489504814148	-4.872208595275879
E113A	-19.158939361572266	-3.781897783279419	-25.181690216064453	7.169584274291992	-19.082544326782227	-20.87031364440918	-18.048816680908203	-3.946561574935913	-14.898344039916992	-36.99858093261719	-15.47981071472168
E113C	-41.874664306640625	-16.137680053710938	-28.116819381713867	-18.629253387451172	-10.634347915649414	-7.831510543823242	-29.054603576660156	-20.919939041137695	-3.4693493843078613	-22.603832244873047	-19.927200317382812
E113D	-27.28439712524414	-25.488740921020508	-13.66796588897705	-14.101457595825195	-14.026098251342773	-9.618368148803711	-27.61262321472168	-4.500860214233398	-6.360084533691406	-19.83170509338379	-16.249229431152344
E113F	-32.45527267456055	-36.429656982421875	-20.752437591552734	-19.00912857055664	-16.645606994628906	-10.783913612365723	-32.89961624145508	-9.569684028625488	-5.469622611999512	-21.428524017333984	-20.54434585571289
E113G	-16.94403839111328	-6.337219715118408	-17.93154525756836	-5.507205963134766	-14.044179916381836	-14.122406005859375	-10.715431213378906	-4.364078998565674	-19.10373878479004	-24.94567108154297	-13.401552200317383
E113H	-32.541751861572266	-19.99427032470703	-18.273202896118164	-17.231197357177734	-11.643523216247559	-5.301105976104736	-31.425792694091797	-9.404205322265625	-2.766014575958252	-15.430784225463867	-16.401185989379883
E113I	-32.58251953125	-36.1961669921875	-21.69339942932129	-16.511240005493164	-15.832402229309082	-14.359041213989258	-31.369810104370117	-9.039628028869629	-6.488770008087158	-29.800968170166016	-21.387393951416016
E113K	-21.558433532714844	-15.73210334777832	-23.75881004333496	1.7291791439056396	-16.333271026611328	-14.97740650177002	-20.854936599731445	-3.6836986541748047	-5.4242401123046875	-36.26396942138672	-15.685770034790039
E113L	-23.647415161132812	-0.2103310525417328	-38.513492584228516	-4.118014812469482	-29.824026107788086	-28.106142044067383	-16.969743728637695	2.147787570953369	-36.567378997802734	-34.83970260620117	-21.06484603881836
E113M	-43.99872589111328	-23.325292587280273	-32.45502853393555	-22.34539794921875	-11.502202033996582	-12.617656707763672	-29.487260818481445	-15.67618465423584	-5.421575546264648	-23.304115295410156	-22.013341903686523
E113N	-35.25732421875	-23.487573623657227	-18.446733474731445	-17.25102424621582	-11.877019882202148	-6.897439002990723	-29.18138313293457	-5.302480697631836	-3.378159284591675	-20.256685256958008	-17.133581161499023
E113P	-33.11371994018555	-21.09372901916504	-30.440298080444336	-16.53982925415039	-15.21315860748291	-19.84899139404297	-29.710302352905273	-1.3468836545944214	-12.631325721740723	-27.33448028564453	-20.727270126342773
E113Q	-40.273685455322266	-33.716800689697266	-19.145246505737305	-17.84779167175293	-14.730507850646973	-9.098570823669434	-29.627885818481445	-6.821066856384277	-4.799598217010498	-24.44597053527832	-20.050710678100586
E113R	-30.021530151367188	-22.2722110748291	-17.4451961517334	-6.987149715423584	-12.341060638427734	-10.77454948425293	-22.687715530395508	-4.517820835113525	-6.135368824005127	-26.528831481933594	-15.971145629882812
E113S	-19.112890243530273	-12.39794635772705	-20.531993865966797	-0.8648951053619385	-15.019132614135742	-15.250259399414062	-20.555818557739258	-4.984245300292969	-7.562981128692627	-24.531328201293945	-14.081149101257324
E113T	-24.004636764526367	-17.216222763061523	-22.255535125732422	-5.021162986755371	-16.07015609741211	-18.280841827392578	-33.8426628112793	-7.465236186981201	-8.214759826660156	-32.62183380126953	-18.499303817749023
E113V	-19.213048934936523	-12.696487426757812	-26.752058029174805	-5.035836219787598	-17.065982818603516	-21.723604202270508	-31.826738357543945	-5.543332099914551	-9.827682495117188	-32.29075241088867	-18.197551727294922
E113W	-38.95402526855469	-20.028656005859375	-21.40371322631836	-18.543106079101562	-17.671987533569336	-10.81151008605957	-27.742063522338867	-21.375288009643555	-7.234097003936768	-15.115299224853516	-19.88797378540039
E113Y	-41.05158996582031	-19.817670822143555	-22.226930618286133	-17.82607078552246	-13.21481704711914	-5.96441125869751	-30.94545555114746	-24.12895965576172	-6.700675964355469	-16.639055252075195	-19.851564407348633
P114A	-16.852638244628906	2.644531726837158	-8.577770233154297	5.508436679840088	-9.434391021728516	2.21258807182312	-2.942981719970703	0.629808783531189	-3.2015156745910645	-7.02924919128418	-3.7043182849884033
P114C	-0.9602150321006775	-10.73315715789795	-1.1457723379135132	-8.087348937988281	-3.0947060585021973	-4.289178848266602	-9.3960599899292	-25.506139755249023	-0.7307252287864685	-1.4693716764450073	-6.541267395019531
P114D	-3.067004442214966	-3.938462257385254	5.296490669250488	-3.7292561531066895	-1.1040481328964233	1.0391517877578735	-6.371154308319092	-1.3867000341415405	-5.039429187774658	-1.5268405675888062	-1.9827251434326172
P114E	-9.057482719421387	4.765515327453613	-6.718111038208008	4.345040798187256	-5.668530464172363	13.470939636230469	1.5085091590881348	1.3427695035934448	-1.151275396347046	-9.279397010803223	-0.6442022323608398
P114F	-7.174535274505615	-0.7848290205001831	-1.161675214767456	3.380580425262451	-11.996382713317871	-2.927821636199951	-4.582108020782471	-3.8823540210723877	-8.666976928710938	-0.5829905867576599	-3.83790922164917
P114G	-6.152677059173584	-4.210986137390137	-3.080410957336426	3.874511480331421	-9.093622207641602	-0.3485661447048187	-4.874443531036377	-2.8868587017059326	-5.581415176391602	-5.751543998718262	-3.8106014728546143
P114H	-1.2033178806304932	-17.1626033782959	1.557123064994812	-11.577489852905273	-3.349996328353882	-5.473099231719971	-10.931800842285156	-18.0685977935791	-7.549713611602783	-1.2206934690475464	-7.498019218444824
P114I	-7.428492546081543	-1.758314847946167	-1.5233643054962158	5.792250633239746	-9.142189979553223	-1.459925889968872	-3.8335680961608887	-3.7959530353546143	-7.665419101715088	-0.8280208706855774	-3.164299726486206
P114K	-9.232353210449219	-2.2024478912353516	-2.2195873260498047	6.46238374710083	-10.18525505065918	3.4999284744262695	-1.2207486629486084	-1.7652395963668823	-4.405216217041016	-3.000227928161621	-2.4268765449523926
P114L	-28.46784019470215	1.0289559364318848	-15.647523880004883	0.25982365012168884	-14.447827339172363	-7.363520622253418	-5.656026840209961	2.595947504043579	-8.637969017028809	-4.116976737976074	-8.045295715332031
P114M	-0.9696792960166931	-10.698393821716309	-1.258794903755188	-9.880656242370605	-4.556046962738037	-5.652034759521484	-11.263646125793457	-16.627426147460938	-1.417086124420166	-2.28652286529541	-6.461029052734375
P114N	-0.37996724247932434	-6.488500118255615	3.8371429443359375	-4.388849258422852	-5.794534683227539	-1.4313485622406006	-10.052330017089844	-12.515594482421875	-4.816089630126953	-0.030499763786792755	-4.206057071685791
P114Q	-1.7167561054229736	-8.161367416381836	5.130772113800049	-4.415510177612305	-1.6669620275497437	-0.10045658051967621	-8.632387161254883	-6.579957008361816	-5.077826976776123	-0.11907250434160233	-3.1339523792266846
P114R	-4.230859756469727	-3.129824638366699	-1.3450123071670532	4.188295364379883	-10.464188575744629	1.3011260032653809	-1.3582743406295776	-0.938949704170227	-5.196418285369873	-2.5771124362945557	-2.375121831893921
P114S	-4.0482258796691895	-2.3443710803985596	-2.6345458030700684	4.949481010437012	-10.271570205688477	-1.7150626182556152	-0.801588773727417	-0.37044814229011536	-5.334802627563477	-3.5060484409332275	-2.6077182292938232
P114T	-3.848045825958252	-1.0175909996032715	-2.6776275634765625	6.909226417541504	-11.45512580871582	-1.8973873853683472	0.41339823603630066	-0.8051919341087341	-6.131159782409668	-2.4101638793945312	-2.2919669151306152
P114V	-16.381473541259766	2.937129020690918	-9.752589225769043	7.26838493347168	-7.342828750610352	-8.068748474121094	-3.703791379928589	-0.21955427527427673	-6.457849502563477	-3.4012398719787598	-4.512256145477295
P114W	-0.5094823241233826	-15.358379364013672	-0.6443401575088501	-12.96487045288086	-3.135071039199829	-6.397423267364502	-11.751662254333496	-31.985124588012695	-2.7648706436157227	-0.38284268975257874	-8.589406967163086
P114Y	-1.4358694553375244	-13.013818740844727	-1.3495769500732422	-11.09174919128418	-2.5758752822875977	-7.543508052825928	-12.745221138000488	-22.818098068237305	-4.946091175079346	-1.2001506090164185	-7.871995449066162
E115A	-1.6476961374282837	6.990224838256836	2.377624273300171	16.61418914794922	7.162808895111084	3.398618221282959	6.632850646972656	7.170531272888184	3.429210662841797	2.075875997543335	5.420423984527588
E115C	-9.46281909942627	0.7380282878875732	6.934539318084717	-0.6067782640457153	-4.332200050354004	-7.246457576751709	-2.6500725746154785	-13.11404800415039	-17.810213088989258	-1.4854841232299805	-4.903550148010254
E115D	-13.080870628356934	10.672998428344727	-2.4494848251342773	6.076037406921387	2.5279316902160645	0.07959964871406555	0.5638954043388367	2.645962953567505	-3.660480260848999	4.9427924156188965	0.8318382501602173
E115F	-30.751733779907227	3.723367214202881	-1.708381175994873	-5.224031448364258	3.2136640548706055	-3.1852707862854004	-2.6058316230773926	-3.877810478210449	-5.846075057983398	2.065023183822632	-4.419707775115967
E115G	-0.8165386915206909	9.206931114196777	1.986625075340271	7.459089756011963	0.6512477397918701	6.444604873657227	7.070518493652344	6.525779724121094	2.903533935546875	0.44230300188064575	4.187409400939941
E115H	-7.67971134185791	1.2527484893798828	2.928868293762207	-4.530551910400391	-3.490062713623047	-10.112298011779785	-0.5573040843009949	-3.461061477661133	-19.69294548034668	-0.30631378293037415	-4.564863204956055
E115I	-22.19420623779297	4.1222615242004395	5.264885902404785	4.4946136474609375	10.606093406677246	-5.08035945892334	0.4603922367095947	-1.1094036102294922	-2.7777538299560547	1.358689308166504	-0.48547878861427307
E115K	4.146540641784668	15.588130950927734	6.145427703857422	4.821512222290039	7.058823585510254	12.97396183013916	1.373091220855713	11.136557579040527	7.5446014404296875	9.358538627624512	8.014719009399414
E115L	-0.28374189138412476	-3.051788330078125	0.4304969012737274	22.644004821777344	9.117292404174805	-12.407931327819824	2.7523796558380127	0.7165944576263428	0.02081073820590973	-3.4082534313201904	1.652986764907837
E115M	-16.387975692749023	-2.2053134441375732	7.5098114013671875	-4.44835901260376	-5.72329568862915	-9.591596603393555	0.3237205743789673	-5.492339134216309	-22.550556182861328	-1.0574965476989746	-5.962339878082275
E115N	-15.203987121582031	5.581747055053711	-0.018038704991340637	1.531078815460205	0.3610647916793823	-3.511544704437256	-1.1847474575042725	-0.8066344857215881	-5.154321193695068	3.0602710247039795	-1.5345113277435303
E115P	-4.631544589996338	5.1940202713012695	3.7629072666168213	-5.184015274047852	0.07325922697782516	-11.843469619750977	-7.353895664215088	-1.271030306816101	-4.614083766937256	-0.347790002822876	-2.6215643882751465
E115Q	-3.8683295249938965	10.282316207885742	7.132852554321289	6.057382583618164	3.1837122440338135	0.22771282494068146	-1.3711601495742798	2.871727228164673	-2.3237321376800537	5.972200870513916	2.8164680004119873
E115R	3.038940668106079	12.970337867736816	3.528282880783081	9.108158111572266	9.683786392211914	9.55525016784668	2.7842297554016113	15.325201988220215	2.603147029876709	9.242487907409668	7.783982276916504
E115S	-1.6006585359573364	11.828778266906738	1.9024044275283813	10.52641487121582	1.1790459156036377	8.277511596679688	6.254404544830322	13.21872615814209	1.6524478197097778	7.450170993804932	6.068924903869629
E115T	-7.955530166625977	10.618705749511719	2.8316996097564697	10.486530303955078	5.847456455230713	1.8214153051376343	2.486318588256836	7.2783403396606445	1.3528311252593994	2.7476422786712646	3.7515411376953125
E115V	-1.206222653388977	1.2400120496749878	4.121579647064209	10.87149715423584	13.973724365234375	-7.535568714141846	3.5338587760925293	0.8409780859947205	0.9674737453460693	-1.311586618423462	2.549574851989746
E115W	-13.005249977111816	-3.193836212158203	1.4525717496871948	-14.706167221069336	-6.48539924621582	-12.54179573059082	-2.5826916694641113	-7.235237121582031	-26.719303131103516	-1.0483782291412354	-8.606548309326172
E115Y	-12.851110458374023	-3.9053220748901367	4.598329544067383	-11.748247146606445	-6.351991176605225	-14.476223945617676	-2.4673523902893066	-7.61094856262207	-28.947633743286133	-1.7832649946212769	-8.554376602172852
K116A	-16.935503005981445	-5.645251750946045	-11.576488494873047	7.313846111297607	-12.33215045928955	-18.147233963012695	-8.661603927612305	2.3885769844055176	-20.39358901977539	-29.043296813964844	-11.303269386291504
K116C	-8.379247665405273	-2.3906126022338867	-5.872501373291016	4.216447830200195	-2.3222663402557373	-18.2950382232666	-14.931133270263672	-13.047676086425781	-8.600605010986328	-18.069530487060547	-8.769216537475586
K116D	-10.559813499450684	-4.843739986419678	-7.5474629402160645	1.1075165271759033	1.1609375476837158	-12.639008522033691	-16.257471084594727	-2.737046957015991	-8.847724914550781	-11.109867095947266	-7.227368354797363
K116E	-12.476298332214355	-7.365147590637207	-3.735584259033203	7.549538612365723	-1.594504952430725	-10.170710563659668	0.1709136962890625	3.1759235858917236	-11.021089553833008	-25.132356643676758	-6.059931755065918
K116F	-16.191953659057617	-6.7997002601623535	-11.749627113342285	4.898402214050293	-6.775143623352051	-10.8745756149292	-22.0613956451416	0.37495264410972595	-4.920565128326416	-22.657073974609375	-9.675667762756348
K116G	-11.4122314453125	-5.9787468910217285	-8.481325149536133	7.462168216705322	-4.908407211303711	-8.094064712524414	-6.457519054412842	-2.0849876403808594	-8.195940017700195	-17.884489059448242	-6.603554725646973
K116H	-4.15709924697876	-2.7923800945281982	-7.319271564483643	5.767775535583496	0.2332661747932434	-13.217899322509766	-13.366555213928223	-15.00709056854248	-7.556054592132568	-12.180060386657715	-6.959536552429199
K116I	-10.453519821166992	-9.1132230758667	-9.392256736755371	3.5260815620422363	-7.255263328552246	-11.03630256652832	-15.341148376464844	1.3578509092330933	-8.868842124938965	-32.684295654296875	-9.926092147827148
K116L	-13.362266540527344	-1.6770071983337402	-17.085437774658203	8.370935440063477	-13.403263092041016	-25.182405471801758	-7.134083271026611	9.98714828491211	-34.59785842895508	-38.11516571044922	-13.219940185546875
K116M	-5.6823039054870605	-6.260947227478027	-2.1176598072052	3.0659611225128174	-4.051869869232178	-10.935515403747559	-11.66068172454834	-14.365849494934082	-5.831698894500732	-21.151029586791992	-7.8991594314575195
K116N	-8.839426040649414	-3.6125528812408447	-7.842257499694824	2.911292314529419	-1.6268945932388306	-12.531599998474121	-24.104406356811523	-1.1494706869125366	-10.034828186035156	-18.008167266845703	-8.483830451965332
K116P	-16.91807746887207	-8.100103378295898	-13.101323127746582	-4.145208835601807	-5.683956146240234	-17.632726669311523	-25.36100196838379	-0.9060365557670593	-16.058185577392578	-22.46695327758789	-13.03735637664795
K116Q	-7.806281089782715	-7.209370136260986	-8.228508949279785	4.591195583343506	-1.1124430894851685	-12.74207878112793	-18.111324310302734	-3.390522003173828	-9.490228652954102	-20.133411407470703	-8.363296508789062
K116R	-6.140321731567383	-4.86993932723999	-5.517673969268799	5.130709171295166	-1.2404741048812866	-10.854125022888184	-9.786171913146973	2.1632466316223145	-6.754664897918701	-18.635807037353516	-5.650522232055664
K116S	-17.21978187561035	-9.211605072021484	-11.992276191711426	5.893550872802734	-10.310210227966309	-14.0463228225708	-10.059395790100098	2.4046590328216553	-14.915425300598145	-23.58974266052246	-10.304656028747559
K116T	-17.702611923217773	-7.213841438293457	-11.313984870910645	4.967162132263184	-8.628692626953125	-14.546625137329102	-16.365093231201172	1.519666075706482	-12.668296813964844	-25.096763610839844	-10.704907417297363
K116V	-11.297128677368164	-3.9969630241394043	-14.58909797668457	7.093095302581787	-10.981728553771973	-19.007230758666992	-11.036357879638672	4.248667240142822	-12.67048168182373	-35.609046936035156	-10.784626960754395
K116W	-7.335843086242676	-11.281801223754883	-6.33225679397583	1.2023688554763794	-1.5582062005996704	-14.383585929870605	-15.56844425201416	-16.137104034423828	-8.074697494506836	-21.802928924560547	-10.127248764038086
K116Y	-7.04838228225708	-3.8929855823516846	-2.972320079803467	6.944207668304443	-1.6477113962173462	-12.969185829162598	-13.272875785827637	-16.362966537475586	-7.704344272613525	-11.108205795288086	-7.003477573394775
N117A	-21.548885345458984	10.298730850219727	-19.04635238647461	0.021143198013305664	-11.105667114257812	-18.95524787902832	0.8093968033790588	2.868709087371826	-7.445440769195557	-18.906322479248047	-8.300992965698242
N117C	-14.42650032043457	4.382900238037109	-6.943728446960449	4.079409599304199	-4.773991584777832	-9.038534164428711	-19.2365665435791	9.197768211364746	-8.78818416595459	-7.895495891571045	-5.344292163848877
N117D	-13.953479766845703	-0.9337687492370605	-7.60993766784668	-3.790309190750122	-12.835441589355469	-18.215042114257812	-11.527083396911621	4.039224147796631	-6.540517330169678	-19.47318458557129	-9.083954811096191
N117E	-20.88163185119629	7.924661159515381	-21.051250457763672	-2.4759345054626465	-19.96395492553711	-27.99292755126953	-3.7014963626861572	13.018110275268555	-10.016777038574219	-31.69134521484375	-11.683255195617676
N117F	-26.22347640991211	1.396248698234558	-4.8567681312561035	-3.793516159057617	-4.836826324462891	-13.512812614440918	-7.420900821685791	-1.8075661659240723	-9.127602577209473	-10.723079681396484	-8.090631484985352
N117G	-14.070030212402344	10.096076965332031	-6.8912835121154785	-5.021312713623047	-13.574039459228516	-15.428018569946289	-2.9209976196289062	0.6533834338188171	-6.258525371551514	-21.136859893798828	-7.455160617828369
N117H	-15.798408508300781	0.08423314988613129	-6.181326866149902	-1.1719083786010742	-10.165847778320312	-13.336374282836914	-16.937641143798828	3.715651273727417	-9.697181701660156	-12.437400817871094	-8.192620277404785
N117I	-11.065385818481445	-0.045575566589832306	-5.025362968444824	-3.6793665885925293	-2.4507088661193848	-10.884652137756348	-4.050840377807617	1.73894464969635	-3.018375873565674	-9.676387786865234	-4.815770626068115
N117K	-7.044695854187012	-1.767488956451416	-8.471156120300293	-5.7678327560424805	-14.987585067749023	-21.360641479492188	-3.7235422134399414	-2.61027455329895	-5.13156270980835	-22.467084884643555	-9.333186149597168
N117L	-16.61574935913086	-0.8587771654129028	-19.96508026123047	0.2842152416706085	-1.2710241079330444	-14.210660934448242	0.0022560544312000275	7.430830955505371	-0.5839864015579224	-1.9391382932662964	-4.772711753845215
N117M	-17.08679962158203	2.2419772148132324	-7.583672523498535	3.1052231788635254	-6.762444972991943	-9.271416664123535	-16.61104393005371	1.4868533611297607	-9.346250534057617	-8.254907608032227	-6.808248043060303
N117P	-11.170086860656738	0.9808348417282104	-10.9920654296875	-5.50434684753418	-10.232080459594727	-17.461917877197266	-10.180718421936035	-1.5951497554779053	-9.818414688110352	-14.11735725402832	-9.009129524230957
N117Q	-10.508031845092773	-1.4335875511169434	-5.763561725616455	-3.979360580444336	-10.89234447479248	-15.315372467041016	-11.634320259094238	9.298905372619629	-4.65573787689209	-14.200719833374023	-6.908412933349609
N117R	-7.248124599456787	-2.264143466949463	-6.718181133270264	-6.6125898361206055	-12.843445777893066	-18.696760177612305	-5.696349620819092	1.224257230758667	-8.019279479980469	-17.427419662475586	-8.430204391479492
N117S	-10.75216293334961	7.205811023712158	-10.763826370239258	-2.754711389541626	-12.244329452514648	-19.351089477539062	-5.083917140960693	0.37091463804244995	-5.221000671386719	-19.95620346069336	-7.855051517486572
N117T	-8.121702194213867	3.13860821723938	-6.983935356140137	-2.5622100830078125	-6.074958324432373	-16.134374618530273	-4.342687606811523	3.5196573734283447	-4.17197847366333	-17.050670623779297	-5.878425121307373
N117V	-10.50075626373291	2.7295446395874023	-10.44700813293457	-1.3477567434310913	0.18389517068862915	-14.932806015014648	-0.08283592760562897	1.1021366119384766	-0.9488979578018188	-6.023128986358643	-4.026761054992676
N117W	-15.401153564453125	1.4525537490844727	-8.63548755645752	4.835095405578613	-9.505154609680176	-12.163135528564453	-20.034862518310547	0.8106511831283569	-12.62392807006836	-8.86767578125	-8.013310432434082
N117Y	-23.496976852416992	2.6780238151550293	-7.375804901123047	4.253350734710693	-6.99135160446167	-10.0147123336792	-20.551607131958008	-0.27422353625297546	-14.693438529968262	-9.579991340637207	-8.604673385620117
E118A	10.129377365112305	8.701900482177734	0.07471165060997009	1.9764796495437622	3.4084033966064453	8.404930114746094	11.225604057312012	18.223852157592773	0.6960102319717407	3.144143581390381	6.598541259765625
E118C	5.824060440063477	7.179861545562744	13.990155220031738	-4.799502849578857	0.2350025177001953	-0.6282802224159241	3.7444443702697754	-1.9411708116531372	-3.1603105068206787	-0.020200304687023163	2.042405605316162
E118D	6.466015815734863	7.385593414306641	8.747234344482422	4.319088935852051	-5.540078163146973	4.678290367126465	0.08015042543411255	5.424306869506836	-4.709054470062256	6.469717502593994	3.3321266174316406
E118F	-5.024381637573242	0.794162392616272	3.9987435340881348	-12.393227577209473	0.005941919982433319	-2.2472968101501465	2.9396793842315674	-2.9707560539245605	-7.304052829742432	4.770911693572998	-1.7430274486541748
E118G	9.896646499633789	18.93532371520996	-5.320111274719238	0.3376144468784332	-2.228600263595581	3.6992180347442627	9.637502670288086	7.915254592895508	2.2093498706817627	5.219913959503174	5.030211448669434
E118H	4.55142879486084	0.15676447749137878	13.42487907409668	-2.017364501953125	-8.2792387008667	-3.1827151775360107	1.458240270614624	-0.8566927909851074	-11.57625675201416	1.5770193338394165	-0.47439366579055786
E118I	1.9131213426589966	2.577298402786255	4.158210754394531	-1.0526456832885742	2.6142029762268066	-1.0326029062271118	3.7767906188964844	1.5434209108352661	-7.03023099899292	2.5582072734832764	1.0025771856307983
E118K	7.454964637756348	17.123977661132812	3.8451225757598877	2.1054651737213135	-4.362187385559082	3.6394095420837402	5.464544296264648	5.191344261169434	0.7753639221191406	6.895538806915283	4.8133544921875
E118L	8.911161422729492	-12.42087459564209	-1.6132651567459106	-0.7387986183166504	-2.5650134086608887	5.4048237800598145	-3.0593690872192383	5.270022392272949	-7.222092151641846	3.2923526763916016	-0.47410526871681213
E118M	2.5108423233032227	-0.7779312133789062	9.249313354492188	-4.376101493835449	-4.680797576904297	-3.950869083404541	1.0331752300262451	-5.44597053527832	-15.352380752563477	1.2016029357910156	-2.0589118003845215
E118N	8.903682708740234	3.5358142852783203	14.279159545898438	-0.8042649030685425	-6.248843193054199	1.318299412727356	2.5957605838775635	4.339931964874268	-1.2458354234695435	2.8166558742523193	2.949036121368408
E118P	-2.4935240745544434	-6.901838302612305	1.6308850049972534	-24.107877731323242	-13.588133811950684	-3.105020046234131	-3.893702507019043	-2.9472692012786865	-26.43887710571289	-0.5068539977073669	-8.235220909118652
E118Q	7.234596252441406	6.214804649353027	16.986652374267578	4.0973358154296875	-4.856882572174072	0.7620538473129272	3.2795615196228027	5.797368049621582	-4.626463413238525	5.335348129272461	4.02243709564209
E118R	7.154296398162842	10.673147201538086	6.761781692504883	4.429231643676758	3.488821029663086	1.6184422969818115	5.313465118408203	8.659451484680176	-0.27591198682785034	4.957762241363525	5.278048515319824
E118S	9.407758712768555	13.119853973388672	0.33186185359954834	4.58287239074707	0.03777244687080383	8.148804664611816	8.607295036315918	11.656496047973633	1.202142596244812	8.389179229736328	6.548403739929199
E118T	5.677964210510254	8.36636734008789	4.642772197723389	3.8640286922454834	1.0840067863464355	4.805553913116455	3.840550661087036	6.996779441833496	-2.0428688526153564	6.411512851715088	4.364666938781738
E118V	7.995372772216797	-4.358133316040039	1.9031119346618652	-1.2729144096374512	8.841414451599121	3.6953938007354736	5.392012119293213	5.169867515563965	-3.2827584743499756	4.4652323722839355	2.8548598289489746
E118W	1.8363608121871948	-1.8917179107666016	3.9732766151428223	-17.13591194152832	-2.7844252586364746	-4.572566509246826	-4.772224426269531	-9.733200073242188	-14.842779159545898	2.6986191272735596	-4.722456932067871
E118Y	2.150454521179199	-8.604094505310059	8.632562637329102	-15.86121940612793	-7.499227046966553	-5.114874839782715	-3.3229339122772217	-10.796125411987305	-20.540428161621094	-0.9288662075996399	-6.188475608825684
S119A	3.1747844219207764	16.355199813842773	-2.3855247497558594	4.78373908996582	-4.523332595825195	7.752753257751465	9.819934844970703	8.710097312927246	7.077464580535889	6.35407018661499	5.711918830871582
S119C	4.00857400894165	4.388140678405762	14.539710998535156	7.529566764831543	3.3057608604431152	-1.2702937126159668	2.9202895164489746	2.4801366329193115	-7.470251560211182	4.588040828704834	3.501967191696167
S119D	13.082878112792969	13.454658508300781	8.836934089660645	7.7863993644714355	-3.1960909366607666	9.872111320495605	4.4356560707092285	11.68490982055664	1.1031063795089722	7.073590278625488	7.413415431976318
S119E	6.472508430480957	30.89116668701172	1.1411049365997314	12.838969230651855	5.6937947273254395	17.42482566833496	7.957125186920166	8.340707778930664	6.0412068367004395	7.143863201141357	10.394526481628418
S119F	0.6816750168800354	-0.76771479845047	5.914144515991211	-1.7702683210372925	-2.112758159637451	1.6787524223327637	1.7334123849868774	0.6480215787887573	0.24522389471530914	0.9664745926856995	0.7216963171958923
S119G	13.597712516784668	23.938528060913086	-0.17024916410446167	5.597911834716797	-7.487946510314941	8.89930248260498	10.451285362243652	6.747159004211426	4.46438455581665	3.4727745056152344	6.951086521148682
S119H	6.307528972625732	3.4744081497192383	13.007715225219727	6.604488372802734	-0.032275207340717316	2.6970632076263428	2.6385903358459473	2.8334782123565674	-7.373844146728516	3.8711800575256348	3.4028332233428955
S119I	-3.0346271991729736	0.829203724861145	4.28981876373291	0.93812096118927	0.7014365196228027	2.0013506412506104	4.8981170654296875	1.7655340433120728	0.3589739203453064	1.2168046236038208	1.3964732885360718
S119K	16.248600006103516	24.84135627746582	4.172028064727783	7.513847827911377	-2.531543731689453	20.175907135009766	4.992505073547363	12.168174743652344	5.062851428985596	9.63412094116211	10.227785110473633
S119L	-8.863818168640137	-3.6183078289031982	-9.228046417236328	-6.130334854125977	-15.058801651000977	-3.977658271789551	3.6312079429626465	4.476329803466797	-1.3330274820327759	-5.32424783706665	-4.542670249938965
S119M	1.3201555013656616	-0.39809444546699524	11.381847381591797	8.29873275756836	2.840345859527588	-0.4965634346008301	1.8508754968643188	3.642214775085449	-13.205623626708984	2.6500651836395264	1.7883955240249634
S119N	7.8637003898620605	7.681962013244629	12.83655834197998	8.653264045715332	-0.15098980069160461	3.5883750915527344	2.567575454711914	9.371784210205078	-0.22616459429264069	6.068740367889404	5.8254804611206055
S119P	-1.8869448900222778	6.73912239074707	7.486178398132324	2.3618266582489014	-4.304415225982666	1.26841402053833	1.1386529207229614	13.663594245910645	-6.419376850128174	1.728924036026001	2.1775975227355957
S119Q	10.389047622680664	13.985482215881348	9.945444107055664	9.073917388916016	-0.6723795533180237	7.182206153869629	3.77817440032959	9.321304321289062	2.3126108646392822	9.889184951782227	7.520499229431152
S119R	9.695670127868652	20.929201126098633	5.885756015777588	7.791745662689209	-3.546802520751953	12.754703521728516	4.073539733886719	9.686491966247559	3.0659539699554443	9.320439338684082	7.965670108795166
S119T	11.33449935913086	13.225605010986328	4.290891647338867	6.152803897857666	-7.307269096374512	10.386007308959961	5.051971912384033	9.987122535705566	1.5798996686935425	5.641691207885742	6.0343217849731445
S119V	-2.9101853370666504	4.737706184387207	-5.890929222106934	-7.033884525299072	-6.768807411193848	-2.311293363571167	4.240454196929932	0.6396747827529907	-0.4909278154373169	0.5474846959114075	-1.5240707397460938
S119W	5.703780651092529	3.959181785583496	6.4017653465271	2.3045425415039062	2.952136993408203	0.658674418926239	-0.6254274249076843	1.4566353559494019	-0.8847123384475708	1.3657675981521606	2.3292346000671387
S119Y	3.4488964080810547	-2.305032253265381	15.5324068069458	5.894255638122559	0.5045298933982849	-1.5526740550994873	1.359605312347412	-2.3814170360565186	-14.183305740356445	1.8359955549240112	0.8153262138366699
W120A	-18.671112060546875	-13.505938529968262	-19.925628662109375	-4.397980213165283	-11.404899597167969	-17.394346237182617	-9.626213073730469	-0.5953243970870972	-15.307597160339355	-18.430723190307617	-12.925976753234863
W120C	-18.763412475585938	1.6543229818344116	-12.748919486999512	8.14881706237793	-3.2512009143829346	-2.118706703186035	-16.524354934692383	-5.806816101074219	-4.802233695983887	-5.798483848571777	-6.001099109649658
W120D	-45.5619010925293	-5.555905342102051	-7.242897987365723	-0.23339834809303284	-9.52925968170166	-15.976275444030762	-7.005990505218506	-4.225162506103516	-9.689170837402344	-14.778459548950195	-11.979841232299805
W120E	-20.99764633178711	-17.026704788208008	-16.575794219970703	-6.104684829711914	-17.016647338867188	-19.876174926757812	-12.663705825805664	-0.8735824227333069	-18.669504165649414	-24.5421142578125	-15.434656143188477
W120F	-27.9290828704834	-2.54274845123291	-6.893892288208008	0.11921832710504532	0.37148135900497437	-7.992190361022949	-3.8619816303253174	-3.85713267326355	-5.853952884674072	-9.06651496887207	-6.750679969787598
W120G	-27.297958374023438	-10.260991096496582	-15.174840927124023	-8.728838920593262	-19.37200164794922	-14.237308502197266	-9.513511657714844	-4.745767593383789	-13.21626091003418	-18.28628158569336	-14.083375930786133
W120H	-27.97428321838379	-1.7547837495803833	-6.74269962310791	4.505980014801025	-0.4489760398864746	-6.846078395843506	-16.041027069091797	-6.630001068115234	-7.776940822601318	-7.830767631530762	-7.753957271575928
W120I	-17.40721321105957	-5.329415321350098	-4.079300880432129	0.8630064725875854	-2.3533661365509033	-7.741001129150391	-1.396803617477417	-4.399110317230225	-3.932096242904663	-12.306168556213379	-5.8081464767456055
W120K	-17.586027145385742	-9.244482040405273	-11.43124771118164	-2.834489107131958	-5.564393043518066	-14.520648956298828	-5.787715435028076	-2.2838141918182373	-12.772212028503418	-17.24516487121582	-9.927019119262695
W120L	-5.79286003112793	-7.110074043273926	-10.790042877197266	-2.445948600769043	-1.119192361831665	-7.903570175170898	-4.2297139167785645	5.292459011077881	-11.327502250671387	-13.841619491577148	-5.926806449890137
W120M	-21.550260543823242	1.2385432720184326	-6.757750034332275	4.921082496643066	-1.3372586965560913	-5.154911994934082	-17.105661392211914	-8.453380584716797	-5.727019786834717	-9.318416595458984	-6.924503326416016
W120N	-32.3844108581543	-3.653385877609253	-4.765038013458252	2.5384418964385986	-3.0622804164886475	-9.28217601776123	-10.55285358428955	-4.6212158203125	-6.7736735343933105	-12.56328296661377	-8.511987686157227
W120P	-36.03322219848633	-4.399232864379883	-11.157055854797363	3.784346580505371	-4.620385646820068	-9.02914047241211	-6.862072467803955	-7.585348129272461	-13.585296630859375	-11.469762802124023	-10.095717430114746
W120Q	-24.035465240478516	-5.302612781524658	-7.3393874168396	3.9982752799987793	-5.040271759033203	-11.703360557556152	-6.655510902404785	-4.214906692504883	-3.22735857963562	-11.197149276733398	-7.471774101257324
W120R	-20.606149673461914	-6.217667579650879	-7.572845458984375	-4.018404960632324	-4.441639423370361	-12.873998641967773	-1.8731805086135864	-2.4459550380706787	-11.726947784423828	-14.404841423034668	-8.618162155151367
W120S	-25.667665481567383	-5.409491539001465	-14.602693557739258	-1.3423222303390503	-10.381230354309082	-13.85042953491211	-6.8649702072143555	-3.0774614810943604	-11.125070571899414	-15.509166717529297	-10.783048629760742
W120T	-25.855058670043945	-4.879453659057617	-11.240324020385742	-0.4549228250980377	-6.491556644439697	-12.286874771118164	-2.6432507038116455	-3.7248594760894775	-9.628085136413574	-11.019072532653809	-8.822345733642578
W120V	-11.748312950134277	-8.569933891296387	-9.236271858215332	-1.143161416053772	-1.8641083240509033	-11.336103439331055	-2.2190065383911133	0.47073128819465637	-4.746161937713623	-18.988601684570312	-6.938093662261963
W120Y	-19.82454490661621	-0.565005362033844	-6.937163829803467	4.961352825164795	-0.10212788730859756	-5.868349552154541	-21.337265014648438	-11.107769012451172	-11.407779693603516	-7.6779375076293945	-7.986659049987793
E121A	17.91884422302246	22.842784881591797	3.3476858139038086	3.4761486053466797	6.765988826751709	8.5833158493042	10.602189064025879	5.059205532073975	2.8303093910217285	11.299864768981934	9.27263355255127
E121C	7.77826452255249	2.599214553833008	8.217912673950195	-2.2617852687835693	0.7618348598480225	7.769994735717773	9.0414457321167	-34.920631408691406	1.945334792137146	8.890569686889648	0.9822155833244324
E121D	14.486297607421875	5.533200263977051	5.666656494140625	-2.53066086769104	0.3839845061302185	8.002290725708008	0.5791428685188293	2.457944631576538	0.2955467998981476	10.207595825195312	4.508199691772461
E121F	12.926848411560059	7.238323211669922	2.2808597087860107	-25.173553466796875	2.564453125	3.2892816066741943	9.06787395477295	2.491581439971924	-0.4795292615890503	5.740720748901367	1.9946861267089844
E121G	17.00913429260254	25.60092544555664	-0.9589532613754272	-3.656167984008789	-1.6723283529281616	5.633806228637695	2.7253224849700928	6.125580787658691	2.8424620628356934	10.368717193603516	6.40185022354126
E121H	7.97418212890625	3.9586243629455566	6.239355564117432	-8.356103897094727	-2.009852886199951	8.012564659118652	4.776484966278076	-21.088895797729492	0.9921300411224365	7.336169719696045	0.7834658622741699
E121I	7.573462963104248	6.210460662841797	4.312821865081787	-4.097682952880859	3.0590767860412598	3.061276912689209	10.532922744750977	-5.3229451179504395	3.197739362716675	9.54532527923584	3.807245969772339
E121K	17.2957820892334	24.165597915649414	4.11364221572876	3.3365399837493896	7.157986640930176	17.123994827270508	3.011906862258911	5.359597682952881	3.717832088470459	16.574525833129883	10.18574047088623
E121L	11.95106315612793	8.652425765991211	3.327444553375244	-8.419378280639648	7.046622276306152	-4.151493549346924	-8.850614547729492	2.146618366241455	-2.096625804901123	10.439345359802246	2.0045406818389893
E121M	6.973185062408447	-0.030313514173030853	6.264362335205078	-5.329306125640869	0.2067863941192627	5.113658428192139	8.714315414428711	-38.95800018310547	-0.3233611583709717	7.6151204109191895	-0.975355327129364
E121N	9.786520004272461	5.140256881713867	6.366014003753662	-9.727804183959961	0.45528656244277954	4.175419807434082	4.622381210327148	-5.801853179931641	1.1417006254196167	8.957988739013672	2.5115911960601807
E121P	3.05472731590271	0.5077196359634399	0.8830897808074951	-31.824602127075195	-7.295444488525391	1.9809207916259766	1.4335532188415527	-11.956862449645996	-9.911399841308594	5.748083114624023	-4.738020896911621
E121Q	10.28768253326416	7.891672134399414	7.285130500793457	1.5925219058990479	1.2593501806259155	8.222833633422852	5.391326427459717	-0.7180231213569641	4.517058372497559	12.796707153320312	5.852626323699951
E121R	16.072921752929688	18.571914672851562	4.596004009246826	4.128965854644775	7.332695960998535	8.694050788879395	4.1318278312683105	2.167513608932495	3.644239664077759	14.902190208435059	8.424232482910156
E121S	16.30609893798828	20.205583572387695	2.9308695793151855	-5.275185585021973	0.9461985230445862	11.379173278808594	3.3828399181365967	5.8766350746154785	2.728955030441284	11.713644981384277	7.0194807052612305
E121T	14.87509822845459	11.462482452392578	3.433520555496216	-8.009771347045898	2.2889797687530518	6.94825553894043	8.042369842529297	3.9850685596466064	1.3449665307998657	10.881178855895996	5.5252156257629395
E121V	15.968656539916992	12.209831237792969	5.069432258605957	-4.527146339416504	4.977809906005859	2.6569039821624756	22.694007873535156	2.099802255630493	3.4583497047424316	6.939970970153809	7.154762268066406
E121W	18.593080520629883	5.9581146240234375	3.2117271423339844	-26.65387535095215	4.815444469451904	9.928805351257324	-0.22387176752090454	-8.576045036315918	1.0445265769958496	2.800908088684082	1.089881420135498
E121Y	7.4338579177856445	2.247744560241699	7.463256359100342	-8.274365425109863	1.0529075860977173	5.340858459472656	7.513832092285156	-37.567020416259766	-1.3681375980377197	5.949394702911377	-1.0207672119140625
W122A	-15.877424240112305	-14.188191413879395	-11.056492805480957	2.154989719390869	-24.091737747192383	-4.579226016998291	-1.4921427965164185	-3.7304584980010986	-10.247481346130371	-12.51062297821045	-9.561878204345703
W122C	-0.9281594753265381	-13.676166534423828	-0.8353629112243652	-13.083211898803711	-0.6961551904678345	-1.7215806245803833	-23.207870483398438	-13.219388008117676	-3.3473339080810547	-3.412851572036743	-7.412808418273926
W122D	-11.4908447265625	-4.397287845611572	-7.593209266662598	-1.8380447626113892	-27.031938552856445	-1.8454989194869995	-3.2288942337036133	-6.658710956573486	-10.660555839538574	-12.023755073547363	-8.676874160766602
W122E	-27.11784553527832	-18.75504493713379	-11.174498558044434	-2.351107358932495	-30.438613891601562	-6.9310407638549805	-3.8220651149749756	-2.365558385848999	-6.838928699493408	-13.357739448547363	-12.315244674682617
W122F	-9.639730453491211	0.8481643795967102	-5.127374172210693	-0.7661455869674683	-16.860511779785156	-0.33646446466445923	-4.426914691925049	-3.091230869293213	-9.701150894165039	-7.367814064025879	-5.64691686630249
W122G	-16.999149322509766	-12.993731498718262	-6.932767391204834	-1.4495162963867188	-31.918556213378906	-4.428346633911133	0.9208073019981384	-2.736928701400757	-15.244572639465332	-16.22222900390625	-10.800498962402344
W122H	-3.7926182746887207	-5.792300224304199	-6.090744495391846	-2.1811084747314453	-11.509237289428711	0.9717113375663757	-15.798807144165039	-9.05783462524414	-5.403006076812744	-7.637855529785156	-6.629179954528809
W122I	-13.504637718200684	-5.497356414794922	-9.423752784729004	-3.866567373275757	-26.725360870361328	-0.27783510088920593	1.622267484664917	-5.357056617736816	-13.89726734161377	-8.759928703308105	-8.56874942779541
W122K	-12.38314151763916	-9.057438850402832	-8.565627098083496	6.302200794219971	-26.324777603149414	-2.0905520915985107	0.7291386723518372	-3.5766842365264893	-13.483683586120605	-9.972465515136719	-7.842303276062012
W122L	-7.365763187408447	-15.421038627624512	-7.4213547706604	-4.176361560821533	-17.05927085876465	-6.197274684906006	-2.5119380950927734	-1.6686780452728271	-5.975399494171143	-9.84426212310791	-7.764134407043457
W122M	-7.042117118835449	-15.26034927368164	-3.175379753112793	-4.447443962097168	-2.5185279846191406	0.29000547528266907	-18.907024383544922	-9.751408576965332	-5.504322528839111	-7.089019775390625	-7.340559482574463
W122N	-6.780932426452637	-3.9841694831848145	-6.095102310180664	-2.128863573074341	-16.98657989501953	0.43143022060394287	-5.772322177886963	-5.709880828857422	-10.200139999389648	-12.05451774597168	-6.928108215332031
W122P	-17.60258674621582	-6.872889518737793	-8.784791946411133	-2.5206809043884277	-23.460325241088867	-3.7173147201538086	-3.808197498321533	-5.384930610656738	-19.639354705810547	-15.778027534484863	-10.75691032409668
W122Q	-10.174579620361328	-2.1876869201660156	-7.762458801269531	-1.447136402130127	-20.046436309814453	0.6639776825904846	-7.552090167999268	-6.361806869506836	-9.054207801818848	-11.63078784942627	-7.55532169342041
W122R	-9.583012580871582	-6.653586387634277	-6.383208274841309	3.654959201812744	-21.960384368896484	-1.0092626810073853	1.6912508010864258	-2.577646255493164	-9.012453079223633	-8.478116989135742	-6.031146049499512
W122S	-15.271852493286133	-9.103520393371582	-7.223768711090088	2.114015817642212	-28.38694190979004	-3.5486671924591064	3.4804422855377197	-3.6566808223724365	-17.446441650390625	-13.121147155761719	-9.216456413269043
W122T	-12.937091827392578	-6.653936862945557	-7.87501335144043	0.10314080119132996	-28.290464401245117	-2.0001158714294434	2.861253261566162	-4.094104766845703	-15.490763664245605	-9.874713897705078	-8.42518138885498
W122V	-9.601543426513672	-12.30600643157959	-11.16737174987793	-2.6012771129608154	-19.006614685058594	-5.364678859710693	-1.3506309986114502	-4.446534633636475	-11.052776336669922	-7.986354351043701	-8.488378524780273
W122Y	-0.8317113518714905	-11.693653106689453	-5.774971008300781	-6.59104061126709	-3.0320849418640137	-1.5117125511169434	-18.983224868774414	-15.542327880859375	-5.620692729949951	-5.334074974060059	-7.491549491882324
V123A	-6.145541191101074	-1.9089118242263794	-17.055755615234375	-1.045457124710083	-10.085729598999023	-6.94461727142334	0.4123693108558655	0.385685533285141	-11.768714904785156	-10.690982818603516	-6.484765529632568
V123C	-4.618649005889893	-7.129691123962402	-1.359548807144165	-19.18256950378418	-3.835698127746582	1.2459701299667358	-2.2725954055786133	-31.085941314697266	-21.54664421081543	-7.693037033081055	-9.747840881347656
V123D	-4.338791847229004	-17.540067672729492	-5.823381423950195	-7.373722076416016	-9.014533042907715	-2.437180519104004	-3.7662525177001953	-2.401590585708618	-8.367748260498047	-10.097681045532227	-7.116095066070557
V123E	-27.91842269897461	-3.225069999694824	-18.126873016357422	-3.785719156265259	-17.475440979003906	-12.86125659942627	-7.807203769683838	1.0745935440063477	-7.745384216308594	-17.443233489990234	-11.531400680541992
V123F	-3.8550915718078613	-17.543766021728516	-12.057826042175293	-13.228821754455566	-9.929821968078613	0.5329304933547974	-1.7097376585006714	-3.1050851345062256	-9.932042121887207	-8.172764778137207	-7.90020227432251
V123G	-9.029623031616211	-11.506400108337402	-16.039731979370117	-16.021406173706055	-25.621387481689453	-6.039156913757324	-3.2593026161193848	-2.2850818634033203	-13.258869171142578	-9.386727333068848	-11.244768142700195
V123H	-3.036424398422241	-11.271866798400879	-8.862502098083496	-23.157148361206055	-8.880946159362793	0.09223775565624237	-4.304029941558838	-13.763509750366211	-18.245134353637695	-7.769175052642822	-9.919849395751953
V123I	-2.265449047088623	-14.251581192016602	-6.642552375793457	-5.617349624633789	-7.310011386871338	-0.7570618391036987	-1.0157183408737183	-1.846459150314331	-7.171271800994873	-6.823728084564209	-5.370118141174316
V123K	-3.774761199951172	-9.776318550109863	-11.442214965820312	-4.683683395385742	-14.717495918273926	1.2596971988677979	-1.8185689449310303	0.1083320826292038	-13.607772827148438	-7.243500709533691	-6.569628715515137
V123L	-2.0210225582122803	-11.242204666137695	-8.946202278137207	0.6650869846343994	8.367976188659668	-0.675809919834137	7.244248867034912	4.406370639801025	1.7165144681930542	-1.8680822849273682	-0.23531261086463928
V123M	-1.5321403741836548	-12.407845497131348	-3.5792882442474365	-17.510183334350586	-3.5932860374450684	0.15096090734004974	-3.781306266784668	-18.096736907958984	-16.11001968383789	-8.468125343322754	-8.492796897888184
V123N	-7.854045867919922	-20.17863655090332	-7.29644775390625	-15.821293830871582	-9.740283012390137	-1.3027777671813965	-1.1528691053390503	-4.90163516998291	-10.839353561401367	-8.60880184173584	-8.769615173339844
V123P	-13.324581146240234	-24.308021545410156	-10.572528839111328	-14.988423347473145	-16.02414894104004	-4.4962897300720215	-7.989211559295654	-2.35553240776062	-15.623848915100098	-13.779541015625	-12.346212387084961
V123Q	-7.634016036987305	-14.51025390625	-6.194606781005859	-14.027973175048828	-13.546688079833984	-1.3267699480056763	-3.844573497772217	-3.6985034942626953	-11.130343437194824	-8.117376327514648	-8.40311050415039
V123R	-6.016867637634277	-10.470833778381348	-8.01900863647461	-5.439302444458008	-12.470052719116211	0.5363019704818726	-1.8456263542175293	-0.5269148349761963	-10.859343528747559	-5.352725028991699	-6.046437740325928
V123S	-6.981677532196045	-13.418973922729492	-12.432598114013672	-9.42459774017334	-19.987133026123047	-1.316866159439087	-3.0416183471679688	-1.3308075666427612	-11.995696067810059	-9.130187034606934	-8.90601634979248
V123T	-2.416471004486084	-11.32032585144043	-8.29430866241455	-7.686949729919434	-13.05384349822998	-1.276604175567627	-1.0356032848358154	-1.3667327165603638	-11.137588500976562	-5.993120193481445	-6.358155250549316
V123W	0.9490452408790588	-13.047930717468262	-7.073391437530518	-14.164161682128906	-3.370520830154419	1.2070335149765015	-4.011603355407715	-31.329626083374023	-4.8947367668151855	-13.477319717407227	-8.921320915222168
V123Y	-1.1043674945831299	-5.977226257324219	-7.837366580963135	-25.254302978515625	-6.331655502319336	-0.49216094613075256	-5.878237247467041	-30.628543853759766	-19.660602569580078	-7.720709800720215	-11.088517189025879
P124A	2.8652563095092773	10.916640281677246	-1.458810806274414	11.03290843963623	-3.0366692543029785	11.97884464263916	8.438201904296875	4.092428207397461	10.50432014465332	2.2121920585632324	5.754531383514404
P124C	7.73008918762207	8.778100967407227	7.044058799743652	15.261688232421875	3.3561623096466064	4.617470741271973	3.8015031814575195	-7.626249313354492	13.796793937683105	11.779163360595703	6.853878021240234
P124D	11.581636428833008	10.319924354553223	7.008845329284668	13.394251823425293	0.624391496181488	10.828392028808594	4.433933734893799	-9.706735610961914	5.8404669761657715	5.492556095123291	5.981766700744629
P124E	2.9728174209594727	17.475147247314453	-3.7489731311798096	14.23398208618164	2.271639108657837	19.987606048583984	10.07736587524414	8.087657928466797	13.136943817138672	7.349921703338623	9.18441104888916
P124F	7.245560169219971	0.8027232885360718	-3.0392329692840576	-6.58971643447876	3.1393470764160156	0.4499340355396271	6.228713035583496	-15.930319786071777	4.008306980133057	-4.712583065032959	-0.8397268056869507
P124G	10.845592498779297	13.69777774810791	-0.4800211489200592	-1.8690564632415771	-8.933216094970703	10.075021743774414	8.608733177185059	1.630199909210205	4.620654106140137	0.14825093746185303	3.8343937397003174
P124H	6.783618450164795	8.565393447875977	9.4434232711792	11.707515716552734	2.9034886360168457	5.154759407043457	5.929650783538818	-6.507402420043945	11.93986701965332	10.596054077148438	6.651636600494385
P124I	5.028348922729492	5.281743049621582	2.0704588890075684	-3.514296054840088	4.134129047393799	2.181143283843994	13.588936805725098	-12.180008888244629	6.794526100158691	0.3495250642299652	2.373450517654419
P124K	11.878135681152344	23.42415428161621	1.5870319604873657	11.849093437194824	0.15450352430343628	10.14530086517334	2.427722215652466	-6.367983341217041	5.917834758758545	3.865783214569092	6.488157749176025
P124L	-4.653655052185059	-2.391411781311035	-15.629081726074219	-1.7157498598098755	-4.229916572570801	2.7839090824127197	1.6783627271652222	-3.3651998043060303	-2.6926026344299316	-3.9174587726593018	-3.413280487060547
P124M	4.810182571411133	11.11713695526123	7.574666976928711	12.113166809082031	3.261183500289917	5.97343635559082	7.728991985321045	-2.0690691471099854	9.859408378601074	10.54415512084961	7.091326713562012
P124N	9.954383850097656	9.96993350982666	7.4865570068359375	9.64200210571289	3.1753275394439697	6.889078140258789	9.75367259979248	-8.91482925415039	8.473333358764648	7.937173366546631	6.4366631507873535
P124Q	8.309614181518555	11.882068634033203	7.243165016174316	8.911829948425293	3.2160263061523438	7.118653774261475	5.910792827606201	-5.630437850952148	8.515401840209961	7.651504993438721	6.312862396240234
P124R	13.703611373901367	21.395545959472656	4.620443820953369	11.392580032348633	0.9967148900032043	6.916453838348389	2.2928242683410645	-7.9271674156188965	7.0081329345703125	3.4257187843322754	6.382486343383789
P124S	7.965973854064941	14.634876251220703	1.561169981956482	6.922130584716797	-3.962285041809082	9.721170425415039	7.12664270401001	-1.840154767036438	4.0444746017456055	0.8669853806495667	4.704098224639893
P124T	13.319518089294434	12.303162574768066	4.104045391082764	8.826433181762695	0.20370513200759888	8.158045768737793	9.311990737915039	-5.849767208099365	5.902176380157471	1.6966546773910522	5.7975969314575195
P124V	6.24790096282959	0.8283227682113647	-11.184505462646484	6.603055953979492	-0.6796672940254211	3.52329421043396	12.112873077392578	-4.9642767906188965	1.6684086322784424	1.0662370920181274	1.5221643447875977
P124W	13.153584480285645	11.283865928649902	2.5804200172424316	-13.326223373413086	2.8694283962249756	13.336615562438965	-1.7654709815979004	-24.115360260009766	5.498324394226074	6.119779109954834	1.5634962320327759
P124Y	7.492396354675293	9.627004623413086	7.861199378967285	9.609231948852539	0.18939730525016785	7.40484094619751	3.426438808441162	-8.346858978271484	11.205307006835938	9.907817840576172	5.837677001953125
W125A	-16.434551239013672	-7.575350761413574	-12.630681991577148	-2.4596762657165527	-15.884450912475586	-2.529082775115967	1.487736463546753	-12.342288970947266	-10.35174560546875	-10.116039276123047	-8.883613586425781
W125C	-0.3884304463863373	-12.51535415649414	0.8479279279708862	-7.469573974609375	0.7661335468292236	-9.761784553527832	-6.1095147132873535	-9.148982048034668	-0.7103484869003296	-1.1621049642562866	-4.565203666687012
W125D	-3.282578945159912	-7.76692008972168	-6.976957321166992	1.0756146907806396	-6.0175676345825195	-16.171855926513672	-5.102481365203857	-4.844699382781982	-2.654336452484131	-2.0074844360351562	-5.374926567077637
W125E	-29.4403018951416	-10.729961395263672	-8.090312004089355	-7.984428405761719	-24.522319793701172	-5.010337829589844	-2.708725929260254	-2.2822868824005127	-15.328533172607422	-15.417154312133789	-12.151436805725098
W125F	-3.5381486415863037	-2.367569923400879	-4.986286640167236	-2.7241644859313965	-6.62460470199585	-7.063288688659668	-2.3586466312408447	-16.293689727783203	-7.6210150718688965	-9.324588775634766	-6.290200233459473
W125G	-12.476268768310547	-7.538768768310547	-11.86954402923584	-2.221240282058716	-19.198585510253906	-2.1586549282073975	-4.0032782554626465	-6.055114269256592	-10.525768280029297	-11.401636123657227	-8.74488639831543
W125H	-2.0791540145874023	-11.49123477935791	0.764556884765625	-4.497121810913086	-2.5534873008728027	-8.53246784210205	-7.734537124633789	-6.731657028198242	-4.023939609527588	-4.264819622039795	-5.114386558532715
W125I	-2.9783737659454346	-6.362144470214844	-2.720644474029541	-0.9214929342269897	-3.11281681060791	-2.9252145290374756	-3.334728240966797	-16.314922332763672	-10.089227676391602	-6.165372848510742	-5.492494106292725
W125K	-10.307421684265137	-10.210688591003418	-8.536718368530273	2.639160633087158	-18.090831756591797	0.15651191771030426	2.719383716583252	-5.834794044494629	-7.817119121551514	-7.881745338439941	-6.3164262771606445
W125L	-4.86560583114624	-11.241674423217773	-11.060956954956055	-12.576349258422852	-13.360002517700195	-4.057014465332031	-2.003082036972046	-23.99367332458496	-10.273151397705078	-3.2432773113250732	-9.667479515075684
W125M	-0.06881565600633621	-9.51929759979248	0.2330734133720398	-6.474312782287598	0.9667584896087646	-9.844522476196289	-8.876042366027832	-8.881961822509766	-1.2231181859970093	-2.5129497051239014	-4.620118618011475
W125N	-2.3422389030456543	-6.908196449279785	-4.993122577667236	0.35897424817085266	-2.744061231613159	-11.424736022949219	-5.537399768829346	-6.132719039916992	-1.356978178024292	-4.720157623291016	-4.580063343048096
W125P	-2.762253761291504	-8.042691230773926	-10.753300666809082	-0.5176171064376831	-3.7449183464050293	-12.931535720825195	-11.899134635925293	-7.860052585601807	-5.591122627258301	-6.313534736633301	-7.041616916656494
W125Q	-3.500272274017334	-7.594357013702393	-3.9749879837036133	0.47359588742256165	-0.9544128775596619	-7.42171049118042	-4.2899298667907715	-3.0718908309936523	-2.721548318862915	-5.002612590789795	-3.8058128356933594
W125R	-6.220169544219971	-7.000457286834717	-6.261860370635986	2.097865343093872	-11.64225959777832	-2.319540500640869	1.2554084062576294	-4.21108865737915	-6.198296070098877	-5.883660316467285	-4.638405799865723
W125S	-8.385024070739746	-6.460274696350098	-7.076976299285889	-0.0037092864513397217	-14.006723403930664	-2.617687940597534	3.1975104808807373	-6.977143287658691	-7.462585926055908	-7.092817306518555	-5.68854284286499
W125T	-4.233966827392578	-5.9771037101745605	-4.805769920349121	-0.14947515726089478	-11.14098834991455	-4.571453094482422	2.5411853790283203	-7.927436828613281	-7.413907527923584	-2.078289270401001	-4.575720310211182
W125V	-4.3858137130737305	-10.71585464477539	-5.345325946807861	-3.4615774154663086	-13.68044662475586	-3.6581614017486572	0.8049013018608093	-38.43486022949219	-17.187055587768555	-5.105762481689453	-10.116994857788086
W125Y	-0.7870743870735168	-12.976232528686523	0.7273298501968384	-7.850949287414551	-0.39182448387145996	-11.726865768432617	-11.9652738571167	-11.739460945129395	-2.401273012161255	-2.0617475509643555	-6.117337226867676
E126A	9.634700775146484	9.553770065307617	-1.6912552118301392	2.476346969604492	2.3061025142669678	9.75192928314209	6.348278999328613	5.512548446655273	10.493867874145508	8.146989822387695	6.253327369689941
E126C	8.035061836242676	5.406045913696289	4.162311553955078	-21.869211196899414	2.2453956604003906	6.803852081298828	23.16025733947754	2.143984794616699	5.024325847625732	-1.7086284160614014	3.3403396606445312
E126D	11.935009956359863	10.324450492858887	4.736998081207275	-18.502954483032227	-2.4012646675109863	9.245466232299805	7.201483726501465	4.325916290283203	6.425273895263672	-8.200556755065918	2.5089821815490723
E126F	3.7597742080688477	8.847308158874512	0.49617817997932434	-16.284526824951172	-1.3760796785354614	5.456913471221924	8.785335540771484	-3.6088156700134277	5.515057563781738	-15.226920127868652	-0.36357736587524414
E126G	7.002723693847656	18.382749557495117	0.18320295214653015	-13.074865341186523	-0.16989684104919434	10.594257354736328	6.780101776123047	10.992871284484863	9.194570541381836	4.626004695892334	5.451171398162842
E126H	7.704387664794922	5.058130264282227	4.9981536865234375	-22.78771209716797	1.0744264125823975	6.9543843269348145	11.835061073303223	0.8146641254425049	4.687990665435791	-6.144592761993408	1.4194892644882202
E126I	4.401148319244385	6.587682723999023	1.9236960411071777	-6.982434272766113	1.6636275053024292	5.666178226470947	15.17586612701416	1.9347866773605347	9.090746879577637	-8.698019027709961	3.0763278007507324
E126K	6.935430526733398	14.239533424377441	4.8887248039245605	-8.729375839233398	2.0194578170776367	10.73780345916748	9.669449806213379	8.020012855529785	11.354531288146973	-1.511861801147461	5.7623701095581055
E126L	-1.6069546937942505	-14.979360580444336	-9.114442825317383	5.087912082672119	-4.990084648132324	0.6015960574150085	0.6604962944984436	-9.159943580627441	5.1408820152282715	4.4667816162109375	-2.3893117904663086
E126M	6.709981441497803	6.311834812164307	3.778787136077881	-20.35024070739746	3.0220251083374023	6.054188251495361	21.450536727905273	0.8175858855247498	3.7665576934814453	-2.9962077140808105	2.8565049171447754
E126N	10.58301067352295	6.895880699157715	3.5948750972747803	-22.521499633789062	-1.983864188194275	6.957294940948486	8.424333572387695	6.822341442108154	6.611592769622803	-4.683062553405762	2.0700905323028564
E126P	7.386998176574707	5.828525543212891	1.8086345195770264	-31.561325073242188	-5.74429988861084	6.902658462524414	6.607204914093018	-2.753662586212158	1.4660742282867432	-19.544466018676758	-2.9603657722473145
E126Q	8.399995803833008	8.717477798461914	5.404178142547607	-21.253862380981445	-0.9451153874397278	8.432790756225586	11.70670223236084	10.65073013305664	8.749284744262695	-5.2193450927734375	3.4642837047576904
E126R	10.487893104553223	13.409429550170898	4.177364349365234	-8.034843444824219	1.1822108030319214	8.188611030578613	9.125670433044434	5.961765289306641	10.3309326171875	-3.8054254055023193	5.10236120223999
E126S	7.17997932434082	9.733757019042969	2.307025909423828	-10.049433708190918	0.45035380125045776	9.725666046142578	8.01736831665039	6.506396770477295	10.904555320739746	1.9145989418029785	4.669026851654053
E126T	5.581780433654785	5.142507553100586	2.8685219287872314	-6.824574947357178	-0.42385077476501465	9.054091453552246	10.187655448913574	6.737654209136963	10.340490341186523	-0.7321173548698425	4.193215847015381
E126V	12.150711059570312	-4.906163215637207	-4.191631317138672	8.213885307312012	-2.2734432220458984	4.695460319519043	8.629593849182129	-0.4057241380214691	7.941874980926514	2.5547335147857666	3.2409298419952393
E126W	10.34430980682373	3.5740275382995605	3.81890869140625	-35.2161750793457	-0.7792885899543762	2.6364312171936035	5.343163967132568	-0.3868469297885895	2.6758344173431396	-20.19556999206543	-2.8185205459594727
E126Y	7.259037017822266	1.2961138486862183	4.570794105529785	-30.496885299682617	2.5067906379699707	5.508614540100098	14.870711326599121	-3.6540770530700684	1.7256723642349243	-9.411737442016602	-0.5824967622756958
E127A	19.048192977905273	22.30739974975586	2.4705588817596436	-0.4384290874004364	2.52425217628479	17.60365104675293	4.901628017425537	6.219266414642334	11.334698677062988	13.578218460083008	9.954943656921387
E127C	9.786508560180664	2.5959925651550293	6.094559192657471	-37.23196029663086	2.7191810607910156	5.676129341125488	12.362335205078125	-5.514939308166504	5.863908290863037	-4.35790491104126	-0.20061902701854706
E127D	10.477445602416992	11.782190322875977	5.494333744049072	-29.106916427612305	-0.9661561846733093	15.750797271728516	6.271409511566162	3.414168119430542	8.729745864868164	3.277160406112671	3.5124175548553467
E127F	9.564932823181152	5.297043800354004	1.5617566108703613	-22.807281494140625	0.5957309007644653	2.848355531692505	4.023847579956055	0.2624630630016327	5.275285243988037	-11.036014556884766	-0.4413881301879883
E127G	17.77515983581543	26.49778938293457	1.480409860610962	-16.580387115478516	0.26706990599632263	17.073820114135742	6.999190807342529	11.036601066589355	9.674105644226074	11.832245826721191	8.605600357055664
E127H	9.916933059692383	0.3533773124217987	4.338324546813965	-34.55831527709961	-0.5739554166793823	7.0367560386657715	7.7225751876831055	-2.454047441482544	6.526240825653076	-5.697218418121338	-0.7389329075813293
E127I	2.377837657928467	8.248087882995605	3.2468607425689697	-13.085962295532227	2.488534688949585	4.540843963623047	11.368191719055176	0.45882734656333923	8.9625825881958	2.2586915493011475	3.08644962310791
E127K	5.176830291748047	21.883312225341797	5.218611717224121	-7.6766886711120605	1.3264323472976685	17.376726150512695	5.6905317306518555	3.5742032527923584	10.168547630310059	5.189333438873291	6.792784214019775
E127L	7.634251594543457	0.7745193243026733	-7.926661968231201	13.56711483001709	-2.163942813873291	4.0982136726379395	-1.3151766061782837	-2.616156816482544	6.116135120391846	14.44301986694336	3.2611312866210938
E127M	8.361163139343262	2.6727821826934814	5.052578926086426	-31.811662673950195	2.9802441596984863	5.3603315353393555	11.443655014038086	-0.3475128710269928	5.92242431640625	-3.167811155319214	0.6466192007064819
E127N	9.501045227050781	6.309788703918457	4.3238677978515625	-34.781959533691406	-1.4783741235733032	11.773321151733398	6.931303977966309	4.7253265380859375	8.715410232543945	-0.31964558362960815	1.570008397102356
E127P	3.5221071243286133	8.306464195251465	-0.1856556236743927	-41.2504997253418	-3.277364730834961	12.778220176696777	-1.8028994798660278	-7.840478897094727	-0.3158852458000183	-28.27505874633789	-5.834105014801025
E127Q	7.799657821655273	10.179509162902832	4.970118045806885	-29.32366180419922	-1.3811768293380737	13.218289375305176	7.460927486419678	4.925806045532227	12.14055061340332	1.4705270528793335	3.146054744720459
E127R	5.447453498840332	20.216203689575195	4.4717206954956055	-8.555337905883789	2.474884510040283	13.037120819091797	5.902438640594482	0.8961420059204102	10.088306427001953	5.2086005210876465	5.918753623962402
E127S	12.274091720581055	13.553384780883789	4.22068452835083	-16.229963302612305	-0.7651691436767578	16.909879684448242	8.207537651062012	7.185522079467773	8.096162796020508	9.74753475189209	6.3199663162231445
E127T	9.602701187133789	11.507366180419922	4.956112861633301	-8.458077430725098	2.312058687210083	13.173954010009766	11.545791625976562	3.8965694904327393	10.92668628692627	5.0662617683410645	6.452942848205566
E127V	13.155607223510742	8.014639854431152	-1.5704959630966187	8.505608558654785	3.3696606159210205	5.5510735511779785	9.985149383544922	1.2505139112472534	4.3180928230285645	7.829936504364014	6.04097843170166
E127W	5.641761302947998	3.292719841003418	3.537034511566162	-53.4045524597168	0.14399462938308716	3.9793310165405273	4.83544397354126	-7.792222023010254	2.8531737327575684	-12.050880432128906	-4.896420001983643
E127Y	9.433149337768555	-2.4390227794647217	4.5429182052612305	-43.519378662109375	2.2951741218566895	4.249999523162842	8.484333992004395	-10.105734825134277	3.456206798553467	-19.16257667541504	-4.276493072509766
L128A	-31.88322639465332	-17.314037322998047	-18.21490478515625	-11.339668273925781	-18.216598510742188	-7.166106224060059	-7.228222846984863	-3.591486692428589	-11.35094165802002	-11.892670631408691	-13.819787979125977
L128C	-4.623823165893555	-7.5494208335876465	-2.931169033050537	-0.0365007221698761	-6.31298303604126	-8.354196548461914	-4.9943528175354	-19.58485984802246	-3.8539927005767822	-11.618791580200195	-6.986009120941162
L128D	-21.716014862060547	-14.272540092468262	-6.773749351501465	-8.463592529296875	-24.939817428588867	-16.637256622314453	-3.5397753715515137	-10.417325973510742	-10.599286079406738	-15.729864120483398	-13.308923721313477
L128E	-33.218292236328125	-22.85936164855957	-26.624069213867188	-4.249656677246094	-26.76476287841797	-19.37560272216797	-13.979866027832031	-2.8575518131256104	-11.052471160888672	-18.165321350097656	-17.91469383239746
L128F	-12.259801864624023	-6.4167375564575195	-2.540996551513672	-2.5472023487091064	-15.51242446899414	-0.8279473185539246	-3.008734703063965	-3.035700559616089	-3.4361746311187744	-2.3119583129882812	-5.189768314361572
L128G	-18.955289840698242	-9.470220565795898	-17.05511474609375	-13.057332038879395	-23.858983993530273	-7.422515869140625	-2.299994945526123	-6.689984321594238	-12.601283073425293	-23.88554573059082	-13.529626846313477
L128H	-10.72828483581543	-8.183279037475586	-4.426336288452148	-0.8423495292663574	-13.533730506896973	-11.579595565795898	-7.118594646453857	-10.115653991699219	-9.171380043029785	-8.681390762329102	-8.43805980682373
L128I	-17.413280487060547	-11.13237476348877	-3.6146116256713867	-2.730356454849243	-15.39451789855957	-4.266228199005127	-1.0930135250091553	-6.36329984664917	-7.817975997924805	-2.881316900253296	-7.270697593688965
L128K	-25.519590377807617	-14.289017677307129	-13.476177215576172	-11.864399909973145	-30.491302490234375	-9.895578384399414	-6.2428879737854	-8.359175682067871	-5.327678680419922	-15.306577682495117	-14.077238082885742
L128M	-7.786048889160156	-7.1651787757873535	-4.581390857696533	-0.09100031852722168	-12.032068252563477	-6.4120378494262695	-4.5992512702941895	-16.402313232421875	-6.0669989585876465	-11.20717716217041	-7.634346008300781
L128N	-18.597087860107422	-9.333500862121582	-6.337282657623291	-3.2751173973083496	-20.169952392578125	-10.5869722366333	-1.9123468399047852	-13.015850067138672	-10.413666725158691	-12.367888450622559	-10.60096549987793
L128P	-20.505460739135742	-13.2308988571167	-10.142526626586914	-7.926934242248535	-24.27344512939453	-11.123678207397461	-3.129249334335327	-12.125776290893555	-8.711358070373535	-9.883190155029297	-12.105252265930176
L128Q	-21.63494873046875	-11.773947715759277	-5.215726852416992	-6.999417304992676	-22.573091506958008	-11.620363235473633	-2.1099376678466797	-11.865425109863281	-10.357646942138672	-12.040075302124023	-11.619058609008789
L128R	-23.71364974975586	-13.848481178283691	-10.644253730773926	-9.104000091552734	-32.4022331237793	-8.456680297851562	-4.2045464515686035	-9.73061466217041	-5.308903217315674	-12.769255638122559	-13.018261909484863
L128S	-22.535371780395508	-11.55681037902832	-10.498685836791992	-11.799777030944824	-25.5078067779541	-7.160721302032471	-3.244852066040039	-8.245173454284668	-9.451322555541992	-13.958778381347656	-12.395929336547852
L128T	-16.776275634765625	-11.530649185180664	-8.326457977294922	-7.136370658874512	-22.45158576965332	-4.6087541580200195	-1.09019935131073	-8.702713012695312	-7.624667644500732	-9.668498992919922	-9.791618347167969
L128V	-15.381028175354004	-4.703367233276367	-6.091698169708252	-6.675120830535889	-10.568014144897461	-0.5194801688194275	-7.107770919799805	-2.2165307998657227	-13.859947204589844	1.8041880130767822	-6.531876564025879
L128W	-7.9372711181640625	-5.5983991622924805	-1.924056053161621	-6.915637969970703	-8.285322189331055	0.5971737504005432	-6.718174457550049	-18.910900115966797	-5.642198085784912	-15.250128746032715	-7.658491611480713
L128Y	-2.923581123352051	-10.362306594848633	-3.6562509536743164	-1.4988816976547241	-11.88186264038086	-4.602898597717285	-8.193177223205566	-13.936410903930664	-6.61391544342041	-15.618498802185059	-7.928778171539307
P129A	-9.242270469665527	1.7604867219924927	-8.573171615600586	1.8098284006118774	-15.90679931640625	0.5931794047355652	5.4588189125061035	-10.969613075256348	-7.8331427574157715	-4.15875244140625	-4.706143379211426
P129C	-2.7252495288848877	3.2832493782043457	0.14419791102409363	5.7135820388793945	4.359593391418457	-3.359004497528076	-2.300123691558838	-13.568114280700684	-2.5816609859466553	0.6306145787239075	-1.0402915477752686
P129D	-1.2484288215637207	-2.716026782989502	-1.4445005655288696	6.304872512817383	3.5801548957824707	0.3727070391178131	-1.2398093938827515	-32.50423049926758	-2.7260186672210693	-3.701219081878662	-3.532249927520752
P129E	-9.36961841583252	-4.567568778991699	-5.6986799240112305	0.1853993833065033	-18.996862411499023	2.937215566635132	4.430934429168701	-3.291917085647583	-3.217862367630005	-5.968950271606445	-4.355790615081787
P129F	-8.91236686706543	1.1647192239761353	-2.2244999408721924	1.133294939994812	0.25996798276901245	-4.192898750305176	-3.3396315574645996	-24.157148361206055	-4.826391696929932	-7.503113269805908	-5.2598066329956055
P129G	-2.605278968811035	-0.17866948246955872	-6.005107402801514	0.3381073474884033	-14.94992446899414	0.8550214767456055	3.787050485610962	-26.578018188476562	-3.078902244567871	-4.432185173034668	-5.284790992736816
P129H	-1.3645366430282593	0.6884897947311401	-2.5450222492218018	5.4476847648620605	5.528302192687988	-2.1107327938079834	-2.151365041732788	-18.765148162841797	-4.817083835601807	-1.2224202156066895	-2.13118314743042
P129I	-6.4822516441345215	-2.529444456100464	-1.9627296924591064	4.037795543670654	2.215463638305664	-2.294107675552368	-2.2989439964294434	-24.859947204589844	-6.362003803253174	-6.487165451049805	-4.702332973480225
P129K	-7.413187026977539	2.46702241897583	-3.673334836959839	4.521543025970459	-6.854362964630127	0.5228331685066223	0.4153572916984558	-28.453908920288086	-2.77850341796875	-6.068645000457764	-4.731518745422363
P129L	-16.145774841308594	-5.026837348937988	-13.633462905883789	1.0906647443771362	-17.45175552368164	-5.146239757537842	2.204364776611328	-17.4288272857666	-14.237191200256348	-2.375267505645752	-8.815032958984375
P129M	-0.8957744240760803	2.496621608734131	-0.8951770067214966	4.053857803344727	4.080382823944092	-2.359405994415283	-2.8878912925720215	-14.214760780334473	-0.4838523864746094	-0.5056900978088379	-1.1611690521240234
P129N	-1.8683545589447021	-3.3390660285949707	-0.3590531051158905	4.55071496963501	6.009555816650391	-0.25758782029151917	-1.4759786128997803	-31.341827392578125	-0.28981244564056396	-2.1485674381256104	-3.051997661590576
P129Q	-2.720059871673584	-2.089686155319214	0.42170727252960205	7.640819549560547	5.0171284675598145	1.0094438791275024	-1.0210496187210083	-25.114948272705078	-1.3637229204177856	-0.6903036236763	-1.8910671472549438
P129R	-4.475500106811523	1.5430517196655273	-3.8517637252807617	3.5856263637542725	-0.5272729992866516	-0.39181849360466003	0.07819998264312744	-23.834653854370117	-1.624066710472107	-6.13809061050415	-3.563628673553467
P129S	1.0954725742340088	-3.953709125518799	-4.942389965057373	2.5491855144500732	-10.136290550231934	-1.136024832725525	5.051242351531982	-32.75062561035156	-2.583327054977417	-5.482944965362549	-5.228940963745117
P129T	4.650815010070801	-1.4163955450057983	-2.9510321617126465	6.921965599060059	-4.297740936279297	-0.8338373303413391	2.6626899242401123	-36.04673767089844	-1.9517759084701538	-5.311361789703369	-3.8573410511016846
P129V	-10.31433391571045	1.7698482275009155	-9.799829483032227	3.1152188777923584	-8.90713119506836	-2.4827330112457275	-0.014095839112997055	-18.927139282226562	-12.678205490112305	-1.5078206062316895	-5.9746222496032715
P129W	0.611565887928009	2.5153684616088867	0.3698163330554962	4.714808464050293	2.9704396724700928	1.5232510566711426	-3.7968077659606934	-17.796092987060547	-2.3728365898132324	0.3255024254322052	-1.0934985876083374
P129Y	-1.2573496103286743	3.0993824005126953	-2.784022092819214	2.556997060775757	4.479503154754639	-1.881985068321228	-2.73854398727417	-16.7440242767334	-3.001751184463501	-0.054234541952610016	-1.832602858543396
P130A	11.962239265441895	15.034738540649414	4.367464065551758	7.4963178634643555	8.239448547363281	13.206072807312012	3.674670457839966	2.2123937606811523	4.5384087562561035	7.403492450714111	7.8135247230529785
P130C	22.355464935302734	8.20018482208252	17.318002700805664	10.183184623718262	1.4126213788986206	14.984280586242676	6.106929779052734	12.146278381347656	6.52257776260376	20.175695419311523	11.940522193908691
P130D	22.783771514892578	15.483332633972168	15.82170295715332	4.5830912590026855	-6.711680889129639	13.192497253417969	10.264580726623535	14.113960266113281	8.500473976135254	22.445138931274414	12.047685623168945
P130E	12.466989517211914	22.189598083496094	7.328642845153809	16.657052993774414	11.620412826538086	15.776884078979492	5.341998100280762	4.3508806228637695	6.307980060577393	8.514427185058594	11.055486679077148
P130F	12.33218002319336	7.69086217880249	5.9264817237854	1.0727418661117554	-2.18312406539917	5.628807067871094	3.426257848739624	7.858280181884766	3.80975604057312	7.975610256195068	5.353785514831543
P130G	10.532434463500977	15.949236869812012	5.883526802062988	4.31468391418457	5.102022171020508	12.625520706176758	4.939082622528076	6.296989440917969	4.412604808807373	12.603947639465332	8.26600456237793
P130H	26.037466049194336	10.382299423217773	18.964256286621094	12.601842880249023	-2.8170435428619385	14.139881134033203	9.281560897827148	12.290639877319336	5.986651420593262	21.535606384277344	12.840316772460938
P130I	11.218232154846191	10.570943832397461	6.3820481300354	5.23842191696167	-0.5737648010253906	7.152834892272949	7.257099628448486	7.882163047790527	5.601840496063232	8.574597358703613	6.930441856384277
P130K	8.83088207244873	20.55816650390625	11.12781810760498	5.581893444061279	-0.04840368777513504	12.936724662780762	8.931861877441406	10.455913543701172	5.135584831237793	14.539833068847656	9.805027961730957
P130L	-1.1495329141616821	6.304559707641602	-7.442023277282715	6.038505554199219	-3.5012876987457275	4.144596576690674	2.219958782196045	-4.89035177230835	1.0620756149291992	-3.757078170776367	-0.09705772250890732
P130M	21.922195434570312	8.585201263427734	14.454398155212402	8.678299903869629	0.08378463238477707	13.03952693939209	6.293301582336426	13.221973419189453	3.9863102436065674	18.171283721923828	10.8436279296875
P130N	24.8378849029541	13.92230224609375	14.521157264709473	8.890161514282227	-4.857654571533203	12.26547622680664	10.457123756408691	14.110987663269043	7.132482051849365	19.576871871948242	12.085679054260254
P130Q	20.740158081054688	21.69548225402832	17.629440307617188	6.853401184082031	-3.8575663566589355	15.828864097595215	11.701010704040527	18.138935089111328	8.87593936920166	22.502714157104492	14.010836601257324
P130R	10.648386001586914	21.670352935791016	11.9235258102417	5.431960105895996	-2.9693994522094727	12.058565139770508	9.89937973022461	11.364124298095703	5.400842666625977	15.287199020385742	10.071494102478027
P130S	11.421584129333496	10.651596069335938	7.67561674118042	5.0191802978515625	0.8470792174339294	10.422030448913574	6.889681339263916	6.754230499267578	5.525766372680664	10.60537338256836	7.581214904785156
P130T	10.31137466430664	11.764900207519531	6.722907543182373	7.243051052093506	-0.057595230638980865	9.349791526794434	8.946560859680176	7.964998245239258	5.495893478393555	10.812530517578125	7.855441093444824
P130V	9.20543098449707	7.401113510131836	1.3752423524856567	7.444830417633057	4.3658528327941895	3.442519187927246	0.5489088892936707	-0.03394331410527229	3.8161580562591553	5.594667434692383	4.316078186035156
P130W	26.511533737182617	7.913504600524902	18.39387321472168	9.214677810668945	-0.1532314419746399	16.78744125366211	7.30393648147583	13.105332374572754	1.75657320022583	18.8499698638916	11.968360900878906
P130Y	26.348438262939453	7.900112152099609	19.808486938476562	11.51710033416748	-0.5139038562774658	14.77634334564209	6.323699951171875	10.60018539428711	3.3847548961639404	20.021778106689453	12.016700744628906
L131A	9.292476654052734	15.159772872924805	-2.2351396083831787	13.898538589477539	4.292879104614258	12.641297340393066	7.748084545135498	8.14566707611084	2.970041275024414	10.67160415649414	8.258522033691406
L131C	21.10823631286621	7.245830535888672	15.012611389160156	10.585393905639648	0.006586931645870209	10.098733901977539	6.197059631347656	9.375997543334961	7.542744159698486	12.37521743774414	9.954841613769531
L131D	17.472307205200195	7.486850738525391	5.482874870300293	10.955703735351562	-3.5941028594970703	8.675264358520508	5.268198490142822	9.188667297363281	5.480698585510254	10.869365692138672	7.728582859039307
L131E	7.432448387145996	30.054874420166016	-2.0918478965759277	11.374406814575195	6.7096638679504395	13.972935676574707	4.362468242645264	9.112470626831055	3.3758928775787354	8.122843742370605	9.242615699768066
L131F	15.996381759643555	8.513790130615234	3.2150607109069824	2.9094905853271484	-1.1338170766830444	6.248456001281738	3.6613690853118896	5.605741024017334	6.20600700378418	5.2948479652404785	5.651732921600342
L131G	16.95054054260254	15.017656326293945	0.3246065080165863	7.115898132324219	3.3529117107391357	12.186811447143555	5.300732135772705	10.68683910369873	2.991853713989258	10.591004371643066	8.451885223388672
L131H	19.90385627746582	6.135884761810303	8.954977035522461	12.776410102844238	-2.6438045501708984	8.435284614562988	5.2887043952941895	8.329729080200195	7.104886531829834	10.825697898864746	8.511163711547852
L131I	13.178171157836914	9.601178169250488	3.9605064392089844	10.496821403503418	2.0651135444641113	9.80595874786377	7.355039119720459	6.391438961029053	8.883599281311035	6.48781156539917	7.822563171386719
L131K	15.63643741607666	16.127187728881836	3.160181760787964	16.559789657592773	1.0692561864852905	16.61389923095703	6.940587043762207	4.6733717918396	3.4483706951141357	11.164717674255371	9.539380073547363
L131M	18.05662727355957	6.94890022277832	11.633052825927734	10.157052993774414	-1.1780933141708374	9.832355499267578	6.467281341552734	9.273627281188965	6.4897990226745605	10.752501487731934	8.843310356140137
L131N	14.987359046936035	6.127042770385742	5.319888591766357	8.148868560791016	-4.212100028991699	7.083504676818848	5.5234527587890625	9.967164993286133	5.396850109100342	10.644000053405762	6.8986029624938965
L131P	10.502263069152832	4.267599105834961	3.833066940307617	4.9920654296875	-1.0200726985931396	8.62260627746582	4.896252155303955	6.098511695861816	2.3956902027130127	3.9021825790405273	4.8490166664123535
L131Q	18.29930305480957	7.596285343170166	5.31449031829834	12.337502479553223	-3.1286120414733887	9.571722984313965	6.905311107635498	10.832330703735352	5.79805326461792	10.895146369934082	8.442152976989746
L131R	14.828474998474121	11.788581848144531	3.142056941986084	14.412821769714355	0.5293133854866028	10.296465873718262	5.363481044769287	3.992633581161499	4.41001033782959	10.62944221496582	7.939328193664551
L131S	15.831323623657227	11.565008163452148	3.0194883346557617	12.861481666564941	0.6290721297264099	14.656322479248047	5.765945911407471	5.082122802734375	2.806554079055786	10.92995834350586	8.314727783203125
L131T	14.165416717529297	11.53019905090332	3.7251126766204834	12.333690643310547	0.5234372615814209	14.367254257202148	7.108004570007324	5.462991714477539	4.715760231018066	8.54154109954834	8.24734115600586
L131V	10.447528839111328	13.720422744750977	-3.2919721603393555	12.897420883178711	2.4406278133392334	8.245736122131348	6.451337814331055	2.870861768722534	5.558035850524902	10.924991607666016	7.026499271392822
L131W	17.99512481689453	6.104151725769043	15.555864334106445	8.323604583740234	-2.7335662841796875	11.240889549255371	8.12510871887207	8.832846641540527	3.7728710174560547	11.482564926147461	8.86994743347168
L131Y	21.918132781982422	6.1577606201171875	14.769969940185547	9.15572452545166	-2.410884141921997	10.928146362304688	5.114494800567627	7.18593692779541	7.128433704376221	11.112401008605957	9.106012344360352
D132A	9.833963394165039	23.120548248291016	1.723480463027954	7.763524055480957	6.464634418487549	13.808808326721191	4.907966136932373	7.033932685852051	4.244134426116943	10.805355072021484	8.970634460449219
D132C	9.592438697814941	8.981751441955566	4.517091274261475	-1.3421036005020142	-2.000870704650879	6.914801120758057	4.705889701843262	-0.5245524048805237	3.7370779514312744	7.807105541229248	4.23886251449585
D132E	9.211002349853516	33.629173278808594	3.267029285430908	12.561001777648926	8.441865921020508	18.754581451416016	7.055924415588379	11.718986511230469	6.812515735626221	15.755417823791504	12.720749855041504
D132F	7.350778579711914	7.382217884063721	1.4501142501831055	2.3881750106811523	2.5954055786132812	3.0702245235443115	2.0080418586730957	0.7006170153617859	2.23136305809021	4.105164527893066	3.3282101154327393
D132G	9.992948532104492	14.53660774230957	0.23783522844314575	6.375584602355957	1.79428231716156	14.95989990234375	3.7258849143981934	8.11473274230957	5.4378581047058105	13.343146324157715	7.851877689361572
D132H	7.990621566772461	10.036613464355469	2.6525392532348633	0.3449530303478241	-2.677521228790283	7.821352005004883	3.1987576484680176	0.04652125760912895	5.434845924377441	7.789740085601807	4.263842582702637
D132I	4.229604244232178	11.05585765838623	3.063015937805176	4.097187042236328	3.9329938888549805	3.198025941848755	3.305145263671875	1.2208671569824219	2.8450005054473877	6.999831676483154	4.3947529792785645
D132K	10.045214653015137	22.824432373046875	3.2555501461029053	6.290678977966309	5.0485711097717285	13.045665740966797	3.261148691177368	5.9620771408081055	4.353141784667969	12.288698196411133	8.637517929077148
D132L	-5.2639689445495605	1.0207022428512573	-3.7190489768981934	2.005028486251831	-1.5817021131515503	14.506951332092285	1.3221416473388672	-21.49245262145996	1.4043216705322266	4.1235175132751465	-0.7674509286880493
D132M	10.780950546264648	8.96227741241455	2.762049913406372	0.04045483469963074	-1.313832402229309	6.263838768005371	4.848130702972412	-1.083654761314392	3.827817916870117	7.810586929321289	4.289862155914307
D132N	10.074567794799805	10.543688774108887	0.1385089010000229	1.9585012197494507	-1.0356966257095337	6.420501232147217	3.0811266899108887	2.4004251956939697	3.727012872695923	6.3881096839904785	4.369675159454346
D132P	12.877534866333008	10.651763916015625	4.316787242889404	-1.4512263536453247	0.23220032453536987	7.4559431076049805	2.5409274101257324	-0.16392655670642853	1.210318922996521	-10.664375305175781	2.7005951404571533
D132Q	13.54580307006836	14.529620170593262	2.2661867141723633	1.3411884307861328	0.20426470041275024	8.21240520477295	5.217386245727539	3.0047457218170166	4.572087287902832	8.482205390930176	6.137589454650879
D132R	10.909863471984863	18.223012924194336	1.5099791288375854	3.762907028198242	3.7607228755950928	8.376057624816895	1.9603376388549805	5.023233413696289	3.8767335414886475	10.547107696533203	6.794995307922363
D132S	8.921489715576172	13.927541732788086	2.752540111541748	5.086639404296875	3.469215154647827	11.684356689453125	3.393134117126465	7.710642337799072	4.592756271362305	11.671022415161133	7.3209333419799805
D132T	8.983076095581055	15.063209533691406	2.9941935539245605	5.971562385559082	3.4691483974456787	9.284292221069336	3.027613878250122	5.5396809577941895	3.8105247020721436	8.55523681640625	6.669853210449219
D132V	7.58663272857666	8.824037551879883	-0.4604567289352417	-1.5167032480239868	4.595976829528809	5.325089454650879	1.812620997428894	-2.705087900161743	2.563349485397339	6.020825386047363	3.2046284675598145
D132W	10.414877891540527	8.38061809539795	3.9215781688690186	-2.0144031047821045	-1.8090318441390991	6.696556568145752	4.575971603393555	-1.0831104516983032	3.438260793685913	4.221231460571289	3.6742546558380127
D132Y	7.709146499633789	8.306432723999023	3.8691484928131104	-2.7270731925964355	-1.9571048021316528	7.126396179199219	3.329155206680298	-1.5329087972640991	3.6364328861236572	3.650538444519043	3.1410164833068848
Q133A	2.660212755203247	7.325551986694336	-6.201838970184326	15.601285934448242	2.04551362991333	13.919426918029785	2.773505926132202	7.491236686706543	6.6283416748046875	5.5101847648620605	5.775341987609863
Q133C	2.8192496299743652	-4.857152462005615	0.7709158658981323	-23.301820755004883	-1.2548503875732422	-12.415374755859375	1.1047306060791016	-13.765819549560547	-3.9130632877349854	-10.89729118347168	-6.571047306060791
Q133D	19.412805557250977	11.378377914428711	-0.4103676974773407	5.448703289031982	-3.181868076324463	7.745275020599365	3.7134790420532227	-0.28450796008110046	2.837033748626709	-1.329964518547058	4.532896041870117
Q133E	1.2262909412384033	18.822664260864258	-3.6648004055023193	9.923336029052734	3.7084832191467285	12.341076850891113	-2.1365373134613037	13.127939224243164	6.484755039215088	6.16301965713501	6.599623203277588
Q133F	-2.6555845737457275	5.280237197875977	-4.039571285247803	-7.675724029541016	-4.599869251251221	-1.4969178438186646	0.06985777616500854	-10.192622184753418	-0.12795834243297577	-14.60449504852295	-4.004264831542969
Q133G	17.585948944091797	21.918004989624023	-6.976200103759766	16.421689987182617	-0.9183497428894043	15.546045303344727	5.775970935821533	14.187618255615234	1.5432604551315308	4.381404876708984	8.946538925170898
Q133H	5.602403163909912	2.189112901687622	-0.6917076110839844	-13.94882869720459	-2.0462193489074707	-8.850691795349121	-1.0972673892974854	-8.283442497253418	0.6715589761734009	-6.51772928237915	-3.297281265258789
Q133I	8.980728149414062	8.305509567260742	1.1659425497055054	10.526928901672363	0.8483915328979492	3.5960299968719482	1.4728542566299438	-7.444282054901123	1.5782450437545776	-0.5538888573646545	2.8476462364196777
Q133K	7.003763198852539	23.113845825195312	3.163212776184082	29.448406219482422	-4.799243927001953	19.39776039123535	-0.25681057572364807	0.8946212530136108	8.68778133392334	12.479721069335938	9.913305282592773
Q133L	-1.316885232925415	-2.9661669731140137	-1.8930069208145142	7.578152179718018	-2.7844948768615723	12.567829132080078	2.083961248397827	-10.843328475952148	2.1503241062164307	1.1197811365127563	0.569616436958313
Q133M	2.2676594257354736	-1.6383421421051025	1.9096888303756714	-15.388033866882324	-0.46383923292160034	-11.601347923278809	-0.22959667444229126	-10.610458374023438	-2.973290205001831	-6.436788558959961	-4.516435146331787
Q133N	13.583232879638672	5.357306480407715	-1.9573525190353394	1.4439177513122559	-2.0380778312683105	2.4609732627868652	2.5962367057800293	-2.0755608081817627	4.922885417938232	-7.192529678344727	1.7101033926010132
Q133P	-4.85701322555542	-0.8207452297210693	-5.711112976074219	7.215667724609375	-1.0531152486801147	4.7733845710754395	-2.5638785362243652	-3.2438342571258545	2.1249587535858154	-8.64433479309082	-1.2780022621154785
Q133R	8.345527648925781	14.592655181884766	2.6011881828308105	23.56451416015625	-4.474129676818848	14.340171813964844	2.2787981033325195	5.204359531402588	5.070322513580322	9.772431373596191	8.129583358764648
Q133S	10.609180450439453	17.738046646118164	1.9273523092269897	20.74245262145996	-3.806689977645874	13.906150817871094	4.857036590576172	12.346561431884766	5.985133171081543	7.972662925720215	9.227787971496582
Q133T	9.304262161254883	18.31864356994629	2.5459303855895996	22.543054580688477	-1.3246426582336426	14.82241439819336	4.168569564819336	5.9031291007995605	4.672815799713135	6.961713790893555	8.791589736938477
Q133V	3.4771690368652344	5.706252098083496	-2.0968568325042725	12.557281494140625	2.260239601135254	5.447741508483887	-0.5765454173088074	0.34533053636550903	4.381946086883545	3.0740864276885986	3.4576644897460938
Q133W	5.470407009124756	-2.716799259185791	-3.1670236587524414	-31.561046600341797	-1.2508527040481567	-10.508387565612793	-1.3802268505096436	-18.576095581054688	-7.789238929748535	-9.714371681213379	-8.119363784790039
Q133Y	5.113038539886475	-1.6585694551467896	-3.867161512374878	-31.81513023376465	-0.487166166305542	-14.568649291992188	-0.9306060671806335	-14.228693008422852	-4.069908618927002	-13.850665092468262	-8.036351203918457
L134A	-12.37987995147705	-7.966058731079102	-13.95415210723877	8.42884635925293	-9.308552742004395	-14.4840669631958	-1.210756778717041	20.568889617919922	-2.1978273391723633	-12.519845962524414	-4.502340793609619
L134C	-10.293878555297852	-4.451359748840332	-15.736108779907227	1.5561522245407104	-5.640498161315918	-4.931182384490967	-17.011499404907227	-4.251868724822998	-3.9381606578826904	-11.971344947814941	-7.666975498199463
L134D	-12.230607986450195	-14.81444263458252	-6.463383674621582	0.7992775440216064	-15.324339866638184	-14.533748626708984	-1.1932721138000488	3.7599494457244873	-7.050761699676514	-18.839492797851562	-8.589082717895508
L134E	-17.798473358154297	-22.306148529052734	-20.872591018676758	3.450320243835449	-26.89425277709961	-28.63150405883789	-8.560379981994629	23.820804595947266	-13.39930534362793	-22.869503021240234	-13.406103134155273
L134F	-2.8789236545562744	-0.15745070576667786	-7.042582988739014	4.602358818054199	-7.29904317855835	-5.208761692047119	0.7145530581474304	1.3468444347381592	3.750185251235962	-12.603958129882812	-2.477677822113037
L134G	-11.746428489685059	-9.044537544250488	-15.96396255493164	3.176675796508789	-14.212750434875488	-21.477664947509766	-1.5902502536773682	18.37636375427246	-13.617870330810547	-18.186275482177734	-8.428669929504395
L134H	-11.668949127197266	-7.9148993492126465	-8.24758243560791	4.354757785797119	-11.550769805908203	-11.171262741088867	-11.137892723083496	-1.5534895658493042	-3.724607229232788	-13.087484359741211	-7.570218086242676
L134I	-3.3971219062805176	0.8821923732757568	-4.380147457122803	6.378870487213135	-0.5881633162498474	-1.6850666999816895	1.0369540452957153	7.458271503448486	1.2411662340164185	-6.685193061828613	0.02617621421813965
L134K	-9.759744644165039	-9.690813064575195	-10.70194149017334	8.006393432617188	-12.296961784362793	-14.424320220947266	1.469968318939209	9.436944007873535	-1.448955774307251	-11.345843315124512	-5.075528144836426
L134M	-8.688850402832031	-4.718084335327148	-11.729087829589844	3.2334725856781006	-7.570268630981445	-3.430429458618164	-14.317999839782715	-3.0623764991760254	-1.42259681224823	-12.675078392028809	-6.4381303787231445
L134N	-9.527668952941895	-11.373571395874023	-6.587032318115234	2.1674108505249023	-11.112348556518555	-10.91462516784668	-5.33818244934082	0.43531927466392517	-4.880992412567139	-14.626106262207031	-7.175779819488525
L134P	-15.171831130981445	-12.809148788452148	-13.856470108032227	0.3651716411113739	-17.704965591430664	-10.507373809814453	-3.030644178390503	-2.3281478881835938	-9.902379035949707	-14.818778038024902	-9.976457595825195
L134Q	-11.22089958190918	-17.682607650756836	-7.246131896972656	0.1566726267337799	-16.837129592895508	-11.913287162780762	-2.248379707336426	2.478654384613037	-6.50924825668335	-17.00657081604004	-8.802892684936523
L134R	-7.5489301681518555	-7.959506988525391	-7.630260467529297	6.081105709075928	-14.734942436218262	-11.246432304382324	2.9382753372192383	7.1298627853393555	-0.7582595944404602	-12.067240715026855	-4.579632759094238
L134S	-9.200116157531738	-9.052528381347656	-11.357504844665527	3.843829870223999	-10.087543487548828	-17.901838302612305	0.8693862557411194	14.768007278442383	-11.831356048583984	-14.831260681152344	-6.478093147277832
L134T	-4.7291741371154785	-4.5664191246032715	-7.421823978424072	3.377776622772217	-5.252911567687988	-11.022881507873535	2.7336502075195312	10.291069984436035	-3.0161068439483643	-11.11879825592041	-3.0725619792938232
L134V	-3.3646492958068848	-0.05335771292448044	-1.7378431558609009	3.5387954711914062	-2.9445888996124268	0.03619737550616264	1.3065180778503418	11.219322204589844	3.095576524734497	-3.2698583602905273	0.7826111912727356
L134W	-15.768758773803711	-7.200392723083496	-12.110077857971191	-2.0402023792266846	-10.699471473693848	-7.8744401931762695	-18.184789657592773	-6.537655353546143	-9.403759002685547	-11.397247314453125	-10.121679306030273
L134Y	-9.792774200439453	-6.859113693237305	-10.065093040466309	1.6080304384231567	-10.508285522460938	-6.579123497009277	-17.949665069580078	-4.41760778427124	-5.139769077301025	-12.088873863220215	-8.179227828979492
F135A	-14.865194320678711	6.943350791931152	-13.789220809936523	11.55228042602539	-5.955585479736328	-18.32250213623047	-5.566311836242676	23.083194732666016	-23.02041244506836	-37.2486686706543	-7.718907356262207
F135C	-27.375829696655273	1.9292232990264893	3.063037395477295	5.747671127319336	-7.480113506317139	-7.82334566116333	-18.24358367919922	-9.784022331237793	5.1010003089904785	-24.548450469970703	-7.941441535949707
F135D	-22.013996124267578	-8.800858497619629	-3.3924455642700195	-1.1284210681915283	-17.619726181030273	-18.621625900268555	-16.850299835205078	0.541419506072998	-3.6944751739501953	-28.25107192993164	-11.983149528503418
F135E	-24.40301513671875	-3.9106369018554688	-20.359399795532227	10.154400825500488	-19.665298461914062	-35.40098571777344	-6.137332439422607	25.088991165161133	-27.775936126708984	-33.791038513183594	-13.620025634765625
F135G	-12.524276733398438	-6.024768829345703	-13.918180465698242	6.462817192077637	-13.321330070495605	-17.729265213012695	-5.178989410400391	15.784211158752441	-15.625297546386719	-34.55411911010742	-9.662919998168945
F135H	-28.108484268188477	0.48698049783706665	-2.6844615936279297	1.321716547012329	-11.516619682312012	-12.132539749145508	-17.838815689086914	-7.008049011230469	4.18342399597168	-26.5924129486084	-9.98892593383789
F135I	-12.901251792907715	-2.9926528930664062	-3.0900216102600098	5.600133895874023	-7.888291835784912	-9.535720825195312	-9.38631820678711	8.098198890686035	-4.6516499519348145	-21.305082321166992	-5.8052659034729
F135K	-14.84391975402832	-1.142797827720642	-8.027434349060059	4.270394325256348	-13.78884506225586	-22.89545440673828	-11.339884757995605	17.11693000793457	-13.899129867553711	-30.387880325317383	-9.493803024291992
F135L	-18.815732955932617	19.27727699279785	-13.252355575561523	12.250787734985352	5.373834133148193	-4.605635166168213	-1.307065486907959	21.85279655456543	-7.911398887634277	-42.53169250488281	-2.966918468475342
F135M	-25.067312240600586	-1.755573034286499	-4.111663818359375	2.2344255447387695	-7.872800350189209	-10.720345497131348	-19.992624282836914	-8.9448881149292	0.16903966665267944	-25.913143157958984	-10.197488784790039
F135N	-24.834768295288086	-4.3404541015625	-0.5904934406280518	-2.415454626083374	-11.274179458618164	-13.861732482910156	-18.309099197387695	-1.8694331645965576	0.15074791014194489	-27.431503295898438	-10.477636337280273
F135P	-18.66257667541504	0.12301994115114212	-8.54576301574707	2.5519161224365234	-13.001169204711914	-19.039207458496094	-16.484966278076172	7.375760555267334	-3.1338534355163574	-30.158851623535156	-9.897568702697754
F135Q	-19.757413864135742	-5.362306118011475	-1.9984720945358276	-4.353835105895996	-15.548646926879883	-18.747785568237305	-15.618383407592773	3.061331033706665	0.4526180028915405	-31.961454391479492	-10.983434677124023
F135R	-12.235148429870605	0.10580144077539444	-3.892747402191162	3.5467917919158936	-12.228109359741211	-18.313426971435547	-9.162586212158203	15.295164108276367	-3.3179831504821777	-24.968265533447266	-6.517050743103027
F135S	-10.614863395690918	2.841111660003662	-8.335622787475586	7.248068332672119	-10.390544891357422	-18.937210083007812	-7.066986083984375	16.982894897460938	-16.38526725769043	-30.071510314941406	-7.47299337387085
F135T	-10.655664443969727	1.6779730319976807	-4.447803497314453	5.991153240203857	-11.351775169372559	-14.862701416015625	-6.780179500579834	14.89941692352295	-11.15615463256836	-24.009958267211914	-6.0695695877075195
F135V	-6.484930992126465	4.368793487548828	-10.162252426147461	13.85381031036377	1.2398508787155151	-8.089591979980469	-1.7234668731689453	20.161407470703125	-11.218121528625488	-20.906749725341797	-1.896125078201294
F135W	-29.00127601623535	-5.694610118865967	-12.484756469726562	-2.9549660682678223	-11.518543243408203	-11.440531730651855	-20.658349990844727	-6.374016761779785	-2.9328548908233643	-24.709726333618164	-12.776962280273438
F135Y	-28.584081649780273	0.3152868151664734	-5.776671409606934	4.803244590759277	-8.438901901245117	-8.633049011230469	-20.570608139038086	-9.93478775024414	2.502429246902466	-24.99182891845703	-9.930896759033203
W136A	-0.7310454249382019	6.705079555511475	-5.4031219482421875	14.294543266296387	2.4508373737335205	1.563132405281067	3.867457866668701	12.723919868469238	4.2233452796936035	4.571053504943848	4.426520347595215
W136C	2.582512855529785	-0.7638381719589233	4.497925758361816	3.8466084003448486	-2.341334819793701	-0.6957430243492126	-3.504257917404175	-6.995837211608887	-0.4577633738517761	-3.729241132736206	-0.7560968399047852
W136D	-0.586249053478241	0.9930578470230103	-4.113468170166016	6.261775970458984	1.3507580757141113	-1.602010726928711	-0.5490473508834839	-1.1430320739746094	2.449230194091797	-1.45375657081604	0.16072580218315125
W136E	-3.183112621307373	-1.0047883987426758	-3.26637601852417	15.50655460357666	0.12023358792066574	-7.629862308502197	1.8196717500686646	9.777973175048828	-1.6163997650146484	-10.028921127319336	0.049497224390506744
W136F	-1.6337751150131226	3.2779440879821777	-0.9175759553909302	8.605480194091797	1.475351095199585	-0.6906023025512695	-0.11188600957393646	-2.033019542694092	5.67263650894165	6.333798408508301	1.9978351593017578
W136G	5.437106609344482	8.851173400878906	-7.424350738525391	13.873418807983398	-0.80584317445755	-1.1516287326812744	0.5605226159095764	6.63197135925293	3.3231799602508545	0.1406766176223755	2.943622589111328
W136H	2.558924913406372	-0.009601376950740814	2.070619821548462	2.1152119636535645	-0.7162875533103943	-1.677870750427246	-4.4337849617004395	-5.8793416023254395	0.8831690549850464	-2.692064046859741	-0.7781023979187012
W136I	6.128764629364014	3.4717469215393066	-0.5776829719543457	9.3337984085083	7.359369277954102	0.3931264877319336	1.260608434677124	-1.2668622732162476	1.2881497144699097	0.5503220558166504	2.7941339015960693
W136K	5.966741561889648	6.80319356918335	-0.9906107187271118	17.051145553588867	3.95451283454895	1.6532193422317505	6.815751552581787	2.854130506515503	2.508920907974243	2.36611008644104	4.898312091827393
W136L	-9.743688583374023	-5.908255577087402	-3.717529058456421	11.299789428710938	1.4901434183120728	-0.3781878352165222	2.9772443771362305	5.143242835998535	4.341574668884277	2.559809923171997	0.8064144253730774
W136M	0.5668832063674927	2.998570680618286	4.978757858276367	5.016900062561035	-3.4200024604797363	-1.6864006519317627	-7.09311056137085	-3.932650327682495	0.7860945463180542	-3.7172114849090576	-0.5502168536186218
W136N	1.4118260145187378	1.2141742706298828	-1.5639129877090454	4.268067836761475	-0.447381854057312	-1.073359727859497	-2.8642804622650146	-4.547449111938477	2.1203880310058594	-1.1515860557556152	-0.2633513808250427
W136P	-0.22947478294372559	-1.7210042476654053	-3.4251465797424316	6.94063663482666	0.04985985904932022	-2.8576242923736572	0.6686659455299377	-2.395294666290283	2.1995933055877686	-1.4728337526321411	-0.22426223754882812
W136Q	1.6109429597854614	2.162412643432617	-0.06524726748466492	7.041210651397705	1.97622811794281	1.9560189247131348	-0.9710333347320557	-4.020814895629883	3.29695987701416	-1.398423671722412	1.1588255167007446
W136R	8.483248710632324	2.8689632415771484	-3.8445165157318115	15.447714805603027	4.969453811645508	8.813570022583008	4.534786701202393	1.413610816001892	2.2859745025634766	3.00211238861084	4.797492027282715
W136S	4.712956428527832	5.243808269500732	-3.9306797981262207	11.948204040527344	1.9894877672195435	2.929126262664795	6.676220893859863	7.285423755645752	5.32356071472168	7.446486949920654	4.962459564208984
W136T	6.961962699890137	8.53990650177002	-5.2248640060424805	14.585325241088867	4.245140075683594	1.4171496629714966	5.897934436798096	2.1215713024139404	-0.278425395488739	4.987061023712158	4.3252763748168945
W136V	-1.6635701656341553	8.959503173828125	-1.7216465473175049	11.118041038513184	5.094923973083496	1.7145330905914307	1.6220669746398926	2.007833242416382	2.530278205871582	4.18302059173584	3.384498119354248
W136Y	2.8879234790802	-0.6663557291030884	5.53986930847168	-3.7764687538146973	-1.249064564704895	-1.5524619817733765	-6.400371074676514	-7.712418079376221	-0.4553722143173218	-4.123270511627197	-1.7507989406585693
G137A	-31.403053283691406	-3.828986406326294	-27.28549575805664	7.51790189743042	-16.346363067626953	-23.87139892578125	-2.8061413764953613	6.117303371429443	-2.6700663566589355	-22.011844635009766	-11.658815383911133
G137C	-2.7831854820251465	0.6316309571266174	-10.076111793518066	1.9047068357467651	-11.988218307495117	-9.728073120117188	-9.419510841369629	3.9648635387420654	1.4988341331481934	-18.985998153686523	-5.498106479644775
G137D	-7.711498260498047	-6.972591876983643	-11.186789512634277	5.262488842010498	-13.74271297454834	-14.606904029846191	-5.517684459686279	-1.7290363311767578	7.193695068359375	-27.653099060058594	-7.666413307189941
G137E	-29.64695930480957	-10.001959800720215	-33.29591369628906	6.651444911956787	-39.522823333740234	-32.406982421875	-7.517705917358398	7.716257095336914	-5.363891124725342	-31.530475616455078	-17.491899490356445
G137F	-1.6963117122650146	-1.989281177520752	-6.120019435882568	2.2914793491363525	-3.837242603302002	-8.4927339553833	0.6376366019248962	4.468892574310303	4.695958614349365	-13.959959983825684	-2.400157928466797
G137H	-2.96429181098938	0.5511133670806885	-9.230846405029297	2.6046431064605713	-11.9783353805542	-10.044384002685547	-7.640695571899414	3.791416883468628	1.3138213157653809	-19.031282424926758	-5.262884616851807
G137I	-3.1571414470672607	1.501835584640503	-9.276028633117676	7.772548675537109	-2.8732967376708984	-11.851967811584473	-0.3518814444541931	2.549344539642334	3.8423612117767334	-26.399730682373047	-3.8243956565856934
G137K	-12.525280952453613	-0.6083397269248962	-23.834115982055664	8.691262245178223	-15.782901763916016	-22.862768173217773	-5.666334629058838	-2.162142038345337	5.276230812072754	-24.509843826293945	-9.398423194885254
G137L	-22.85993003845215	4.464010715484619	-16.47026824951172	9.575252532958984	-8.070496559143066	-14.846196174621582	0.053800348192453384	16.89129066467285	-1.2017028331756592	-17.639245986938477	-5.010348320007324
G137M	-2.360354423522949	0.32689210772514343	-10.478964805603027	2.0104808807373047	-10.617192268371582	-11.211267471313477	-11.542595863342285	6.359413146972656	1.8903824090957642	-21.280813217163086	-5.690402030944824
G137N	-4.144169330596924	-3.349938154220581	-5.934022426605225	3.2367329597473145	-10.00007438659668	-10.337507247924805	-3.6550545692443848	1.2770007848739624	5.48860502243042	-26.42201805114746	-5.384044647216797
G137P	-4.790183067321777	0.6075235605239868	-8.593619346618652	3.7917985916137695	-6.329514503479004	-14.592012405395508	-3.5864198207855225	3.4357197284698486	9.074569702148438	-30.212621688842773	-5.119475841522217
G137Q	-4.358098983764648	-4.823107719421387	-8.888300895690918	4.593916416168213	-10.851591110229492	-14.496411323547363	-4.77579927444458	-1.1999458074569702	6.718598365783691	-28.947324752807617	-6.7028069496154785
G137R	-8.249459266662598	-2.20851469039917	-14.773106575012207	4.10953950881958	-11.63482666015625	-17.968231201171875	-3.8921406269073486	-0.9866153001785278	6.125516891479492	-19.471683502197266	-6.894952297210693
G137S	-18.02469253540039	-1.474169135093689	-22.60820770263672	7.683925151824951	-12.88612174987793	-19.920940399169922	-1.9232951402664185	-0.7301559448242188	0.9083296060562134	-23.115554809570312	-9.209088325500488
G137T	-10.09572982788086	-1.3991962671279907	-20.361194610595703	3.471442699432373	-7.912291526794434	-14.001368522644043	-0.4414936304092407	0.32773423194885254	1.1552793979644775	-22.516326904296875	-7.177314758300781
G137V	-8.73974323272705	3.3861398696899414	-11.46120834350586	7.760786056518555	-4.350118637084961	-13.922981262207031	0.10261031985282898	9.735180854797363	1.147927165031433	-10.894432067871094	-2.723583936691284
G137W	-4.683740615844727	-3.624821186065674	-7.150440692901611	-1.5997090339660645	-14.571345329284668	-16.653356552124023	-7.199096202850342	5.28642463684082	0.7132216691970825	-19.23697853088379	-6.871984004974365
G137Y	-4.202125549316406	-0.5835934281349182	-10.277200698852539	-0.05794265866279602	-13.10981559753418	-8.643234252929688	-12.395105361938477	3.228759288787842	1.3162262439727783	-16.298078536987305	-6.102210998535156
L138A	-23.614370346069336	-0.45768943428993225	-21.271272659301758	2.8893778324127197	-12.436330795288086	-22.91807746887207	-7.074812889099121	10.413277626037598	-19.295812606811523	-37.2294807434082	-13.099519729614258
L138C	-23.509614944458008	-15.405388832092285	-14.47321891784668	-12.42156982421875	-14.280425071716309	-26.654550552368164	-20.269420623779297	-12.091730117797852	-17.61712646484375	-21.46138572692871	-17.818443298339844
L138D	-24.145435333251953	-10.683751106262207	-16.63429832458496	-11.275896072387695	-25.906641006469727	-35.211036682128906	-12.582048416137695	-3.1589412689208984	-17.093931198120117	-35.23183059692383	-19.192378997802734
L138E	-22.11924934387207	-18.41773223876953	-25.206388473510742	-5.081717491149902	-30.396360397338867	-38.994041442871094	-14.446015357971191	11.081761360168457	-27.20065689086914	-54.87363815307617	-22.56540298461914
L138F	-2.1983532905578613	-4.696515083312988	-15.84434986114502	10.930363655090332	-3.4130733013153076	-17.446613311767578	-1.5549408197402954	7.672645092010498	-3.334662675857544	-17.936565399169922	-4.7822065353393555
L138G	-24.825719833374023	-7.980491638183594	-20.280242919921875	-9.304604530334473	-21.566070556640625	-24.791574478149414	-7.760701656341553	4.27392053604126	-22.331588745117188	-35.18204879760742	-16.974912643432617
L138H	-26.298030853271484	-12.49134635925293	-15.354462623596191	-13.248684883117676	-18.665067672729492	-29.900554656982422	-19.038414001464844	-8.36961841583252	-16.508419036865234	-27.91635513305664	-18.779094696044922
L138I	-9.679388999938965	-5.409586429595947	-14.58781623840332	5.947446823120117	-4.760056495666504	-22.14936637878418	-3.0757949352264404	0.8872602581977844	-4.86809778213501	-22.695785522460938	-8.039118766784668
L138K	-21.548734664916992	-8.001526832580566	-18.9713134765625	6.097689151763916	-21.14387321472168	-32.929527282714844	-10.045513153076172	7.8917012214660645	-14.027129173278809	-40.28683853149414	-15.296506881713867
L138M	-13.456317901611328	-8.977972030639648	-17.606698989868164	-10.368945121765137	-11.746491432189941	-23.781280517578125	-18.070598602294922	-6.511066436767578	-13.767219543457031	-26.826419830322266	-15.111300468444824
L138N	-23.813655853271484	-9.018455505371094	-15.2362699508667	-11.018251419067383	-20.58183479309082	-31.528499603271484	-12.363308906555176	-5.47410774230957	-15.871498107910156	-28.010677337646484	-17.291656494140625
L138P	-26.776010513305664	-9.673717498779297	-24.50095558166504	-8.173257827758789	-21.500242233276367	-29.266122817993164	-15.589539527893066	-6.621797561645508	-18.30365753173828	-24.519765853881836	-18.49250602722168
L138Q	-22.602188110351562	-12.511870384216309	-16.41267967224121	-9.807517051696777	-22.73658561706543	-36.262229919433594	-13.065651893615723	-5.059746265411377	-16.201627731323242	-34.49046325683594	-18.915058135986328
L138R	-20.62005043029785	-8.888487815856934	-15.292150497436523	-0.950454592704773	-21.522510528564453	-30.278562545776367	-10.046462059020996	1.6213830709457397	-13.689653396606445	-32.97366714477539	-15.264060974121094
L138S	-21.19835090637207	-4.549275875091553	-20.169591903686523	2.396531343460083	-17.07356071472168	-28.436267852783203	-9.27481460571289	6.766854763031006	-15.601544380187988	-33.64515686035156	-14.078518867492676
L138T	-15.583483695983887	-3.814953565597534	-16.677030563354492	3.2221405506134033	-12.796504974365234	-27.189823150634766	-6.786698818206787	1.0103462934494019	-9.197675704956055	-29.55095100402832	-11.73646354675293
L138V	-11.42542839050293	-1.7542728185653687	-12.158326148986816	2.7341482639312744	-1.4242116212844849	-9.614513397216797	-0.4444173276424408	9.082475662231445	-3.534348726272583	-11.992155075073242	-4.053105354309082
L138W	-22.98843765258789	-14.516587257385254	-16.897859573364258	-18.52704429626465	-14.688962936401367	-29.73716163635254	-20.519315719604492	-13.056647300720215	-18.74605941772461	-23.444276809692383	-19.31223487854004
L138Y	-24.42133903503418	-9.020768165588379	-13.582200050354004	-11.78892707824707	-12.908638954162598	-23.225143432617188	-20.48411750793457	-11.100625991821289	-16.72899627685547	-19.765106201171875	-16.30258560180664
R139A	4.423458099365234	7.076457500457764	-6.03262996673584	9.36832046508789	-6.448694705963135	9.282611846923828	4.621664524078369	0.7985707521438599	7.563962936401367	4.698022365570068	3.5351741313934326
R139C	7.817255020141602	5.587390899658203	2.912104606628418	-21.05665397644043	0.23899519443511963	-1.0847218036651611	5.139829635620117	-13.33233642578125	6.219981670379639	-1.5588983297348022	-0.911705493927002
R139D	15.757332801818848	8.175447463989258	0.5480782985687256	-5.395290374755859	-5.224397659301758	4.185164451599121	1.3014562129974365	-2.127363920211792	1.7893025875091553	-16.10943031311035	0.290030300617218
R139E	1.5512226819992065	9.114788055419922	-5.727336406707764	7.916258335113525	-1.1824634075164795	10.958643913269043	-4.284748077392578	3.2617578506469727	7.742840766906738	7.380334854125977	3.6731300354003906
R139F	0.013434700667858124	7.832460403442383	-4.239656448364258	-16.673486709594727	-6.694902420043945	-0.1842944473028183	5.054982662200928	-14.856954574584961	-0.35874706506729126	-17.524953842163086	-4.763211727142334
R139G	7.050069808959961	12.787140846252441	-3.515308380126953	3.860865592956543	-7.7473249435424805	5.150084018707275	5.545801162719727	1.5170120000839233	3.079939365386963	2.0529561042785645	2.978123664855957
R139H	8.254291534423828	-0.7083612680435181	2.8736395835876465	-14.018449783325195	-1.5025933980941772	-0.5978244543075562	4.6556501388549805	-10.616982460021973	0.44363027811050415	-10.79554557800293	-2.2012546062469482
R139I	9.019584655761719	10.956759452819824	-2.041971206665039	-2.4104738235473633	-4.193149566650391	0.8422979116439819	0.323578417301178	-12.929224014282227	4.462294578552246	-7.474025249481201	-0.3444327712059021
R139K	-2.0877439975738525	26.38923454284668	0.6402969360351562	4.251750469207764	-19.255901336669922	10.92224407196045	1.3061611652374268	-1.3098411560058594	6.685102462768555	2.556682825088501	3.009798765182495
R139L	1.791273832321167	-10.691234588623047	-4.756330490112305	-5.000202178955078	-6.094757556915283	5.203561305999756	-7.4508514404296875	-2.657727003097534	1.008164882659912	7.236030101776123	-2.141207218170166
R139M	4.758963584899902	5.275846481323242	-1.8700389862060547	-25.486135482788086	0.807438850402832	-1.321253776550293	1.9920576810836792	-19.37841796875	2.5916860103607178	-10.195549011230469	-4.282540321350098
R139N	17.47726821899414	5.778334617614746	0.6709620952606201	-14.404088020324707	-2.1085879802703857	2.491318941116333	3.154585361480713	-6.152399063110352	2.779507875442505	-18.260780334472656	-0.8573878407478333
R139P	-1.3655346632003784	0.5980467796325684	-14.036477088928223	-18.737272262573242	-4.049571990966797	1.4270727634429932	-4.979934215545654	-17.12037467956543	-4.547126770019531	-37.7419319152832	-10.055310249328613
R139Q	12.499052047729492	9.483575820922852	2.6790027618408203	-6.248793125152588	-0.9544948935508728	2.9606144428253174	1.5995712280273438	-7.9812421798706055	1.5222126245498657	-9.81604290008545	0.5743457674980164
R139S	18.553760528564453	9.36075496673584	1.0641067028045654	-0.34470221400260925	-9.200739860534668	6.168781280517578	5.003323554992676	-3.75264573097229	7.05703592300415	2.211745023727417	3.6121420860290527
R139T	17.27286720275879	9.439288139343262	0.425091952085495	1.8790349960327148	-8.926180839538574	3.9915647506713867	5.066092014312744	-3.45536470413208	6.941783428192139	-1.4105888605117798	3.122358560562134
R139V	12.60361385345459	2.8194355964660645	-4.010227203369141	3.935858964920044	-4.337406635284424	7.365318298339844	-3.275480031967163	-3.0126748085021973	5.961716175079346	7.769556999206543	2.5819709300994873
R139W	1.7403472661972046	-2.986137866973877	-0.5499378442764282	-38.61953353881836	-0.413099080324173	-0.10883842408657074	4.4132771492004395	-24.32355499267578	-3.0922982692718506	-24.594696044921875	-8.853446960449219
R139Y	3.5338711738586426	-1.544873833656311	1.0251429080963135	-30.0188045501709	-1.083274006843567	-0.9937049150466919	6.324322700500488	-21.66105079650879	-3.7313649654388428	-17.692548751831055	-6.584228515625
C140A	1.2017706632614136	9.78054428100586	-4.471432685852051	13.021425247192383	-1.8936573266983032	1.2315396070480347	1.99393892288208	14.340113639831543	7.241428852081299	7.9623799324035645	5.040804862976074
C140D	1.361953854560852	7.116086959838867	-1.5114272832870483	6.341944694519043	0.10602033883333206	-4.149596691131592	-1.7780861854553223	1.3970316648483276	2.9151217937469482	-3.7263011932373047	0.8072746396064758
C140E	-4.465603828430176	6.653819561004639	-12.230921745300293	12.49747371673584	-4.602602958679199	-7.370875835418701	-3.2006967067718506	9.57752513885498	4.265324592590332	0.4849294126033783	0.1608371138572693
C140F	3.454571485519409	3.575087785720825	-3.7113499641418457	1.1481313705444336	0.6631830930709839	-3.8392884731292725	-1.1926696300506592	-1.9311918020248413	-1.1047500371932983	0.22429248690605164	-0.2713983654975891
C140G	6.6097917556762695	10.959542274475098	-7.670445442199707	12.372535705566406	-1.963483452796936	-0.7642191052436829	2.066352605819702	11.9498872756958	2.322364568710327	4.006653308868408	3.9888978004455566
C140H	-0.7526451349258423	3.309063673019409	0.562963604927063	1.1771931648254395	-4.795564651489258	-3.183399200439453	-6.707095623016357	-7.669395923614502	0.9711159467697144	-3.685795783996582	-2.0773558616638184
C140I	5.941867351531982	3.0112342834472656	-0.5006431341171265	8.62889289855957	3.6364898681640625	-7.236654758453369	1.0935630798339844	-1.5993751287460327	0.8319757580757141	-2.2303473949432373	1.1577004194259644
C140K	2.841277599334717	8.263443946838379	-3.4293880462646484	20.328628540039062	-0.3271292746067047	-3.485779047012329	1.4423288106918335	6.4190673828125	2.667067050933838	4.529754638671875	3.9249274730682373
C140L	-7.04020881652832	3.4928860664367676	-3.9241273403167725	9.931924819946289	2.1508805751800537	-3.6229889392852783	3.6102774143218994	12.281553268432617	1.7299131155014038	4.346324443817139	2.2956435680389404
C140M	-1.0978130102157593	0.4228150546550751	5.142809867858887	3.9055635929107666	-6.285465240478516	-6.01609992980957	-5.778865814208984	-10.651175498962402	-0.711574912071228	-3.6306183338165283	-2.4700424671173096
C140N	0.8863958716392517	5.204678535461426	0.5443702936172485	7.878236770629883	-0.6325587034225464	-4.592930793762207	-2.7430973052978516	-3.087841272354126	3.911043643951416	-3.2319114208221436	0.41363850235939026
C140P	-7.320769309997559	0.5549602508544922	-5.5741376876831055	1.3008731603622437	-3.9137542247772217	-5.257716655731201	-8.096612930297852	-5.1634297370910645	-0.7567452192306519	-3.0898187160491943	-3.731714963912964
C140Q	2.70668625831604	4.883072853088379	0.5981241464614868	7.32418155670166	-0.9473826885223389	-3.3190746307373047	-0.8371880650520325	-4.705367088317871	3.4231483936309814	-2.354663133621216	0.6771537661552429
C140R	1.324466586112976	5.289140701293945	-1.6498159170150757	14.893077850341797	0.9994718432426453	-2.50698184967041	1.339768648147583	3.202730894088745	2.4591591358184814	1.8793772459030151	2.723039388656616
C140S	3.114145278930664	10.304055213928223	-3.444884777069092	4.474838733673096	-1.2566709518432617	-0.6823188066482544	1.7557528018951416	4.5601301193237305	4.278053283691406	2.4255175590515137	2.5528616905212402
C140T	1.2396981716156006	10.33346939086914	-0.9858956336975098	1.5978002548217773	-0.0066233351826667786	-2.0446879863739014	2.9768667221069336	1.9476603269577026	3.0519285202026367	3.2902164459228516	2.1400434970855713
C140V	-2.0066542625427246	10.589526176452637	1.1289085149765015	7.704542636871338	4.317501068115234	0.001668345183134079	0.7852460741996765	7.806732654571533	4.114924430847168	2.873805522918701	3.7316200733184814
C140W	-2.3377444744110107	2.1698081493377686	0.5620721578598022	1.2985345125198364	-7.358434200286865	-4.656414985656738	-8.240190505981445	-9.538863182067871	-2.503199338912964	-3.755408763885498	-3.4359841346740723
C140Y	-1.1992051601409912	-0.6597517728805542	4.980058193206787	-3.661339282989502	-5.362728595733643	-5.377486228942871	-5.62449312210083	-11.237163543701172	-0.5021449327468872	-4.380841255187988	-3.3025097846984863
L141A	-16.07679557800293	-8.9349365234375	-13.55015754699707	4.176150321960449	-12.583897590637207	-14.593809127807617	-3.989354133605957	7.196775913238525	-6.433691501617432	-11.747614860534668	-7.653733253479004
L141C	-9.767955780029297	-19.028488159179688	-10.712002754211426	-12.011678695678711	-11.646697044372559	-13.637884140014648	-6.566922187805176	-11.682536125183105	-9.26564884185791	-9.280311584472656	-11.360013008117676
L141D	-23.46807098388672	-18.434513092041016	-13.438578605651855	-7.236247539520264	-26.82225227355957	-19.13385772705078	-4.834832191467285	-3.229158639907837	-13.471152305603027	-17.384416580200195	-14.745307922363281
L141E	-23.606494903564453	-19.509279251098633	-20.998085021972656	-1.0512592792510986	-30.700359344482422	-29.462162017822266	-12.955105781555176	3.2380683422088623	-10.88079833984375	-24.337440490722656	-17.026290893554688
L141F	-8.878561973571777	-3.0243120193481445	-15.1347017288208	1.7526041269302368	-18.216880798339844	-8.941060066223145	-1.038947582244873	-2.4007997512817383	-9.517427444458008	-6.184915065765381	-7.158499717712402
L141G	-19.824758529663086	-14.58894157409668	-18.45258903503418	1.725814700126648	-22.43519401550293	-16.2314453125	-6.142703056335449	2.120363235473633	-12.437446594238281	-15.92829704284668	-12.21951961517334
L141H	-20.588178634643555	-13.399701118469238	-12.491315841674805	-15.209452629089355	-18.54791831970215	-16.331775665283203	-9.4662504196167	-7.19477653503418	-11.146125793457031	-13.352893829345703	-13.772839546203613
L141I	-8.748995780944824	-5.7954511642456055	-11.214801788330078	3.6974077224731445	-17.59758949279785	-13.491321563720703	-0.0226668082177639	-2.9949159622192383	-9.0271577835083	-3.599193572998047	-6.879469394683838
L141K	-23.580472946166992	-14.98976993560791	-15.946518898010254	1.6030960083007812	-24.769895553588867	-20.875410079956055	-5.913341522216797	5.9759602546691895	-12.464420318603516	-16.815378189086914	-12.777616500854492
L141M	-11.214997291564941	-18.291364669799805	-13.59411907196045	-9.724199295043945	-14.758293151855469	-14.353296279907227	-6.689108371734619	-7.241003513336182	-6.598598957061768	-13.70180606842041	-11.616679191589355
L141N	-26.770212173461914	-20.102209091186523	-14.588822364807129	-7.583198070526123	-23.048460006713867	-15.618950843811035	-4.7989821434021	-6.876063823699951	-13.015066146850586	-11.84499454498291	-14.42469596862793
L141P	-28.49833106994629	-16.21659278869629	-19.03899383544922	-10.654892921447754	-27.25800323486328	-16.065183639526367	-9.831870079040527	-5.797637939453125	-14.25732135772705	-13.32495403289795	-16.094379425048828
L141Q	-18.25575828552246	-19.158096313476562	-14.149398803710938	-11.869695663452148	-29.16230010986328	-19.097026824951172	-4.6412882804870605	-5.601682662963867	-11.277191162109375	-14.270125389099121	-14.748255729675293
L141R	-18.305484771728516	-15.494370460510254	-13.093659400939941	-1.5981509685516357	-24.154638290405273	-22.317596435546875	-3.1176321506500244	4.720263481140137	-12.29494571685791	-16.173856735229492	-12.18300724029541
L141S	-17.80375099182129	-11.028970718383789	-16.707416534423828	1.021721363067627	-25.30522346496582	-14.355128288269043	-5.039689540863037	4.348041534423828	-9.257233619689941	-12.025933265686035	-10.615357398986816
L141T	-11.011018753051758	-3.735360622406006	-14.906495094299316	1.192305564880371	-23.972253799438477	-12.875823020935059	-1.875301480293274	-0.47039473056793213	-7.075119972229004	-7.804693698883057	-8.253416061401367
L141V	-13.975871086120605	-2.9753518104553223	-7.201711654663086	4.0113654136657715	-4.3985676765441895	-2.6837785243988037	1.4264416694641113	0.20079360902309418	-11.348990440368652	-1.1437501907348633	-3.8089420795440674
L141W	-14.303384780883789	-14.2843656539917	-15.065694808959961	-18.239038467407227	-14.996085166931152	-19.241744995117188	-11.124284744262695	-13.178117752075195	-10.86218547821045	-11.922109603881836	-14.321699142456055
L141Y	-13.08650016784668	-12.445073127746582	-12.206022262573242	-11.843544006347656	-13.228790283203125	-12.084136009216309	-10.993892669677734	-8.833114624023438	-8.909972190856934	-10.595376014709473	-11.42264175415039
K142A	-7.623445510864258	0.9554387331008911	-23.660518646240234	-2.194322109222412	-9.172552108764648	-6.457917213439941	0.08999961614608765	0.8518975973129272	-5.067107200622559	-0.5640110373497009	-5.284253120422363
K142C	1.170342206954956	-16.031261444091797	-9.658655166625977	-32.42858123779297	-5.233259677886963	-3.3758692741394043	-9.670549392700195	-13.741933822631836	-3.67698073387146	-6.358920574188232	-9.900566101074219
K142D	-6.1313581466674805	-10.55137825012207	-20.7262020111084	-13.958452224731445	-17.279279708862305	-8.676225662231445	-5.4381279945373535	-2.03104567527771	-7.398473739624023	-6.650354862213135	-9.884088516235352
K142E	-16.000438690185547	-1.808014154434204	-32.40031433105469	-8.928001403808594	-18.91217041015625	-14.387208938598633	-4.725147247314453	2.2164604663848877	-2.012749433517456	-14.428889274597168	-11.138646125793457
K142F	-2.3962464332580566	-1.4377431869506836	-10.82332992553711	-20.29751205444336	-12.152566909790039	-4.76265287399292	-9.667171478271484	-16.167444229125977	-5.820645809173584	-16.042789459228516	-9.956809997558594
K142G	-10.256782531738281	-3.0292086601257324	-33.13692855834961	-9.628915786743164	-21.017961502075195	-8.843106269836426	-2.745105266571045	-0.7861505150794983	-13.157499313354492	-7.660037517547607	-11.026168823242188
K142H	-1.4468741416931152	-17.507455825805664	-8.664438247680664	-22.31357765197754	-14.664530754089355	-4.845929145812988	-10.16520881652832	-7.275057792663574	-3.573455572128296	-4.901050090789795	-9.535757064819336
K142I	-8.733009338378906	4.867588996887207	-8.908016204833984	-10.042341232299805	-7.170283317565918	-5.396384239196777	-1.7935595512390137	-11.999698638916016	1.9571270942687988	-9.455127716064453	-5.667370796203613
K142L	-2.757570505142212	5.638041973114014	-6.4704694747924805	-1.5825217962265015	-4.987893104553223	-0.4527420997619629	-7.857001781463623	-4.987600326538086	2.130643367767334	3.639725685119629	-1.7687389850616455
K142M	0.9168603420257568	-16.650177001953125	-18.12244415283203	-33.71049118041992	-4.645744800567627	-5.63308048248291	-6.464682102203369	-14.6681547164917	-0.35806959867477417	-10.5126953125	-10.984868049621582
K142N	-2.78726863861084	-12.729846954345703	-19.543418884277344	-17.142377853393555	-12.406144142150879	-7.587296485900879	-5.127030849456787	-8.9723482131958	-4.085483551025391	-9.327821731567383	-9.970903396606445
K142P	-7.927883625030518	-23.91604995727539	-27.9368896484375	-23.179462432861328	-16.854278564453125	-7.084700107574463	-11.582571983337402	-14.344270706176758	-13.970600128173828	-29.200347900390625	-17.59970474243164
K142Q	-6.744431495666504	-18.393259048461914	-19.045974731445312	-23.098920822143555	-16.51851463317871	-10.370186805725098	-4.172245502471924	-6.0584940910339355	-4.3686394691467285	-8.286788940429688	-11.705745697021484
K142R	-8.585821151733398	-2.0278148651123047	-15.165369033813477	-11.686408042907715	-15.478205680847168	-5.515056610107422	-5.664652347564697	-1.8390628099441528	-3.6834728717803955	-0.9339635968208313	-7.057982444763184
K142S	-9.65392780303955	-6.159456729888916	-25.761550903320312	-16.655088424682617	-21.87677574157715	-8.330562591552734	-1.9916186332702637	-2.959926128387451	-10.751405715942383	-6.003559112548828	-11.014386177062988
K142T	-5.18923807144165	-4.466907024383545	-21.34830093383789	-10.424266815185547	-15.00133228302002	-5.324841499328613	-3.443476676940918	-3.536881446838379	-4.082365989685059	0.12124653905630112	-7.2696356773376465
K142V	-1.6223896741867065	13.606072425842285	-3.759152889251709	5.956967830657959	-2.1362998485565186	-2.989752769470215	-3.9789624214172363	-2.1222870349884033	-3.871229887008667	6.527398109436035	0.5610363483428955
K142W	0.5741568207740784	-22.18860626220703	-20.01641845703125	-35.7735595703125	-6.618987083435059	-4.583578109741211	-16.30696678161621	-22.132137298583984	-11.798833847045898	-20.191429138183594	-15.903635025024414
K142Y	1.4434714317321777	-17.469364166259766	-8.003305435180664	-29.1088924407959	-6.587986946105957	-5.152437210083008	-14.293664932250977	-11.17695426940918	-4.553617477416992	-10.658385276794434	-10.556114196777344
E143A	9.193151473999023	21.389448165893555	0.26425620913505554	12.835882186889648	-4.767463684082031	9.925026893615723	3.020738124847412	5.8265461921691895	6.227461814880371	8.311527252197266	7.222657680511475
E143C	5.5576558113098145	5.086071968078613	5.935208797454834	-15.792284965515137	2.5058600902557373	1.9893543720245361	14.91948127746582	-17.23248291015625	1.1722272634506226	-7.182079792022705	-0.30409878492355347
E143D	12.956745147705078	14.273635864257812	2.585153579711914	-0.9411653280258179	0.16185978055000305	8.597606658935547	8.916465759277344	1.7438887357711792	3.7801120281219482	-1.0477535724639893	5.102654933929443
E143F	5.246240139007568	9.151260375976562	3.28643798828125	1.879479169845581	-11.285566329956055	1.740143060684204	8.4620943069458	-2.164163827896118	2.8809733390808105	-1.0057270526885986	1.8191169500350952
E143G	10.941692352294922	33.95220184326172	1.0061291456222534	6.083818435668945	-7.491689682006836	13.717056274414062	5.600888729095459	7.591713905334473	5.813061237335205	11.98928165435791	8.920415878295898
E143H	7.177709102630615	4.756945610046387	4.161657333374023	-7.08693790435791	1.5443744659423828	4.47309684753418	10.1301851272583	-5.3875627517700195	2.523430347442627	-11.289106369018555	1.1003789901733398
E143I	6.9035186767578125	13.163220405578613	3.3389317989349365	7.65267276763916	-8.848849296569824	3.01704740524292	9.727388381958008	1.0201703310012817	8.8347749710083	3.618595600128174	4.842746734619141
E143K	10.242549896240234	30.02103614807129	5.901061058044434	7.913638114929199	-0.890777051448822	14.909745216369629	11.623225212097168	5.899899482727051	7.897920608520508	8.544713973999023	10.20630168914795
E143L	3.83078932762146	-8.938075065612793	-6.91295051574707	1.4695603847503662	-1.4154183864593506	4.937664985656738	-5.510889530181885	-12.393241882324219	2.7456650733947754	2.86761736869812	-1.9319279193878174
E143M	5.367026329040527	2.8067619800567627	3.9446632862091064	-8.16346549987793	3.5297141075134277	3.427626132965088	11.754484176635742	-12.238099098205566	3.117110013961792	-9.464005470275879	0.40818148851394653
E143N	9.617158889770508	10.471321105957031	2.8583858013153076	-3.7210237979888916	-0.20588037371635437	5.8922576904296875	9.886449813842773	-0.6128184199333191	2.958437442779541	-2.101520299911499	3.504276752471924
E143P	5.417454719543457	7.0754170417785645	-1.8833229541778564	-13.788680076599121	-3.483506679534912	3.8355188369750977	11.352008819580078	-6.981288433074951	-0.5643395185470581	-11.988120079040527	-1.1008856296539307
E143Q	15.493071556091309	14.878548622131348	3.7969045639038086	1.2822422981262207	1.0319874286651611	9.22170352935791	10.864699363708496	2.6184515953063965	7.502278804779053	-3.358098030090332	6.333178997039795
E143R	11.475441932678223	16.86635398864746	5.004174709320068	7.217040061950684	0.48885220289230347	9.185647010803223	10.235869407653809	4.528275489807129	9.445488929748535	7.930457592010498	8.237760543823242
E143S	12.560012817382812	29.29432487487793	4.222564697265625	7.9176344871521	-11.568822860717773	10.485315322875977	7.218614101409912	7.041557312011719	6.148921489715576	8.056199073791504	8.1376314163208
E143T	13.246768951416016	22.545509338378906	4.963808059692383	9.828916549682617	-9.617338180541992	7.667705535888672	8.327393531799316	3.0200259685516357	8.949440956115723	8.25401496887207	7.718625068664551
E143V	8.127081871032715	-5.053744792938232	-0.9744259119033813	5.086251735687256	-3.0122780799865723	1.951463222503662	5.285881519317627	3.5304131507873535	6.054010391235352	3.7891011238098145	2.4783754348754883
E143W	3.333081007003784	1.7454540729522705	4.500047206878662	-23.916461944580078	2.4072718620300293	2.0446324348449707	13.601907730102539	-21.07332420349121	-1.6488893032073975	-12.219627380371094	-3.1225907802581787
E143Y	4.64132833480835	-1.1808416843414307	4.370312690734863	-22.090932846069336	1.986085057258606	1.139535903930664	11.466642379760742	-21.990381240844727	-1.5169305801391602	-19.33230209350586	-4.250748634338379
Q144A	-1.8298767805099487	7.573977470397949	-2.859159231185913	5.087830543518066	-8.003988265991211	6.41018533706665	-1.6993402242660522	-5.380458831787109	5.3177876472473145	0.4473506808280945	0.5064307451248169
Q144C	6.183786392211914	-14.920816421508789	-6.155574321746826	-31.264453887939453	-3.0841777324676514	-11.527023315429688	-3.8039965629577637	-10.972270011901855	0.6174633502960205	-17.281599044799805	-9.220866203308105
Q144D	4.962641716003418	-4.182959079742432	-4.097732067108154	-6.601545810699463	-9.90670108795166	1.0682193040847778	-1.7725837230682373	-3.5123531818389893	3.060699701309204	1.0791491270065308	-1.99031662940979
Q144E	-12.416869163513184	3.187689781188965	-3.979193687438965	12.901598930358887	-10.316424369812012	4.768267631530762	-4.601731777191162	3.903439521789551	0.36212921142578125	-8.021835327148438	-1.421293020248413
Q144F	8.737141609191895	-0.9579427242279053	-3.205786943435669	-17.615726470947266	-10.175508499145508	-6.236597537994385	-2.410738468170166	-15.849475860595703	0.882870078086853	1.1830430030822754	-4.564871788024902
Q144G	-2.5702245235443115	6.824735641479492	-11.029687881469727	0.9742506742477417	-7.330832004547119	4.190847873687744	-3.2947278022766113	-0.5070255398750305	4.9515180587768555	0.8179925084114075	-0.6973152756690979
Q144H	7.062784671783447	-10.65034294128418	-4.817613124847412	-21.01072120666504	-5.640007495880127	-8.237425804138184	-4.5040812492370605	-7.545600891113281	1.4319604635238647	-11.750116348266602	-6.5661163330078125
Q144I	8.597146034240723	0.26956358551979065	-1.5310542583465576	-6.498115539550781	-7.1554951667785645	1.799593210220337	0.050057534128427505	-11.29321002960205	1.5524357557296753	5.103379726409912	-0.910569965839386
Q144K	0.7921794652938843	4.414165496826172	-1.8840272426605225	5.640533447265625	-7.745303153991699	9.083791732788086	0.3772749900817871	-3.868929386138916	0.9065998196601868	3.9867122173309326	1.170299768447876
Q144L	-2.389218330383301	-13.113929748535156	-2.5740275382995605	2.3879904747009277	-8.919187545776367	3.372096538543701	-1.2864351272583008	-16.356698989868164	3.5683529376983643	2.0283501148223877	-3.328270673751831
Q144M	6.140204429626465	-12.851577758789062	-2.6788861751556396	-23.580076217651367	-4.7209553718566895	-9.326088905334473	-7.011617660522461	-8.64168930053711	0.04610486328601837	-15.183533668518066	-7.7808122634887695
Q144N	7.11070442199707	-6.021989345550537	-7.450955867767334	-17.955236434936523	-10.32490348815918	-3.019993782043457	-1.558356761932373	-13.284080505371094	2.0547475814819336	-7.114619731903076	-5.756468296051025
Q144P	4.987733840942383	-8.429462432861328	-9.08986759185791	-18.869388580322266	-9.59115219116211	-2.396101236343384	-4.35305118560791	-17.83844757080078	-0.36454111337661743	-15.491270065307617	-8.143555641174316
Q144R	1.1540700197219849	-0.5736169219017029	-2.6561808586120605	1.9441139698028564	-8.043973922729492	3.559645175933838	-1.0338658094406128	-2.3806650638580322	1.4750272035598755	4.823313236236572	-0.17321333289146423
Q144S	6.507650375366211	8.479782104492188	-3.1100006103515625	-6.125801086425781	-6.799070835113525	4.510409355163574	-1.707749843597412	-4.985589504241943	3.908745288848877	4.267478942871094	0.49458542466163635
Q144T	10.64120101928711	11.338897705078125	-1.8891985416412354	-3.9672975540161133	-3.188662052154541	2.538027763366699	-0.47255006432533264	-10.55311107635498	3.4020638465881348	3.319571018218994	1.1168943643569946
Q144V	0.4828909635543823	4.323297500610352	-3.546287775039673	-0.0004685819149017334	-10.664278030395508	3.85551381111145	-1.6767246723175049	-15.065500259399414	1.361993432044983	4.044864654541016	-1.6884698867797852
Q144W	3.3016557693481445	-12.557731628417969	-6.0794782638549805	-29.3067684173584	-4.058178424835205	-9.307914733886719	-8.5792236328125	-12.054816246032715	0.11696640402078629	-26.741079330444336	-10.526657104492188
Q144Y	4.606578826904297	-14.502954483032227	-6.545803070068359	-32.00175476074219	-3.916262626647949	-15.679943084716797	-9.713690757751465	-12.330911636352539	0.6723204851150513	-20.972471237182617	-11.03848934173584
G145A	9.067047119140625	22.7747745513916	-0.1174105554819107	5.593112945556641	2.7151193618774414	11.521159172058105	1.337331771850586	-2.87349796295166	5.911459445953369	3.30857253074646	5.92376708984375
G145C	5.08693265914917	2.259948253631592	3.2234654426574707	4.833494186401367	8.893631935119629	0.7176056504249573	2.884755849838257	-6.048550605773926	-0.9977201223373413	7.9707136154174805	2.88242769241333
G145D	3.708787679672241	7.3975982666015625	2.236109972000122	7.288661956787109	-1.8651158809661865	5.625420570373535	0.9871191382408142	-6.170489311218262	0.49727433919906616	5.057768821716309	2.476313352584839
G145E	9.124486923217773	17.988039016723633	-1.1231757402420044	3.4936914443969727	3.389390230178833	11.62200927734375	-0.8884034752845764	-0.4968281090259552	2.87933349609375	3.3310115337371826	4.931954860687256
G145F	7.802307605743408	4.358547210693359	0.5561046600341797	9.076205253601074	-5.928653240203857	1.0991106033325195	-0.624406099319458	-10.168740272521973	1.4767606258392334	0.6081335544586182	0.8255366086959839
G145H	7.11658239364624	2.6466174125671387	2.3658969402313232	4.403291702270508	6.681192874908447	3.6719446182250977	1.9108800888061523	-6.271110534667969	-1.226322054862976	6.824375152587891	2.8123347759246826
G145I	5.028320789337158	6.513665199279785	0.9499243497848511	8.062859535217285	-4.534700393676758	1.770809292793274	0.34521716833114624	-12.0205659866333	0.17974071204662323	2.337132215499878	0.8632404208183289
G145K	2.8111276626586914	23.194416046142578	0.7987669706344604	14.728273391723633	-2.7223219871520996	9.89395809173584	0.244828999042511	-3.1768734455108643	1.3433971405029297	4.665377616882324	5.178095817565918
G145L	-0.8391863107681274	11.995229721069336	-8.064094543457031	1.398848295211792	-6.247753143310547	1.7212629318237305	-2.3433878421783447	-13.255084037780762	5.241870403289795	-5.090730667114258	-1.548302412033081
G145M	5.052484512329102	2.6565959453582764	2.4486327171325684	3.544477939605713	9.15404987335205	1.4445629119873047	2.889688730239868	-6.683457851409912	-1.8926211595535278	6.2516984939575195	2.4866108894348145
G145N	6.697741508483887	4.152665615081787	3.969189167022705	6.057079315185547	0.8548437356948853	3.9260213375091553	0.7227205634117126	-6.235872745513916	-2.8491175174713135	3.6780812740325928	2.0973353385925293
G145P	5.632565975189209	5.211993217468262	1.9678503274917603	5.525021076202393	-0.23900344967842102	0.978301465511322	0.09963935613632202	-6.727381229400635	-1.4053696393966675	1.5242568254470825	1.2567875385284424
G145Q	10.5780029296875	10.226273536682129	3.7539472579956055	6.257228374481201	3.6360011100769043	4.59067964553833	2.601422071456909	-6.018824100494385	1.6931496858596802	5.233692169189453	4.255156993865967
G145R	4.111647605895996	14.844882011413574	0.8101736307144165	10.09720230102539	-0.8533086180686951	6.821846008300781	-0.6132879853248596	-4.268229961395264	1.4553073644638062	5.27833890914917	3.7684569358825684
G145S	5.7314324378967285	18.90726661682129	-0.7897465229034424	12.814926147460938	1.405540108680725	7.963323593139648	2.249056339263916	-4.10459566116333	2.470423936843872	3.2623660564422607	4.991000175476074
G145T	5.361902236938477	18.104055404663086	-0.2897660732269287	11.887593269348145	-1.5801159143447876	5.174600124359131	0.7580847144126892	-9.097295761108398	0.7622848749160767	3.3994836807250977	3.448082447052002
G145V	3.4846105575561523	8.291122436523438	-1.7513571977615356	4.1604461669921875	-0.564878523349762	4.48652982711792	0.2605683207511902	-11.8049898147583	1.508897304534912	2.8621299266815186	1.0933079719543457
G145W	4.466091156005859	2.22398042678833	2.4239964485168457	2.8055500984191895	8.423324584960938	0.5378713011741638	4.718972682952881	-7.404604911804199	0.016749128699302673	6.2783074378967285	2.449023723602295
G145Y	4.171132564544678	2.356203317642212	2.566744804382324	2.052408218383789	9.322444915771484	0.5138413906097412	2.76133131980896	-7.476958274841309	-2.09755802154541	6.324365139007568	2.0493953227996826
Y146A	-8.004337310791016	-4.430589199066162	-18.73244285583496	0.823573112487793	-18.177762985229492	-7.966388702392578	-5.249588489532471	-2.0361762046813965	-5.7055134773254395	-5.125974655151367	-7.460520267486572
Y146C	-4.891828536987305	-5.609565734863281	-10.412989616394043	-12.053191184997559	-3.0881612300872803	-19.50272560119629	-11.673074722290039	-11.453978538513184	0.14998318254947662	-10.784008979797363	-8.931954383850098
Y146D	-18.913957595825195	-5.309278964996338	-26.784948348999023	-17.7226505279541	-30.254680633544922	-10.70022201538086	-10.715559959411621	-5.466786861419678	-3.55798077583313	-5.686531066894531	-13.511260986328125
Y146E	-16.470144271850586	-20.712663650512695	-26.985233306884766	-13.45788860321045	-23.65273094177246	-18.787004470825195	-4.214250087738037	1.2854784727096558	-2.7926013469696045	-13.747533798217773	-13.953457832336426
Y146F	-12.665922164916992	1.650292158126831	-5.646129131317139	-7.728335380554199	-21.027530670166016	-6.715434551239014	-18.060279846191406	-14.19275188446045	-5.7294135093688965	-10.062240600585938	-10.01777458190918
Y146G	-10.291130065917969	-14.875378608703613	-27.547866821289062	-8.877581596374512	-27.874401092529297	-14.25456428527832	-8.975337028503418	-5.574889659881592	-11.965922355651855	-11.307692527770996	-14.154475212097168
Y146H	-9.1694917678833	-12.071146011352539	-16.708894729614258	-15.734411239624023	-17.891643524169922	-15.208810806274414	-10.873994827270508	-6.759364604949951	-0.5343883633613586	-10.804998397827148	-11.575714111328125
Y146I	-13.548809051513672	4.927285671234131	-4.971756935119629	-4.12434196472168	-17.48963165283203	-9.53569507598877	-14.3822660446167	-8.67725944519043	-2.2820968627929688	-4.445774555206299	-7.4530348777771
Y146K	-22.353002548217773	-7.188063144683838	-28.88055419921875	-12.89271354675293	-34.98031997680664	-15.329753875732422	-9.426897048950195	-5.726805686950684	-7.675507068634033	-9.639562606811523	-15.409317016601562
Y146L	1.711130976676941	6.193769454956055	3.217071294784546	9.870160102844238	-3.0460243225097656	-1.6666315793991089	-2.017265796661377	1.3724995851516724	-3.8775794506073	6.429110050201416	1.8186241388320923
Y146M	-7.6993536949157715	-4.446639537811279	-12.702227592468262	-16.785436630249023	-7.435295104980469	-17.88991928100586	-15.365260124206543	-11.714286804199219	-0.5072713494300842	-15.743651390075684	-11.028934478759766
Y146N	-15.659894943237305	-7.488933086395264	-18.13099479675293	-22.653696060180664	-22.527355194091797	-7.195418357849121	-13.462091445922852	-2.9521331787109375	-1.5064717531204224	-7.19762659072876	-11.877461433410645
Y146P	-22.31340980529785	-12.681509017944336	-26.103878021240234	-15.284733772277832	-24.681472778320312	-10.57382583618164	-9.66702651977539	-6.627473831176758	-5.916223049163818	-12.635834693908691	-14.648538589477539
Y146Q	-17.980371475219727	-11.647461891174316	-23.371620178222656	-22.398794174194336	-31.851734161376953	-13.212364196777344	-14.837032318115234	-1.93096125125885	-3.58249831199646	-10.15399169921875	-15.09668254852295
Y146R	-17.767393112182617	-7.474336624145508	-20.083049774169922	-17.78437614440918	-31.40643310546875	-9.305984497070312	-13.254775047302246	-2.573430061340332	-7.5651774406433105	-8.779143333435059	-13.599409103393555
Y146S	-13.525498390197754	-1.5310986042022705	-25.00701141357422	-9.042329788208008	-24.447656631469727	-10.465667724609375	-8.055419921875	-10.44012451171875	-6.5159687995910645	-5.889646530151367	-11.49204158782959
Y146T	-11.784258842468262	2.7621383666992188	-13.183887481689453	-8.376362800598145	-18.904558181762695	-10.877031326293945	-11.959315299987793	-8.20119857788086	-6.450911998748779	-4.429540634155273	-9.140493392944336
Y146V	-3.0031251907348633	12.90725040435791	-0.23751720786094666	5.905647277832031	-8.210260391235352	-2.8395886421203613	-3.469113349914551	-1.9762794971466064	-2.355421543121338	7.062930583953857	0.37845224142074585
Y146W	-7.826543807983398	-10.120800018310547	-19.225643157958984	-25.482908248901367	-5.128647804260254	-14.211645126342773	-17.244184494018555	-16.968753814697266	-2.820401668548584	-19.5122013092041	-13.854174613952637
D147A	-7.686263084411621	15.982919692993164	-10.913043975830078	1.3838764429092407	-11.273085594177246	3.045816659927368	-1.9773483276367188	-2.594132661819458	1.003243327140808	-2.135057210922241	-1.5163074731826782
D147C	10.29676628112793	8.563451766967773	3.219167470932007	-40.03374481201172	7.120244979858398	-7.965305328369141	-3.849797487258911	-16.447113037109375	-2.24222469329834	-0.02362818270921707	-4.136218070983887
D147E	0.3947836756706238	16.737247467041016	-6.871853351593018	8.88736629486084	-6.721377849578857	14.061209678649902	0.5449977517127991	2.601897954940796	6.618624210357666	-0.8359125256538391	3.541698932647705
D147F	-12.891918182373047	0.8150026798248291	-2.021692991256714	-24.22369384765625	-7.137369632720947	0.35459640622138977	-6.137000560760498	-38.99823760986328	-4.291371822357178	-19.440332412719727	-11.397202491760254
D147G	-7.168674945831299	16.666160583496094	-12.27627182006836	-7.067795753479004	-10.557823181152344	0.024666335433721542	-6.177265167236328	-4.65775203704834	-6.222691535949707	-2.6870853900909424	-4.012453079223633
D147H	7.7439985275268555	6.130735874176025	0.773281455039978	-37.250553131103516	3.9118340015411377	-5.435128211975098	-8.216693878173828	-15.340400695800781	-3.7664499282836914	-6.647780895233154	-5.809715747833252
D147I	-7.251718044281006	3.32242488861084	-1.5576711893081665	-19.415735244750977	-2.0666160583496094	1.1659338474273682	-2.658785343170166	-17.558609008789062	-0.46995389461517334	-12.937503814697266	-5.94282341003418
D147K	-4.739574909210205	14.976572036743164	-1.7536530494689941	-0.9102143049240112	-1.965291142463684	3.656132221221924	-1.0010828971862793	-3.7601442337036133	0.1841200441122055	-8.945556640625	-0.42586928606033325
D147L	-9.732330322265625	2.325507640838623	-5.9188642501831055	-7.47518253326416	-14.809576988220215	-1.8536550998687744	-3.2170238494873047	-16.59063720703125	-5.7110514640808105	0.45494669675827026	-6.252787113189697
D147M	7.98601770401001	6.4680256843566895	0.5997782945632935	-40.52802276611328	7.230206489562988	-6.799089431762695	-9.874361991882324	-21.024080276489258	-2.854243516921997	-8.328263282775879	-6.712403774261475
D147N	4.710994243621826	9.07061767578125	1.064970850944519	-22.31622886657715	2.598884344100952	-3.2945199012756348	-6.998602390289307	-8.55815601348877	-2.0170669555664062	-12.035632133483887	-3.7774739265441895
D147P	-0.7886081337928772	3.8511857986450195	-6.263154983520508	-30.805763244628906	-0.12354854494333267	-6.71046257019043	-2.247600555419922	-30.869192123413086	1.0298266410827637	-31.67972755432129	-10.460704803466797
D147Q	-0.14024806022644043	7.75097131729126	1.3969169855117798	-17.08680534362793	2.8049819469451904	-0.4268292486667633	-7.270791053771973	-10.760369300842285	2.1875123977661133	-17.63529396057129	-3.9179954528808594
D147R	-4.345595359802246	4.319591522216797	0.7234386205673218	-2.769174814224243	1.8222049474716187	3.67647123336792	-3.551830768585205	-7.6675705909729	2.326155662536621	-6.830254077911377	-1.229656457901001
D147S	0.3484846353530884	19.584762573242188	-7.153738021850586	2.625741720199585	-2.995748519897461	3.266282558441162	-0.8848603367805481	-2.6682488918304443	2.270570993423462	-3.3034870624542236	1.1089760065078735
D147T	2.3795957565307617	15.500932693481445	-1.535370945930481	-1.7617348432540894	-2.1403441429138184	2.0411181449890137	-0.7325429320335388	-6.223459720611572	3.6262879371643066	-4.1414666175842285	0.7013014554977417
D147V	-6.219315528869629	2.186758041381836	-2.5185513496398926	-1.9386544227600098	-12.518718719482422	0.4467148184776306	-1.071218729019165	-18.23456573486328	-0.2135019451379776	1.8884695768356323	-3.819258451461792
D147W	8.316299438476562	6.536417484283447	-1.8205379247665405	-57.510398864746094	7.50644588470459	-6.608748435974121	-7.954024314880371	-31.1158447265625	-6.131540775299072	-11.625256538391113	-10.040719032287598
D147Y	8.542121887207031	7.46685266494751	1.5542917251586914	-50.13484191894531	7.177750110626221	-8.460691452026367	-7.060254096984863	-19.80931282043457	-3.228703022003174	-4.1517534255981445	-6.81045389175415
P148A	-2.2089226245880127	9.871589660644531	-7.7953782081604	2.6627490520477295	-11.914626121520996	5.8837175369262695	6.604318618774414	-5.9946465492248535	-4.9556474685668945	-4.268049240112305	-1.2114894390106201
P148C	-3.529507637023926	3.594252824783325	-5.022173881530762	-5.5447611808776855	-2.285217761993408	-9.688685417175293	-5.976860523223877	-15.326916694641113	1.1579104661941528	-6.312568664550781	-4.8934526443481445
P148D	-8.255019187927246	-0.36389485001564026	-6.440269947052002	-4.318662643432617	-15.200435638427734	-1.145371437072754	-3.405863046646118	-8.573118209838867	-0.7996054887771606	-7.6847825050354	-5.6187028884887695
P148E	-12.735097885131836	0.6967723369598389	-10.522934913635254	5.78416109085083	-12.89949893951416	0.8740571141242981	6.203690052032471	-2.9548227787017822	-1.7317054271697998	-7.766534328460693	-3.5051910877227783
P148F	-3.71162748336792	4.047001361846924	-3.9606704711914062	-8.567882537841797	-21.350271224975586	-1.5385217666625977	-0.7193455100059509	-16.153566360473633	-9.605344772338867	-5.315443515777588	-6.687567234039307
P148G	-3.4038493633270264	7.331395626068115	-8.330348014831543	-1.8785481452941895	-17.14470672607422	2.231733798980713	3.5063023567199707	-6.778128147125244	-4.576643466949463	-8.100248336791992	-3.714303970336914
P148H	-4.027496814727783	-1.831127405166626	-6.444223880767822	-3.1122326850891113	-9.230311393737793	-6.611155033111572	-3.848097562789917	-12.005236625671387	1.0251911878585815	-7.762986660003662	-5.384767532348633
P148I	-7.573272705078125	7.393498420715332	-0.7612701654434204	-1.3626312017440796	-11.080470085144043	-2.7622289657592773	-3.941866159439087	-16.23223876953125	-7.282376766204834	-5.027503490447998	-4.863036155700684
P148K	-7.531815528869629	11.514328002929688	-7.73435640335083	1.3788433074951172	-19.174823760986328	3.7244863510131836	-3.403611660003662	-9.917606353759766	-6.590641021728516	-4.328857898712158	-4.2064056396484375
P148L	-6.266291618347168	12.69492244720459	-0.10697254538536072	14.408388137817383	-2.985464096069336	4.724836349487305	2.2810728549957275	2.615910768508911	-4.471368789672852	6.126478672027588	2.902151107788086
P148M	-6.010523319244385	2.528435707092285	-8.385250091552734	-3.430469512939453	-3.3402035236358643	-10.16101360321045	-8.933222770690918	-14.77026081085205	0.29275333881378174	-9.963909149169922	-6.2173662185668945
P148N	-6.732486724853516	1.3313405513763428	-3.283661127090454	-9.513469696044922	-12.798221588134766	0.7392841577529907	-4.080911159515381	-8.154093742370605	0.8399878740310669	-8.315555572509766	-4.99677848815918
P148Q	-4.426374435424805	0.7320005297660828	-4.717593193054199	-0.7125262022018433	-10.827178001403809	-3.417386770248413	-4.292660236358643	-9.01511001586914	0.7903757095336914	-11.785524368286133	-4.767197608947754
P148R	-5.749261856079102	5.524212837219238	-5.899558067321777	-0.21183142066001892	-15.146967887878418	1.3824025392532349	-2.7412900924682617	-7.495967388153076	-3.590453863143921	-5.675411224365234	-3.9604125022888184
P148S	-0.7466505169868469	8.519790649414062	-6.268863677978516	-1.3724048137664795	-15.399916648864746	1.2879245281219482	-1.5394444465637207	-9.216312408447266	-4.524916172027588	-4.440589427947998	-3.370138168334961
P148T	0.8635820150375366	8.879167556762695	-3.768738269805908	0.8568810224533081	-16.578275680541992	-0.7385162711143494	-2.536896228790283	-9.384651184082031	-8.535245895385742	-4.167336940765381	-3.511002779006958
P148V	-5.013890266418457	15.549210548400879	-0.6165405511856079	7.088499546051025	-7.76060152053833	1.138363003730774	0.026724640280008316	-10.748854637145996	-14.657861709594727	1.8118609189987183	-1.3183090686798096
P148W	-5.832889556884766	2.8832287788391113	-12.812223434448242	-9.242799758911133	-3.049623966217041	-8.108845710754395	-8.796274185180664	-25.383020401000977	-1.5096842050552368	-23.66237449645996	-9.551450729370117
P148Y	-4.743797302246094	-2.2867889404296875	-4.244999408721924	-10.20020866394043	-5.04384708404541	-9.868968963623047	-7.715373992919922	-19.86557960510254	-0.5178732872009277	-11.441479682922363	-7.592892646789551
F149A	13.397174835205078	4.873547554016113	2.3620214462280273	5.170466899871826	-0.5627254247665405	3.9823641777038574	10.912945747375488	-18.391637802124023	5.617359638214111	2.025465965270996	2.9386982917785645
F149C	-0.5886362195014954	1.908065676689148	-0.20173119008541107	-5.473691463470459	-1.4780070781707764	-7.679006576538086	-8.786736488342285	-12.003445625305176	4.163694381713867	-4.956457614898682	-3.5095951557159424
F149D	-1.8675131797790527	-1.0429062843322754	-1.787233591079712	-5.045688629150391	-11.350423812866211	0.4603819251060486	-4.537117958068848	-20.941621780395508	7.9165167808532715	-6.302490711212158	-4.449809551239014
F149E	4.24283504486084	-8.77597427368164	-1.6763485670089722	5.71885871887207	-4.204273223876953	0.16461102664470673	4.632941722869873	-2.609926223754883	8.955704689025879	-5.258769989013672	0.11896586418151855
F149G	10.68841552734375	2.0162906646728516	-0.9407620429992676	-0.11744615435600281	-6.928105354309082	0.6036389470100403	4.4947733879089355	-20.186311721801758	11.919495582580566	-0.6533839702606201	0.08966057002544403
F149H	0.3481648862361908	-3.294053316116333	-1.6921495199203491	-9.352928161621094	-5.028829574584961	-2.0899946689605713	-8.961974143981934	-13.928474426269531	2.7680835723876953	-3.1198978424072266	-4.435204982757568
F149I	-4.77866268157959	8.865751266479492	1.802059292793274	-2.6748697757720947	-2.6944026947021484	0.24939198791980743	-1.7201460599899292	-13.252898216247559	-0.3980828523635864	-1.4489243030548096	-1.6050784587860107
F149K	8.132879257202148	5.53431510925293	-0.24623453617095947	3.0943171977996826	-7.827614784240723	6.4329423904418945	2.143693447113037	-11.953120231628418	7.300307750701904	-3.406818389892578	0.9204666018486023
F149L	12.41767406463623	5.202359199523926	7.595862865447998	11.986331939697266	1.1846987009048462	8.206854820251465	0.8202317953109741	-0.938895046710968	-3.4054338932037354	6.0818095207214355	4.915149688720703
F149M	-5.0645751953125	2.9533119201660156	-0.9204725027084351	-2.693355083465576	-0.10313565284013748	-4.989689350128174	-8.246749877929688	-12.304940223693848	3.8698151111602783	-8.003509521484375	-3.5503299236297607
F149N	-5.553872585296631	4.3860554695129395	1.2171403169631958	-6.0652055740356445	-8.698310852050781	0.468105673789978	-4.486802101135254	-18.348793029785156	7.4397664070129395	-6.913552284240723	-3.6555469036102295
F149P	-3.611182689666748	-1.6775519847869873	-3.2480108737945557	-12.957480430603027	-11.2517728805542	-2.3650240898132324	-7.405508518218994	-18.32231903076172	5.888866424560547	-13.386870384216309	-6.833685398101807
F149Q	-4.387081623077393	-2.365894317626953	-2.5804452896118164	-3.70707631111145	-5.564662933349609	-0.12635333836078644	-5.400571823120117	-20.010459899902344	9.105213165283203	-4.721047878265381	-3.9758381843566895
F149R	1.0401047468185425	2.0754964351654053	-0.010052189230918884	2.5510382652282715	-3.6014859676361084	4.176642417907715	-0.7365477681159973	-15.285967826843262	6.944782257080078	-4.373897552490234	-0.7219886779785156
F149S	10.499855041503906	7.4631805419921875	0.12399780750274658	-1.046303391456604	-7.228522777557373	3.375169277191162	5.496346950531006	-22.736675262451172	8.30835247039795	-1.360710859298706	0.2894691824913025
F149T	6.279815196990967	6.411928176879883	0.686455249786377	-0.13512933254241943	-6.559328079223633	2.9831535816192627	2.2118453979492188	-18.335893630981445	5.498734951019287	-0.35511475801467896	-0.13135330379009247
F149V	13.432534217834473	13.587114334106445	5.067320346832275	8.563617706298828	5.105282783508301	4.2888007164001465	1.2129708528518677	-5.735972881317139	-2.3129642009735107	3.9189460277557373	4.712764739990234
F149W	-0.8036268353462219	2.1216306686401367	-2.634721040725708	-9.369287490844727	1.7241355180740356	-6.1958723068237305	-7.596453666687012	-21.265592575073242	2.1811482906341553	-16.748638153076172	-5.858727931976318
F149Y	0.6967912912368774	0.058219410479068756	-0.5561342239379883	-13.016234397888184	-1.9658094644546509	-5.839899063110352	-9.361708641052246	-14.241477012634277	2.3456075191497803	-9.551761627197266	-5.143240928649902
K150A	13.017890930175781	47.55971145629883	2.7985963821411133	13.590044975280762	3.7946829795837402	21.568145751953125	-0.2646335959434509	3.5256431102752686	10.896690368652344	11.212448120117188	12.769922256469727
K150C	21.94023323059082	9.559492111206055	6.238558769226074	-9.085171699523926	1.9606189727783203	5.297873020172119	1.6282587051391602	-7.330596923828125	3.7610349655151367	-6.438360691070557	2.7531943321228027
K150D	25.16350555419922	24.346092224121094	5.642031192779541	-0.2372082769870758	2.3095712661743164	13.028203010559082	-2.651862621307373	-0.18105138838291168	4.4978718757629395	2.8856959342956543	7.480284690856934
K150E	13.130558967590332	45.05277633666992	3.5444631576538086	14.71865177154541	4.28912878036499	23.503131866455078	4.010870933532715	7.920565605163574	11.240530014038086	14.461777687072754	14.18724536895752
K150F	12.759674072265625	17.49336814880371	-0.854084849357605	-5.384407997131348	2.8806118965148926	3.603156566619873	1.5822631120681763	-3.5374457836151123	4.062418460845947	-6.581483840942383	2.602407217025757
K150G	15.972915649414062	38.8915901184082	3.0139245986938477	4.960880279541016	3.588193655014038	18.884376525878906	-1.5982582569122314	6.087673187255859	7.7201337814331055	10.560516357421875	10.808195114135742
K150H	21.49614143371582	10.546029090881348	6.248364448547363	-5.417445659637451	2.324068069458008	5.600196361541748	0.12636113166809082	-3.336576223373413	3.280228853225708	-7.176743507385254	3.369062900543213
K150I	7.163825035095215	16.987520217895508	5.451129913330078	3.9192142486572266	1.8950389623641968	4.606053352355957	3.7572333812713623	-0.5433176755905151	5.507345676422119	3.542609691619873	5.228665351867676
K150L	4.7663254737854	17.723365783691406	-8.385699272155762	11.138358116149902	0.05992048233747482	4.083671569824219	-3.821913957595825	0.011033188551664352	6.044392108917236	9.816574096679688	4.1436028480529785
K150M	19.61109733581543	9.737733840942383	7.09663200378418	-4.614629745483398	1.5676189661026	4.223718166351318	1.3311278820037842	-6.147153854370117	3.1240484714508057	-6.987301349639893	2.894289493560791
K150N	22.090951919555664	16.920732498168945	3.8376572132110596	-8.824584007263184	2.479797601699829	7.5751166343688965	-1.6844655275344849	-3.7270448207855225	4.676990985870361	-5.503251552581787	3.7841899394989014
K150P	11.453409194946289	19.190200805664062	1.4393552541732788	-11.215743064880371	2.87975811958313	4.723525047302246	-3.227571487426758	-6.036949157714844	1.619749903678894	-22.535371780395508	-0.170963853597641
K150Q	17.71670913696289	20.231321334838867	7.677450656890869	0.2535065710544586	2.2115907669067383	8.163017272949219	2.073132276535034	-0.8879643678665161	5.463464260101318	0.8471176028251648	6.374934196472168
K150R	12.837774276733398	27.16411781311035	7.006038665771484	0.24417546391487122	3.002936601638794	9.985160827636719	0.12986236810684204	2.2761404514312744	4.467123031616211	4.638316631317139	7.175164699554443
K150S	19.582416534423828	38.71052932739258	6.677572727203369	-2.7437334060668945	4.459804534912109	18.136165618896484	-0.057334478944540024	2.594557523727417	8.029863357543945	5.593870639801025	10.098371505737305
K150T	15.688701629638672	32.42527770996094	6.755403518676758	2.006807804107666	4.1151933670043945	11.169894218444824	0.725786030292511	1.411644458770752	7.178286552429199	3.8250014781951904	8.53019905090332
K150V	6.274335861206055	25.77301597595215	-0.32889625430107117	12.012192726135254	0.9059709906578064	7.700804710388184	-1.5248979330062866	-0.0488106794655323	8.045750617980957	11.299778938293457	7.010924339294434
K150W	14.617167472839355	5.040682792663574	6.337613582611084	-14.999004364013672	1.294574499130249	2.743649482727051	1.3963731527328491	-8.93913745880127	1.3597332239151	-13.512003898620605	-0.46603506803512573
K150Y	19.62274742126465	6.764369964599609	5.917759895324707	-13.416999816894531	2.2871272563934326	3.5646555423736572	0.231550931930542	-6.785028457641602	2.000779151916504	-11.359552383422852	0.8827409744262695
E151A	19.881004333496094	26.638429641723633	2.9763643741607666	20.786718368530273	3.9926347732543945	8.727889060974121	1.811308741569519	6.173751354217529	11.747846603393555	6.381317615509033	10.911726951599121
E151C	29.406320571899414	10.055685043334961	6.615451812744141	-7.3687262535095215	-0.06097026169300079	6.407644271850586	2.156707525253296	-9.67822551727295	5.14028787612915	-6.518274784088135	3.6155898571014404
E151D	23.073633193969727	19.967119216918945	4.79996395111084	-1.1377778053283691	4.235616207122803	7.853832721710205	1.2482198476791382	0.5973433256149292	6.492714881896973	-2.5091488361358643	6.462151527404785
E151F	16.678239822387695	14.40283489227295	-2.6376888751983643	-2.5780444145202637	2.651334762573242	2.045638084411621	-2.404426097869873	-5.79903507232666	4.917023658752441	-12.371305465698242	1.4904569387435913
E151G	27.128173828125	30.4088191986084	3.586167097091675	10.202892303466797	5.519829273223877	9.313727378845215	-1.1380925178527832	6.475967884063721	8.020730972290039	7.3712687492370605	10.688947677612305
E151H	26.390705108642578	11.606138229370117	2.2587125301361084	-3.957474708557129	0.8665866255760193	5.032882213592529	2.493645191192627	-4.771764278411865	5.483128547668457	-7.458187103271484	3.7944369316101074
E151I	13.63833236694336	13.686107635498047	4.096336364746094	5.413272380828857	0.6272656321525574	3.3006138801574707	2.0908889770507812	-3.71445631980896	3.887371301651001	-0.8971125483512878	4.212862014770508
E151K	21.658296585083008	25.457595825195312	7.248872756958008	6.592784881591797	4.680243015289307	12.031219482421875	1.9483805894851685	5.033651351928711	9.352575302124023	0.6510074734687805	9.465462684631348
E151L	7.706294059753418	5.1213908195495605	-6.664937496185303	9.129327774047852	-0.6375870108604431	2.914381504058838	3.441751480102539	-10.22896671295166	1.0558360815048218	7.880431175231934	1.9717919826507568
E151M	27.87678337097168	9.82181167602539	7.066539287567139	-5.372021675109863	0.08210404962301254	5.123904228210449	0.8007846474647522	-7.289932727813721	5.886673450469971	-4.773088455200195	3.9223556518554688
E151N	22.961626052856445	16.475223541259766	0.16983291506767273	-3.6341567039489746	3.6523313522338867	4.96030855178833	1.6937916278839111	-3.2356784343719482	6.047977924346924	-4.33501672744751	4.475624084472656
E151P	19.54745864868164	20.125049591064453	3.848714828491211	-10.15087890625	4.647632122039795	4.68938684463501	-4.6506876945495605	-6.0674238204956055	3.6471683979034424	-19.956844329833984	1.5679576396942139
E151Q	23.52085304260254	16.86224365234375	2.9899439811706543	-1.314526915550232	4.059055805206299	7.467463493347168	2.5686936378479004	-1.7337206602096558	6.167677402496338	0.5017485022544861	6.108943462371826
E151R	17.829612731933594	19.354412078857422	5.594213485717773	3.4068288803100586	5.102198600769043	8.120241165161133	2.135310411453247	3.0994985103607178	7.376614093780518	1.0899556875228882	7.31088924407959
E151S	23.38278579711914	25.265064239501953	6.813302993774414	9.832771301269531	5.1344895362854	10.648146629333496	1.064307451248169	4.894679069519043	9.153636932373047	0.22238248586654663	9.641156196594238
E151T	20.468748092651367	20.04505729675293	6.901151657104492	8.792893409729004	3.9001731872558594	7.55535364151001	3.4083220958709717	4.529031276702881	8.838434219360352	-1.8367129564285278	8.260244369506836
E151V	10.548386573791504	14.041940689086914	-2.3514935970306396	17.13511848449707	0.4811406433582306	2.959772825241089	2.3757576942443848	-2.189079761505127	2.506758213043213	5.054387092590332	5.056269645690918
E151W	29.653093338012695	7.793664455413818	2.8141191005706787	-14.272760391235352	0.2699495851993561	5.020393371582031	-1.3913452625274658	-13.626044273376465	4.2389020919799805	-13.070781707763672	0.7429187893867493
E151Y	28.91264533996582	9.713521957397461	5.9064130783081055	-11.715217590332031	0.07070358842611313	5.069199562072754	0.1820247769355774	-8.772111892700195	5.117908477783203	-10.220840454101562	2.4264252185821533
D152A	8.542488098144531	34.847660064697266	-0.03682580590248108	12.458637237548828	2.798961877822876	5.401043891906738	-3.227226734161377	-0.4743715822696686	11.022500038146973	7.472742557525635	7.880560398101807
D152C	29.398351669311523	10.889450073242188	-5.97688102722168	-46.056800842285156	2.0250582695007324	1.0986227989196777	0.658155083656311	-26.16613006591797	-4.070946216583252	1.5309906005859375	-3.6670126914978027
D152E	5.130388259887695	37.27084732055664	0.26358526945114136	17.060001373291016	4.338693141937256	9.60732364654541	-2.7199325561523438	7.282909393310547	12.482865333557129	8.203969955444336	9.892065048217773
D152F	8.204682350158691	11.209786415100098	-1.5535262823104858	-31.116695404052734	-0.09817994385957718	0.4919089674949646	-14.261366844177246	-16.03681182861328	-1.9453750848770142	-0.5737001299858093	-4.567927360534668
D152G	13.92771053314209	21.915985107421875	0.7742910385131836	2.1931581497192383	4.27275276184082	6.115192413330078	-2.6371259689331055	2.8326754570007324	16.058156967163086	4.87516975402832	7.032796382904053
D152H	24.902347564697266	9.08101749420166	-8.29074478149414	-40.558563232421875	-0.4111063480377197	-1.1320979595184326	-1.4835611581802368	-19.480987548828125	-3.3334853649139404	1.5763002634048462	-3.913087844848633
D152I	9.412735939025879	12.54599380493164	4.389763832092285	-21.325490951538086	-0.35220324993133545	1.4211668968200684	-7.684688568115234	-15.759912490844727	-3.8588452339172363	1.2037934064865112	-2.0007688999176025
D152K	15.663948059082031	24.8509521484375	6.030787944793701	0.6390596628189087	-0.9249622225761414	6.063676834106445	-13.070990562438965	-11.909581184387207	4.580689430236816	4.617868900299072	3.6541450023651123
D152L	4.322911262512207	19.966829299926758	0.747949481010437	13.518013954162598	2.9485607147216797	1.8420119285583496	-0.953001081943512	-11.52030086517334	2.4825706481933594	7.331012725830078	4.068655490875244
D152M	25.638757705688477	13.203170776367188	-7.434574127197266	-47.04227828979492	2.9558494091033936	1.8474745750427246	-2.3194079399108887	-25.234386444091797	-2.6383066177368164	-0.5229073166847229	-4.154661178588867
D152N	19.9224853515625	13.527421951293945	-3.3531439304351807	-31.8923397064209	1.6896764039993286	1.523513913154602	-7.464074611663818	-20.271434783935547	0.6858688592910767	2.8921406269073486	-2.273988723754883
D152P	8.422224998474121	13.77348518371582	-4.845584392547607	-30.632606506347656	-1.8804417848587036	-2.435516357421875	-12.323660850524902	-33.026527404785156	-5.822063446044922	-10.419439315795898	-7.919013023376465
D152Q	20.753246307373047	14.398006439208984	-0.6122530698776245	-28.83679962158203	0.36870503425598145	2.4130682945251465	-7.262975692749023	-14.151338577270508	2.1925930976867676	5.35882568359375	-0.5378921627998352
D152R	13.779372215270996	17.343074798583984	2.808804512023926	-6.539667129516602	2.220071792602539	4.605458736419678	-12.297372817993164	-9.162199020385742	3.041029930114746	4.564298629760742	2.0362868309020996
D152S	18.533132553100586	23.462539672851562	3.1508893966674805	7.088225841522217	2.2467362880706787	6.054998397827148	-10.402958869934082	-5.36538028717041	9.383928298950195	3.2497551441192627	5.740187168121338
D152T	14.996175765991211	18.581209182739258	4.329364776611328	-2.8987879753112793	0.2784895896911621	3.8745293617248535	-10.433455467224121	-9.353377342224121	4.306162357330322	3.149216890335083	2.682952404022217
D152V	5.273261070251465	27.350475311279297	1.41879141330719	16.563066482543945	-3.524397373199463	4.514271259307861	-10.139700889587402	-8.973614692687988	0.9655090570449829	7.545731067657471	4.099339485168457
D152W	26.52266502380371	9.580063819885254	-6.922608852386475	-64.00499725341797	3.3936195373535156	2.4289488792419434	-4.0780158042907715	-33.74113464355469	-6.0020318031311035	-5.595734119415283	-7.841921806335449
D152Y	26.55491065979004	11.103577613830566	-7.166873455047607	-47.40983963012695	1.5201408863067627	-1.4038727283477783	-0.6788663268089294	-25.70502281188965	-3.916250705718994	-2.8051345348358154	-4.990723133087158
L153A	21.542530059814453	14.713241577148438	3.9397287368774414	16.117128372192383	3.737609386444092	6.186561107635498	-5.195190906524658	-2.153489828109741	6.642963409423828	3.808690071105957	6.9339776039123535
L153C	23.275705337524414	-2.301621198654175	4.305899143218994	-7.520411014556885	-1.1887388229370117	3.8833367824554443	2.857450246810913	-13.521114349365234	-0.7881911993026733	-11.835731506347656	-0.2833414077758789
L153D	24.22298812866211	4.255919933319092	5.4803466796875	-3.5453126430511475	2.84610652923584	2.123382806777954	-5.208795547485352	-8.389473915100098	1.9985202550888062	-4.893662452697754	1.8890018463134766
L153E	16.16185760498047	23.168930053710938	0.45159032940864563	11.745689392089844	3.803431510925293	7.059818744659424	0.5336101055145264	-16.362258911132812	5.816201686859131	3.6143505573272705	5.599322319030762
L153F	21.661823272705078	6.102377891540527	1.5408751964569092	1.4112448692321777	0.4270891547203064	2.534515380859375	-4.440617561340332	-4.375490665435791	2.9110937118530273	-15.392105102539062	1.238080620765686
L153G	27.740741729736328	9.643916130065918	2.7616539001464844	12.402990341186523	3.711719274520874	7.081974029541016	-12.463821411132812	-7.390883922576904	4.593125343322754	3.0907721519470215	5.117218494415283
L153H	23.96575164794922	-0.49623826146125793	3.0853018760681152	-12.182085990905762	-0.3557996153831482	2.296452522277832	0.121543288230896	-17.20659828186035	0.6222840547561646	-13.713974952697754	-1.3863364458084106
L153I	24.097990036010742	7.404397010803223	3.6681389808654785	-0.5267452001571655	0.5372944474220276	6.630280494689941	-0.1968558430671692	-5.671353340148926	1.89372980594635	-5.134068012237549	3.2702813148498535
L153K	26.830175399780273	11.88920783996582	5.502901554107666	5.769136428833008	3.145723342895508	9.088515281677246	-6.153266906738281	-9.39322566986084	3.205641984939575	-0.3690609335899353	4.95157527923584
L153M	25.06401252746582	2.5527381896972656	4.016788005828857	-6.847084045410156	-0.8847514986991882	4.535328388214111	3.461329460144043	-14.035911560058594	-0.1518164426088333	-12.813947677612305	0.48966845870018005
L153N	26.074037551879883	4.390925407409668	3.824683666229248	0.8297684192657471	2.7801055908203125	1.0147267580032349	-1.6459320783615112	-8.994185447692871	1.5683764219284058	-3.369563341140747	2.647294521331787
L153P	23.453527450561523	6.230470180511475	3.487276077270508	-8.741374015808105	2.829155445098877	0.6531885862350464	-3.045980930328369	-13.30750846862793	0.34101974964141846	-20.207500457763672	-0.830772876739502
L153Q	24.189599990844727	3.058457851409912	4.648320198059082	-2.837017059326172	1.8542972803115845	1.484587550163269	-2.2184057235717773	-9.41218090057373	1.3086134195327759	-1.5348252058029175	2.0541446208953857
L153R	24.488569259643555	7.195635795593262	3.9919328689575195	2.390420913696289	3.057386875152588	4.546705722808838	-7.173043251037598	-8.448206901550293	1.9851436614990234	-3.7564494609832764	2.8278098106384277
L153S	28.388551712036133	9.497225761413574	4.372696399688721	10.467096328735352	3.7600839138031006	6.634727478027344	-9.494932174682617	-6.3709564208984375	4.220305919647217	1.6074329614639282	5.308223247528076
L153T	26.810108184814453	7.652286529541016	4.338629722595215	5.954592227935791	2.74070143699646	5.230520725250244	-5.023149013519287	-6.999370574951172	4.782891750335693	-3.1213109493255615	4.236590385437012
L153V	11.23958683013916	14.868900299072266	3.542064666748047	7.188388347625732	0.17111408710479736	6.769853591918945	-2.1963915824890137	1.0288735628128052	-1.6843782663345337	3.83540940284729	4.47634220123291
L153W	24.950044631958008	-2.195953845977783	4.38241720199585	-13.839945793151855	-0.5036696791648865	3.5238280296325684	3.8208374977111816	-17.80292510986328	-1.0850977897644043	-18.639577865600586	-1.739004373550415
L153Y	23.117162704467773	-2.6392111778259277	4.361073017120361	-16.848451614379883	-0.43731093406677246	4.418019771575928	3.7790908813476562	-11.329227447509766	-0.8282301425933838	-16.09752082824707	-1.2504606246948242
N154A	12.24298095703125	36.85676574707031	3.3640737533569336	9.151371955871582	6.991909980773926	11.510477066040039	-0.8907310962677002	-6.592019081115723	5.301860809326172	9.050806045532227	8.698749542236328
N154C	29.19826889038086	9.699411392211914	13.048384666442871	-0.07964371144771576	1.4576419591903687	12.38786792755127	1.6340892314910889	-0.6895042657852173	6.752289295196533	-16.711334228515625	5.669747352600098
N154D	30.974918365478516	16.153759002685547	9.44839096069336	1.8674479722976685	5.322271347045898	8.804044723510742	3.18942928314209	-0.8054807186126709	5.175495624542236	3.6846282482147217	8.381490707397461
N154E	9.954087257385254	43.10329818725586	5.902788162231445	12.271209716796875	7.450291633605957	20.054344177246094	4.574711322784424	2.447577953338623	8.556280136108398	14.163426399230957	12.847803115844727
N154F	14.14692497253418	16.976776123046875	4.98500919342041	3.8859312534332275	4.817612648010254	5.593628406524658	0.4920470118522644	-1.176997184753418	4.627021789550781	-4.455007076263428	4.98929500579834
N154G	16.637903213500977	31.752845764160156	4.034472465515137	3.8735101222991943	7.696797847747803	9.531338691711426	2.1608097553253174	-2.1237480640411377	5.561168193817139	10.338287353515625	8.946337699890137
N154H	29.498781204223633	10.20179271697998	12.931726455688477	-0.9665417671203613	2.6043477058410645	8.291810989379883	1.6838738918304443	0.6514385342597961	6.506869792938232	-12.202913284301758	5.920118808746338
N154I	9.320174217224121	18.961837768554688	6.21198844909668	6.719429969787598	2.96364688873291	6.417225360870361	0.7434059977531433	-1.4272940158843994	7.0103020668029785	1.7168128490447998	5.863752841949463
N154K	14.016324996948242	26.519193649291992	9.357583045959473	4.332127094268799	6.913435459136963	10.737140655517578	3.9445114135742188	2.091721773147583	6.296443939208984	8.034510612487793	9.224298477172852
N154L	4.6571502685546875	18.222549438476562	-0.8567996025085449	15.471463203430176	0.21650642156600952	7.220649719238281	3.2363157272338867	-20.752431869506836	1.9370588064193726	7.556328296661377	3.6908791065216064
N154M	22.37515640258789	11.46554183959961	13.035752296447754	2.636199474334717	3.018272876739502	8.046996116638184	1.9081580638885498	0.3806155025959015	6.642632961273193	-14.065099716186523	5.544422149658203
N154P	19.857831954956055	13.775553703308105	2.444629192352295	-6.977643013000488	6.6731648445129395	1.196662187576294	0.22748786211013794	-3.097498893737793	2.8579087257385254	-12.833150863647461	2.4124948978424072
N154Q	23.828960418701172	14.929208755493164	10.738472938537598	3.331737518310547	5.311524391174316	8.406693458557129	4.184980869293213	-1.0821548700332642	6.144979953765869	-1.35078763961792	7.444362640380859
N154R	11.797635078430176	18.43242073059082	6.965432167053223	6.024572372436523	6.553886890411377	5.246192932128906	4.066550254821777	0.40581104159355164	5.629729270935059	6.122352123260498	7.124458312988281
N154S	18.885244369506836	30.379539489746094	7.29213809967041	0.5399652719497681	7.7283034324646	11.076756477355957	2.640916109085083	0.7485820055007935	7.5745978355407715	7.006396770477295	9.38724422454834
N154T	17.05944061279297	26.066200256347656	7.57347297668457	1.7856414318084717	6.442685127258301	7.498492240905762	1.4601635932922363	-0.8221405744552612	7.533262252807617	3.009105920791626	7.760632514953613
N154V	6.947688102722168	23.673198699951172	1.6715283393859863	14.953725814819336	2.298023223876953	9.22637939453125	-1.5299721956253052	-5.442557334899902	3.1674978733062744	5.455252170562744	6.042076587677002
N154W	25.557653427124023	10.868802070617676	11.032509803771973	0.48601242899894714	2.4228556156158447	5.713986396789551	3.57802414894104	0.9379531145095825	6.387627124786377	-25.39055824279785	4.159487247467041
N154Y	28.21888542175293	10.003525733947754	13.829416275024414	-1.057841181755066	1.6798913478851318	10.385353088378906	1.9929003715515137	-0.4917990267276764	6.379673957824707	-20.92902374267578	5.001097679138184
H155A	13.706982612609863	26.881610870361328	7.509681224822998	10.776084899902344	6.0892133712768555	9.431859016418457	-1.855452060699463	-9.174263954162598	10.404929161071777	4.645756721496582	7.841640472412109
H155C	24.43873405456543	1.7936420440673828	9.359406471252441	-19.096569061279297	1.053022027015686	5.775508880615234	1.5055317878723145	-5.757580757141113	1.8907078504562378	-13.66146183013916	0.7300938367843628
H155D	23.685619354248047	16.946590423583984	11.214384078979492	-1.9127944707870483	4.330743789672852	8.758306503295898	-6.473640441894531	-4.459069728851318	4.943617820739746	-7.104173183441162	4.992959022521973
H155E	13.547216415405273	41.604881286621094	6.403973579406738	10.997766494750977	6.13960075378418	12.896778106689453	-3.5858817100524902	-9.927094459533691	13.448783874511719	6.686994552612305	9.82130241394043
H155F	14.534452438354492	6.828457832336426	8.393575668334961	-2.862448215484619	-0.998268187046051	8.688491821289062	-3.8984086513519287	-3.291116952896118	1.7714189291000366	-8.654794692993164	2.0511362552642822
H155G	18.06192970275879	20.67623519897461	6.536497116088867	10.575316429138184	5.843138217926025	9.676953315734863	-9.857316970825195	-4.324874401092529	10.664912223815918	4.205862045288086	7.20586633682251
H155I	15.03904914855957	13.729607582092285	7.44671106338501	1.9721415042877197	0.1723378300666809	8.156389236450195	-1.7391990423202515	-1.8306633234024048	-0.17647601664066315	-5.373411178588867	3.7396483421325684
H155K	17.856489181518555	23.52793312072754	9.521711349487305	9.732328414916992	5.857481002807617	8.507779121398926	-6.356416702270508	-3.042684316635132	4.598997116088867	-1.4862912893295288	6.871733665466309
H155L	1.750960350036621	25.593738555908203	1.1451090574264526	9.990596771240234	0.4649341106414795	3.468726634979248	2.1784489154815674	-27.12997055053711	3.6143972873687744	4.261763095855713	2.5338706970214844
H155M	23.260231018066406	4.820161819458008	10.715662956237793	-18.849950790405273	1.2695051431655884	5.484021186828613	1.401442527770996	-1.5847220420837402	0.7072471380233765	-14.797126770019531	1.2426471710205078
H155N	23.54792594909668	10.778984069824219	12.214425086975098	-6.24489688873291	4.081578254699707	4.78663969039917	-7.599526882171631	-2.9880831241607666	4.51299524307251	-10.574600219726562	3.25154447555542
H155P	17.492284774780273	12.791656494140625	5.1850433349609375	-17.62027359008789	1.674606442451477	3.274312734603882	-10.145771026611328	-10.314746856689453	-1.610857605934143	-18.900026321411133	-1.8173768520355225
H155Q	24.417116165161133	16.400842666625977	12.530040740966797	-5.67157506942749	3.320533037185669	8.347757339477539	-6.660552501678467	-4.144955635070801	3.921607255935669	-10.796008110046387	4.166481018066406
H155R	16.641315460205078	16.46585464477539	10.198392868041992	9.142693519592285	5.592013359069824	8.654356002807617	-8.893856048583984	-2.6838202476501465	4.080972194671631	-1.1018199920654297	5.809609889984131
H155S	18.97286033630371	20.192052841186523	9.457860946655273	9.519749641418457	6.111764907836914	8.116350173950195	-6.46355676651001	-3.493302583694458	8.20458698272705	-0.6024028658866882	7.001596927642822
H155T	16.25755500793457	14.458666801452637	9.305852890014648	5.150903224945068	4.7922821044921875	6.902125835418701	-6.904662609100342	-3.8812122344970703	6.10963249206543	-3.1697819232940674	4.902135848999023
H155V	7.416629791259766	22.783798217773438	1.8802257776260376	13.127052307128906	-0.9019501209259033	7.859342575073242	-2.2281928062438965	-13.324668884277344	1.2417441606521606	3.6302273273468018	4.148421287536621
H155W	24.832595825195312	3.134960651397705	10.36727237701416	-30.189172744750977	1.4328100681304932	4.842782497406006	-0.6770554780960083	-7.775010585784912	-0.36872291564941406	-21.11794090270996	-1.551748275756836
H155Y	25.17740821838379	0.812410831451416	9.593402862548828	-24.1983585357666	1.4228029251098633	4.634556770324707	-0.21051758527755737	-5.22281551361084	1.174303650856018	-18.66949462890625	-0.5486301183700562
L156A	12.649434089660645	13.1806640625	3.1064035892486572	7.315742492675781	0.4181496500968933	10.087379455566406	-0.0947173535823822	-10.631009101867676	4.305729866027832	4.2597808837890625	4.4597554206848145
L156C	6.1886677742004395	-2.379746913909912	2.166179895401001	-46.26479721069336	0.06845995038747787	4.000663757324219	-2.4387903213500977	-16.035125732421875	-0.9970160722732544	-9.47132396697998	-6.516282558441162
L156D	5.858467102050781	2.517307758331299	2.703701972961426	-26.21643829345703	-0.047737397253513336	4.14223051071167	-3.6280910968780518	-26.09176254272461	4.127262115478516	-4.272490501403809	-4.090754985809326
L156E	4.807445049285889	9.128901481628418	-0.4740506410598755	10.559968948364258	-5.855043411254883	2.812608003616333	0.49393075704574585	-7.615436553955078	11.654600143432617	-3.5799944400787354	2.1932930946350098
L156F	15.83585262298584	8.736083030700684	6.355947017669678	-11.172985076904297	-1.1860233545303345	7.476241111755371	-2.7392239570617676	-19.919448852539062	-1.4167499542236328	-3.5689196586608887	-0.1599225550889969
L156G	8.279362678527832	9.003194808959961	1.3977113962173462	5.243520259857178	0.1321515440940857	7.181022644042969	-1.581228256225586	-12.99952220916748	6.02183723449707	4.05720329284668	2.673525333404541
L156H	7.734439849853516	0.7628958225250244	2.567211151123047	-42.28508758544922	1.0470551252365112	3.195596933364868	-4.204957962036133	-20.186555862426758	1.2375338077545166	-10.816787719726562	-6.094865798950195
L156I	14.301426887512207	11.13057804107666	6.80938196182251	-6.243600845336914	-1.5678668022155762	11.828721046447754	-2.1277904510498047	-12.118033409118652	-5.152171611785889	1.0936444997787476	1.795428991317749
L156K	2.7602295875549316	10.390273094177246	3.7296628952026367	-9.571549415588379	0.02771180123090744	7.861170291900635	-2.2392163276672363	-27.556228637695312	2.8017144203186035	4.769467353820801	-0.7026764750480652
L156M	11.411642074584961	3.0096213817596436	2.7847564220428467	-46.62296676635742	-0.08718318492174149	4.377385139465332	-2.7571399211883545	-17.41630744934082	-1.9992963075637817	-8.840679168701172	-5.614016532897949
L156N	8.188176155090332	6.571493625640869	3.7246649265289307	-34.615699768066406	0.4384806156158447	4.336209774017334	-3.7689433097839355	-27.218482971191406	2.5509541034698486	-5.647343158721924	-4.544049263000488
L156P	8.709855079650879	4.066967487335205	1.943768858909607	-38.48122024536133	-0.8095329403877258	0.3581310510635376	-1.06331205368042	-26.433317184448242	-0.1314811110496521	-9.209992408752441	-6.105012893676758
L156Q	8.528736114501953	5.734147071838379	3.4936439990997314	-28.663721084594727	1.3315881490707397	4.117496490478516	-5.3045430183410645	-23.756528854370117	3.3054866790771484	-4.444046497344971	-3.5657742023468018
L156R	7.2014360427856445	6.519242286682129	3.8354899883270264	-10.153203964233398	0.31785476207733154	7.4774699211120605	-3.113293409347534	-20.150218963623047	3.923362970352173	1.9065548181533813	-0.22353072464466095
L156S	9.83773422241211	5.387596130371094	2.3757381439208984	-2.62471866607666	0.004966907203197479	6.055352210998535	-0.9568771123886108	-14.125247955322266	5.346818447113037	4.0869646072387695	1.5388327836990356
L156T	15.015338897705078	6.558207988739014	4.1712260246276855	-4.127296447753906	0.436550498008728	8.339516639709473	-3.561098575592041	-17.726245880126953	2.9138801097869873	3.8845651149749756	1.590464472770691
L156V	11.699909210205078	21.130800247192383	7.31266975402832	6.6031317710876465	-0.7426214814186096	21.29963493347168	-2.831770896911621	-1.807475209236145	-3.900658369064331	7.389866352081299	6.615347862243652
L156W	11.31410026550293	1.8709566593170166	0.39959606528282166	-52.37499237060547	0.46339112520217896	2.9487905502319336	-1.645552158355713	-26.06770133972168	-1.6813300848007202	-13.710334777832031	-7.8483076095581055
L156Y	7.299941539764404	-2.8621580600738525	2.4116666316986084	-49.42486572265625	0.660269558429718	3.8762078285217285	-2.073961019515991	-18.615930557250977	-1.0978952646255493	-13.312779426574707	-7.313950538635254
V157A	19.348098754882812	28.384597778320312	5.465409755706787	17.37049102783203	0.8506811261177063	8.595409393310547	-1.2517082691192627	2.818887710571289	12.678606986999512	6.201415538787842	10.046187400817871
V157C	27.543169021606445	-3.4317588806152344	7.997079849243164	-23.476314544677734	1.0863250494003296	10.016666412353516	4.3936920166015625	-5.727232933044434	4.165018081665039	-7.6630635261535645	1.4903581142425537
V157D	18.34779930114746	8.209207534790039	11.484362602233887	-9.22909164428711	4.945217132568359	11.711869239807129	-4.495530128479004	-2.854628801345825	7.890300273895264	-4.205404758453369	4.180409908294678
V157E	17.97177505493164	38.76292419433594	7.546718597412109	14.120654106140137	3.153409004211426	8.912446022033691	1.7714300155639648	1.3781356811523438	15.820836067199707	8.099233627319336	11.753756523132324
V157F	12.291454315185547	9.622614860534668	7.755763053894043	-6.0274481773376465	1.811881422996521	9.814127922058105	0.8156171441078186	-0.8625364303588867	7.335676193237305	0.5937754511833191	4.315093040466309
V157G	21.16042709350586	21.888029098510742	5.7067766189575195	2.6182782649993896	2.903398275375366	8.581005096435547	-5.507622718811035	3.4041121006011963	7.997377872467041	6.562723636627197	7.531449794769287
V157H	25.603792190551758	-2.28969144821167	10.031981468200684	-20.563945770263672	2.541210174560547	9.3482666015625	1.4561352729797363	-6.260385036468506	4.983014106750488	-8.12907600402832	1.6721299886703491
V157I	10.756531715393066	13.64417552947998	8.623564720153809	1.63722825050354	0.5775505900382996	9.716887474060059	3.3779373168945312	-1.0942057371139526	6.826416969299316	3.9597978591918945	5.80258846282959
V157K	16.01378631591797	23.02427101135254	13.055246353149414	7.110597133636475	2.169578790664673	10.06517505645752	-0.981079638004303	1.8147529363632202	12.400201797485352	4.863428592681885	8.953595161437988
V157L	7.226061820983887	34.53137969970703	2.8153066635131836	16.395387649536133	3.4061496257781982	13.243788719177246	8.420171737670898	3.066155433654785	8.417535781860352	8.007248878479004	10.552919387817383
V157M	25.25578498840332	-0.23487010598182678	10.69442081451416	-19.335214614868164	1.9126895666122437	9.85426139831543	3.7167975902557373	-4.269221305847168	4.307901382446289	-6.917445659637451	2.4985101222991943
V157N	21.696386337280273	4.739557266235352	9.635444641113281	-11.34730339050293	3.713029384613037	10.48249340057373	-2.0912160873413086	-4.589361190795898	7.089844703674316	-6.269871711730957	3.3059000968933105
V157P	18.916297912597656	5.4710259437561035	8.593408584594727	-23.717607498168945	4.680166244506836	5.660494804382324	-6.204761028289795	-12.894360542297363	3.1972968578338623	-21.5947322845459	-1.7892770767211914
V157Q	16.84640121459961	7.865221977233887	12.833827018737793	-8.545350074768066	4.101958751678467	11.508460998535156	-1.482480764389038	-2.881286859512329	7.3997578620910645	-3.548325300216675	4.40981912612915
V157R	13.636087417602539	15.28593635559082	12.395014762878418	5.652277946472168	3.350931167602539	8.52920913696289	-2.575207471847534	-0.000580567866563797	10.106890678405762	3.5839130878448486	6.996447563171387
V157S	19.850521087646484	17.13859748840332	8.330029487609863	0.7092756032943726	3.322092056274414	8.874135971069336	-3.665432929992676	1.563731074333191	10.583340644836426	3.049229860305786	6.975553035736084
V157T	15.801644325256348	11.660512924194336	9.854738235473633	3.215517997741699	2.9369592666625977	8.809700965881348	-1.7310402393341064	-0.5530478954315186	11.30832576751709	2.5738723278045654	6.387718200683594
V157W	30.45888328552246	-0.4960947334766388	11.9725980758667	-30.289047241210938	1.136945128440857	9.275246620178223	0.15939569473266602	-12.181100845336914	3.310725212097168	-19.00174331665039	-0.5654193162918091
V157Y	28.911090850830078	-3.5323638916015625	9.826410293579102	-27.94286346435547	1.2441798448562622	10.457765579223633	3.538905143737793	-8.96191692352295	3.584085702896118	-12.928434371948242	0.41968631744384766
G158A	5.485929489135742	31.0197811126709	-1.2626782655715942	11.189066886901855	3.135796546936035	4.21849250793457	0.7433339953422546	-14.353246688842773	2.934659957885742	6.6009602546691895	4.971209526062012
G158C	9.877464294433594	-1.5303484201431274	10.039453506469727	-15.51623821258545	0.2228236198425293	4.979904651641846	-0.31662994623184204	-6.356511116027832	1.9675043821334839	-9.827825546264648	-0.6460402011871338
G158D	17.687437057495117	13.451650619506836	13.319174766540527	2.853451728820801	0.7545045018196106	7.104621887207031	-2.5422825813293457	-8.355083465576172	5.376501560211182	0.33809107542037964	4.998806953430176
G158E	10.423562049865723	41.64578628540039	2.8564538955688477	19.74441146850586	11.557539939880371	9.190093994140625	2.293069839477539	-12.627071380615234	2.5694284439086914	9.109894752502441	9.67631721496582
G158F	7.575719356536865	0.1636933982372284	7.310966968536377	-4.4125213623046875	-10.427375793457031	1.9780545234680176	-8.072347640991211	-10.65424633026123	-0.29306066036224365	-6.016962051391602	-2.2848079204559326
G158H	18.271690368652344	1.322497844696045	11.81509780883789	-8.969640731811523	0.2662431001663208	4.9862060546875	-2.5932157039642334	-6.9571533203125	2.325697660446167	-5.93388032913208	1.4533542394638062
G158I	6.511155128479004	4.689203262329102	7.3354387283325195	0.029412657022476196	-8.121552467346191	2.346986770629883	-4.897430419921875	-12.358858108520508	-0.031711652874946594	-8.526437759399414	-1.3023793697357178
G158K	13.252260208129883	24.2491512298584	6.535400867462158	12.419554710388184	1.6797014474868774	5.927659034729004	-3.346406936645508	-7.825544834136963	6.263640403747559	2.525611639022827	6.168103218078613
G158L	-5.601381778717041	11.022163391113281	-6.334310531616211	2.6600987911224365	-7.869405269622803	-6.299074172973633	1.346821665763855	-33.92482376098633	0.5513315200805664	-1.1241333484649658	-4.557271480560303
G158M	9.5292387008667	0.46966812014579773	10.310213088989258	-12.4855318069458	0.287477970123291	4.793643951416016	-0.5807468295097351	-7.797796249389648	0.4730163812637329	-11.971800804138184	-0.6972616910934448
G158N	17.981721878051758	4.698617935180664	11.843742370605469	-1.198974609375	-2.201850414276123	5.059634208679199	-4.364940166473389	-7.464182376861572	4.0787553787231445	-3.3426711559295654	2.5089855194091797
G158P	10.727344512939453	8.236912727355957	7.411922931671143	-8.88637924194336	-6.946746349334717	1.4630483388900757	-13.553181648254395	-13.345843315124512	-0.05851730704307556	-6.8861260414123535	-2.1837568283081055
G158Q	17.034500122070312	10.538986206054688	15.048195838928223	2.109536647796631	1.1017853021621704	6.962013244628906	-1.6865620613098145	-5.196195125579834	5.350279808044434	-1.44481360912323	4.981772422790527
G158R	12.971853256225586	16.123592376708984	9.088777542114258	7.956902503967285	1.8936713933944702	5.5060625076293945	-3.9719300270080566	-7.582946300506592	6.033950328826904	1.9679118394851685	4.998784065246582
G158S	12.45391845703125	24.974084854125977	2.456141948699951	11.008910179138184	2.7129921913146973	4.733832359313965	-1.232034683227539	-7.198029518127441	5.155826568603516	5.5903239250183105	6.065597057342529
G158T	11.50145149230957	16.902969360351562	5.7355780601501465	6.1072096824646	-3.137442111968994	3.7862393856048584	-3.754490852355957	-8.486129760742188	4.984035491943359	1.373583436012268	3.50130033493042
G158V	0.8814564347267151	13.229918479919434	-3.2215278148651123	6.058344841003418	-6.5505051612854	-1.663756251335144	-2.1112754344940186	-24.504695892333984	-2.470001459121704	1.9931108951568604	-1.8358930349349976
G158W	14.573126792907715	1.2304530143737793	14.791303634643555	-18.96440887451172	3.6219799518585205	6.524118900299072	-0.0991176962852478	-7.732020854949951	1.012623906135559	-12.584678649902344	0.23733797669410706
G158Y	12.887213706970215	0.5588932037353516	11.425987243652344	-19.501035690307617	1.5135806798934937	5.151031017303467	-1.0049328804016113	-7.828388214111328	0.040858909487724304	-13.415117263793945	-1.017190933227539
Y159A	9.350379943847656	19.747526168823242	2.695371389389038	10.51184368133545	0.9205476641654968	2.2923309803009033	1.7153739929199219	-29.96277618408203	5.7682061195373535	6.668892860412598	2.9707698822021484
Y159C	22.473588943481445	0.23138847947120667	4.008792877197266	-15.606500625610352	-2.8819217681884766	5.761969566345215	-1.9107730388641357	-16.063663482666016	0.49398523569107056	-8.799509048461914	-1.2292643785476685
Y159D	7.323465824127197	7.43474006652832	3.6311566829681396	-1.363420844078064	-9.727409362792969	2.5697433948516846	-4.704632759094238	-12.042829513549805	4.772285461425781	-6.751979351043701	-0.8858880996704102
Y159E	11.613259315490723	11.264383316040039	0.9032260179519653	13.021183013916016	0.09349101036787033	1.6944009065628052	0.8466468453407288	-24.218358993530273	14.589923858642578	4.026289463043213	3.3834445476531982
Y159F	5.906966209411621	14.678203582763672	4.277112007141113	-7.4253740310668945	-10.126629829406738	5.314288139343262	-6.192446708679199	-19.07651710510254	-2.0665862560272217	-3.1475064754486084	-1.7858489751815796
Y159G	8.082462310791016	14.890277862548828	1.216644287109375	9.857508659362793	-0.018469281494617462	1.0139747858047485	-0.6328513622283936	-17.806184768676758	12.01839542388916	4.165528297424316	3.278728485107422
Y159H	21.610553741455078	2.6452324390411377	2.125304937362671	-9.711075782775879	-5.9272894859313965	5.225825309753418	-7.581911563873291	-13.909857749938965	2.226207971572876	-9.799327850341797	-1.309633731842041
Y159I	5.3097100257873535	19.447439193725586	5.202947616577148	1.1045565605163574	-3.819429636001587	10.950645446777344	-4.494703769683838	-9.858388900756836	-5.792004585266113	1.559061884880066	1.9609830379486084
Y159K	4.008905410766602	18.058773040771484	3.9908761978149414	11.303363800048828	-7.49229097366333	3.2508182525634766	-0.015367325395345688	-21.547061920166016	7.570361614227295	1.9876025915145874	2.111598253250122
Y159L	5.6357831954956055	22.215646743774414	6.934820652008057	15.108731269836426	1.0221136808395386	8.160957336425781	3.7287228107452393	-7.785881996154785	-4.1809916496276855	10.319646835327148	6.115954399108887
Y159M	19.711210250854492	4.8559770584106445	5.057196617126465	-11.586273193359375	-3.323972702026367	5.078948974609375	-3.995591163635254	-16.076974868774414	0.645166277885437	-9.886696815490723	-0.9521007537841797
Y159N	15.5662202835083	6.908012390136719	4.235699653625488	-5.1668829917907715	-7.911075592041016	2.8191542625427246	-7.228611946105957	-11.642411231994629	3.2448089122772217	-8.00927734375	-0.7184365391731262
Y159P	2.7148613929748535	6.786998748779297	-2.083709716796875	-15.158814430236816	-12.938230514526367	0.704952597618103	-7.451904773712158	-18.579368591308594	-0.9670134782791138	-12.011611938476562	-5.898384094238281
Y159Q	12.497552871704102	7.352326393127441	5.137899875640869	-1.5061523914337158	-4.030150413513184	3.593622922897339	-4.983905792236328	-11.447653770446777	4.38266134262085	-6.198288917541504	0.47979116439819336
Y159R	6.853429794311523	12.465960502624512	3.7812976837158203	7.437364101409912	-3.7235913276672363	3.6439049243927	-2.204622983932495	-12.47750186920166	6.783963203430176	0.797857940196991	2.335806369781494
Y159S	6.836379528045654	15.787881851196289	2.569465398788452	7.9961419105529785	-5.306854724884033	2.1493232250213623	-0.7451692223548889	-16.19890594482422	9.734210968017578	2.974818468093872	2.5797293186187744
Y159T	8.572036743164062	16.178823471069336	4.023682117462158	6.268196105957031	-4.481070518493652	5.462899684906006	-2.6159706115722656	-15.765090942382812	5.592194080352783	2.078686237335205	2.5314383506774902
Y159V	8.383089065551758	23.425840377807617	4.111866474151611	11.509336471557617	-0.15152865648269653	14.208399772644043	-0.19897544384002686	-12.602814674377441	-4.855759620666504	9.33403205871582	5.316349029541016
Y159W	21.32743263244629	2.5620169639587402	1.0655310153961182	-23.69157600402832	-2.701887607574463	2.4957163333892822	-7.154923915863037	-18.983484268188477	-0.3250473141670227	-25.26969337463379	-5.067591667175293
K160A	9.719813346862793	41.18722152709961	4.3489990234375	14.839742660522461	4.338109016418457	14.362974166870117	-4.890028953552246	-1.17062509059906	6.345931053161621	8.125106811523438	9.720725059509277
K160C	28.212556838989258	7.859525680541992	12.623342514038086	7.9080119132995605	-6.091443061828613	11.931840896606445	4.173507213592529	1.7458815574645996	4.720904350280762	-5.45706033706665	6.762706756591797
K160D	17.875131607055664	15.412237167358398	13.193059921264648	6.812413215637207	-0.444480299949646	15.706367492675781	2.694802761077881	-0.18587864935398102	5.114744663238525	-1.1351981163024902	7.5043206214904785
K160E	17.1392765045166	49.01578903198242	8.10778522491455	15.705574989318848	7.272501468658447	15.87529182434082	0.6369407176971436	2.581556558609009	6.553350925445557	15.178424835205078	13.806650161743164
K160F	13.78339958190918	13.53759765625	1.7437249422073364	0.46613970398902893	0.2062685489654541	10.04159927368164	-2.1215968132019043	-5.718558311462402	2.8512678146362305	-4.216135501861572	3.057370662689209
K160G	9.622112274169922	40.579959869384766	2.2509660720825195	3.7887701988220215	3.2403697967529297	15.158859252929688	-5.434345722198486	2.7959277629852295	4.531552791595459	8.225973129272461	8.476015090942383
K160H	26.496511459350586	10.207740783691406	13.706571578979492	10.378007888793945	-5.8247575759887695	13.208234786987305	2.501682758331299	0.9751683473587036	4.97255802154541	-10.348785400390625	6.627293586730957
K160I	12.744832992553711	17.758974075317383	5.377401351928711	5.340151309967041	0.17597472667694092	9.265219688415527	2.6511213779449463	-5.6629815101623535	2.458651542663574	-2.0859193801879883	4.802343368530273
K160L	-3.293015480041504	27.961645126342773	-2.970175266265869	17.01310157775879	-0.5109522938728333	7.6955342292785645	-0.5011369585990906	-28.567768096923828	4.095788478851318	4.9067063331604	2.582972764968872
K160M	23.634984970092773	9.327987670898438	13.28222942352295	8.320489883422852	-4.656422138214111	11.87917709350586	4.239822864532471	0.35803350806236267	3.9496889114379883	-10.18600845336914	6.014998912811279
K160N	20.0289363861084	13.140541076660156	9.814573287963867	7.968658447265625	-1.9128652811050415	14.315998077392578	2.091022253036499	-0.047906894236803055	5.063389301300049	-8.8262357711792	6.163611888885498
K160P	15.801774024963379	13.49963092803955	4.602424144744873	-1.3404405117034912	-1.113752007484436	12.787422180175781	-1.7214288711547852	-3.9257516860961914	2.9348089694976807	-19.867815017700195	2.1656877994537354
K160Q	17.78253746032715	15.919469833374023	15.390287399291992	9.09661865234375	-1.5469086170196533	15.95842170715332	3.8816065788269043	1.542051911354065	5.638739109039307	-2.0204830169677734	8.164234161376953
K160R	13.0527925491333	19.28583335876465	11.58632755279541	7.760167598724365	1.15330970287323	14.306903839111328	-0.013370450586080551	-1.125726342201233	5.055720806121826	2.7487401962280273	7.381070137023926
K160S	11.282930374145508	26.341461181640625	6.713961124420166	0.8906228542327881	3.039778470993042	16.134654998779297	-4.2903032302856445	-0.6630710363388062	5.355803489685059	4.10667610168457	6.891251564025879
K160T	13.578288078308105	21.9081974029541	7.552103042602539	6.127859115600586	2.5449204444885254	16.058494567871094	-0.3592631220817566	-4.212972164154053	5.161126613616943	2.0784928798675537	7.043725490570068
K160V	5.275838851928711	29.598350524902344	0.482789546251297	17.85862159729004	0.23089754581451416	5.000335216522217	-2.8026037216186523	-4.9722185134887695	2.555756092071533	3.6610357761383057	5.68887996673584
K160W	25.076248168945312	8.203836441040039	15.674118041992188	8.01528549194336	-6.07396125793457	11.3023681640625	3.7038185596466064	1.3965224027633667	2.6872782707214355	-21.118057250976562	4.886745452880859
K160Y	27.90211296081543	8.1361665725708	13.899665832519531	5.914599895477295	-6.235322952270508	11.71710205078125	3.5604608058929443	-0.11102606356143951	3.361586809158325	-14.45179557800293	5.36935567855835
G161A	-4.338812828063965	33.83100509643555	-2.636803150177002	14.822021484375	3.1868255138397217	7.14402961730957	0.984045147895813	-12.847811698913574	2.013827323913574	6.165957450866699	4.832428455352783
G161C	4.342686176300049	6.788796424865723	6.982759952545166	-7.802070617675781	0.9218149781227112	4.646364688873291	3.533690929412842	-7.450864791870117	-7.353672981262207	-2.5700361728668213	0.20394694805145264
G161D	8.131587982177734	12.965387344360352	5.3455986976623535	4.126746654510498	1.9871776103973389	9.224288940429688	-1.1273247003555298	-9.953230857849121	2.52069091796875	5.424115180969238	3.864503860473633
G161E	5.746445655822754	41.9874153137207	0.7032567262649536	14.628142356872559	9.114397048950195	7.0791144371032715	2.7149603366851807	-13.38878345489502	6.130256652832031	7.016251564025879	8.173145294189453
G161F	1.9541558027267456	6.6689066886901855	-0.028105348348617554	-0.2841228246688843	-10.71351432800293	3.4457664489746094	-3.4361796379089355	-13.099979400634766	-4.356858730316162	2.191782236099243	-1.765815019607544
G161H	7.816450595855713	9.454610824584961	9.13174057006836	-5.42283821105957	0.5584941506385803	5.891617774963379	1.0061508417129517	-6.649426460266113	-4.969405651092529	-1.3111203908920288	1.5506274700164795
G161I	-1.337171196937561	9.761045455932617	2.7847766876220703	3.769350051879883	-6.045393466949463	4.4652252197265625	-1.2922308444976807	-9.99735164642334	-3.4677236080169678	1.229723334312439	-0.012974965386092663
G161K	2.012275218963623	24.573923110961914	0.10825493931770325	14.792694091796875	0.8356950879096985	8.767810821533203	-0.5930790305137634	-8.305493354797363	3.1129024028778076	6.51539421081543	5.182038307189941
G161L	-13.148761749267578	22.596372604370117	-6.220856666564941	5.285147190093994	-1.0330730676651	-2.1337921619415283	-0.16288776695728302	-27.067893981933594	-2.724548101425171	-0.5808299779891968	-2.5191123485565186
G161M	3.3649253845214844	8.436014175415039	5.710310459136963	-8.274576187133789	1.5997035503387451	4.435294151306152	1.3484017848968506	-8.798810005187988	-8.236869812011719	-3.799433469772339	-0.42150402069091797
G161N	7.347629547119141	8.245766639709473	6.395447254180908	0.893032431602478	-1.6855579614639282	6.576998233795166	-0.5249248147010803	-8.829893112182617	-0.21692968904972076	2.6985437870025635	2.0900111198425293
G161P	3.911072254180908	9.963274002075195	0.5543515682220459	-9.760056495666504	-7.030088901519775	4.043919563293457	-2.864809513092041	-12.072700500488281	-3.6325125694274902	1.8700077533721924	-1.5017542839050293
G161Q	8.37973690032959	13.849011421203613	7.895726680755615	4.183694362640381	0.5077447295188904	7.518913269042969	0.2855467200279236	-6.997871398925781	0.29228392243385315	3.3605945110321045	3.9275379180908203
G161R	4.699865818023682	16.801786422729492	1.7035250663757324	14.099817276000977	2.3465332984924316	10.532337188720703	-0.4289237856864929	-10.82801628112793	2.5264885425567627	6.850796699523926	4.830420970916748
G161S	1.2598602771759033	23.716753005981445	-2.737391233444214	13.44222354888916	0.6985598206520081	9.747845649719238	0.5865208506584167	-7.87722635269165	2.918438196182251	6.400943279266357	4.815652370452881
G161T	1.771126627922058	17.19443130493164	-1.5298811197280884	11.845124244689941	-3.4689879417419434	6.976582050323486	-0.6378112435340881	-8.891531944274902	0.16035018861293793	5.937318801879883	2.9356722831726074
G161V	-12.53808307647705	16.667879104614258	-4.710719585418701	11.73842716217041	-2.886523485183716	3.828399419784546	-1.19887113571167	-17.179515838623047	-3.584914445877075	4.120293617248535	-0.5743627548217773
G161W	5.234940528869629	7.588072776794434	9.896011352539062	-12.550361633300781	2.1848480701446533	5.1360883712768555	2.392188549041748	-11.145471572875977	-8.238252639770508	-8.366968154907227	-0.7868903875350952
G161Y	5.273507595062256	6.517065525054932	8.05242919921875	-13.859477043151855	1.7369698286056519	3.6342177391052246	2.363502025604248	-9.896527290344238	-8.766860961914062	-7.48785400390625	-1.243302583694458
N162A	6.237163066864014	32.2044792175293	-0.8603601455688477	9.463468551635742	0.46544885635375977	7.404919624328613	1.00276517868042	-2.5531907081604004	3.8675875663757324	6.337480068206787	6.356976509094238
N162C	20.788419723510742	-1.8940825462341309	5.649630069732666	-8.757545471191406	0.672429084777832	6.384797096252441	1.8039419651031494	-8.63010311126709	2.1810905933380127	-5.001300811767578	1.3197276592254639
N162D	18.121126174926758	13.146761894226074	1.6155052185058594	0.9217885732650757	5.579958915710449	10.554905891418457	0.8150578141212463	-1.717470407485962	5.646996974945068	3.163013219833374	5.784764289855957
N162E	11.23985481262207	41.01405715942383	-0.024759739637374878	16.248258590698242	6.3929338455200195	7.7694501876831055	-0.23092126846313477	-3.272886276245117	5.84012508392334	8.272799491882324	9.324891090393066
N162F	9.77030086517334	4.182650089263916	-1.918102741241455	-2.744093418121338	-3.9766807556152344	6.852445125579834	-1.7178231477737427	-6.283176422119141	2.9896068572998047	-3.4787819385528564	0.367634654045105
N162G	9.612407684326172	29.242164611816406	-2.0096921920776367	4.510409355163574	0.1273031234741211	8.99774169921875	-0.7217471599578857	-1.5778321027755737	4.136033535003662	6.723710536956787	5.904049873352051
N162H	24.749406814575195	-1.542108416557312	7.054389476776123	-5.1950201988220215	1.6899946928024292	9.01905632019043	0.6418427228927612	-5.199603080749512	2.22298526763916	-1.7853153944015503	3.165562629699707
N162I	8.426941871643066	15.346264839172363	1.1823601722717285	2.708549976348877	-0.11118406802415848	5.574801921844482	0.026084009557962418	-5.604508399963379	2.2888386249542236	0.1660577952861786	3.0004210472106934
N162K	15.580049514770508	32.294456481933594	2.713743209838867	12.977981567382812	4.199499130249023	9.967840194702148	4.672860622406006	-0.2587488293647766	5.9842000007629395	4.442952632904053	9.25748348236084
N162L	-0.9979414343833923	21.710124969482422	-3.008831024169922	12.260729789733887	-2.191380262374878	4.6657514572143555	2.092691659927368	-24.046226501464844	2.8250932693481445	8.19671630859375	2.1506729125976562
N162M	18.452913284301758	-0.9650949239730835	5.672857284545898	-5.606498718261719	1.8853416442871094	6.0804338455200195	0.9022115468978882	-6.653148174285889	1.2001129388809204	-9.576215744018555	1.1392911672592163
N162P	11.465487480163574	6.2084455490112305	-7.666417121887207	-13.752212524414062	3.0307435989379883	6.831719875335693	-6.225114822387695	-6.084717273712158	0.7480454444885254	-6.69983434677124	-1.2143853902816772
N162Q	18.655662536621094	11.694920539855957	4.168849468231201	2.016300678253174	3.9845244884490967	8.967646598815918	1.1180791854858398	-1.82308828830719	4.905204772949219	-0.02190590649843216	5.366619110107422
N162R	14.039237976074219	17.50459861755371	0.018034473061561584	16.24703025817871	6.694908618927002	7.35178279876709	2.643223524093628	-0.7773943543434143	5.42933988571167	4.766855716705322	7.391761779785156
N162S	10.70892333984375	23.91230583190918	-0.10989353060722351	5.2858991622924805	-0.25340908765792847	10.876176834106445	1.1779190301895142	-3.2845675945281982	5.679283142089844	3.7522687911987305	5.774490833282471
N162T	10.624954223632812	16.925506591796875	1.0471347570419312	7.693780899047852	0.5018203258514404	10.302244186401367	2.2548656463623047	-2.3806605339050293	6.812159061431885	2.1561737060546875	5.59379768371582
N162V	2.2959036827087402	24.488996505737305	-0.7370157241821289	11.1647367477417	-1.841256856918335	7.8585309982299805	1.4045295715332031	-14.961807250976562	1.6469271183013916	6.027138710021973	3.734668731689453
N162W	26.535503387451172	-3.203563690185547	7.730868339538574	-17.052141189575195	1.957100510597229	6.4292073249816895	0.014587286859750748	-11.90524959564209	0.1198953241109848	-16.6358642578125	-0.6009654998779297
N162Y	23.7845401763916	-3.1316962242126465	6.131687641143799	-15.061304092407227	1.8102530241012573	7.820285797119141	-0.4050304889678955	-10.419800758361816	0.5662789344787598	-10.396665573120117	0.069854736328125
H163A	3.0732743740081787	19.242868423461914	-2.0873217582702637	2.7960214614868164	-4.425741195678711	2.496887683868408	-1.1897563934326172	-18.058670043945312	-5.386160850524902	-1.1362344026565552	-0.46748343110084534
H163C	16.24891471862793	4.056301593780518	3.725498676300049	-19.10149574279785	-1.6465097665786743	10.012227058410645	-1.4856081008911133	-11.098733901977539	-0.2074601799249649	-12.536367416381836	-1.203323483467102
H163D	2.2130837440490723	6.361253261566162	-2.06158709526062	-17.60235023498535	-6.518428802490234	5.499002933502197	-5.070305824279785	-16.501235961914062	0.06785251200199127	-12.523597717285156	-4.613631248474121
H163E	6.365992069244385	16.798206329345703	-5.188220977783203	1.0088183879852295	-4.461630344390869	-0.18424658477306366	-0.07810217142105103	-8.528712272644043	0.8377982378005981	-2.8923017978668213	0.36775997281074524
H163F	0.47815555334091187	8.521970748901367	-0.4274452030658722	-14.36996078491211	-9.379499435424805	10.181159973144531	-4.184889316558838	-29.711414337158203	-2.3120479583740234	-7.892807483673096	-4.909677982330322
H163G	1.5892339944839478	15.695662498474121	-1.7737278938293457	-9.045413970947266	-8.282410621643066	2.5475571155548096	-4.601394176483154	-20.97606658935547	0.5512862205505371	1.4199410676956177	-2.2875332832336426
H163I	0.11861591786146164	12.144030570983887	1.2289671897888184	-0.09150853753089905	-6.622410297393799	9.821364402770996	-1.403834581375122	-18.468017578125	-9.737380981445312	-1.5859235525131226	-1.4596097469329834
H163K	-1.0990709066390991	13.826026916503906	0.455384761095047	0.5536748170852661	-9.023407936096191	3.096477746963501	-6.621679306030273	-33.07124328613281	-2.6731865406036377	2.3102822303771973	-3.2246737480163574
H163L	2.6319401264190674	16.745691299438477	2.884399890899658	8.903010368347168	2.292008876800537	-0.6188716292381287	1.1101300716400146	-6.001260280609131	-6.9687957763671875	3.0267221927642822	2.4004976749420166
H163M	11.689706802368164	5.436216354370117	2.859295606613159	-18.89742088317871	-1.6342238187789917	9.995343208312988	-3.232084274291992	-11.82493782043457	-0.8718457818031311	-16.829927444458008	-2.3309879302978516
H163N	5.982393264770508	6.695335865020752	-0.16308920085430145	-23.256772994995117	-5.191921234130859	9.93304443359375	-3.969928026199341	-18.00711441040039	0.16620159149169922	-18.010473251342773	-4.582232475280762
H163P	-1.8753303289413452	4.473732948303223	-3.233675718307495	-17.67955207824707	-10.098995208740234	4.552196979522705	-4.736501216888428	-22.506784439086914	-1.1354448795318604	-19.864307403564453	-7.210465908050537
H163Q	6.249504566192627	8.483624458312988	0.5589869022369385	-18.176464080810547	-3.324190616607666	8.052727699279785	-5.917564392089844	-16.7281436920166	0.4619506001472473	-15.782459259033203	-3.6122028827667236
H163R	2.632870674133301	8.865808486938477	-0.23937952518463135	-4.5703325271606445	-6.856086730957031	7.737257957458496	-5.675993919372559	-24.209217071533203	-0.12534502148628235	-2.8467512130737305	-2.528717041015625
H163S	0.7220964431762695	12.19967269897461	-1.0266966819763184	-6.59431266784668	-9.209404945373535	1.5537047386169434	-3.1348114013671875	-28.32127571105957	-2.1269173622131348	0.6623640656471252	-3.5275580883026123
H163T	1.2770661115646362	11.15556812286377	0.4168369472026825	-2.6220598220825195	-6.683711051940918	4.423967361450195	-3.331193685531616	-27.112991333007812	-1.8692123889923096	0.9895675778388977	-2.33561635017395
H163V	2.2201147079467773	17.122865676879883	-0.5874667167663574	6.546144485473633	-5.025398254394531	2.7991902828216553	-2.9321670532226562	-19.132762908935547	-7.257655143737793	4.679607391357422	-0.15675286948680878
H163W	13.665836334228516	-0.6818727254867554	1.7643266916275024	-33.271244049072266	0.27888262271881104	5.086850643157959	-2.9714064598083496	-13.629742622375488	-0.3576640486717224	-30.957611083984375	-6.107364654541016
H163Y	13.674607276916504	2.601694107055664	3.313525676727295	-31.802143096923828	-0.8387061953544617	7.183030128479004	-1.1332809925079346	-15.982778549194336	-0.7860651016235352	-23.49995994567871	-4.7270073890686035
L164A	11.642898559570312	18.848783493041992	2.731914520263672	30.95733070373535	4.157002925872803	13.44890022277832	6.821813106536865	6.971436500549316	4.937912464141846	3.2772350311279297	10.379522323608398
L164C	8.321500778198242	13.547067642211914	0.14256015419960022	0.22238275408744812	13.934282302856445	8.149008750915527	6.556395053863525	3.283003091812134	-2.0467450618743896	4.86863374710083	5.697809219360352
L164D	11.390836715698242	8.033182144165039	10.152207374572754	-8.235605239868164	6.402698993682861	21.80409812927246	2.0628230571746826	1.8631315231323242	2.5530123710632324	3.4918220043182373	5.9518208503723145
L164E	15.336003303527832	39.341468811035156	2.7505242824554443	35.0975341796875	5.9651384353637695	13.28576946258545	5.479175567626953	6.874574661254883	8.425628662109375	4.207705497741699	13.676351547241211
L164F	11.615732192993164	2.5102174282073975	9.546496391296387	-5.355889320373535	5.500438213348389	14.796558380126953	4.163327693939209	-3.708167314529419	2.1356358528137207	-1.3255646228790283	3.9878783226013184
L164G	14.00638198852539	17.904943466186523	3.5124800205230713	20.759580612182617	5.206553936004639	18.884498596191406	4.558435440063477	2.222438097000122	3.9692091941833496	3.00237774848938	9.402689933776855
L164H	12.911640167236328	13.664379119873047	3.7695913314819336	-8.688089370727539	9.400603294372559	6.933190822601318	3.1134324073791504	0.701008677482605	-2.8394906520843506	3.0131468772888184	4.197941303253174
L164I	10.282644271850586	4.533102035522461	10.103798866271973	4.3608479499816895	7.456221580505371	13.180814743041992	9.461324691772461	3.6086537837982178	3.32755708694458	2.407223701477051	6.872219085693359
L164K	9.978410720825195	10.55999755859375	11.37759017944336	-0.08470872044563293	5.60179328918457	18.17009925842285	5.276904582977295	2.749938726425171	5.3786396980285645	4.238033294677734	7.324670314788818
L164M	8.947930335998535	12.151041030883789	1.6292170286178589	-3.3294358253479004	13.033483505249023	5.833423137664795	7.8526716232299805	0.41376736760139465	-2.307372808456421	4.367688179016113	4.859241485595703
L164N	15.949027061462402	6.948409557342529	6.704898357391357	-8.517364501953125	3.4918153285980225	19.070606231689453	0.23089861869812012	0.22518174350261688	1.6934407949447632	1.0623167753219604	4.685923099517822
L164P	12.178577423095703	4.448673248291016	7.32737398147583	-14.820023536682129	5.289982795715332	5.7422895431518555	-0.6362804770469666	-4.611144065856934	0.6465399265289307	0.4579525291919708	1.6023943424224854
L164Q	15.437338829040527	8.100139617919922	9.695727348327637	-4.782918930053711	6.365736961364746	20.004776000976562	3.5797345638275146	0.4857533872127533	2.725489377975464	2.5382485389709473	6.415002346038818
L164R	14.38050365447998	6.461915493011475	11.39256763458252	0.6092801094055176	5.240815162658691	19.186214447021484	4.966428279876709	-1.6156967878341675	4.844533443450928	3.4092960357666016	6.887585639953613
L164S	12.704622268676758	8.224770545959473	6.675405979156494	9.99060344696045	5.843991756439209	13.798131942749023	6.386204719543457	2.7807958126068115	4.634315013885498	4.324011325836182	7.536285400390625
L164T	10.918718338012695	4.775123596191406	7.887289047241211	6.480303764343262	6.708353519439697	12.948185920715332	5.851776123046875	6.240538120269775	4.718582630157471	4.44033145904541	7.096920967102051
L164V	9.194219589233398	19.130247116088867	3.5707573890686035	26.070899963378906	1.6185671091079712	6.61499547958374	6.561785697937012	12.032997131347656	4.730297088623047	5.696542263031006	9.522130966186523
L164W	9.64675521850586	15.087240219116211	1.2082661390304565	-13.531472206115723	14.266657829284668	2.156977415084839	4.582667350769043	3.568660259246826	-6.10034704208374	3.8584344387054443	3.47438383102417
L164Y	9.20485782623291	14.028658866882324	-0.15264376997947693	-11.379560470581055	15.138309478759766	5.947394847869873	6.441443920135498	1.179862380027771	-5.3388566970825195	4.34647274017334	3.941594362258911
