variant	version0	version1	version2	version3	version4	version5	version6	version7	version8	version9	prediction_score
M1A	-0.0523700937628746	-0.8246869444847107	0.4510307013988495	-0.19078561663627625	1.4243543148040771	-0.6176840662956238	1.2492945194244385	0.3688565790653229	0.5800738334655762	1.2304372787475586	0.3618520498275757
M1C	0.6275487542152405	0.3099924325942993	1.6736955642700195	2.656918525695801	3.2230453491210938	3.0704033374786377	0.6319656372070312	-0.9682377576828003	-0.9760507941246033	1.03630793094635	1.128558874130249
M1D	0.2515835165977478	0.3927057981491089	0.26807522773742676	2.6713075637817383	-0.323828786611557	0.9263734221458435	0.15463154017925262	0.5320871472358704	-0.9999694228172302	-1.5401145219802856	0.23328518867492676
M1E	-0.24996218085289001	-0.9542524218559265	0.4308740198612213	-0.1522802859544754	1.6396398544311523	-0.8022852540016174	0.9054902791976929	0.28950217366218567	0.5134232640266418	1.1854009628295898	0.28055503964424133
M1F	1.020656943321228	0.45433127880096436	0.7216968536376953	2.0010974407196045	-0.5682461261749268	0.501206636428833	-0.35928645730018616	0.7918626666069031	-0.052417248487472534	-1.2685718536376953	0.3242329955101013
M1G	0.3939911723136902	-0.162967711687088	-0.006980694830417633	0.02824460342526436	1.0536545515060425	-0.05317956581711769	0.5863626003265381	0.2995279133319855	0.6233103275299072	0.6532042026519775	0.34151673316955566
M1H	0.5867199301719666	0.35914283990859985	1.1135637760162354	2.407714605331421	2.4936351776123047	2.3516197204589844	0.7082155346870422	-0.6450057625770569	-1.0164891481399536	0.6222786903381348	0.8981395959854126
M1I	1.2367466688156128	0.4234267473220825	1.0817208290100098	2.198601722717285	-0.1300111711025238	0.20088326930999756	-0.46131154894828796	0.8621558547019958	0.32361018657684326	-0.9161430597305298	0.4819680154323578
M1K	-0.006082408130168915	0.73456871509552	0.29199638962745667	0.5011836290359497	0.5516599416732788	0.09088659286499023	-0.42006322741508484	0.27059030532836914	0.7137764692306519	-0.1184098869562149	0.26101061701774597
M1L	-0.7276845574378967	-2.2429087162017822	0.3590071201324463	-0.6813749670982361	1.8969284296035767	-1.690019130706787	1.5904085636138916	0.5226208567619324	0.400778591632843	1.918433427810669	0.13461895287036896
M1N	0.3519270122051239	0.3271455466747284	0.5616046190261841	2.0683398246765137	1.1568068265914917	1.8300076723098755	0.6526610851287842	0.01831185445189476	-1.0406769514083862	-1.0996726751327515	0.4826454222202301
M1P	0.354894757270813	0.431021124124527	0.58427894115448	2.3377223014831543	0.8812938928604126	1.6409988403320312	0.45384660363197327	0.0965653657913208	-0.6043574213981628	-0.9826390743255615	0.5193625688552856
M1Q	0.4463077187538147	0.40524572134017944	0.4927912652492523	2.3244471549987793	0.8214082717895508	1.6168899536132812	0.6795949935913086	0.2509469985961914	-0.9313326478004456	-1.0261033773422241	0.5080195665359497
M1R	1.0969828367233276	-0.3605836033821106	0.5577676296234131	1.6476147174835205	0.0029571950435638428	-0.26947104930877686	-0.1898924708366394	0.7314218282699585	0.18070733547210693	0.9562748670578003	0.43537792563438416
M1S	0.2905307710170746	0.9867814183235168	-0.560295581817627	0.11519479751586914	0.9586660861968994	0.29611146450042725	0.1716025173664093	0.512843906879425	0.5421208143234253	0.4324159026145935	0.3745972216129303
M1T	0.38897567987442017	1.0057246685028076	0.3307684659957886	0.7099650502204895	0.44091978669166565	0.3050987124443054	-0.6140991449356079	0.2906366288661957	0.8435741066932678	0.6139793992042542	0.43155431747436523
M1V	-0.030891187489032745	-0.19355392456054688	0.36010101437568665	-0.016092773526906967	1.311771035194397	0.1702197641134262	1.305682897567749	0.7928447127342224	0.6746522188186646	1.8219373226165771	0.6196671724319458
M1W	0.6918175220489502	-0.009241931140422821	1.543408751487732	2.960577964782715	3.6277897357940674	3.264785051345825	0.5894548296928406	-0.7525396943092346	-0.8113029599189758	1.1396958827972412	1.2244445085525513
M1Y	0.6351416110992432	0.15612319111824036	1.5895259380340576	2.7925338745117188	3.437703847885132	3.094658851623535	0.5619300007820129	-0.8157638907432556	-0.9523990750312805	1.063400387763977	1.1562855243682861
T2A	0.6248674392700195	0.2003842294216156	0.6613073348999023	0.46655791997909546	-0.015342660248279572	0.2310362011194229	0.07579606026411057	-0.0025693997740745544	0.3488374948501587	0.6155385971069336	0.32064133882522583
T2C	1.1715199947357178	0.9670397043228149	0.6852691173553467	0.7145677804946899	0.6987589597702026	0.9040828943252563	0.7919342517852783	1.3091940879821777	0.9880654215812683	1.0719144344329834	0.9302347302436829
T2D	0.6593967080116272	0.7986094951629639	0.6954232454299927	0.6667847633361816	0.6493539810180664	0.6467138528823853	0.6046045422554016	1.0475910902023315	0.6040173768997192	0.7534705400466919	0.7125965356826782
T2E	0.7702745199203491	0.5566981434822083	0.46149465441703796	0.45238712430000305	0.08869019150733948	0.562141478061676	0.2963351607322693	0.6439275145530701	0.5313709378242493	1.142939805984497	0.5506259799003601
T2F	0.7042073607444763	0.20823454856872559	0.7277963161468506	0.9352918267250061	0.35875096917152405	0.5539939999580383	0.27485018968582153	0.6478403210639954	0.7416030764579773	0.4632529616355896	0.5615821480751038
T2G	0.66780024766922	0.5922134518623352	0.48191574215888977	0.46165189146995544	0.5916904211044312	0.3177531957626343	-0.11664135009050369	0.1611231118440628	0.39294886589050293	0.6793035268783569	0.42297592759132385
T2H	0.7346681952476501	0.9854617714881897	0.6332474946975708	0.7791616320610046	0.7734978199005127	0.9748175144195557	0.9039345383644104	1.1196274757385254	0.6806202530860901	0.9979183673858643	0.8582955598831177
T2I	0.5958367586135864	-0.24284982681274414	0.7792885303497314	0.8264127969741821	0.19503480195999146	0.4652755856513977	0.4252176284790039	0.5098017454147339	0.8107166886329651	-0.11686910688877106	0.4247865676879883
T2K	0.6608025431632996	0.574621319770813	0.558111310005188	0.4215346574783325	0.15993264317512512	0.7160907983779907	0.46976855397224426	0.6306387782096863	0.6164256930351257	0.8401068449020386	0.5648032426834106
T2L	0.1842174232006073	-0.8634763956069946	0.08891722559928894	-1.2802550792694092	-0.46178415417671204	0.07148272544145584	-0.5488321185112	0.13725309073925018	0.027661938220262527	-0.05043761432170868	-0.26952531933784485
T2M	0.8257927298545837	0.7616671323776245	0.7449513673782349	0.7823663353919983	0.6734118461608887	0.9090481996536255	0.8999857306480408	1.1857492923736572	1.1210931539535522	1.1421819925308228	0.9046247601509094
T2N	0.6511107087135315	0.8299952149391174	0.6362313032150269	0.7746569514274597	0.7056474685668945	0.8635005950927734	0.7022171020507812	0.8393301367759705	0.5472678542137146	0.8238324522972107	0.7373790144920349
T2P	0.573579728603363	0.7223110795021057	0.5550490617752075	0.751080334186554	0.5835615396499634	0.7264825701713562	0.6642242074012756	1.0578010082244873	0.7477991580963135	0.7143064737319946	0.7096194624900818
T2Q	0.8183960914611816	0.6749297976493835	0.6488291025161743	0.6763198971748352	0.8484841585159302	0.8821957111358643	0.6894988417625427	1.0053653717041016	0.9122754335403442	0.8191169500350952	0.7975412011146545
T2R	0.7950718998908997	0.4018736481666565	0.42270365357398987	0.44387486577033997	0.39535531401634216	0.6911788582801819	0.3040686547756195	0.7983211874961853	0.6445778012275696	0.7150689959526062	0.5612094402313232
T2S	0.6807431578636169	0.4507785737514496	0.7379350662231445	0.6201997995376587	0.3571717143058777	0.6154108643531799	0.396840900182724	-0.10114187002182007	0.43150752782821655	0.7517886757850647	0.4941233992576599
T2V	0.47954532504081726	-0.6020845174789429	0.21146073937416077	0.3930865526199341	-0.43950194120407104	-0.03082689829170704	-0.2284519076347351	0.3261348009109497	0.28908485174179077	-0.6890864372253418	-0.029063943773508072
T2W	0.7159465551376343	1.1821110248565674	0.6445614099502563	1.109282374382019	0.7046841382980347	0.901154637336731	0.8336946368217468	1.1984155178070068	0.987031877040863	1.0107841491699219	0.9287666082382202
T2Y	0.8282999992370605	1.179683804512024	0.6933493614196777	0.949047327041626	0.7162872552871704	1.1145561933517456	0.9256123304367065	1.4309059381484985	0.7969463467597961	1.0802454948425293	0.9714933633804321
A3C	0.279249370098114	0.002070419490337372	0.2714150846004486	0.3435927629470825	0.19800299406051636	0.31256622076034546	0.1641809344291687	-0.21259646117687225	0.22358858585357666	0.13868725299835205	0.17207571864128113
A3D	0.30267333984375	0.24950340390205383	0.22879236936569214	0.20232133567333221	0.30821874737739563	0.5381481647491455	0.6582316160202026	0.5760927796363831	0.23097451031208038	0.2534465789794922	0.3548402488231659
A3E	0.09433083236217499	0.6189512610435486	0.3501185476779938	0.5446007251739502	0.27424362301826477	0.9356112480163574	0.1755746603012085	0.9440324902534485	0.06376408785581589	0.526915431022644	0.4528142809867859
A3F	0.32040297985076904	-0.29144996404647827	0.012689553201198578	0.2530587315559387	0.05365944281220436	0.3723149299621582	-0.18764656782150269	0.0379103384912014	0.2287885695695877	-0.47068095207214355	0.03290470689535141
A3G	0.38295459747314453	0.7128284573554993	0.21710360050201416	0.4188026189804077	0.6046005487442017	0.8096796274185181	0.3583377003669739	0.9003027081489563	0.36025774478912354	0.11596086621284485	0.4880828261375427
A3H	0.24291527271270752	0.16628628969192505	0.2602119743824005	0.27305155992507935	0.23774541914463043	0.3394186496734619	0.6568522453308105	0.007522832602262497	0.1668383777141571	0.1575484573841095	0.25083911418914795
A3I	0.43177667260169983	-0.21887177228927612	-0.16350260376930237	0.06476029753684998	0.05566414073109627	0.1678350865840912	-0.6647416949272156	-0.05969996377825737	0.456784725189209	-0.6182070970535278	-0.0548202209174633
A3K	0.397527813911438	0.2792991101741791	0.023449890315532684	-0.18405355513095856	-0.16051878035068512	0.7605631947517395	-0.16130653023719788	0.5879302024841309	0.29890894889831543	0.3890058398246765	0.2230806052684784
A3L	0.1657508909702301	-1.3074702024459839	-0.6457358598709106	-0.5893990397453308	-0.6400010585784912	-0.30835556983947754	-0.8081534504890442	-0.34254708886146545	-0.2737879157066345	-1.1513513326644897	-0.5901050567626953
A3M	0.33284956216812134	0.025704093277454376	0.21251460909843445	0.2661474049091339	0.04959870129823685	0.2252243012189865	0.2495799958705902	-0.5359736084938049	0.2850455045700073	-0.23772476613521576	0.08729658275842667
A3N	0.2709665894508362	0.20127496123313904	0.15206378698349	0.29824745655059814	0.28183722496032715	0.458793580532074	0.65711909532547	0.5469918251037598	0.1679561287164688	0.11293914914131165	0.31481897830963135
A3P	0.2865466773509979	0.05232083052396774	-0.019393209367990494	0.5995461940765381	0.29746219515800476	0.4937622547149658	0.6605843901634216	0.15170662105083466	0.20146727561950684	-0.05442275106906891	0.2669580578804016
A3Q	0.29213863611221313	0.16068178415298462	0.06314806640148163	-0.054180871695280075	0.24329200387001038	0.4915624260902405	0.44810914993286133	0.3353520333766937	0.29205262660980225	0.1848260760307312	0.2456982135772705
A3R	0.302194207906723	0.13643497228622437	-0.3692351281642914	-0.1237344890832901	-0.06845393776893616	0.5278189182281494	-0.044470444321632385	0.21779002249240875	0.3138687014579773	-0.12174487113952637	0.07704679667949677
A3S	0.38989344239234924	0.3206665515899658	-0.19894857704639435	0.19941793382167816	0.1480320692062378	0.7773113250732422	-0.10491027683019638	0.5809599757194519	0.23712515830993652	0.37694334983825684	0.2726491093635559
A3T	0.35146111249923706	-0.11404096335172653	-0.3402802348136902	0.0803912878036499	0.051692064851522446	0.5458688139915466	-0.3288094699382782	0.2982448935508728	0.3161136507987976	0.2359929382801056	0.10966341197490692
A3V	0.3687611222267151	-0.4860256314277649	-0.28485894203186035	0.020017500966787338	-0.5904604196548462	-0.08183737844228745	-0.8884677886962891	-0.7351694107055664	0.15394021570682526	-0.9296543598175049	-0.34537550806999207
A3W	0.18512380123138428	0.026702404022216797	0.1599114090204239	0.5498351454734802	0.2382681667804718	0.21514283120632172	0.5493622422218323	-0.5507834553718567	0.28358572721481323	0.0013761818408966064	0.16585245728492737
A3Y	0.22958800196647644	0.03339770436286926	0.22803398966789246	0.5107434988021851	0.22619348764419556	0.22601033747196198	0.5131555795669556	-0.3790122866630554	0.13035833835601807	-0.035518303513526917	0.16829505562782288
S4A	0.42480242252349854	0.43912163376808167	0.491056352853775	0.04818759858608246	0.4781554043292999	0.30232083797454834	0.22390517592430115	0.05649421736598015	0.4328044652938843	0.57892245054245	0.3475770652294159
S4C	0.8426787853240967	0.5345801711082458	0.4014735221862793	0.495248943567276	0.42433393001556396	0.07431327551603317	0.625866174697876	0.32107293605804443	0.3325733542442322	0.08205383270978928	0.4134194850921631
S4D	1.086683988571167	0.6631625294685364	0.925339937210083	0.36456984281539917	0.7936110496520996	0.26934540271759033	0.8636638522148132	0.46758872270584106	0.7755721807479858	0.48503565788269043	0.6694573163986206
S4E	0.711229145526886	0.5426492094993591	0.27219170331954956	0.479020357131958	0.24454160034656525	0.7874768972396851	0.4125896692276001	1.2248620986938477	0.5388892889022827	0.9609741568565369	0.6174424290657043
S4F	0.6168184876441956	0.43681827187538147	0.6712343692779541	0.35422268509864807	0.3970438241958618	0.13113075494766235	0.13039836287498474	0.188043475151062	0.3613237738609314	-0.22267575562000275	0.30643582344055176
S4G	0.7442479133605957	0.7224253416061401	0.1329924315214157	-0.028986286371946335	0.7961912155151367	0.1562325805425644	-0.004788912832736969	0.37880459427833557	0.44338637590408325	0.409019410610199	0.3749524652957916
S4H	0.7320763468742371	0.5762015581130981	0.543283224105835	0.31661003828048706	0.33924826979637146	0.12453465163707733	0.8623048067092896	0.22649236023426056	0.5296384692192078	0.3783087134361267	0.4628698229789734
S4I	0.9217273592948914	0.18549370765686035	0.7809876203536987	0.6544668078422546	0.15831807255744934	0.28907424211502075	0.09442267566919327	0.6650692820549011	0.3898455500602722	0.22840774059295654	0.4367813169956207
S4K	1.0781919956207275	0.6508839726448059	0.9042710065841675	0.32531583309173584	0.46498486399650574	0.36692118644714355	0.7195878624916077	0.8566527366638184	0.7747663259506226	0.7528548836708069	0.6894431114196777
S4L	-0.018121540546417236	0.15883544087409973	0.3548325002193451	0.5060285329818726	0.3306783437728882	0.7157680988311768	-0.03763178735971451	0.6412588357925415	0.14841516315937042	0.8156551122665405	0.36157187819480896
S4M	0.831112802028656	0.3854478597640991	0.3454953730106354	0.4875144958496094	0.47341349720954895	0.22971634566783905	0.45770832896232605	0.23978616297245026	0.1400390863418579	-0.08212368190288544	0.3508110046386719
S4N	0.8450652360916138	0.7090135216712952	0.8202277421951294	0.20603716373443604	0.5719759464263916	0.15627066791057587	0.8653814792633057	0.2139364331960678	0.7164251208305359	0.4118238091468811	0.5516157150268555
S4P	0.7426789402961731	0.6072688698768616	0.8585373163223267	0.4586639702320099	0.6455669403076172	0.03013470768928528	0.6812684535980225	0.6609826683998108	0.644709587097168	0.34049761295318604	0.5670309066772461
S4Q	1.1560537815093994	0.6217873692512512	1.0071500539779663	0.30207017064094543	0.694847822189331	0.4764792323112488	0.8239319920539856	0.581142008304596	0.6093419194221497	0.465803861618042	0.6738608479499817
S4R	1.0702698230743408	0.5791146755218506	0.6689553260803223	0.12453986704349518	0.7236895561218262	0.4124244451522827	0.34823885560035706	0.8325381278991699	0.7289851307868958	0.5164883732795715	0.6005244851112366
S4T	0.8071406483650208	0.5667867660522461	0.637747049331665	0.1379883885383606	0.473962664604187	0.29996246099472046	-0.006536582484841347	0.30120623111724854	0.6032603979110718	0.4249386191368103	0.42464566230773926
S4V	0.523318350315094	0.2916184663772583	0.5214023590087891	0.8475401997566223	0.014653418213129044	0.47671014070510864	0.015880679711699486	0.5886970162391663	0.28525370359420776	0.35588884353637695	0.39209631085395813
S4W	0.6450328230857849	0.361719012260437	0.46421346068382263	0.3487893044948578	0.2492031455039978	0.09589804708957672	0.5835093855857849	0.2567097544670105	0.18671585619449615	-0.225566104054451	0.29662248492240906
S4Y	0.6525452136993408	0.5939926505088806	0.559050440788269	0.4994436502456665	0.3031028211116791	0.0912061482667923	0.6982669234275818	0.21644528210163116	0.21044594049453735	-0.22943447530269623	0.35950642824172974
A5C	0.48503029346466064	0.3118266463279724	0.42663076519966125	0.3625919222831726	0.1693345159292221	0.33679670095443726	0.213785782456398	0.03400230035185814	0.7910588383674622	0.5778436660766602	0.37089014053344727
A5D	0.44828611612319946	0.3986169099807739	0.49940618872642517	0.13944600522518158	0.3264073431491852	0.6396905779838562	0.6997299790382385	0.3107315003871918	0.6546217203140259	0.6376650929450989	0.47546014189720154
A5E	0.6134622097015381	0.7661630511283875	0.6731829643249512	0.07567721605300903	0.6172980070114136	0.8319151401519775	0.536361038684845	1.1067519187927246	0.645621657371521	0.8922992944717407	0.6758732199668884
A5F	0.5955486297607422	0.10156010091304779	0.4636007249355316	0.49226871132850647	0.41291940212249756	0.485215425491333	0.37114977836608887	0.901879608631134	0.512839138507843	0.3620226979255676	0.4699004292488098
A5G	0.7178804278373718	0.6013219356536865	0.3947509825229645	0.07940664142370224	0.8122481107711792	0.6844093799591064	0.6016442179679871	0.7247757315635681	0.5247271656990051	0.701337456703186	0.5842502117156982
A5H	0.2979132831096649	0.3463052213191986	0.4256572425365448	0.28986307978630066	0.20491743087768555	0.40334904193878174	0.7193747758865356	0.3040730655193329	0.8796305656433105	0.6504191756248474	0.45215028524398804
A5I	0.4551156461238861	-0.05651094764471054	0.3880718946456909	0.35640817880630493	0.18491171300411224	0.26888012886047363	0.07644128054380417	0.3955342173576355	0.5099548101425171	0.36516064405441284	0.2943967580795288
A5K	0.50868821144104	0.44975411891937256	0.4942797124385834	-0.5233268737792969	0.06964845955371857	0.5702040195465088	0.48819008469581604	0.3773919939994812	0.5672089457511902	0.7559582591056824	0.3757997155189514
A5L	-0.0016530826687812805	0.11289527267217636	0.2883656322956085	0.2259693443775177	0.36627012491226196	0.3245656490325928	-0.3619483709335327	0.17299972474575043	0.5136722922325134	0.7295427918434143	0.23706793785095215
A5M	0.37918806076049805	0.1591985523700714	0.38241320848464966	0.24260729551315308	0.1445222795009613	0.32483381032943726	0.33126571774482727	-0.03653782978653908	0.9107304811477661	0.5629988312721252	0.3401220440864563
A5N	0.4165157079696655	0.4185703992843628	0.33749982714653015	0.14998462796211243	0.30554091930389404	0.5470457673072815	0.720422625541687	0.53287273645401	0.8736234903335571	0.6398867964744568	0.4941962659358978
A5P	0.5726810693740845	0.1253795176744461	0.4739401638507843	0.5463858842849731	0.42749086022377014	0.4814126491546631	0.6473084092140198	0.5484746694564819	0.7421218156814575	0.5934422612190247	0.5158637762069702
A5Q	0.4220346510410309	0.3082890510559082	0.3054729104042053	-0.015008386224508286	0.26648133993148804	0.4436153769493103	0.6225841641426086	0.36453139781951904	0.7954209446907043	0.6254392862319946	0.41388607025146484
A5R	0.536766767501831	0.3156859576702118	0.16937285661697388	-0.38898587226867676	0.24380654096603394	0.40123772621154785	0.5618391036987305	0.48739123344421387	0.5295845866203308	0.6326282620429993	0.3489327132701874
A5S	0.6095665693283081	0.42114323377609253	0.5921502113342285	0.18148832023143768	0.4898097813129425	0.6299664974212646	0.33004239201545715	0.4150426685810089	0.5574640035629272	0.6263337135314941	0.4853007197380066
A5T	0.5062594413757324	0.28446370363235474	0.46131768822669983	-0.010130241513252258	0.39238250255584717	0.28048866987228394	0.1760144978761673	0.3475114703178406	0.597631573677063	0.6246665120124817	0.3660605549812317
A5V	0.476127952337265	0.28836384415626526	0.4983959496021271	0.9127540588378906	0.2628680467605591	0.07963567227125168	-0.5485196709632874	0.6054896116256714	0.4000985026359558	0.35773932933807373	0.3332953453063965
A5W	0.30274373292922974	0.2620764970779419	0.5331649780273438	0.43415430188179016	0.22943995893001556	0.21184058487415314	0.356322318315506	0.17269180715084076	0.7824901342391968	0.5478417277336121	0.38327664136886597
A5Y	0.3748670220375061	0.3078702688217163	0.614964485168457	0.5283290147781372	0.24401117861270905	0.37010782957077026	0.46119454503059387	0.19819276034832	0.7373740077018738	0.6057351231575012	0.44426465034484863
Q6A	0.6233826279640198	0.04542635381221771	0.16387078166007996	-0.12050080299377441	0.5707788467407227	0.8438721299171448	0.9296985268592834	-0.28677302598953247	0.23265226185321808	-0.16727305948734283	0.28351345658302307
Q6C	0.3036597967147827	0.4354265332221985	0.4871722161769867	0.10580094158649445	0.43760818243026733	0.09263107180595398	0.7956507205963135	0.6287150382995605	0.5279017686843872	-0.15216870605945587	0.3662397265434265
Q6D	0.6445078253746033	0.7261398434638977	0.25408583879470825	0.18554218113422394	0.6954594850540161	0.751151442527771	0.5285219550132751	0.4961280822753906	0.5885083675384521	0.3700152039527893	0.5240060091018677
Q6E	0.5176264047622681	0.3716353178024292	0.1855541467666626	0.5832753777503967	0.5219612121582031	0.7493774890899658	0.7550185322761536	0.6020153760910034	0.06459566950798035	0.15727509558200836	0.4508334696292877
Q6F	0.2810865342617035	0.5790739059448242	0.18055295944213867	0.4825403392314911	0.5373506546020508	0.5738439559936523	0.2586536109447479	0.23327429592609406	0.4547233581542969	-0.07129044830799103	0.3509809374809265
Q6G	0.997108519077301	0.49139195680618286	0.032941706478595734	0.22779488563537598	0.9360003471374512	0.8860962986946106	0.949062168598175	-0.25383374094963074	0.6447169780731201	0.22374120354652405	0.5135020017623901
Q6H	0.45699459314346313	0.768389105796814	0.3735581040382385	0.2905634343624115	0.4730188250541687	0.24940912425518036	0.7538504004478455	0.7772635221481323	0.4868021607398987	0.12913623452186584	0.4758985638618469
Q6I	0.30428066849708557	0.3509646952152252	0.2586316466331482	0.5784185528755188	0.09918525815010071	0.5247998237609863	-0.06270692497491837	-0.103519506752491	0.4443736672401428	-0.4554619789123535	0.1938965767621994
Q6K	0.48534566164016724	0.31905728578567505	0.328922301530838	0.1818140596151352	0.7842599153518677	0.7445133924484253	0.22764188051223755	-0.3161168098449707	0.7312419414520264	0.2159571796655655	0.3702636659145355
Q6L	0.31279757618904114	0.19479507207870483	0.5073623657226562	-0.17457452416419983	0.44245007634162903	1.0585039854049683	0.5449315309524536	-0.22707918286323547	0.8406481146812439	0.8055899739265442	0.430542528629303
Q6M	0.4220666289329529	0.44767308235168457	0.544988751411438	0.15029454231262207	0.43499013781547546	0.13747046887874603	0.7267548441886902	0.5193561315536499	0.40599554777145386	-0.3507176637649536	0.34388723969459534
Q6N	0.5923371911048889	0.9782812595367432	0.1978185623884201	0.3586181402206421	0.6851600408554077	0.5807271003723145	0.7160943150520325	0.771701455116272	0.5741176009178162	0.26095855236053467	0.5715814828872681
Q6P	0.5034338235855103	0.5239331722259521	0.36800506711006165	0.3781900703907013	0.6646952629089355	0.6677287817001343	0.35017916560173035	0.6677809357643127	0.5737305283546448	-0.044761836528778076	0.46529150009155273
Q6R	0.19036848843097687	0.41557684540748596	0.07394304871559143	0.19590847194194794	0.6749210357666016	0.5634995698928833	-0.11274122446775436	-0.24078717827796936	0.5865052342414856	0.0815335363149643	0.24287275969982147
Q6S	0.423582524061203	0.47787126898765564	0.053539663553237915	0.168340802192688	0.8203017711639404	0.6854695081710815	0.698465883731842	-0.3652440011501312	0.7641818523406982	0.35463958978652954	0.4081149101257324
Q6T	0.3362969756126404	0.4430106282234192	0.08637312054634094	0.3345251977443695	0.7423089742660522	0.5828819274902344	0.21834628283977509	-0.3964678943157196	0.7502060532569885	0.09119289368391037	0.31886741518974304
Q6V	0.3408935070037842	0.14316633343696594	-0.0007308833301067352	-0.015510719269514084	-0.26765501499176025	0.5771211385726929	0.3329527676105499	-0.5466543436050415	0.32549887895584106	-0.2698242664337158	0.0619257390499115
Q6W	0.29641014337539673	0.3151683211326599	0.5863726139068604	0.175916388630867	0.3917694687843323	-0.13820934295654297	0.8355622887611389	0.5355886816978455	0.3080771267414093	-0.21553637087345123	0.30911192297935486
Q6Y	0.3429940342903137	0.5355255007743835	0.6874358654022217	0.1666008085012436	0.4085037112236023	0.03619322180747986	0.7766487002372742	0.5517740845680237	0.4857930541038513	-0.18911467492580414	0.3802354335784912
P7A	0.5615580081939697	0.43143337965011597	0.6105186939239502	0.5199015736579895	0.6574372053146362	0.16849394142627716	0.6294541954994202	0.8755483031272888	0.40689754486083984	0.5004796385765076	0.5361722707748413
P7C	0.9479569792747498	0.769345223903656	0.5373246669769287	0.8355957865715027	0.663878321647644	0.638215184211731	0.7069711089134216	1.4086109399795532	1.2854889631271362	0.13309846818447113	0.7926485538482666
P7D	1.0801630020141602	0.8748595118522644	0.4847157895565033	0.6094529032707214	0.8576197624206543	0.6152654886245728	0.6845554709434509	1.0469112396240234	0.6460155844688416	0.35220372676849365	0.7251762747764587
P7E	0.3347567617893219	0.6474025249481201	0.0035099461674690247	0.6095357537269592	0.3168715536594391	0.1285458207130432	0.26050224900245667	1.0179085731506348	0.3984678387641907	0.5563187003135681	0.4273819327354431
P7F	0.8960441946983337	0.43363314867019653	0.7809022665023804	0.9932942390441895	0.5991795063018799	0.676637589931488	0.9047280550003052	1.198537826538086	0.7754022479057312	0.2552542984485626	0.7513612508773804
P7G	0.7617461085319519	0.599871039390564	0.7275357246398926	0.09402008354663849	0.7548567056655884	0.37512701749801636	0.6989728212356567	0.921108603477478	0.4624820351600647	-0.3426111936569214	0.5053108930587769
P7H	0.8706507086753845	0.6380276679992676	0.5516605377197266	0.6971474885940552	0.7217055559158325	0.583992600440979	0.675125777721405	1.2291271686553955	1.0312657356262207	0.16733673214912415	0.7166039347648621
P7I	0.848736047744751	0.4756903648376465	0.8315752744674683	0.9452563524246216	0.6464341878890991	0.5529206991195679	1.0156430006027222	1.3689987659454346	0.7336665391921997	0.4782119393348694	0.7897133231163025
P7K	0.48925650119781494	0.725454568862915	0.4321846067905426	0.6166311502456665	0.9704221487045288	0.45637547969818115	0.5909487009048462	1.2190525531768799	0.6315314173698425	0.6805287003517151	0.68123859167099
P7L	0.07669449597597122	-0.08755692094564438	0.14289771020412445	0.3282175362110138	0.5930131673812866	-0.3319588303565979	0.26608917117118835	-0.31330201029777527	0.7364159226417542	0.07509750127792358	0.1485607922077179
P7M	0.8279134631156921	0.7334493398666382	0.4231692850589752	0.6645190715789795	0.6754856109619141	0.7193071246147156	0.8643287420272827	1.2267882823944092	1.1108437776565552	0.17369261384010315	0.741949737071991
P7N	1.1105369329452515	0.7870867848396301	0.6763291358947754	0.6900787949562073	0.7691887617111206	0.4702202081680298	0.8837698698043823	1.229109287261963	0.9172604084014893	0.4089829921722412	0.794256329536438
P7Q	1.2008718252182007	0.9180036187171936	0.43854841589927673	0.704033613204956	0.9244953393936157	0.7751021981239319	0.8005368113517761	1.320408582687378	0.7738969326019287	0.6005114912986755	0.8456408381462097
P7R	0.968884289264679	0.5299148559570312	0.35012611746788025	0.6431284546852112	0.8994591236114502	0.3324558734893799	0.5891931653022766	1.080808162689209	0.6845963001251221	0.420737087726593	0.6499303579330444
P7S	0.6435101628303528	0.43153366446495056	0.6437011957168579	0.31624504923820496	0.8930438756942749	0.52264004945755	0.4632568061351776	1.159037709236145	0.48993879556655884	0.11448857933282852	0.5677396059036255
P7T	0.8174736499786377	0.3883281350135803	0.6694447994232178	0.6657480597496033	0.9031844139099121	0.46559232473373413	0.3932066261768341	1.414488434791565	0.6164500117301941	0.242141991853714	0.6576058268547058
P7V	0.45219942927360535	0.20270878076553345	0.4914906919002533	0.6981707215309143	0.44801750779151917	0.05088113248348236	0.3317748010158539	0.792548656463623	0.5911538004875183	0.7025269269943237	0.47614726424217224
P7W	0.40571334958076477	0.9278145432472229	0.6637939214706421	0.6014785766601562	0.6572315692901611	0.9609050750732422	0.7308907508850098	0.8256039619445801	1.1034519672393799	0.05819170922040939	0.6935075521469116
P7Y	0.6855655312538147	0.6872337460517883	0.6003831624984741	0.6809371113777161	0.6222661733627319	0.6783685088157654	0.6722184419631958	1.0479522943496704	1.1486421823501587	0.09997700899839401	0.6923543810844421
R8A	1.116995930671692	0.6354138255119324	1.0525245666503906	0.4295424520969391	0.24001410603523254	0.7184980511665344	0.5309320092201233	1.0465346574783325	0.5579319596290588	0.6751809120178223	0.7003568410873413
R8C	1.0258655548095703	0.8125035166740417	0.5860403776168823	0.7726385593414307	0.586426854133606	0.9127411246299744	0.7188760638237	1.030906319618225	0.7374206185340881	0.5095728039741516	0.7692991495132446
R8D	1.3464484214782715	0.9916765093803406	0.8441370725631714	0.7988911271095276	0.8315315246582031	0.7610536813735962	0.569097638130188	1.201086163520813	0.5575852990150452	0.8031050562858582	0.8704611659049988
R8E	0.3164270520210266	0.51169753074646	1.006781816482544	0.4507925510406494	-0.001432366669178009	0.47468477487564087	0.5832318663597107	0.5549686551094055	0.6446474194526672	0.6642777323722839	0.5206076502799988
R8F	1.2753592729568481	0.37184685468673706	0.5084562301635742	0.5224774479866028	0.8925361633300781	0.6304916143417358	0.5982531905174255	1.269595742225647	0.7325214743614197	0.8242074251174927	0.7625745534896851
R8G	1.4797431230545044	0.7244706749916077	0.686004638671875	0.230135977268219	0.42701664566993713	0.8760420680046082	0.8074193000793457	0.7349912524223328	0.5787984132766724	0.7277957797050476	0.7272417545318604
R8H	1.0478079319000244	0.7077949643135071	0.6628208160400391	0.5479083061218262	0.7584620714187622	0.6013020277023315	0.43576478958129883	1.0937258005142212	0.5746033787727356	0.6173936128616333	0.70475834608078
R8I	0.9203703999519348	0.1928759515285492	0.25330233573913574	0.4666271209716797	0.7584383487701416	0.42680811882019043	0.4643034040927887	1.0923750400543213	0.6539082527160645	0.8895686268806458	0.6118577718734741
R8K	0.8277847170829773	0.7959105968475342	0.9024012088775635	0.25391000509262085	0.6599022150039673	0.7360673546791077	0.49446597695350647	1.0802699327468872	0.69004887342453	0.7851129174232483	0.7225873470306396
R8L	0.29041698575019836	0.780556857585907	0.4683965742588043	0.025372376665472984	0.13395000994205475	0.49955666065216064	0.3381488621234894	0.4174622893333435	0.9891557097434998	0.9622386693954468	0.490525484085083
R8M	1.1050677299499512	0.5947391390800476	0.4480276107788086	0.6912676095962524	0.7552788257598877	0.7535662651062012	0.6085200309753418	1.1573288440704346	0.6830036044120789	0.41647112369537354	0.7213270664215088
R8N	1.6662217378616333	1.0699172019958496	0.6096155643463135	0.770267128944397	1.054404616355896	0.7639215588569641	0.6526612639427185	1.278885841369629	0.6342441439628601	0.8352950215339661	0.9335433840751648
R8P	1.5178605318069458	0.6270530819892883	0.8155561685562134	0.9384368658065796	1.0804637670516968	0.873180091381073	0.8756176233291626	1.448781967163086	0.510055422782898	0.8028156757354736	0.9489821195602417
R8Q	1.4355512857437134	0.8033954501152039	0.6671613454818726	0.6449817419052124	0.9009708166122437	0.6836155652999878	0.5654869079589844	1.21592116355896	0.6207326054573059	0.8166378736495972	0.8354455232620239
R8S	1.1453043222427368	0.9140258431434631	0.8063769340515137	0.4388468563556671	0.5441733598709106	0.8465926647186279	0.566174328327179	1.1110446453094482	0.582920253276825	0.7347456216812134	0.7690204977989197
R8T	1.3531888723373413	0.7239043116569519	0.715983510017395	0.5531692504882812	0.7135151624679565	0.6682320833206177	0.670111358165741	1.321668267250061	0.5967732071876526	0.8552729487419128	0.8171818852424622
R8V	0.7672064304351807	0.3389495611190796	0.5586543083190918	0.4686727821826935	0.3992466926574707	0.7768389582633972	0.8262458443641663	0.805282711982727	0.6061132550239563	0.9960202574729919	0.6543231010437012
R8W	0.744013786315918	0.5014009475708008	0.5984054803848267	0.4849744737148285	0.32945922017097473	0.953803300857544	0.6637905836105347	0.8672069907188416	0.657010555267334	0.17952264845371246	0.5979588031768799
R8Y	0.9140694737434387	0.66083824634552	0.744634747505188	0.529412031173706	0.5351777076721191	0.6937849521636963	0.6051369905471802	0.8943028450012207	0.8131529688835144	0.2833755612373352	0.6673885583877563
G9A	0.2314421832561493	0.43334388732910156	0.08723491430282593	0.2035675197839737	0.523571252822876	0.9158587455749512	0.8785868287086487	0.08624611794948578	0.7405046820640564	0.24208851158618927	0.43424445390701294
G9C	0.2929394543170929	0.3062201142311096	0.28973495960235596	0.4054362177848816	0.6601547002792358	0.6163294911384583	0.22934141755104065	0.9964491724967957	0.8337996006011963	0.8896509408950806	0.5520056486129761
G9D	0.6661057472229004	0.3041565716266632	0.5637246370315552	0.12921442091464996	0.8307362794876099	0.05444900691509247	0.5424809455871582	0.6995083689689636	0.4310939311981201	0.6910505294799805	0.49125203490257263
G9E	-0.05805336683988571	0.45941710472106934	0.14447900652885437	-0.01242898404598236	0.11250267177820206	0.3759872317314148	0.5040908455848694	0.22494585812091827	-0.22180847823619843	0.07648691534996033	0.16056188941001892
G9F	0.525361955165863	0.7850760221481323	0.2678945064544678	0.5616418719291687	0.3994124233722687	0.1659136861562729	0.27537330985069275	0.9344838857650757	0.89664626121521	0.5617492198944092	0.5373553037643433
G9H	0.2967486083507538	-0.06222780793905258	0.32817313075065613	0.2961738109588623	0.47644272446632385	-0.19617925584316254	0.528939962387085	0.6975101232528687	0.7853509783744812	0.9227136373519897	0.4073646068572998
G9I	0.577300488948822	0.919536292552948	0.17943017184734344	0.5604550242424011	0.6559927463531494	0.17552977800369263	0.5648903846740723	1.1536749601364136	0.7152440547943115	0.7008562088012695	0.6202910542488098
G9K	0.0700875073671341	0.3861834406852722	-0.015821140259504318	0.34858012199401855	0.5705078840255737	0.07764744758605957	0.4443328082561493	0.7717634439468384	0.5451774597167969	0.3346788287162781	0.3533138036727905
G9L	-0.34887245297431946	0.48467308282852173	1.1458784341812134	0.8867981433868408	0.09495213627815247	0.850701093673706	0.9211675524711609	0.8442541360855103	0.34198784828186035	-0.08952353894710541	0.5132015943527222
G9M	0.1747075915336609	0.3058481812477112	0.1539522111415863	0.35779979825019836	0.484103798866272	0.31757086515426636	0.028828155249357224	0.9951950907707214	0.8054136037826538	0.6278616786003113	0.4251280725002289
G9N	0.6143746972084045	0.20954719185829163	0.413676381111145	0.2983832061290741	0.9420188665390015	0.13356079161167145	0.6978815793991089	0.7291330099105835	0.8337852358818054	1.017376184463501	0.5889737010002136
G9P	0.7914307117462158	0.4777655005455017	0.40848085284233093	0.8452760577201843	1.0516541004180908	0.14758147299289703	0.39960214495658875	0.9071093201637268	1.226535439491272	0.7632022500038147	0.7018637657165527
G9Q	0.7071034908294678	0.32551664113998413	0.18353566527366638	0.46284806728363037	0.9001158475875854	0.3026201128959656	0.4439438283443451	1.1346033811569214	0.6644126772880554	0.6507706642150879	0.577547013759613
G9R	0.3614511787891388	0.4037380814552307	0.0075174979865550995	0.49488112330436707	0.7715266942977905	0.5465588569641113	0.3285064697265625	0.7581128478050232	0.6195876598358154	0.6368322968482971	0.4928712844848633
G9S	0.3576924502849579	0.3825763761997223	-0.10575040429830551	0.5152673125267029	0.6565730571746826	0.19608142971992493	0.6700936555862427	0.4458114504814148	0.6009966135025024	0.5875970125198364	0.43069392442703247
G9T	0.43982934951782227	0.3496684432029724	-0.02523086406290531	0.6304144859313965	0.8126212358474731	0.7278268933296204	0.47003528475761414	0.9212703704833984	0.49608397483825684	0.5972481966018677	0.5419767498970032
G9V	0.26128941774368286	0.47284621000289917	0.6648526191711426	0.7694377303123474	0.36016565561294556	1.0137580633163452	1.1564925909042358	0.4827765226364136	0.26131439208984375	0.1829070746898651	0.5625840425491333
G9W	-0.4466499090194702	0.058572858572006226	-0.057288140058517456	-0.1503220498561859	0.6614227294921875	-0.03776545450091362	-0.3803328573703766	0.25887179374694824	0.20341956615447998	0.10818136483430862	0.0218109879642725
G9Y	0.17435908317565918	0.13989923894405365	0.17425698041915894	0.08823119103908539	0.5251649022102356	-0.07022707164287567	0.12012514472007751	0.5311915278434753	0.7065392732620239	0.5378559827804565	0.2927396297454834
R10A	0.5603211522102356	0.39558205008506775	0.30153945088386536	0.876508355140686	0.06445858627557755	0.738117516040802	0.5037052631378174	0.9055342674255371	0.4396281838417053	0.4714559316635132	0.5256850719451904
R10C	0.6507907509803772	-0.032527826726436615	0.4218981862068176	0.6885151863098145	0.614651083946228	0.4598727822303772	-0.11329304426908493	0.593819797039032	1.0548344850540161	0.8681886792182922	0.5206750631332397
R10D	1.2257474660873413	0.3150103986263275	0.8077405691146851	0.9316551089286804	1.080222487449646	1.2153494358062744	0.36259981989860535	1.1134682893753052	1.026129961013794	0.924785852432251	0.900270938873291
R10E	0.45240718126296997	0.3269604742527008	0.3961066007614136	0.4905003011226654	0.20839765667915344	0.09378945827484131	0.6872796416282654	-0.16924940049648285	0.6478140950202942	0.5735024213790894	0.3707508444786072
R10F	0.6893563866615295	0.26482149958610535	1.362709403038025	0.8937413096427917	0.8719373941421509	0.6795859336853027	-0.49271848797798157	1.3590407371520996	1.6350505352020264	0.7200316786766052	0.7983556985855103
R10G	1.0413321256637573	0.6414355635643005	0.6507370471954346	0.7610894441604614	0.5495510101318359	0.960813045501709	0.8028444051742554	0.9606003165245056	0.66386479139328	0.228038027882576	0.7260305285453796
R10H	0.44571059942245483	0.007670111954212189	0.5338008403778076	0.3888029456138611	0.6580797433853149	0.5169384479522705	0.15192613005638123	0.40126052498817444	1.0282875299453735	0.5833849310874939	0.4715861678123474
R10I	0.9966328740119934	0.16248983144760132	1.1355721950531006	0.03236371651291847	0.7381671667098999	0.5635233521461487	0.15084153413772583	0.9435920119285583	1.2932342290878296	0.9232043623924255	0.6939620971679688
R10K	0.8869205117225647	0.4048987627029419	1.0466594696044922	0.9067964553833008	0.6995835304260254	1.0565911531448364	0.4627460241317749	1.5866332054138184	0.9474971890449524	0.7446095943450928	0.8742936253547668
R10L	-0.11847981065511703	0.05009286850690842	0.39605602622032166	0.05543412268161774	-0.27003219723701477	0.9437518119812012	0.6542603373527527	0.7763354778289795	1.0263592004776	0.5807017683982849	0.40944796800613403
R10M	0.392886221408844	-0.1694602370262146	0.3327223062515259	0.5988286137580872	0.7375329732894897	0.3278316259384155	-0.4170728027820587	0.5750648379325867	1.1650030612945557	0.6678988337516785	0.42112356424331665
R10N	1.0873812437057495	0.09415718168020248	0.8338925838470459	0.8144093751907349	0.9697468280792236	0.9428293704986572	0.19714051485061646	0.7502413392066956	1.2028900384902954	0.9025887846946716	0.7795277237892151
R10P	1.0480297803878784	0.345825731754303	0.5841091871261597	0.9313576221466064	0.8737133741378784	0.8809493184089661	0.3744726777076721	1.1113256216049194	1.1520397663116455	1.0518455505371094	0.8353669047355652
R10Q	1.0699713230133057	-0.0753011628985405	1.0034174919128418	0.8491197228431702	1.174320936203003	1.0521126985549927	0.2647196352481842	1.0508105754852295	1.094078540802002	1.1843960285186768	0.8667645454406738
R10S	1.0959218740463257	0.47087767720222473	0.7745051383972168	1.1329435110092163	0.5188114047050476	1.1308270692825317	0.4339750111103058	1.0598646402359009	0.7576236724853516	0.4794437885284424	0.7854794263839722
R10T	0.9049727320671082	0.15789537131786346	0.8272535800933838	1.1581515073776245	0.6464903354644775	1.1989140510559082	0.12703105807304382	1.3047444820404053	1.0815225839614868	0.6494213342666626	0.8056396245956421
R10V	0.32880839705467224	0.21128028631210327	1.018466591835022	0.6522205471992493	0.44401153922080994	0.8192612528800964	0.6010360717773438	0.9658589959144592	0.903219997882843	0.7165623903274536	0.6660726070404053
R10W	0.43584248423576355	-0.02447912096977234	0.5491561889648438	0.6040365695953369	0.6572257280349731	0.46171116828918457	-0.6649028658866882	0.5115602016448975	1.1063416004180908	0.3970465660095215	0.40335384011268616
R10Y	0.35521572828292847	-0.01373230665922165	0.467502623796463	0.6742702126502991	0.6105059385299683	0.5173774361610413	-0.23870983719825745	0.4235077202320099	1.2233664989471436	0.22049888968467712	0.42398032546043396
R11A	0.7107794880867004	0.41137629747390747	0.46126124262809753	0.9058233499526978	0.8182523250579834	1.3157564401626587	0.8140329718589783	1.1179413795471191	0.9756709337234497	0.6889030933380127	0.8219797015190125
R11C	0.4611315131187439	0.6002671718597412	0.9500143527984619	0.40106773376464844	1.1396397352218628	0.9498433470726013	1.4036459922790527	0.8191582560539246	0.7791354060173035	0.7399399280548096	0.824384331703186
R11D	0.6524531841278076	0.4586283564567566	0.5833059549331665	1.3066132068634033	1.2665175199508667	0.5083639621734619	1.0497983694076538	0.83249831199646	1.427878975868225	0.6535326838493347	0.8739591836929321
R11E	0.07142455875873566	-0.29020434617996216	0.12141996622085571	0.46942731738090515	0.6150076389312744	0.6000613570213318	0.24993889033794403	0.09572353959083557	0.1401209831237793	0.09487004578113556	0.21677899360656738
R11F	0.42216411232948303	1.0256882905960083	0.3566707372665405	1.2777057886123657	1.2581250667572021	0.9343053102493286	0.42874306440353394	1.0411607027053833	1.506777286529541	0.7384565472602844	0.898979663848877
R11G	0.8306434154510498	0.6085611581802368	0.3211666941642761	0.9557706117630005	0.5425307750701904	0.64067542552948	0.3643607795238495	0.7023902535438538	0.8381466269493103	0.7954279780387878	0.659967303276062
R11H	0.13154806196689606	0.3253011107444763	0.19750498235225677	0.6101908683776855	1.0391358137130737	0.6336098313331604	0.9526954889297485	0.6838609576225281	0.8225133419036865	0.3399529457092285	0.5736313462257385
R11I	1.5408867597579956	0.8698262572288513	1.0158613920211792	1.033065915107727	1.320290446281433	0.9978424310684204	1.1512084007263184	1.1771266460418701	1.6577824354171753	0.9583203196525574	1.172221064567566
R11K	0.5621172189712524	0.8426422476768494	0.9626729488372803	1.270470380783081	1.1586090326309204	0.9836030006408691	0.8114955425262451	0.9482359290122986	1.1232755184173584	1.1831291913986206	0.9846250414848328
R11L	0.13610610365867615	0.8321953415870667	0.6133115291595459	0.3162821829319	0.2761593163013458	1.2010512351989746	-0.07290153950452805	0.20420637726783752	0.5919138789176941	0.7449007034301758	0.4843224883079529
R11M	0.6939824223518372	0.5921400785446167	1.120629072189331	0.3862875699996948	1.1992918252944946	0.7089516520500183	0.9602068066596985	0.6375423073768616	0.762889564037323	0.6673650741577148	0.7729285955429077
R11N	0.7477916479110718	0.6965585947036743	0.6772432327270508	0.9632068276405334	1.3417624235153198	0.7197656631469727	1.3404831886291504	0.9122390151023865	0.9995571970939636	0.6828774809837341	0.9081485867500305
R11P	0.7670677304267883	0.3896726071834564	0.7431257963180542	1.4199694395065308	1.383335828781128	0.3764980435371399	0.44621798396110535	0.6646996736526489	1.628355622291565	0.520794689655304	0.83397376537323
R11Q	0.28147271275520325	0.5726253986358643	0.8635333776473999	0.8300777077674866	1.2517726421356201	0.45211565494537354	1.1016919612884521	0.7881667613983154	1.1420942544937134	1.02910578250885	0.8312656283378601
R11S	0.9817807674407959	0.9133867621421814	0.3395772874355316	1.1185556650161743	0.887024998664856	1.2843999862670898	0.8771953582763672	1.1138498783111572	1.271067500114441	0.9499078392982483	0.9736746549606323
R11T	0.990403413772583	0.7273194789886475	0.486489862203598	1.1916306018829346	1.0934244394302368	1.3529404401779175	0.8606105446815491	1.131577730178833	1.282787561416626	0.7505636215209961	0.986774742603302
R11V	0.6964559555053711	0.8784467577934265	0.8732900619506836	0.9052836298942566	1.1294406652450562	1.5752867460250854	1.3412678241729736	0.9839004874229431	0.9585250020027161	0.9080913066864014	1.0249989032745361
R11W	0.5284377932548523	0.42601320147514343	0.9217691421508789	1.1006159782409668	1.0549005270004272	0.49729323387145996	0.5378054976463318	-0.03201274573802948	0.46950894594192505	0.12231596559286118	0.5626647472381592
R11Y	0.4638720154762268	0.11790449917316437	0.39833584427833557	0.7956898808479309	1.1290587186813354	0.6446335911750793	0.7938045859336853	0.30265936255455017	0.3061746656894684	-0.009599179029464722	0.49425339698791504
P12A	0.305703341960907	0.4248698651790619	-0.07833549380302429	0.1109342873096466	0.1345796287059784	0.3327312469482422	-0.23917949199676514	0.17117224633693695	0.07229694724082947	-0.12908710539340973	0.11056854575872421
P12C	-0.8533676266670227	-0.30659928917884827	-0.15286488831043243	-0.3596420884132385	-0.33931607007980347	-0.7203589677810669	0.16332212090492249	0.0968441516160965	-0.5287052989006042	-0.7253673076629639	-0.3726055324077606
P12D	-1.5389283895492554	-0.4277721047401428	-0.9206424951553345	-0.7996166348457336	-1.5502265691757202	-0.9264235496520996	-1.1889827251434326	-0.8568139672279358	-0.675883948802948	-1.9733585119247437	-1.0858649015426636
P12E	-0.35640770196914673	-0.6484035849571228	-0.43960556387901306	-0.23854894936084747	-0.7266433238983154	0.15120811760425568	-0.44136500358581543	0.039404164999723434	0.110938660800457	-0.7904555201530457	-0.33398789167404175
P12F	0.17493075132369995	-0.22015386819839478	-0.04700875282287598	0.17061422765254974	0.2448291927576065	0.1567203402519226	-0.10284402221441269	0.4495607912540436	0.25546103715896606	-0.4151846170425415	0.06669250875711441
P12G	-0.8276265859603882	-0.0425473228096962	-0.48720404505729675	0.0496429018676281	0.018853161484003067	-0.22325755655765533	-0.1828916370868683	0.12553751468658447	0.12566177546977997	-0.7282050251960754	-0.21720369160175323
P12H	-1.1513171195983887	-0.24465668201446533	-0.37735432386398315	-0.4976502060890198	-0.776688814163208	-1.018606185913086	-0.14679287374019623	-0.3207447826862335	-1.0055774450302124	-1.400510549545288	-0.6939899325370789
P12I	0.1878994107246399	-0.4780084490776062	0.18039396405220032	0.2918122410774231	0.44961339235305786	-0.32823681831359863	0.08614309132099152	0.39689764380455017	0.31612658500671387	-0.1438055783510208	0.09588354080915451
P12K	-1.270296335220337	-0.47865015268325806	-1.0216879844665527	-0.5331369042396545	-0.46794506907463074	-0.8148289918899536	-1.7456313371658325	-0.18401168286800385	-0.07628937065601349	-1.5772027969360352	-0.8169679641723633
P12L	0.6444359421730042	0.5010752081871033	0.04327155649662018	0.4406557083129883	0.7251999378204346	0.5015665292739868	0.4323771595954895	0.8924233317375183	0.39619624614715576	0.4349024295806885	0.5012103915214539
P12M	-0.9932442307472229	-0.2321389615535736	-0.017962593585252762	-0.26609501242637634	-0.05211453139781952	-0.7782878875732422	0.21992430090904236	0.3814604878425598	-0.203257218003273	-0.9609647989273071	-0.29026806354522705
P12N	-1.4662290811538696	-0.4260352551937103	-0.5474754571914673	-0.5035456418991089	-1.1489458084106445	-0.8380449414253235	-0.31527864933013916	-0.12724900245666504	-0.7784987092018127	-1.5832360982894897	-0.7734538316726685
P12Q	-2.204498291015625	-0.6382989883422852	-0.7479840517044067	-0.5090998411178589	-1.3607648611068726	-1.2427455186843872	-0.6313815116882324	-0.8040972352027893	-0.8849931359291077	-2.2687408924102783	-1.1292604207992554
P12R	-1.9691473245620728	-0.46586889028549194	-0.8545738458633423	-0.5743989944458008	-0.4441392123699188	-0.7713269591331482	-1.3084940910339355	-0.46235790848731995	-0.8965916633605957	-1.6879395246505737	-0.943483829498291
P12S	-0.8011209964752197	0.12794338166713715	-0.5773410797119141	-0.09082624316215515	-0.32840776443481445	-0.12325844168663025	-1.14420485496521	-0.2185824066400528	0.1995576024055481	-0.7482234239578247	-0.37044644355773926
P12T	-0.250632643699646	-0.0680873766541481	-0.4863244891166687	-0.35672497749328613	-0.3057899475097656	-0.13443884253501892	-0.6861315369606018	0.05267646536231041	0.058379337191581726	-0.5830466151237488	-0.2760120630264282
P12V	0.49923136830329895	0.10407490283250809	0.12213519215583801	0.33510714769363403	0.5764964818954468	0.33952564001083374	0.16686347126960754	0.2805668115615845	0.7301461100578308	0.04937185347080231	0.32035189867019653
P12W	-1.6110798120498657	-0.5653373003005981	-0.36032336950302124	-0.5144527554512024	-0.3557538688182831	-1.062140941619873	-0.33095431327819824	0.09007202088832855	-0.8381639719009399	-1.4045888185501099	-0.6952722668647766
P12Y	-0.7720485925674438	-0.3300708532333374	-0.31586602330207825	-0.5420596599578857	-0.3632308840751648	-0.7216898202896118	-0.07758476585149765	-0.003182224929332733	-0.6580653190612793	-0.8854237794876099	-0.46692219376564026
G13A	0.40477800369262695	0.21708646416664124	0.24255579710006714	0.35568857192993164	0.3456093668937683	0.9626498222351074	0.6364224553108215	0.014244552701711655	0.5654112100601196	0.8478356599807739	0.45922818779945374
G13C	1.5005075931549072	0.6252973675727844	0.9016000032424927	0.38156330585479736	0.935316801071167	-0.2482685148715973	-0.42411237955093384	1.4469377994537354	0.9941104054450989	0.9580572247505188	0.7071009874343872
G13D	0.8469435572624207	0.30712783336639404	0.4175829589366913	0.4201822578907013	1.2511318922042847	0.8591140508651733	0.5506004691123962	0.3323249816894531	0.3805277943611145	0.4064127802848816	0.57719486951828
G13E	0.37262648344039917	0.18692445755004883	0.37700963020324707	0.4485359191894531	0.000814732164144516	0.5757112503051758	0.9213953614234924	-1.2480571269989014	0.9961596727371216	0.8502726554870605	0.34813928604125977
G13F	0.613414466381073	0.8266425132751465	0.07329750061035156	0.9845191240310669	0.9128514528274536	0.9713199138641357	1.2685939073562622	0.5817205905914307	0.9140928983688354	0.7642107009887695	0.7910662889480591
G13H	0.7968884110450745	0.6930427551269531	0.34438636898994446	0.34780436754226685	1.1047459840774536	0.2216712385416031	0.28798404335975647	1.1063004732131958	0.7434533834457397	0.7576389908790588	0.6403915882110596
G13I	0.9406628012657166	0.6336888670921326	0.6141690015792847	0.9117538928985596	1.0919755697250366	0.7912331223487854	1.2831324338912964	1.4132227897644043	0.4789849519729614	0.8367133736610413	0.8995537757873535
G13K	0.4840700328350067	0.04968971759080887	0.42754650115966797	0.9108993411064148	0.6952961683273315	1.083423376083374	0.6938217282295227	0.761009156703949	0.43972688913345337	0.7736630439758301	0.6319146156311035
G13L	0.27245602011680603	0.7602421045303345	1.8119232654571533	1.4139118194580078	0.502703070640564	0.8025462627410889	0.9113106727600098	0.9977172017097473	1.1618361473083496	0.47830629348754883	0.9112952947616577
G13M	1.4747893810272217	0.6828445196151733	0.8419675827026367	0.6197215914726257	0.6968578100204468	0.2322082370519638	-0.26045912504196167	1.802047610282898	0.948332667350769	1.2043994665145874	0.824271023273468
G13N	0.5472561717033386	0.9225950241088867	0.805605411529541	0.3535461127758026	1.060733675956726	0.5390257835388184	0.8174318671226501	0.6707743406295776	0.5349067449569702	0.586073637008667	0.6837948560714722
G13P	0.6540509462356567	0.4136236011981964	0.7527238130569458	0.5107827186584473	0.9955015182495117	0.7909145951271057	0.765590488910675	0.8038309216499329	0.6315791010856628	0.8081132769584656	0.7126711010932922
G13Q	0.9160264730453491	0.8700457215309143	0.9640839099884033	0.6692869663238525	1.309029459953308	0.7531430721282959	0.6447450518608093	1.3673908710479736	0.980674147605896	0.7579628229141235	0.9232388734817505
G13R	0.8516309261322021	0.35073015093803406	0.41959381103515625	1.1252155303955078	0.9830460548400879	0.9392695426940918	0.794688880443573	0.9671763777732849	0.7408741116523743	0.7253725528717041	0.7897598147392273
G13S	0.4906045198440552	0.27117764949798584	0.06536656618118286	0.47025465965270996	0.8477904796600342	1.062753677368164	0.4317582845687866	0.22567491233348846	-0.26526445150375366	0.8456902503967285	0.44458064436912537
G13T	0.8625398278236389	0.05712068825960159	0.2828482389450073	0.7912476062774658	0.9502307176589966	1.0870699882507324	0.779958188533783	0.751618504524231	0.46824681758880615	0.8790231347084045	0.6909903287887573
G13V	0.5859339237213135	0.5453011989593506	0.760500431060791	0.9490933418273926	0.7559512853622437	1.1476106643676758	1.4732056856155396	0.73838871717453	0.46585506200790405	0.6550173759460449	0.8076857328414917
G13W	1.263603925704956	0.6496891379356384	0.5264765024185181	0.31997132301330566	0.5414637327194214	0.42783206701278687	0.10391591489315033	1.3820840120315552	0.8511686325073242	1.2597248554229736	0.7325930595397949
G13Y	1.4844200611114502	0.8708328604698181	0.5693095922470093	0.2218596637248993	0.8624650239944458	-0.3195893168449402	0.2546433210372925	1.079312801361084	0.7572950720787048	0.8683480024337769	0.6648896932601929
V14A	-0.966708242893219	-0.3817259967327118	0.4080912470817566	0.5636392831802368	-0.3921009600162506	-0.21305960416793823	-0.5861098766326904	0.2479570060968399	-0.3135955333709717	-0.22255484759807587	-0.18561674654483795
V14C	0.15016138553619385	0.2670409083366394	-0.2011266052722931	0.008991125971078873	-0.0053098686039447784	0.06397824734449387	0.011265829205513	0.06417462229728699	0.06260435283184052	0.22090691328048706	0.06426869332790375
V14D	-1.1258200407028198	-0.9487996697425842	-0.507909893989563	-0.23222650587558746	-0.5836043357849121	-0.7094129920005798	-0.9712836146354675	-0.6048564910888672	-0.20045937597751617	-1.1500588655471802	-0.703443169593811
V14E	-0.8953547477722168	-1.204117774963379	-0.3654083013534546	-0.14568492770195007	-1.242752194404602	-0.6861144304275513	-0.9356063604354858	-0.22339023649692535	-0.40022480487823486	-1.062854290008545	-0.7161508202552795
V14F	-0.11117460578680038	0.1646394431591034	-0.05710969865322113	-0.149881973862648	0.1032504215836525	-0.38370591402053833	-0.5418684482574463	-0.5859631896018982	0.22546222805976868	-0.4601250886917114	-0.17964769899845123
V14G	-1.0367692708969116	-0.2204645574092865	-0.47797873616218567	-0.285763680934906	-0.35514119267463684	-0.3440096974372864	-0.4185220003128052	-0.3822857141494751	-0.06801050901412964	-0.940568208694458	-0.4529513418674469
V14H	-0.5768774151802063	-0.12375857681035995	-0.4010220170021057	-0.251828670501709	-0.37586498260498047	-0.7106903195381165	-0.5192016959190369	-0.501654326915741	0.05130448937416077	-0.4064291715621948	-0.38160228729248047
V14I	-0.28919604420661926	1.0719845294952393	0.39113500714302063	1.2990213632583618	0.7413073778152466	0.7102805376052856	0.3345399796962738	-0.13547323644161224	0.7370506525039673	0.4057019352912903	0.5266351699829102
V14K	-1.4580426216125488	-0.9605920910835266	-0.520879864692688	-0.10745944082736969	-0.9195940494537354	-0.2757723331451416	-0.8253627419471741	-0.6650403738021851	0.15604126453399658	-0.39877593517303467	-0.5975478887557983
V14L	0.4292186200618744	0.9818539619445801	0.7612062692642212	0.29395177960395813	0.7293168306350708	0.324884831905365	0.5121185183525085	1.0982487201690674	0.35209381580352783	0.5538018345832825	0.6036695241928101
V14M	0.08986631780862808	0.2441507875919342	-0.35273507237434387	-0.3700852394104004	0.23792213201522827	0.15754015743732452	-0.09930355101823807	-0.005824144929647446	-0.0045099928975105286	0.062003158032894135	-0.004097545053809881
V14N	-0.5389264225959778	-0.23340880870819092	-0.37140092253685	-0.12880928814411163	-0.6060079336166382	-0.19309812784194946	-0.5378147959709167	-0.5274591445922852	0.04266302287578583	-1.0349884033203125	-0.4129250645637512
V14P	-0.8700496554374695	-1.2139238119125366	-0.8372659683227539	-1.1989465951919556	-0.7679115533828735	-0.04641701281070709	-1.082698941230774	-0.855474054813385	-1.1565548181533813	-0.9497261047363281	-0.8978968858718872
V14Q	-0.9911691546440125	-0.4764009118080139	-0.5104082822799683	-0.40363383293151855	-0.443960040807724	-0.1841372549533844	-0.7426818609237671	-0.5175972580909729	-0.08434227108955383	-1.2717405557632446	-0.5626071691513062
V14R	-1.5902931690216064	-0.7260254621505737	-0.5582655668258667	0.07017045468091965	-0.7639154195785522	-0.3505929708480835	-0.8249161243438721	-0.9775790572166443	0.14821232855319977	-0.24962715804576874	-0.5822831988334656
V14S	-1.7195320129394531	-0.6965218782424927	-0.5385976433753967	0.07293492555618286	-0.9758750200271606	-0.21881143748760223	-0.9863600134849548	-0.31029799580574036	-0.2756558060646057	-0.518044114112854	-0.6166760921478271
V14T	-0.9164649248123169	0.09962289780378342	0.06706018000841141	0.3434598445892334	-0.19930054247379303	0.5374887585639954	-0.5931766629219055	0.07028959691524506	0.15885044634342194	0.07632812112569809	-0.0355842262506485
V14W	-0.5923746824264526	-0.3762599229812622	-0.865609884262085	-1.6341723203659058	-0.05329214036464691	-0.8308579921722412	-0.7097453474998474	-0.15084202587604523	-1.2441139221191406	-0.7312695980072021	-0.718853771686554
V14Y	-0.2579936981201172	-0.29007095098495483	-0.7872000932693481	-0.860406756401062	-0.07825656235218048	-0.9636499285697937	-0.7065501809120178	-0.3161885738372803	-0.5698909163475037	-0.7063554525375366	-0.5536563396453857
G15A	0.43155497312545776	-0.41397547721862793	1.212013602256775	0.39499783515930176	-0.15196609497070312	0.34451383352279663	0.3915390074253082	0.7910709977149963	0.33748990297317505	0.4124486446380615	0.3749687075614929
G15C	1.1353482007980347	0.25672629475593567	0.2240370213985443	0.8866418600082397	0.7978847026824951	0.2103477567434311	0.33800360560417175	0.21870078146457672	-0.030305221676826477	0.908049464225769	0.4945434033870697
G15D	0.9706535935401917	-0.6098977327346802	0.13109688460826874	0.03141854330897331	0.07057319581508636	-0.01715737022459507	0.10660319775342941	0.5999932289123535	-0.12822921574115753	0.3343449831008911	0.14893993735313416
G15E	-0.19705945253372192	-0.20206424593925476	0.37939032912254333	0.7575404644012451	-0.035801202058792114	0.10837748646736145	-0.29536154866218567	0.1452692747116089	0.4101913571357727	0.5190470218658447	0.15895295143127441
G15F	0.34791669249534607	0.3300940692424774	0.4738844335079193	0.6775099635124207	0.24151170253753662	-0.19538256525993347	0.5939299464225769	0.6683352589607239	0.47533249855041504	0.8407788872718811	0.44539108872413635
G15H	1.1172503232955933	0.043396059423685074	0.08715119957923889	0.8623228669166565	0.3693678081035614	-0.06783521175384521	0.03833179920911789	0.07273302972316742	0.0780881941318512	0.5857027769088745	0.31865087151527405
G15I	0.8186430335044861	-0.245175302028656	0.9191188812255859	0.4863244891166687	0.5515873432159424	0.08305871486663818	0.466381311416626	0.41387689113616943	0.4349517226219177	0.8176578283309937	0.4746425151824951
G15K	0.5128598809242249	-0.8159021735191345	0.46255847811698914	0.16291174292564392	0.3427969515323639	0.127218559384346	0.11462212353944778	0.5027359127998352	0.2878767251968384	0.4376448392868042	0.21353229880332947
G15L	0.5353813171386719	-0.7797326445579529	0.9609498977661133	0.2960204780101776	0.03952339291572571	0.1679384857416153	0.28759339451789856	0.6520700454711914	0.4880213737487793	0.18909227848052979	0.2836857736110687
G15M	1.3882216215133667	0.23655280470848083	0.3640347719192505	0.7415086030960083	0.8019150495529175	0.3230109214782715	-0.0029622595757246017	0.2883620262145996	0.39430683851242065	0.8485774397850037	0.5383527278900146
G15N	1.1510941982269287	0.059594593942165375	0.2044816017150879	0.5777207016944885	0.5334250926971436	-0.02037622034549713	-0.0012149903923273087	0.720879316329956	0.195163294672966	0.6553175449371338	0.4076085090637207
G15P	0.7060401439666748	-0.2874552309513092	-0.38573896884918213	-0.3232106566429138	-0.45208993554115295	-0.10002242028713226	-0.12903909385204315	0.3282596468925476	-0.4127318263053894	0.4287835359573364	-0.06272047758102417
G15Q	1.3761299848556519	-0.3377687335014343	0.31423521041870117	0.2584558129310608	0.3447875678539276	0.11444069445133209	0.04972803592681885	0.6265603303909302	0.2710728049278259	0.7756006717681885	0.3793242275714874
G15R	0.4350574016571045	-0.7979161143302917	0.3371230959892273	0.5310934782028198	0.26804429292678833	-0.1772785782814026	-0.13634589314460754	0.3781633675098419	0.26762616634368896	0.4183498024940491	0.1523917019367218
G15S	0.6630823016166687	0.1409538835287094	0.45304301381111145	0.4198923110961914	0.0337718166410923	-0.015205143019557	0.4632457196712494	0.8710142970085144	0.14262577891349792	0.5444351434707642	0.3716859221458435
G15T	0.4267764687538147	0.14902997016906738	0.4523049294948578	0.35787272453308105	0.40090999007225037	0.17903852462768555	0.7408768534660339	0.8742209076881409	0.4314970374107361	0.5425359010696411	0.4555063247680664
G15V	0.2433675229549408	-0.29073697328567505	0.6406748294830322	0.3493075370788574	0.3358105421066284	1.1625934839248657	0.6916889548301697	0.17258411645889282	0.6157200336456299	0.48200392723083496	0.44030141830444336
G15W	1.0414402484893799	0.12803632020950317	-0.15569134056568146	0.22611846029758453	0.26848793029785156	-0.22297856211662292	-0.027145160362124443	0.28148993849754333	-0.15281814336776733	0.7451251745223999	0.213206484913826
G15Y	0.8470072746276855	-0.002227090299129486	0.14678335189819336	0.4043964445590973	0.3294491469860077	-0.14169593155384064	0.0966452807188034	-0.2533942461013794	-0.2326960414648056	0.6438941955566406	0.18381622433662415
V16A	-0.14557364583015442	-0.2969106435775757	-0.042207665741443634	0.2393113225698471	-0.7136719226837158	-0.2684839963912964	-1.3046752214431763	0.15119291841983795	-0.5562798976898193	-0.6245833039283752	-0.35618820786476135
V16C	0.36429551243782043	0.24802079796791077	-0.7831848859786987	-0.14894381165504456	0.20343682169914246	-0.4743877053260803	0.32628333568573	-0.006399109959602356	0.14421898126602173	0.047972314059734344	-0.007868773303925991
V16D	-0.6799420118331909	-1.3603001832962036	-1.0628050565719604	-1.4024022817611694	-0.6714556217193604	-0.7904723286628723	-2.130174398422241	-0.7905539274215698	-0.34972232580184937	-0.9637161493301392	-1.0201544761657715
V16E	-0.20243000984191895	-0.39067867398262024	-0.3624662160873413	-0.13225935399532318	-1.5386890172958374	-0.9831913113594055	-0.7651720643043518	-0.17791132628917694	-0.7508634328842163	-2.0333006381988525	-0.7336961627006531
V16F	-0.47425687313079834	-0.19362059235572815	0.031271159648895264	-0.5318171977996826	0.13359442353248596	-0.2898939847946167	-1.1061588525772095	0.13982602953910828	-0.44719070196151733	-0.3603549003601074	-0.3098601698875427
V16G	-0.05849868804216385	-0.6307612061500549	-0.797758936882019	0.0515868254005909	-0.7659777402877808	0.1410578489303589	-0.923042356967926	-0.6738224625587463	-0.5834499001502991	-0.7536160945892334	-0.49942827224731445
V16H	-0.028456874191761017	-0.7219066023826599	-1.3359323740005493	-1.4994750022888184	-0.1072816550731659	-1.1369606256484985	-1.814926266670227	-0.6521859169006348	-0.11446553468704224	-0.5207831859588623	-0.7932373881340027
V16I	0.2604958415031433	0.5366701483726501	0.569230318069458	0.5799893140792847	0.8694802522659302	0.7352321147918701	0.496553510427475	0.9778842329978943	0.7851269245147705	0.6591892242431641	0.6469852328300476
V16K	-0.7190382480621338	-0.8788974285125732	-0.25840434432029724	-1.1549749374389648	-0.6801528930664062	-0.8234789967536926	-1.3396832942962646	-0.3857937455177307	-0.4774734377861023	-1.436759114265442	-0.8154656291007996
V16L	-0.10207892209291458	0.6601340174674988	1.0016412734985352	-0.0903351753950119	0.7002798318862915	-0.5662204623222351	0.26455381512641907	0.8124074339866638	0.2578776776790619	0.5210609436035156	0.3459320366382599
V16M	0.2776254117488861	0.43976059556007385	-0.8153918981552124	-1.0165915489196777	0.4965912401676178	-0.9458250403404236	-0.668747067451477	-0.08093176037073135	0.19006776809692383	0.04700063169002533	-0.20764414966106415
V16N	-0.22767353057861328	-0.7735052704811096	-1.220591425895691	-1.093989372253418	-0.006012491881847382	-0.4976003170013428	-2.0607528686523438	-0.5291564464569092	-0.23551015555858612	-0.4453998804092407	-0.7090191841125488
V16P	-1.0074262619018555	-1.2270437479019165	-1.3057196140289307	-2.1891231536865234	-0.5997645854949951	-0.36928021907806396	-1.842745304107666	-0.9212650656700134	-0.6524232625961304	-0.789664089679718	-1.0904455184936523
V16Q	-0.397724449634552	-1.0398085117340088	-1.165035367012024	-1.3465330600738525	-0.34525102376937866	-0.7845591306686401	-1.5269787311553955	-0.8369412422180176	-0.09660543501377106	-0.5310920476913452	-0.8070529103279114
V16R	-0.6169127225875854	-0.6928620338439941	-0.5198556184768677	-0.6502991318702698	-0.48633357882499695	-0.407135009765625	-1.5253552198410034	-0.3999185860157013	-0.2854852080345154	-1.196249008178711	-0.678040623664856
V16S	-0.611474335193634	-0.7686046361923218	-0.3884686231613159	-0.7836977243423462	-0.45461389422416687	0.30294346809387207	-1.37921142578125	-0.6880848407745361	-0.5340590476989746	-1.060857892036438	-0.6366128325462341
V16T	-0.016497477889060974	0.025892101228237152	-0.05138380825519562	-0.1661861687898636	0.16466395556926727	0.7211912274360657	-1.543723702430725	0.371779203414917	-0.02937496453523636	0.025804266333580017	-0.04978353530168533
V16W	-0.6341408491134644	-0.47653836011886597	-1.1746420860290527	-1.6599141359329224	-0.01898079365491867	-1.5781221389770508	-1.5990735292434692	-0.5169232487678528	-0.6928948760032654	-0.49191993474960327	-0.8843148946762085
V16Y	-0.2946757674217224	-0.5073400735855103	-1.3734447956085205	-1.3427246809005737	0.032036326825618744	-1.648082971572876	-1.4291127920150757	-0.48886263370513916	-0.19638024270534515	-0.5326992273330688	-0.7781286239624023
G17A	0.7485397458076477	0.5571501851081848	0.6702686548233032	0.5476728081703186	0.4144577383995056	0.3449910879135132	0.5188142657279968	0.6765124797821045	0.6119551658630371	0.8714650273323059	0.5961827039718628
G17C	-0.025921784341335297	-0.046532392501831055	0.11080105602741241	1.158658742904663	0.9639730453491211	-0.35663241147994995	0.2352224737405777	0.5692996978759766	0.8615886569023132	0.581276535987854	0.4051733911037445
G17D	0.9818048477172852	-1.056484341621399	0.21363011002540588	0.3544776737689972	0.10789045691490173	-0.029912449419498444	0.0012296512722969055	0.39927852153778076	-0.10367460548877716	0.20248961448669434	0.10707294940948486
G17E	0.1336766481399536	-0.6162525415420532	0.1133212298154831	0.41725704073905945	-1.381062388420105	0.11844107508659363	0.06803841143846512	-0.16076427698135376	0.40712422132492065	-0.030407220125198364	-0.09306277334690094
G17F	0.6791405081748962	0.3177553415298462	1.0469261407852173	0.7472500205039978	0.8876807689666748	0.4359869360923767	0.6866715550422668	-0.0016040392220020294	0.5860377550125122	1.0933858156204224	0.6479231119155884
G17H	-0.07705295830965042	-0.8379502296447754	0.12763184309005737	0.4447884261608124	0.9003875255584717	-0.4599878787994385	0.016273561865091324	0.6557120084762573	0.4587165117263794	0.2789064049720764	0.15074250102043152
G17I	0.6953888535499573	0.5115546584129333	0.9010040760040283	1.1035614013671875	0.8096556663513184	0.9324265718460083	0.7668637037277222	0.08998902142047882	0.9854656457901001	1.2627654075622559	0.8058675527572632
G17K	0.7908732295036316	0.035710860043764114	0.7048695087432861	1.0404367446899414	-0.480609267950058	0.5608074069023132	0.03197740763425827	0.2764686644077301	0.024278104305267334	0.4248805046081543	0.34096935391426086
G17L	0.577002763748169	0.894880473613739	1.1890218257904053	0.6123436689376831	0.4347744584083557	-0.2663120627403259	0.6867016553878784	0.4228137135505676	0.6525177955627441	0.633590817451477	0.5837334990501404
G17M	0.4698948264122009	0.003947459161281586	0.020662620663642883	0.9395822882652283	1.2248350381851196	-0.15360477566719055	-0.23519226908683777	0.7937595248222351	0.9392215609550476	0.9142975807189941	0.4917403757572174
G17N	0.8406172394752502	-0.6882655024528503	0.4985482394695282	0.5590260028839111	0.6962635517120361	-0.29560571908950806	-0.20577271282672882	0.4647710919380188	0.5243645906448364	0.13535766303539276	0.2529304325580597
G17P	0.1750233769416809	-0.500357449054718	-0.03849232569336891	-0.07974964380264282	0.7587313652038574	0.07040221244096756	-0.3469940721988678	0.25833138823509216	0.4990949034690857	0.14380933344364166	0.09397991001605988
G17Q	0.9931737184524536	-0.6702845096588135	0.7282290458679199	0.49826785922050476	0.5086350440979004	-0.24505673348903656	-0.3251185119152069	0.47376692295074463	0.39027029275894165	0.2343389093875885	0.2586221992969513
G17R	0.6973361968994141	-0.27854740619659424	0.8488385677337646	1.001172423362732	-0.3095618188381195	0.3136415481567383	-0.16442619264125824	0.08800908923149109	0.280464231967926	0.33429962396621704	0.281122624874115
G17S	0.9120467305183411	0.033637635409832	0.4992311894893646	0.5987377166748047	0.12805357575416565	0.6542547345161438	0.523267924785614	0.36465513706207275	-0.05205726623535156	0.7117553353309631	0.4373582899570465
G17T	0.4627973139286041	0.2433127462863922	0.7529758214950562	0.7491840720176697	0.539840579032898	0.7041721343994141	0.47165289521217346	0.32686370611190796	0.27778512239456177	0.9761199355125427	0.5504704713821411
G17V	0.3195015788078308	0.5005552768707275	0.7866624593734741	0.8326574563980103	0.15423184633255005	0.6221529841423035	0.8493115305900574	0.9557472467422485	0.7970730662345886	0.5515870451927185	0.6369479894638062
G17W	0.05118923634290695	-0.19431772828102112	-0.4993789792060852	-0.11786450445652008	1.0838055610656738	-1.0845856666564941	-0.7581748366355896	1.2350927591323853	0.2969202399253845	0.1084912046790123	0.012117727659642696
G17Y	-0.33396846055984497	-0.3207508325576782	-0.3705673813819885	0.5855191946029663	1.0490624904632568	-0.5369510054588318	-0.6052051186561584	0.6903471946716309	0.5809758305549622	0.1705644577741623	0.09090264141559601
V18A	0.0990179255604744	0.44960156083106995	0.29940319061279297	0.397980272769928	-0.08937419950962067	-0.09526044130325317	0.076462522149086	-0.4533994197845459	-0.2474006861448288	0.15923936665058136	0.059626996517181396
V18C	-0.9586747288703918	-0.4109005331993103	-0.09200647473335266	-1.0020922422409058	-0.7658301591873169	-0.9438722729682922	-0.0868726298213005	-0.1077270656824112	-0.3770013451576233	-0.785935640335083	-0.5530913472175598
V18D	-0.7266480922698975	-1.2503421306610107	-0.4545348286628723	-1.2596430778503418	-1.060827612876892	-0.7422252893447876	-1.0570324659347534	-0.9314179420471191	-1.3076492547988892	-0.9659075736999512	-0.9756227731704712
V18E	-1.0420219898223877	-0.41677138209342957	-0.5474778413772583	-0.8035193085670471	-1.1601125001907349	-1.0080887079238892	-0.9120664596557617	-0.2471560835838318	-0.7363799214363098	-1.7153246402740479	-0.8588918447494507
V18F	-0.8969277143478394	-0.7912449836730957	-0.5692436695098877	0.08149842917919159	-1.1470208168029785	-0.9231576919555664	-0.14196361601352692	-0.5139720439910889	0.020037345588207245	-1.2442454099655151	-0.6126240491867065
V18G	-0.007365427911281586	0.02199847251176834	0.03798237442970276	-0.34103867411613464	-0.3783530294895172	-0.2562829256057739	-0.17590521275997162	-0.3962494730949402	-0.4720225930213928	-0.24085982143878937	-0.22080962359905243
V18H	-0.8104310631752014	-0.937553346157074	-0.6219233274459839	-1.3768898248672485	-0.957451581954956	-0.7057494521141052	-1.1870497465133667	-0.9064805507659912	-0.5315170884132385	-0.5703837275505066	-0.8605430722236633
V18I	0.2546088695526123	0.8727886080741882	0.4434269070625305	0.8492933511734009	0.5178263187408447	0.5119547843933105	0.4903516173362732	0.14417219161987305	0.4330092668533325	-0.033604055643081665	0.44838279485702515
V18K	-0.915424108505249	-0.8274927735328674	-0.35473716259002686	-1.3339494466781616	-0.8467193841934204	-0.6652612686157227	-1.2901127338409424	-1.1994776725769043	-1.3323901891708374	-0.7929481267929077	-0.9558512568473816
V18L	0.3294149935245514	0.9335603713989258	1.0133333206176758	-0.3130892515182495	0.26726454496383667	-0.21442629396915436	-0.14540183544158936	-0.024454139173030853	0.21201233565807343	0.8883707523345947	0.29465848207473755
V18M	-1.126512885093689	-0.6302254796028137	-0.3189612329006195	-1.2602249383926392	-0.8081302642822266	-0.7065560817718506	-0.32734960317611694	-0.40515726804733276	-0.6080811023712158	-0.5829429030418396	-0.6774141192436218
V18N	-0.9736378788948059	-1.1325205564498901	-0.5311019420623779	-1.220900297164917	-0.8022520542144775	-0.8767977952957153	-1.0025933980941772	-1.2003000974655151	-0.7201678156852722	-1.2376104593276978	-0.9697882533073425
V18P	-1.2020930051803589	-0.8789989948272705	-0.5271532535552979	-1.848915696144104	-0.9913824796676636	-0.452434241771698	-1.5487264394760132	-0.7349641919136047	-0.6836293339729309	-0.6423159837722778	-0.9510613679885864
V18Q	-0.787352979183197	-1.0308921337127686	-0.6524569988250732	-1.311789870262146	-0.8738715648651123	-0.6887950897216797	-1.2445013523101807	-1.3336913585662842	-0.9778792262077332	-0.8625268936157227	-0.9763757586479187
V18R	-0.5089967250823975	-0.3622208833694458	-0.5155277252197266	-0.7164639830589294	-0.8206151723861694	-0.788112998008728	-1.1894422769546509	-1.0945303440093994	-1.071860671043396	-0.4500936269760132	-0.7517864108085632
V18S	-0.4271540641784668	-0.11066364496946335	-0.25580453872680664	-0.6426126956939697	-0.6508001089096069	-0.4765740633010864	-0.7458368539810181	-1.265434980392456	-0.7293698191642761	-1.0619233846664429	-0.6366173624992371
V18T	-0.26336491107940674	0.15400877594947815	-0.2660299837589264	0.3956277668476105	0.34194043278694153	-0.39446842670440674	-0.29160812497138977	-1.0264582633972168	-0.5372788906097412	-0.3950839638710022	-0.22827155888080597
V18W	-1.1188969612121582	-0.7810264825820923	-0.4780786633491516	-1.0931192636489868	-0.9575220346450806	-0.9539262056350708	-1.079344391822815	-0.25993314385414124	-0.7666899561882019	-0.8720959424972534	-0.8360632061958313
V18Y	-1.2728116512298584	-1.022807002067566	-0.49285319447517395	-1.495876431465149	-1.009023904800415	-0.9974206686019897	-0.960052490234375	-0.4801245927810669	-0.7636607885360718	-1.1184382438659668	-0.9613069295883179
V19A	-0.7769876718521118	-1.2950239181518555	-0.12050032615661621	0.22922803461551666	-0.40879639983177185	-0.33281654119491577	-0.31518256664276123	-1.0714130401611328	-0.32182151079177856	-0.8338413834571838	-0.5247155427932739
V19C	0.37811076641082764	-0.5694178342819214	-0.03053922951221466	-0.26045021414756775	-0.09217853844165802	0.16905660927295685	-0.058181531727313995	-0.1891191601753235	-0.12805332243442535	-0.19338493049144745	-0.0974157378077507
V19D	-0.3162618577480316	-0.6054810285568237	-0.6682783365249634	-0.5604343414306641	-0.5703613758087158	-0.5844507217407227	-0.6499860286712646	-0.7369824647903442	-0.5159552097320557	-0.937319278717041	-0.6145510077476501
V19E	-0.9566516280174255	-1.596408724784851	-0.9118684530258179	-0.6885588765144348	-1.3557648658752441	-1.0404495000839233	-1.0149461030960083	-1.1156606674194336	-0.8775658011436462	-2.5634267330169678	-1.2121301889419556
V19F	0.03577446937561035	0.26032528281211853	0.0494273379445076	0.004831079393625259	-0.13620838522911072	0.4768869876861572	0.2608926296234131	-0.19043031334877014	0.10219810903072357	-0.3901115655899048	0.04735856130719185
V19G	-0.22767770290374756	-1.1287271976470947	-0.14387139678001404	-0.18098898231983185	-0.9779268503189087	-0.35381168127059937	-0.16219088435173035	-1.0526400804519653	-0.6253910660743713	-0.6962313055992126	-0.554945707321167
V19H	0.17999333143234253	-0.8148056268692017	-0.41781219840049744	-0.6024688482284546	-0.5848667621612549	-0.7333765029907227	-1.002991795539856	-0.17937417328357697	-0.2606147527694702	-0.6543766856193542	-0.5070694088935852
V19I	1.2152076959609985	0.3271409869194031	0.4775884449481964	0.665637731552124	0.5062810778617859	0.6905154585838318	0.35375913977622986	-0.2689157724380493	0.6261998414993286	0.10972139984369278	0.4703136086463928
V19K	-0.7611106038093567	-0.5545628666877747	-0.8961533308029175	-0.8376568555831909	-0.9938256740570068	-0.8367728590965271	-0.6679412126541138	-1.4363032579421997	-0.6739386320114136	-1.1358938217163086	-0.8794158697128296
V19L	-0.4419761896133423	0.27740904688835144	0.2532513737678528	0.6027517914772034	-0.437243789434433	0.7605774402618408	-0.12249431759119034	0.5819368362426758	0.27602118253707886	0.04270540922880173	0.17929388582706451
V19M	0.128874272108078	-0.31143465638160706	-0.21942216157913208	-0.4917340874671936	-0.14721395075321198	-0.03986178711056709	0.04243781790137291	0.2874477207660675	-0.22055067121982574	-0.08354452252388	-0.10550020635128021
V19N	0.238847017288208	-0.39125770330429077	-0.25138765573501587	-0.38015007972717285	-0.2364327609539032	-0.2929784655570984	-0.5168390274047852	-0.4822627305984497	-0.3621121644973755	-0.7376871109008789	-0.3412260413169861
V19P	-0.8986810445785522	-0.7342274785041809	-0.8534657955169678	-0.9108794331550598	-0.970984697341919	-0.7014613151550293	-0.7346671223640442	-1.0206855535507202	-0.48905110359191895	-0.45236748456954956	-0.77664715051651
V19Q	-0.09463005512952805	-0.6930115222930908	-0.7175885438919067	-0.7148147821426392	-0.6451884508132935	-0.5328748226165771	-0.5650872588157654	-0.7392004132270813	-0.41641002893447876	-0.9610493183135986	-0.6079854965209961
V19R	-0.4655427932739258	-0.32704445719718933	-0.694037914276123	-0.6980612874031067	-0.9140685796737671	-0.6676563620567322	-0.7865275144577026	-1.0422451496124268	-0.5439161062240601	-0.881859302520752	-0.7020959854125977
V19S	-0.4745267629623413	-0.13548138737678528	-0.3721422553062439	-0.8057207465171814	-0.538153886795044	-0.48195940256118774	-0.3356686234474182	-0.9875960946083069	-0.5251882076263428	-0.7529630064964294	-0.54093998670578
V19T	-0.26808297634124756	-0.4649505615234375	0.03806208074092865	-0.26037755608558655	-0.5008914470672607	-0.552076518535614	-0.08298784494400024	-1.0163320302963257	-0.24029256403446198	-0.6635298132896423	-0.40114593505859375
V19W	-0.15289026498794556	-0.5099019408226013	-0.30072125792503357	-0.6441651582717896	-0.14038094878196716	-0.5849332809448242	-0.8351107239723206	0.11390194296836853	-0.5214871168136597	-0.8613208532333374	-0.44370096921920776
V19Y	-0.3251975178718567	-0.774633526802063	-0.22585326433181763	-0.8009653091430664	-0.2951998710632324	-0.3489118814468384	-0.7929169535636902	0.03175990656018257	-0.4630667567253113	-0.6081090569496155	-0.4603094458580017
V20A	-0.6915552020072937	-0.9986302256584167	-0.2031247764825821	-0.6380669474601746	-0.46632465720176697	-0.439785361289978	-0.4617639482021332	-1.1087539196014404	-0.4319393038749695	-1.006762146949768	-0.6446706056594849
V20C	-0.8571240901947021	-0.5209273099899292	-0.40954163670539856	-0.6377535462379456	-0.8206464052200317	-0.4812498092651367	-0.7259277105331421	-0.2550917863845825	-0.22431616485118866	-0.20069290697574615	-0.5133271813392639
V20D	-0.6094043850898743	-1.0482097864151	-0.40946072340011597	-1.028592824935913	-0.22156640887260437	-0.2525864839553833	-0.8779484033584595	-0.33083999156951904	-0.6631166338920593	-0.9029356241226196	-0.6344661116600037
V20E	-0.29849541187286377	-1.2339427471160889	-1.546655535697937	-0.36136317253112793	-1.3168516159057617	-0.8031591773033142	-0.9215584993362427	-0.8424838781356812	-1.2950974702835083	-1.9373527765274048	-1.0556961297988892
V20F	-0.3715086281299591	-0.24996376037597656	-0.9284319877624512	-0.4016437828540802	-0.4865504205226898	-0.6549913287162781	-0.5598475933074951	0.0010239966213703156	-0.46245527267456055	-0.6492794752120972	-0.47636479139328003
V20G	-0.3107795715332031	-0.3466775417327881	-0.47080081701278687	-0.12161457538604736	-0.6744296550750732	-0.2865927815437317	-0.19149859249591827	-0.7563769817352295	-0.5110471248626709	-0.7230380773544312	-0.4392855763435364
V20H	-0.4895285367965698	-1.0050814151763916	-0.5061767101287842	-0.8454793691635132	-0.5588111877441406	-0.5480961203575134	-1.3029800653457642	-0.49595266580581665	-0.3576461672782898	-0.8625884652137756	-0.697234034538269
V20I	-0.29280155897140503	0.8361229300498962	0.7596938610076904	1.2802985906600952	0.43430614471435547	-0.17239849269390106	0.22139674425125122	0.3452751338481903	0.4918416142463684	0.01500009000301361	0.3918735086917877
V20K	-0.6761123538017273	-0.6737698316574097	-0.6110682487487793	-0.5802189707756042	-0.5977413654327393	-0.4723091125488281	-0.72334885597229	-0.6098458170890808	-0.4250286817550659	-0.4064043164253235	-0.5775848031044006
V20L	-0.18792635202407837	0.3561621308326721	0.18812941014766693	0.10989147424697876	0.0542670339345932	0.018295682966709137	-0.09067918360233307	0.021951239556074142	-0.14577019214630127	-0.23360653221607208	0.009071476757526398
V20M	-0.7911611199378967	-0.37776845693588257	-0.5939688682556152	-1.1077240705490112	-0.503665566444397	-0.8260953426361084	-0.6211910843849182	-0.1851062923669815	-0.2382325679063797	-0.22159670293331146	-0.5466510057449341
V20N	-0.5884608626365662	-0.9803606867790222	-0.12932147085666656	-0.8069589138031006	-0.4521685540676117	-0.39295709133148193	-0.8394176363945007	-0.19648058712482452	-0.4097035527229309	-1.0354212522506714	-0.5831250548362732
V20P	-0.8935889005661011	-1.4010772705078125	-0.7533385753631592	-1.2584420442581177	-1.2090764045715332	-1.0008686780929565	-0.6390795111656189	-0.7956013679504395	-0.4622107148170471	-0.6830492615699768	-0.9096333384513855
V20Q	-0.6018931269645691	-0.9958617091178894	-0.3959028124809265	-0.8291417360305786	-0.49634507298469543	0.007343694567680359	-1.3149871826171875	-0.35314181447029114	-0.6150756478309631	-1.071169376373291	-0.6666174530982971
V20R	-0.3005581200122833	-0.6115840673446655	-0.4977661669254303	-0.39908549189567566	-0.8189148902893066	-0.44682812690734863	-1.326758861541748	-0.6821900010108948	-0.7257327437400818	-0.7321301698684692	-0.654154896736145
V20S	-0.4681077003479004	-0.505050539970398	-0.41562920808792114	-0.7805504202842712	-0.6127032041549683	-0.21793325245380402	-0.21042247116565704	-0.9827713370323181	-0.5262506008148193	-0.6324228644371033	-0.5351841449737549
V20T	0.29273927211761475	-0.5250072479248047	-0.13846975564956665	-0.2733948528766632	-0.46512845158576965	0.16475705802440643	-0.41400739550590515	-0.26363271474838257	-0.05738833546638489	-0.6177865266799927	-0.22973188757896423
V20W	-0.9093449115753174	-0.38958027958869934	-0.6394108533859253	-1.1768666505813599	-0.7818969488143921	-1.0356569290161133	-0.6314240097999573	-0.16257181763648987	-0.5016986727714539	-0.735734224319458	-0.6964184641838074
V20Y	-0.8537428975105286	-0.7575194239616394	-0.6204133033752441	-1.1242411136627197	-0.5993391275405884	-0.9804506301879883	-0.7470990419387817	-0.5223366618156433	-0.5197886824607849	-0.5792696475982666	-0.7304199934005737
T21A	-0.6867457032203674	-0.11867541819810867	-0.0907619297504425	-0.8580226302146912	-0.12210734188556671	-0.2674137353897095	0.2693265676498413	-0.1860002726316452	-0.09283772110939026	-0.36600589752197266	-0.25192442536354065
T21C	-0.33853182196617126	-0.20550942420959473	-0.20721906423568726	0.7133162617683411	-0.28223729133605957	-0.7526390552520752	-0.004379650577902794	0.015697970986366272	0.10829981416463852	-0.8876607418060303	-0.18408629298210144
T21D	-0.3841714859008789	-0.8814539313316345	-0.8395802974700928	-1.224652647972107	-0.43473199009895325	-0.5702537894248962	-0.11477502435445786	-0.3026139438152313	-0.11649878323078156	-1.0673158168792725	-0.5936047434806824
T21E	-0.3916509449481964	0.06783686578273773	-0.15410184860229492	0.30026689171791077	-0.7713676691055298	-0.05089295655488968	-0.13652773201465607	-0.6050596833229065	0.687218964099884	-0.5318405032157898	-0.15861186385154724
T21F	-0.3918994665145874	-0.207677960395813	0.15451428294181824	-0.20785047113895416	-0.3323577344417572	-0.4487018585205078	0.2665832042694092	-0.21871566772460938	-0.3598793148994446	-1.1342049837112427	-0.28801900148391724
T21G	-0.9539173245429993	-0.4327229857444763	-0.1860051155090332	-0.7446420788764954	-0.1735181212425232	-0.5787853002548218	-0.012622402980923653	0.2227839082479477	-0.1079988032579422	-0.452755331993103	-0.34201836585998535
T21H	-0.16611766815185547	-0.5768911838531494	-0.5614348649978638	-0.008815284818410873	-0.28508713841438293	-0.857374370098114	0.052242327481508255	-0.0338149331510067	-0.05666232109069824	-0.9601937532424927	-0.345414936542511
T21I	-0.824955940246582	0.07161330431699753	0.2688654363155365	0.06948122382164001	-0.023089364171028137	0.11701028048992157	0.5850245356559753	-0.08298467099666595	-0.03767666965723038	-0.77706378698349	-0.06337755918502808
T21K	-0.7956978678703308	-0.32512062788009644	-0.4513292908668518	-0.8216005563735962	-0.25755539536476135	-0.6323342323303223	0.07038947194814682	-0.5410339832305908	0.12902237474918365	-1.098293423652649	-0.47235536575317383
T21L	-0.20672699809074402	0.009148262441158295	0.17781637609004974	-1.1941070556640625	-0.36214974522590637	-0.6671015024185181	-0.30109402537345886	0.14565904438495636	-1.3658119440078735	-1.106265902519226	-0.48706334829330444
T21M	-0.304840624332428	-0.3476550579071045	-0.2514089345932007	0.49859172105789185	-0.1971346139907837	-0.7818218469619751	0.1487896591424942	-0.03920845687389374	0.000626884400844574	-0.7505358457565308	-0.20245972275733948
T21N	-0.47329944372177124	-0.4621617794036865	-0.28988996148109436	-0.6197870969772339	-0.23086842894554138	-0.5688191652297974	-0.20523104071617126	-0.14472320675849915	-0.3844963312149048	-1.3882659673690796	-0.47675424814224243
T21P	-0.35907748341560364	-0.43335700035095215	-0.6008228063583374	-1.0938866138458252	-0.49633994698524475	-0.525071918964386	0.1541403830051422	-0.4826085567474365	-0.7890264987945557	-1.6913961172103882	-0.6317446827888489
T21Q	-0.5435144901275635	-0.45048511028289795	-0.6274579763412476	-0.6243212819099426	-0.430457204580307	-0.8661472201347351	0.028285661712288857	-0.15677177906036377	-0.17907218635082245	-1.2990068197250366	-0.5148948431015015
T21R	-0.48669397830963135	-0.6115118265151978	-0.29145321249961853	-0.6725871562957764	-0.17580333352088928	-0.7974029779434204	-0.0043188538402318954	-0.3894347548484802	-0.051522716879844666	-1.2616184949874878	-0.47423475980758667
T21S	-0.7972359657287598	-0.41167619824409485	-0.40131258964538574	-1.3516021966934204	-0.48719820380210876	-0.43394190073013306	0.054363712668418884	-0.2440941035747528	-0.30623865127563477	-1.165259599685669	-0.5544195175170898
T21V	-0.30284249782562256	-0.04332859069108963	0.2117612063884735	-0.3428102731704712	0.06817205995321274	0.2313094586133957	-0.2910454571247101	-0.39424803853034973	-0.7465833425521851	-0.4265037775039673	-0.20361192524433136
T21W	-0.4549713134765625	-0.7438546419143677	-0.3374404311180115	0.30343833565711975	-0.5015684366226196	-0.5332518219947815	0.02645723521709442	-0.019436195492744446	0.001506991684436798	-0.8252581357955933	-0.3084378242492676
T21Y	-0.3541862964630127	-0.702099084854126	-0.32531794905662537	0.2818164825439453	-0.3977160155773163	-1.0008519887924194	-0.08810070902109146	-0.09752275794744492	0.24933643639087677	-0.7083925008773804	-0.314303457736969
S22A	-1.1642829179763794	-0.6197957396507263	-0.5784717798233032	-0.9495258331298828	-0.41842153668403625	-0.37993329763412476	-1.048139214515686	-0.4570481777191162	-1.0690343379974365	-0.4630163908004761	-0.7147668600082397
S22C	-0.7949315905570984	-0.3187220096588135	0.019810393452644348	-1.083166480064392	0.03633011132478714	-0.11002553999423981	-0.12959855794906616	-0.805367112159729	-0.7839545011520386	-1.1033397912979126	-0.5072965025901794
S22D	-0.5585530996322632	-0.7214776277542114	-0.3283086121082306	-1.4603099822998047	-0.6067132949829102	-1.014763355255127	-0.8351594805717468	-1.2194445133209229	-0.7895403504371643	-1.376084327697754	-0.8910354375839233
S22E	-0.790192186832428	-0.5284913778305054	-1.3013933897018433	-0.49266600608825684	-0.15024715662002563	-0.3553253412246704	-0.5547488927841187	-0.6284565329551697	-1.0940297842025757	-1.0429075956344604	-0.6938458681106567
S22F	-0.8982730507850647	-0.6817581653594971	-0.8485927581787109	-1.4413732290267944	-0.18250328302383423	-0.9979696869850159	-0.8153926134109497	-1.3754273653030396	-0.8788630962371826	-1.1348981857299805	-0.9255050420761108
S22G	-1.19556725025177	-0.6855843663215637	-0.9938122034072876	-1.01139235496521	-0.5120956897735596	-0.38829946517944336	-0.8305119872093201	-0.8319166898727417	-1.3145831823349	-0.94947350025177	-0.8713237047195435
S22H	-0.3079623579978943	-0.45716631412506104	-0.1739301234483719	-1.28266441822052	-0.059725455939769745	-0.5895821452140808	-0.7378513813018799	-1.244365930557251	-1.0740989446640015	-1.2173992395401	-0.714474618434906
S22I	-0.8084080815315247	-0.2804219126701355	-0.6274616718292236	-1.3992019891738892	-0.11234936118125916	-0.8377454876899719	-0.6490871906280518	-0.6462734937667847	-0.8680127859115601	-1.5311335325241089	-0.7760096192359924
S22K	-1.5865331888198853	-0.830180823802948	-1.0181643962860107	-1.1235274076461792	-0.5420105457305908	-1.0084351301193237	-1.2651742696762085	-1.12366783618927	-0.9704176783561707	-1.2455897331237793	-1.0713701248168945
S22L	-0.8417941331863403	-1.370593786239624	-0.9614212512969971	-1.0586681365966797	-0.768301248550415	-0.7602599263191223	-1.1549086570739746	-0.9706874489784241	0.09268630295991898	-0.6290766596794128	-0.8423025012016296
S22M	-1.0038930177688599	-0.34999653697013855	-0.3470587432384491	-1.2711209058761597	-0.09892639517784119	-0.5301876664161682	-0.6570313572883606	-0.8051003813743591	-0.9845424294471741	-1.085011601448059	-0.7132868766784668
S22N	-0.6046118140220642	-0.5202745199203491	-0.19884109497070312	-1.4616808891296387	-0.2509022057056427	-0.8573546409606934	-0.674566924571991	-1.51314377784729	-1.0603601932525635	-1.382041573524475	-0.8523777723312378
S22P	-1.1761975288391113	-0.8248987197875977	-0.6367613077163696	-1.6592223644256592	-0.025585375726222992	-0.8158807754516602	-1.0470836162567139	-1.8325932025909424	-1.2616900205612183	-1.494602084159851	-1.077451467514038
S22Q	-0.4209188222885132	-0.4819639325141907	-0.4519209563732147	-1.4777023792266846	-0.400961697101593	-0.7524014711380005	-0.8965371251106262	-1.1758317947387695	-1.0732563734054565	-1.3223012685775757	-0.845379650592804
S22R	-1.2002599239349365	-0.9820796847343445	-0.5967735052108765	-1.3373514413833618	-0.3844112455844879	-1.0894505977630615	-1.3650157451629639	-1.3291441202163696	-0.9951702952384949	-1.7396647930145264	-1.1019322872161865
S22T	-0.7252805829048157	-0.292280375957489	-0.6617841720581055	-1.3531676530838013	-0.16367626190185547	-0.4697728753089905	-0.5178826451301575	-0.9467945694923401	-0.867680013179779	-1.3679635524749756	-0.7366282343864441
S22V	-1.017870545387268	-0.5374926328659058	-0.8450593948364258	-0.8755826950073242	-0.06401792168617249	-0.29575467109680176	-1.1840561628341675	-0.5872464179992676	-1.0771440267562866	-0.9327478408813477	-0.7416972517967224
S22W	-0.9995813965797424	-0.46908044815063477	-0.3092798888683319	-1.7079483270645142	-0.28219762444496155	-0.5426182746887207	-0.6196229457855225	-1.0670932531356812	-1.189314365386963	-1.366726040840149	-0.8553463220596313
S22Y	-0.7748311758041382	-0.41214579343795776	-0.19373276829719543	-1.3314875364303589	-0.04816065728664398	-0.4165821671485901	-0.41419416666030884	-1.1812517642974854	-0.9727279543876648	-1.110162377357483	-0.6855275630950928
C23A	0.5681040287017822	0.40836361050605774	-0.2939729690551758	0.2199753373861313	0.544981837272644	0.9023955464363098	0.4158443212509155	0.3307635188102722	0.5617959499359131	0.40931975841522217	0.406757116317749
C23D	0.48932620882987976	0.6957095861434937	0.6701483726501465	0.14675895869731903	0.2625850439071655	-0.08161100745201111	0.23393815755844116	0.19465646147727966	0.6867358684539795	0.39379721879959106	0.36920449137687683
C23E	0.352287620306015	-0.12366481870412827	-0.8460725545883179	0.23887477815151215	0.44277817010879517	-0.07201362401247025	0.3111221492290497	-0.3175196647644043	0.1038917824625969	0.33113619685173035	0.04208200424909592
C23F	0.2978065311908722	0.18708226084709167	0.17846299707889557	0.660132110118866	0.6046144962310791	0.121355339884758	0.2744539976119995	0.8224567770957947	0.8355687856674194	0.1714622676372528	0.41533955931663513
C23G	-0.03680773824453354	0.23044750094413757	0.4197466969490051	0.11247539520263672	0.32601815462112427	-0.13679248094558716	0.6372959017753601	0.34892958402633667	0.8156350255012512	0.8469060659408569	0.35638540983200073
C23H	0.5092952847480774	0.55711829662323	0.7116128206253052	0.2535474896430969	0.35402876138687134	0.2657478451728821	0.08718004822731018	0.9276129603385925	0.5544173717498779	0.3837399482727051	0.4604300856590271
C23I	0.5740078687667847	0.31190240383148193	0.4215570390224457	0.4897724688053131	0.6002210378646851	0.7769653797149658	0.389331191778183	1.051509141921997	0.643771231174469	0.6286160945892334	0.5887654423713684
C23K	0.49376314878463745	0.3667420744895935	-0.19658797979354858	0.6214621663093567	0.40019160509109497	-0.008342240005731583	0.21975114941596985	0.25236210227012634	0.40245866775512695	0.5703979730606079	0.31221985816955566
C23L	0.30704981088638306	0.3760784864425659	-0.7330540418624878	-0.6839203834533691	0.3375442624092102	0.8921061754226685	0.3666190505027771	-0.9195087552070618	0.3426862359046936	-0.9156635999679565	-0.06300627440214157
C23M	0.31058967113494873	0.6003952622413635	0.7813365459442139	0.17554883658885956	0.3297543227672577	0.42000478506088257	0.019529109820723534	0.8515717387199402	0.28998586535453796	0.3732907772064209	0.41520071029663086
C23N	0.5472753643989563	0.7318217158317566	0.774836540222168	0.3000956177711487	0.3985772132873535	0.5503541827201843	0.19792181253433228	0.9518498182296753	0.8134855031967163	0.0603625662624836	0.5326579809188843
C23P	0.2665986716747284	0.4725583791732788	0.4088982939720154	0.5581219792366028	0.41029292345046997	-0.24209462106227875	0.164844810962677	0.05599324032664299	0.5032513737678528	0.11676661670207977	0.2715231776237488
C23Q	0.4341859519481659	0.6216388940811157	0.7056137323379517	0.34211039543151855	0.2845030725002289	0.19034957885742188	0.14433835446834564	0.7445273995399475	0.6939176321029663	0.19861119985580444	0.43597960472106934
C23R	0.5924627780914307	0.28285887837409973	0.09217983484268188	0.5683223009109497	0.318290114402771	-0.003005996346473694	0.4645174741744995	0.5974231362342834	0.8308022022247314	0.3636481761932373	0.4107499122619629
C23S	0.7340648770332336	0.2558695375919342	0.3473377525806427	0.3412129878997803	0.5136140584945679	0.40344542264938354	0.4224396347999573	0.6462377309799194	0.7172476649284363	0.35397157073020935	0.47354406118392944
C23T	0.7624053359031677	0.24553647637367249	0.3065961003303528	0.5695217251777649	0.4351899325847626	0.5128142833709717	0.2632269859313965	1.040616750717163	0.6578356623649597	0.3916466236114502	0.5185389518737793
C23V	0.40357181429862976	0.35680848360061646	0.015003859996795654	0.45043426752090454	0.40604159235954285	0.6839479207992554	0.385658323764801	-0.0929989218711853	0.6256378889083862	0.22118717432022095	0.3455292284488678
C23W	0.14110469818115234	0.3560740351676941	0.5292816162109375	0.05310579761862755	0.35407543182373047	0.204079270362854	0.2624933123588562	0.37823009490966797	0.18431377410888672	-0.07553829252719879	0.23872196674346924
C23Y	0.4236750304698944	0.4368762969970703	0.6894271373748779	0.18512900173664093	0.44695910811424255	0.38377368450164795	0.10248856991529465	0.7668082118034363	0.48765355348587036	0.5811967253684998	0.4503987431526184
K24A	0.7376123070716858	0.47392743825912476	0.44717323780059814	0.20231199264526367	0.6725794076919556	0.13218499720096588	0.6247820854187012	1.302175760269165	0.5681648850440979	0.9880312085151672	0.6148943305015564
K24C	0.8815945982933044	0.5895721912384033	-0.3847563564777374	1.0992158651351929	0.40406909584999084	0.347637414932251	0.23189309239387512	0.17083166539669037	0.34477055072784424	-0.39694124460220337	0.328788697719574
K24D	0.669899582862854	0.40009331703186035	0.6913387775421143	1.013208270072937	0.6438071727752686	0.5023422837257385	0.4209015667438507	1.1500740051269531	0.4088582992553711	0.20651373267173767	0.610703706741333
K24E	0.7173681259155273	0.9127482175827026	0.6774740219116211	0.44852906465530396	0.6079342365264893	0.5858640670776367	0.8007890582084656	1.296178936958313	0.9851256608963013	0.8804119825363159	0.7912423014640808
K24F	0.009850703179836273	0.21050772070884705	-0.4945161044597626	0.6644734740257263	0.5775953531265259	0.02907702326774597	0.09233693033456802	0.6349981427192688	0.3957449793815613	0.12938052415847778	0.22494487464427948
K24G	-0.4158724546432495	0.40501099824905396	0.6939883232116699	0.6296910643577576	0.6567751169204712	0.25776439905166626	0.6075533032417297	0.7212072014808655	0.740155816078186	0.6053251028060913	0.49015989899635315
K24H	0.8993558287620544	0.4991552233695984	0.041314512491226196	0.9450535178184509	0.5322275161743164	0.6661285161972046	0.19193434715270996	0.6833698153495789	0.35086506605148315	-0.2674131393432617	0.4541991353034973
K24I	0.22226908802986145	0.3156473934650421	-0.1292383223772049	0.5883857607841492	0.48160186409950256	0.12475039064884186	0.32955285906791687	0.6046859622001648	0.3482067584991455	0.029706045985221863	0.29155677556991577
K24L	0.20058399438858032	0.1456087827682495	0.3380625247955322	-0.15003655850887299	-0.6697582006454468	-0.6576352715492249	-0.5428202748298645	-0.33811619877815247	0.2139335721731186	-0.5447061061859131	-0.2004883736371994
K24M	0.520916759967804	0.6045637726783752	-0.5455007553100586	0.8538801670074463	0.3785248398780823	0.3298457860946655	0.19399027526378632	0.24992318451404572	0.35573577880859375	-0.799512505531311	0.21423673629760742
K24N	0.6764093041419983	0.34885817766189575	0.28677740693092346	0.8849254846572876	0.6055508852005005	0.48147088289260864	0.3132551312446594	1.0096827745437622	0.32867205142974854	-0.24479509890079498	0.4690806269645691
K24P	0.43562814593315125	0.39404910802841187	-0.18909482657909393	0.6718134880065918	0.6295382976531982	0.27320384979248047	0.08524773269891739	0.7416431307792664	0.17127183079719543	-0.4242038130760193	0.27890968322753906
K24Q	0.6850630640983582	0.3218367397785187	0.4976266324520111	1.0074901580810547	0.522262454032898	0.4503626227378845	0.26131337881088257	0.7386812567710876	0.3619639277458191	-0.04080112278461456	0.4805799424648285
K24R	0.400080144405365	0.22898659110069275	0.7094913721084595	0.8369832634925842	0.775464653968811	0.29814422130584717	0.7033079266548157	1.0619330406188965	0.6737973690032959	0.4762916564941406	0.6164480447769165
K24S	0.5726494789123535	0.4235224723815918	0.5745155811309814	0.9674696326255798	0.8548069000244141	0.318020761013031	0.601004958152771	1.3163096904754639	0.6477040648460388	0.7032808065414429	0.6979284882545471
K24T	0.5645300149917603	0.2815173268318176	0.2059263288974762	0.7372060418128967	0.6573686599731445	0.13840697705745697	0.4114629924297333	0.9946232438087463	0.5164047479629517	0.37008005380630493	0.48775261640548706
K24V	-0.2764769196510315	0.1352495402097702	0.08419792354106903	0.31207093596458435	0.3489786982536316	-0.3945642113685608	-0.17414480447769165	-0.017702151089906693	0.25828874111175537	0.5830812454223633	0.08589790016412735
K24W	0.7145047783851624	0.6694737672805786	-0.48529911041259766	0.6354655027389526	0.4480641782283783	0.25353360176086426	0.11173932254314423	0.24843652546405792	0.2987597584724426	-0.7083427906036377	0.21863356232643127
K24Y	0.6176804304122925	0.5384293794631958	-0.2688288688659668	0.8829881548881531	0.4963647127151489	0.5341641306877136	0.16591578722000122	0.5369098782539368	0.3612697124481201	-0.3890953063964844	0.34757980704307556
H25A	-0.4195561110973358	-0.7582634687423706	-1.6189204454421997	-0.8720883131027222	-0.5273981094360352	-0.7384124398231506	-0.909324049949646	-0.8844953179359436	-0.50879967212677	-1.2933366298675537	-0.8530594706535339
H25C	-1.008763074874878	-0.11409728974103928	-0.17989251017570496	-1.0661057233810425	-0.6530227661132812	-0.09401070326566696	-0.44789591431617737	-1.0351741313934326	-0.6048281788825989	-0.9524372816085815	-0.6156227588653564
H25D	-1.4824448823928833	-0.5110111832618713	-0.9144951105117798	-1.7162193059921265	-1.2862873077392578	-0.7525270581245422	-0.8791947364807129	-0.9524860382080078	-0.6491644382476807	-0.8642948269844055	-1.0008125305175781
H25E	-0.7579901218414307	-0.9313307404518127	-1.0890038013458252	-1.4944528341293335	-1.3283244371414185	-1.1871410608291626	-1.454735517501831	-0.3406221270561218	0.03510231897234917	-1.1447879076004028	-0.9693285822868347
H25F	-1.3562556505203247	-0.7824785113334656	-0.9762588739395142	-1.6048070192337036	-0.6444213390350342	-0.48675066232681274	-0.8121545910835266	-0.8921464681625366	-1.0910701751708984	-1.2536669969558716	-0.9900010228157043
H25G	-0.9027968645095825	-0.5264641642570496	-0.8411200046539307	-1.4041757583618164	-0.46918806433677673	-0.7812317609786987	-0.16971689462661743	-0.4861306846141815	-0.4697558283805847	-0.3672924041748047	-0.6417872309684753
H25I	-1.0255646705627441	-0.5521461367607117	-0.7520620822906494	-1.5521291494369507	-0.7335418462753296	-0.452148973941803	-0.9044014811515808	-0.6072712540626526	-0.9245726466178894	-1.2616780996322632	-0.876551628112793
H25K	-1.35467529296875	-0.8279298543930054	-1.2441333532333374	-1.2458325624465942	-0.9655735492706299	-0.8289294838905334	-1.2332290410995483	-0.7104138135910034	-0.4806264042854309	-1.2415812015533447	-1.0132924318313599
H25L	-1.2044090032577515	-0.6972735524177551	-1.3121980428695679	-0.03617361560463905	-0.6767716407775879	-0.7049669027328491	-1.4573755264282227	-0.6706073880195618	-0.11197595298290253	-0.5908613204956055	-0.7462612986564636
H25M	-1.224777340888977	-0.1803000271320343	-0.21409493684768677	-1.3224172592163086	-0.7808934450149536	-0.15313279628753662	-0.451416939496994	-0.8095950484275818	-0.4302712678909302	-0.7828896045684814	-0.6349788904190063
H25N	-1.3500142097473145	-0.43048763275146484	-0.7950886487960815	-1.3721293210983276	-0.7929208278656006	-0.5939018130302429	-0.6923313736915588	-1.0979392528533936	-0.7813273668289185	-0.9392362833023071	-0.8845376968383789
H25P	-1.599571943283081	-0.5148987174034119	-0.4967198669910431	-1.7298184633255005	-1.0585507154464722	-0.29762667417526245	-0.7211695313453674	-0.959653913974762	-0.7547014355659485	-1.2274941205978394	-0.93602055311203
H25Q	-1.4591730833053589	-0.4187721312046051	-0.7999560832977295	-1.523675560951233	-1.118871808052063	-0.6278148889541626	-0.783929705619812	-0.9813868999481201	-0.7222146391868591	-0.6319435834884644	-0.9067738652229309
H25R	-1.5935441255569458	-0.8763803839683533	-0.9106903076171875	-1.5199676752090454	-0.4361324906349182	-0.9565315246582031	-0.557220995426178	-0.6770708560943604	-1.059988260269165	-1.3393769264221191	-0.9926902651786804
H25S	-1.2580511569976807	-0.6211622357368469	-1.21159029006958	-1.3359168767929077	-0.6550015211105347	-1.0363531112670898	-1.399416446685791	-1.1349472999572754	-0.7373772859573364	-1.3539279699325562	-1.0743744373321533
H25T	-1.5247195959091187	-1.0652817487716675	-1.3392865657806396	-1.296811580657959	-0.7144643068313599	-0.7260901927947998	-1.064096450805664	-1.1421573162078857	-0.9234328866004944	-1.374420166015625	-1.1170761585235596
H25V	-0.7830737233161926	-0.8272015452384949	-1.254218339920044	-0.467121958732605	-0.5404549837112427	-0.767299234867096	-1.2252103090286255	-0.6633541584014893	-0.8223146200180054	-0.8734188675880432	-0.8223668336868286
H25W	-1.3996994495391846	-0.17280980944633484	-0.1450250893831253	-0.6778374910354614	-0.7656121253967285	-0.28730979561805725	-0.3956514894962311	-0.9898757338523865	-0.006056681275367737	-1.3038934469223022	-0.6143771409988403
H25Y	-1.1255156993865967	-0.172780841588974	-0.21842733025550842	-1.0734738111495972	-0.8136682510375977	-0.10085073113441467	-0.4262092709541321	-0.7005242109298706	-0.38001012802124023	-0.8122303485870361	-0.5823690295219421
P26A	-0.05181758850812912	-0.12128318101167679	-1.1240369081497192	-0.4700298309326172	0.1979079246520996	-0.11290273070335388	0.5983964800834656	-0.36983540654182434	-0.8577061295509338	-0.945087194442749	-0.3256394565105438
P26C	-0.41861584782600403	-0.06441106647253036	-0.6991153955459595	-0.4488411545753479	-0.4556657373905182	-0.8243869543075562	-0.4157283902168274	-0.28257590532302856	0.24640657007694244	-0.6544082164764404	-0.4017341732978821
P26D	-0.6640806198120117	-0.702966570854187	-1.3772116899490356	-0.4515184760093689	-0.383332759141922	-0.8167436122894287	-0.4076814651489258	-1.1952884197235107	-0.577640950679779	-1.4163373708724976	-0.7992802858352661
P26E	0.1762104332447052	0.22445210814476013	-0.4758723974227905	0.41421324014663696	0.2529889941215515	-0.7063469886779785	0.3526942729949951	0.3072572946548462	-0.4905872344970703	-0.19030816853046417	-0.013529844582080841
P26F	-1.101895809173584	-0.7562265396118164	-1.78713858127594	-0.5939457416534424	-0.32706302404403687	-0.6844989061355591	-1.2282288074493408	-1.1100739240646362	-0.41543322801589966	-1.004779577255249	-0.9009283781051636
P26G	-0.7257786393165588	-0.25127026438713074	-0.9200781583786011	-0.8797276616096497	0.21724078059196472	-0.6056269407272339	-0.5885051488876343	-0.31592482328414917	-1.1858593225479126	-0.7494605779647827	-0.6004990339279175
P26H	-0.7366982698440552	-0.1616050899028778	-1.0098215341567993	-0.35836470127105713	-0.41473233699798584	-0.7341620922088623	-0.6595180034637451	-0.5701479911804199	-0.19914133846759796	-0.7001941204071045	-0.554438591003418
P26I	-0.3688560426235199	-0.5352610945701599	-1.2622274160385132	-0.1637982875108719	-0.26682350039482117	-0.31475549936294556	-0.14591512084007263	-0.09459714591503143	-0.8431686758995056	-0.7323940992355347	-0.47277969121932983
P26K	-0.5854687690734863	-0.011227943003177643	-0.46953192353248596	-0.7096042037010193	0.1734708547592163	-0.7220889925956726	-0.0025237444788217545	-0.7306735515594482	-1.170745849609375	-0.42750680446624756	-0.46559008955955505
P26L	-0.26182836294174194	-0.100471131503582	-0.24094685912132263	-0.6988980174064636	0.2832769453525543	0.06095848232507706	0.4225250482559204	-0.06745709478855133	0.12576745450496674	-0.5088748335838318	-0.09859482944011688
P26M	-0.6909933686256409	-0.15353241562843323	-1.191574215888977	-0.17646349966526031	-0.44736483693122864	-0.923613965511322	-0.8329288363456726	-0.4318569004535675	-0.17365948855876923	-0.8547368049621582	-0.5876724123954773
P26N	-0.7312675714492798	-0.45770859718322754	-1.2657701969146729	-0.34774070978164673	-0.3553028106689453	-0.7199716567993164	-0.719748318195343	-1.117291808128357	-0.25424087047576904	-1.2207257747650146	-0.7189768552780151
P26Q	-0.9507052302360535	-0.5141447186470032	-1.353869080543518	-0.004075121134519577	-0.2498873770236969	-0.513839840888977	-0.4795142710208893	-1.0683757066726685	-0.5131211876869202	-0.9943040609359741	-0.6641836166381836
P26R	-0.949012815952301	-0.4113582968711853	-0.6965222358703613	-0.3503046929836273	-0.038818083703517914	-0.7155201435089111	0.0364043191075325	-0.9468196034431458	-0.9300107359886169	-0.6567025780677795	-0.5658664703369141
P26S	-0.934068500995636	-0.5409473180770874	-1.2366913557052612	-1.1951401233673096	0.0459001287817955	-0.6138783693313599	0.03566521406173706	-0.6144359111785889	-1.0432931184768677	-0.8050608038902283	-0.6901950240135193
P26T	-0.7441378831863403	-0.7713723182678223	-1.2668174505233765	-1.0590295791625977	0.009710017591714859	-0.6328858137130737	-0.07703354209661484	-0.47402137517929077	-1.0005214214324951	-0.7103140354156494	-0.6726423501968384
P26V	-0.39746296405792236	-0.25678133964538574	-0.2457312047481537	-0.7920241355895996	0.08516430854797363	-0.551913857460022	0.5750542283058167	-0.6934318542480469	-0.26357418298721313	-0.6875383257865906	-0.3228239417076111
P26W	-0.4401053786277771	-0.3155650794506073	-0.7899861335754395	-0.8315048217773438	-0.4606766402721405	-1.2451927661895752	-0.8920595049858093	-0.7344696521759033	-0.4514842629432678	-1.4898875951766968	-0.7650931477546692
P26Y	-0.5441123843193054	-0.16757157444953918	-0.8744733333587646	-0.5076048374176025	-0.42396268248558044	-1.0191562175750732	-0.7486144304275513	-0.5555959343910217	-0.22570599615573883	-0.6203535795211792	-0.5687150955200195
R27A	0.5183637738227844	0.05701155960559845	-0.09666690230369568	-0.7214940786361694	0.0975433737039566	-0.770998477935791	-0.13550704717636108	0.9283306002616882	-0.31372904777526855	-0.23977859318256378	-0.06769248098134995
R27C	0.4425973892211914	0.33181315660476685	0.16511714458465576	0.41096892952919006	0.1524982750415802	0.3704719543457031	-0.17177258431911469	0.25281113386154175	0.5307399034500122	0.31311535835266113	0.2798360586166382
R27D	0.35708126425743103	0.3089931309223175	0.5252859592437744	0.4878784418106079	0.40510132908821106	0.17700617015361786	0.25062859058380127	0.23278586566448212	0.7835983633995056	0.4587514400482178	0.39871105551719666
R27E	0.6447548866271973	0.715534508228302	0.5590715408325195	-0.09271104633808136	-0.18054860830307007	0.32784897089004517	0.2566543221473694	0.5109390616416931	-0.10021330416202545	0.21808479726314545	0.2859415113925934
R27F	0.14124637842178345	-0.26711034774780273	-0.5281950235366821	-0.905471682548523	-0.46904870867729187	-0.5504588484764099	-0.4859291613101959	-0.4540155529975891	0.19874806702136993	-0.6533914804458618	-0.3973626494407654
R27G	1.2098109722137451	0.7162758111953735	0.18958425521850586	-0.23415644466876984	0.5165259838104248	-0.1509065330028534	0.6847362518310547	1.3963509798049927	0.2325597107410431	0.42961585521698	0.4990397095680237
R27H	0.6661989092826843	0.3622928857803345	0.14822611212730408	0.5345673561096191	0.12018829584121704	0.4340210556983948	0.10644576698541641	0.5836109519004822	0.6351275444030762	-0.11023043096065521	0.34804484248161316
R27I	0.2624218165874481	-0.3101823329925537	-0.3001652657985687	-1.2842069864273071	-0.5749189853668213	-0.7743040323257446	-0.3730860948562622	-0.9190685749053955	0.0005522891879081726	-1.1975325345993042	-0.5470490455627441
R27K	0.44225406646728516	0.3781746029853821	0.2769310176372528	0.0493563748896122	0.6924326419830322	-0.09822990745306015	0.2169719636440277	0.5867374539375305	0.6801844239234924	0.33318403363227844	0.3557996451854706
R27L	0.49108007550239563	-0.33446288108825684	-0.40604332089424133	-2.290562629699707	-0.46151646971702576	-1.0826506614685059	-0.19440823793411255	0.3628593385219574	-0.1229163259267807	-1.5699876546859741	-0.5608609318733215
R27M	0.4045264720916748	0.1805296391248703	0.2778375744819641	0.20529653131961823	-0.3038465678691864	0.1637525111436844	-0.1916942298412323	0.5254641771316528	0.4901159405708313	-0.09945613145828247	0.16525259613990784
R27N	0.30693116784095764	0.28368887305259705	0.11454346776008606	0.5019601583480835	0.3148074746131897	0.3110693693161011	0.1988799124956131	0.3841087818145752	0.7580910921096802	-0.007809579372406006	0.3166270852088928
R27P	-0.42018237709999084	-0.13231542706489563	0.2596009075641632	0.4686678349971771	0.019459957256913185	0.09442178905010223	0.14170889556407928	-0.0842214971780777	0.5900388956069946	-0.013376832008361816	0.09238021820783615
R27Q	0.2596602737903595	0.2260773777961731	0.32512620091438293	0.3814930319786072	0.30984407663345337	0.21621237695217133	0.1299433559179306	0.7698310017585754	0.9120857119560242	0.17275016009807587	0.37030237913131714
R27S	0.2907135784626007	0.143561452627182	-0.20641577243804932	-0.12373259663581848	0.6325232982635498	-0.19247537851333618	0.20464546978473663	0.6287211179733276	0.29760247468948364	0.17596182227134705	0.18511055409908295
R27T	-0.005305051803588867	-0.03965231031179428	-0.45758751034736633	-0.41470569372177124	0.1876036524772644	-0.16952486336231232	-0.24781373143196106	0.028060954064130783	0.211096853017807	-0.4854254722595215	-0.1393253207206726
R27V	0.11922535300254822	-0.818528413772583	-0.6735844612121582	-2.194140911102295	-1.1396405696868896	-1.4281291961669922	-1.1754707098007202	-1.7864280939102173	-0.957173764705658	-1.4536222219467163	-1.1507492065429688
R27W	0.3089229166507721	-0.05684163421392441	0.12692801654338837	0.40336060523986816	-0.25391727685928345	0.08613763749599457	0.22174960374832153	0.6074090003967285	0.39416855573654175	-0.20760147273540497	0.16303160786628723
R27Y	0.47122037410736084	0.2329016923904419	0.23124870657920837	0.4172149896621704	-0.05903128534555435	0.2437334507703781	0.1862354725599289	0.5371968150138855	0.5097911357879639	-0.18412385880947113	0.25863876938819885
C28A	-0.4658049941062927	-0.6023463606834412	-0.5523459911346436	-0.23324553668498993	-0.9839352369308472	-0.14304211735725403	0.31183308362960815	-0.2902463376522064	-0.5871750116348267	-0.5861616134643555	-0.4132469594478607
C28D	-1.6104848384857178	-0.6990713477134705	-0.6590759754180908	-1.405680537223816	-1.1657875776290894	-0.6779481172561646	-0.6149001717567444	-0.503092885017395	-0.7242631316184998	-1.0539518594741821	-0.9114257097244263
C28E	-0.5906974077224731	-1.1585696935653687	-0.1881992220878601	-0.18598835170269012	-1.1911286115646362	-0.10640080273151398	0.04973698407411575	-1.8818756341934204	-0.6116085648536682	-1.2035354375839233	-0.7068266868591309
C28F	-1.4475008249282837	-0.9195911288261414	-0.15284454822540283	-0.6634754538536072	-1.1740458011627197	-0.5334255695343018	-1.0371897220611572	-0.6591606736183167	-0.6347171068191528	0.2753738760948181	-0.6946576833724976
C28G	0.3646095395088196	-0.2768149971961975	-0.4593693017959595	-1.0259703397750854	-0.5690619945526123	-0.055108293890953064	0.2732852101325989	0.07254210114479065	-0.27475297451019287	-0.41036176681518555	-0.23610028624534607
C28H	-0.5654292106628418	-0.4031243324279785	-0.6595189571380615	-0.7549576163291931	-0.6499545574188232	-0.3657933473587036	-0.3567602038383484	-0.03776505962014198	0.2907101511955261	-0.06654271483421326	-0.35691356658935547
C28I	-1.346821904182434	-0.8763692378997803	-0.6742285490036011	-1.1394190788269043	-1.0134027004241943	-0.7483474016189575	-1.3598830699920654	-1.6096001863479614	-0.6207031607627869	-0.1280088573694229	-0.9516783952713013
C28K	-0.6730561852455139	-0.1610974669456482	-0.05417550727725029	-0.9093354940414429	0.04825161397457123	0.03954546898603439	0.4006924629211426	0.1338847130537033	-0.2791332006454468	-0.21482719480991364	-0.1669250875711441
C28L	-2.0641818046569824	-0.22388195991516113	-0.5916444063186646	-0.8495745658874512	-0.9767743349075317	-0.1390078067779541	-0.35469576716423035	0.11107857525348663	-0.4408770799636841	-0.40092039108276367	-0.5930479764938354
C28M	-0.9096899032592773	-0.5793034434318542	-0.5090498924255371	-0.6002821326255798	-0.8133131265640259	-0.7517833709716797	-0.961928129196167	-0.536652684211731	0.27900850772857666	0.05231483280658722	-0.5330679416656494
C28N	-0.5029765367507935	-0.348555326461792	-0.2777053117752075	-1.009408950805664	-0.8529955148696899	-0.33756405115127563	-0.4992183744907379	-0.169194296002388	-0.19541706144809723	-0.32301002740859985	-0.4516045153141022
C28P	-1.6415749788284302	-0.9263778924942017	-1.205746054649353	-1.8406678438186646	-1.3601467609405518	-1.3059786558151245	-1.0719231367111206	-1.8932006359100342	-0.699191689491272	-2.160066843032837	-1.410487413406372
C28Q	-0.5553708672523499	-0.5307590961456299	-0.2658776342868805	-1.3405109643936157	-0.5637091398239136	-0.6489484906196594	-0.5804343223571777	-0.17143097519874573	-0.055381402373313904	-0.25477302074432373	-0.4967195391654968
C28R	-0.5739787220954895	-0.10267490893602371	0.07119446992874146	-0.7684109807014465	-0.26587653160095215	0.0053232647478580475	-0.2828262746334076	0.003326740115880966	-0.284328818321228	-0.0255061537027359	-0.2223757952451706
C28S	-0.7639192938804626	-0.2653186619281769	-0.6544486284255981	-0.42018452286720276	-1.1635684967041016	-0.18003685772418976	-0.41756901144981384	0.35340410470962524	-0.8446323871612549	-0.9458173513412476	-0.5302091240882874
C28T	-0.833136796951294	-0.4022080898284912	-0.6736122369766235	-0.639136791229248	-0.5990641117095947	-0.3063529133796692	-0.5692286491394043	-0.061369869858026505	-0.7221834659576416	-0.6082746982574463	-0.5414566993713379
C28V	-2.18336820602417	-0.6374274492263794	-0.8371397256851196	-1.3143880367279053	-1.399553894996643	-0.19905216991901398	-0.628875732421875	-0.35412871837615967	-0.39426541328430176	-0.7808126211166382	-0.8729011416435242
C28W	-0.45614391565322876	-0.5559695959091187	-0.6941429376602173	-0.1703694462776184	-1.1787623167037964	-0.8793973922729492	-0.5280743837356567	-0.6506373286247253	0.5047096014022827	-1.390365481376648	-0.5999153256416321
C28Y	-0.4230375587940216	-0.526796281337738	-0.7444722652435303	-0.5466279983520508	-1.0837198495864868	-0.7675154209136963	-0.7676403522491455	-0.3591426610946655	0.3334144949913025	-0.5466516017913818	-0.5432189702987671
V29A	-0.9586971402168274	-0.5080921649932861	-0.5412229299545288	-0.6741979122161865	-0.04878167808055878	-0.5223110914230347	-0.5468111634254456	-0.5974322557449341	-0.17113596200942993	-0.704168438911438	-0.5272850394248962
V29C	0.11365623772144318	-0.12897026538848877	-0.0530698224902153	-0.780905544757843	-0.5264614820480347	-0.36077702045440674	-1.131544589996338	-0.44651558995246887	-0.3031037449836731	-0.3401559591293335	-0.39578476548194885
V29D	-0.5950757265090942	-0.9396194815635681	-0.6115456819534302	-0.5967280268669128	-0.8735030889511108	-0.5692999958992004	-1.0752272605895996	-0.7146344780921936	-0.5204368829727173	-0.753196656703949	-0.7249267101287842
V29E	-0.7962790131568909	-0.6363256573677063	-0.5867835283279419	-0.8468341827392578	-1.6496506929397583	-0.4993820786476135	-1.037819743156433	-1.224218487739563	-0.7935235500335693	-0.9205684661865234	-0.8991385698318481
V29F	-0.2604116201400757	-0.03109082579612732	-0.023046620190143585	-0.08536319434642792	-0.3074304461479187	-0.9165490865707397	-0.8453367948532104	-0.2671917676925659	0.07969330996274948	-0.15003995597362518	-0.2806767225265503
V29G	-0.5922377109527588	-0.4547739624977112	-0.6064358949661255	-1.1719955205917358	-0.8560024499893188	-1.0164282321929932	-0.5325372219085693	-0.5970224738121033	-0.41828083992004395	-0.48582398891448975	-0.6731539368629456
V29H	-0.30435532331466675	-0.6978098154067993	-0.6827664375305176	-0.7171902060508728	-0.7392468452453613	-0.7232695817947388	-0.825266420841217	-0.44799160957336426	-0.7454531192779541	-0.7911869883537292	-0.6674536466598511
V29I	0.9866124987602234	0.730003833770752	0.8485591411590576	1.2601113319396973	-0.14938756823539734	0.3197988271713257	0.40432772040367126	0.247334823012352	0.1275089830160141	0.40990138053894043	0.5184771418571472
V29K	-0.6767414808273315	-0.11448632925748825	-0.6649758815765381	-0.38407981395721436	-1.0151126384735107	-0.37206655740737915	-0.5214565396308899	-0.6547095775604248	-0.3576729893684387	-0.8713251352310181	-0.5632627010345459
V29L	0.6852155923843384	0.37154969573020935	0.4117606580257416	0.7909181714057922	-0.1512223482131958	0.4983865022659302	0.4211219251155853	0.8067817091941833	0.29082924127578735	-0.5613349676132202	0.35640063881874084
V29M	0.029457733035087585	-0.3157295286655426	-0.16884955763816833	-0.9496099948883057	-0.5659204721450806	-0.5584276914596558	-0.9369860291481018	0.13215304911136627	-0.3511427640914917	-0.47166121006011963	-0.4156716465950012
V29N	-0.6089285612106323	-0.4801604151725769	-0.9124437570571899	-0.8060003519058228	-0.6830353736877441	-0.4902084469795227	-0.9889864325523376	-0.4754307270050049	-0.2559913992881775	-0.6502567529678345	-0.6351441144943237
V29P	-0.39807242155075073	-1.098044991493225	-0.9530904293060303	-1.1336599588394165	-0.6873296499252319	-0.5977247357368469	-1.4643906354904175	-0.6612657904624939	-0.21096138656139374	-0.7222923636436462	-0.7926832437515259
V29Q	-0.40175583958625793	-0.7162900567054749	-0.9480609893798828	-0.7449389100074768	-0.9188934564590454	-0.2796642482280731	-1.0274782180786133	-0.5602953433990479	-0.5174375772476196	-0.8659008741378784	-0.6980715394020081
V29R	-0.4736030697822571	-0.09701874107122421	-0.40042123198509216	-0.02222433313727379	-0.7640063762664795	-0.24798773229122162	-0.27271217107772827	-0.4148593246936798	-0.3506518006324768	-0.5859919190406799	-0.36294764280319214
V29S	-0.7840721011161804	-0.5169880986213684	-0.618268609046936	-0.2855197787284851	-0.5254353284835815	-0.7731194496154785	-0.770496129989624	-0.5400448441505432	-0.6821926236152649	-0.5613875985145569	-0.6057524085044861
V29T	-0.3474002182483673	-0.3185853958129883	-0.27496159076690674	-0.21235699951648712	-0.5846351385116577	-0.5213556885719299	-0.4180358648300171	-0.3798717260360718	-0.13771755993366241	-0.3691151738166809	-0.35640352964401245
V29W	-0.033630870282649994	-0.5125685334205627	-0.5919867753982544	-0.952236533164978	-0.789162278175354	-1.1194671392440796	-1.3286021947860718	-0.08803939074277878	-0.43264538049697876	-0.7985435128211975	-0.664688229560852
V29Y	-0.36911866068840027	-0.6936308741569519	-0.6737722158432007	-1.1490720510482788	-0.6337506771087646	-0.7495775818824768	-0.985037624835968	-0.2199135273694992	-0.6514977812767029	-0.6243721842765808	-0.6749743223190308
L30A	-0.24468672275543213	-0.17700627446174622	-0.3388218283653259	-0.810259222984314	0.30066466331481934	-0.0246686153113842	-0.37022051215171814	-0.26499247550964355	0.030346214771270752	-0.08883132040500641	-0.19884762167930603
L30C	0.09383254498243332	-0.337329238653183	-0.8582005500793457	-0.06429408490657806	-0.25216856598854065	-1.3572759628295898	0.5656703114509583	-0.07746510207653046	0.09317319095134735	-0.7250837087631226	-0.2919141352176666
L30D	-0.6618618965148926	-1.4769033193588257	-1.0660768747329712	-0.9333162307739258	-1.2600644826889038	-0.6895685195922852	-1.3257505893707275	-0.7068250775337219	-1.3395678997039795	-0.8696933388710022	-1.0329629182815552
L30E	-0.46956127882003784	-0.5530134439468384	-0.8903919458389282	-1.9099787473678589	-1.828029751777649	-0.7271327376365662	-0.7522528767585754	-0.3560929298400879	-0.9277744889259338	-0.45407164096832275	-0.8868300318717957
L30F	0.3131289780139923	-0.2933010756969452	-0.548397421836853	0.1991124153137207	0.037394873797893524	-0.13291124999523163	-0.05489375442266464	-0.15700557827949524	-0.2695353031158447	-0.043496593832969666	-0.09499047696590424
L30G	-0.4103202521800995	-0.8596014976501465	-1.1440110206604004	-1.1423143148422241	-0.8803925514221191	0.011929653584957123	-1.1929378509521484	-0.615160346031189	-0.029378369450569153	-0.3307185173034668	-0.6592905521392822
L30H	0.0731702670454979	-1.1345150470733643	-0.7787915468215942	-0.8128536939620972	-0.8208602666854858	-0.9434972405433655	-0.8759360313415527	0.05098714306950569	-1.016335129737854	-0.9981744289398193	-0.7256805300712585
L30I	-0.21171331405639648	0.002137608826160431	-0.8855786323547363	0.6747238039970398	0.45041579008102417	0.5259304642677307	-0.061850979924201965	0.4442462921142578	-0.26113975048065186	0.18198278546333313	0.08591540902853012
L30K	-0.31210705637931824	-0.6318233013153076	-1.321019172668457	-1.2447704076766968	-1.3133598566055298	-0.6456661224365234	-0.6658782362937927	-0.7961581945419312	-0.6799730062484741	-0.2162259966135025	-0.7826981544494629
L30M	0.4421214759349823	-0.0950012281537056	-0.9484697580337524	0.03778379037976265	-0.18655097484588623	-0.5909745693206787	0.9045506119728088	0.3358248174190521	-0.00011239945888519287	-0.8762964010238647	-0.0977124497294426
L30N	-0.3302454352378845	-1.2588380575180054	-0.6150674819946289	-0.438240647315979	-0.5549603700637817	-0.3013644814491272	-0.9803903698921204	-0.40410858392715454	-0.7342838644981384	-0.9672759771347046	-0.6584775447845459
L30P	-0.8551112413406372	-0.649168074131012	-1.5137653350830078	-1.3085230588912964	-0.7704837322235107	-0.28167855739593506	-0.7391130924224854	-0.2966468632221222	-0.8924449682235718	-0.7388770580291748	-0.8045812845230103
L30Q	-0.4512908458709717	-1.0053303241729736	-1.0541561841964722	-0.7946983575820923	-0.8528851270675659	-0.8134894967079163	-0.8395647406578064	0.09619715809822083	-1.2519203424453735	-0.7989692687988281	-0.7766107320785522
L30R	-0.8755092620849609	-0.8956215977668762	-1.0313187837600708	-0.9644714593887329	-1.0986799001693726	-0.3243551254272461	-0.7036516070365906	-0.8275496363639832	-1.2908202409744263	-0.786588728427887	-0.8798565864562988
L30S	-0.7643843293190002	-0.6908759474754333	-0.771249532699585	-0.36289021372795105	-0.7837713956832886	0.009198091924190521	-0.9063764214515686	-0.3683518171310425	-0.9489582180976868	-0.8670828342437744	-0.6454742550849915
L30T	-0.2337132692337036	-0.21979928016662598	-0.36523792147636414	0.08970433473587036	-0.30590900778770447	-0.044131550937891006	-0.44773563742637634	-0.06570470333099365	-0.44001883268356323	-0.47807419300079346	-0.2510620057582855
L30V	-0.6136653423309326	0.35767120122909546	0.2517728805541992	0.09785892814397812	0.4858682453632355	0.25859344005584717	0.20205757021903992	-0.42779383063316345	-0.8721743226051331	-0.3327823281288147	-0.05925935506820679
L30W	-0.49689704179763794	-0.5120505690574646	-0.7825660705566406	-0.6149478554725647	-0.39439788460731506	-0.9229980707168579	0.11090914160013199	-1.321177363395691	0.10967249423265457	-0.5566593408584595	-0.5381112098693848
L30Y	0.09051559120416641	-0.9576800465583801	-0.8196375370025635	-0.3902076780796051	-0.5498327016830444	-0.8137052059173584	-0.08352646976709366	0.07472012937068939	-0.8766862154006958	-0.9556022882461548	-0.528164267539978
L31A	0.01911161094903946	-0.4378783702850342	-0.04889964312314987	-0.15401217341423035	0.023303717374801636	-0.566009521484375	-0.6581640243530273	-0.3327849805355072	-0.09270144999027252	-0.6971230506896973	-0.29451578855514526
L31C	0.057835884392261505	-0.4712643027305603	-0.45939597487449646	-0.6403597593307495	0.09697650372982025	0.6138319373130798	-0.4058648347854614	0.6062068343162537	0.63211989402771	-0.4093046188354492	-0.03792183846235275
L31D	-0.6171293258666992	-0.3902176320552826	-1.2030965089797974	-0.8500843048095703	-1.040668249130249	-0.6365835666656494	-0.8449047207832336	-0.9806602001190186	-0.4465828537940979	-1.3046060800552368	-0.8314534425735474
L31E	-0.6452156901359558	-0.7397376894950867	-0.534905195236206	-0.6225786209106445	-1.356445074081421	-1.1557989120483398	-0.6349760293960571	-0.5345697999000549	-1.0281529426574707	-1.7013317346572876	-0.89537113904953
L31F	1.0809580087661743	0.24107474088668823	0.8184269666671753	0.6585202813148499	0.6507986783981323	0.6600359082221985	-0.3001130521297455	0.2929077744483948	0.45364171266555786	0.700275182723999	0.5256527066230774
L31G	-1.24917733669281	-0.9047266244888306	-0.4889373183250427	-0.32240965962409973	-0.7158558368682861	-0.2860345244407654	-1.1164882183074951	-0.7943055033683777	-0.34813857078552246	-0.39052027463912964	-0.6616593599319458
L31H	-0.31664714217185974	-0.4152180552482605	-1.1449611186981201	-0.8216333985328674	-0.21022120118141174	0.25231873989105225	-0.30376753211021423	-0.2898142635822296	0.5858714580535889	-0.38806551694869995	-0.3052137792110443
L31I	1.347775936126709	0.5009357333183289	0.37384554743766785	0.875820517539978	0.9296931028366089	1.1396634578704834	0.37922361493110657	0.6779190897941589	0.4389328360557556	0.8620533347129822	0.752586305141449
L31K	-0.5108190178871155	0.4262121915817261	-0.34400585293769836	-0.6431339979171753	-0.4911554753780365	-1.032038927078247	-1.16363525390625	-0.6586974859237671	0.038012806326150894	-1.7523473501205444	-0.6131608486175537
L31M	0.009619377553462982	0.08051425218582153	-0.2678326368331909	-0.36595723032951355	0.13546422123908997	0.4662367105484009	-0.034680694341659546	0.8342835307121277	0.23888996243476868	0.5915443301200867	0.16880817711353302
L31N	-0.5517865419387817	-0.28484299778938293	-1.0851974487304688	-0.7541351914405823	-0.781822681427002	-0.1827077716588974	-0.7229148745536804	-0.22042152285575867	0.44587206840515137	-0.7215601205825806	-0.48595166206359863
L31P	-0.4922977089881897	-0.7221057415008545	-1.1012717485427856	-0.42905768752098083	-0.45988747477531433	-0.05094505846500397	-0.682634711265564	-0.3185823857784271	-0.10207636654376984	-0.6219202876091003	-0.498077929019928
L31Q	-0.46640825271606445	-0.07348383218050003	-1.024093508720398	-0.928547739982605	-0.8033674955368042	-0.26175910234451294	-0.8171090483665466	-0.4082265794277191	-0.1072947084903717	-1.3193057775497437	-0.6209595799446106
L31R	-0.09507481008768082	0.3387431800365448	-0.8109744787216187	-0.266073614358902	-1.0925960540771484	-0.7467462420463562	-1.0054296255111694	-0.5418753623962402	0.10987455397844315	-1.250337839126587	-0.5360490083694458
L31S	-0.28645914793014526	-0.39484143257141113	-0.6432826519012451	-0.2853541970252991	-0.6493738889694214	-0.8551009297370911	-0.8038992285728455	-0.5934801697731018	-0.12937529385089874	-0.9866352081298828	-0.5627802610397339
L31T	0.19584637880325317	-0.08722610026597977	-0.7403771877288818	0.06690957397222519	-0.2865699827671051	-0.14293326437473297	-0.597490131855011	-0.24745914340019226	0.244608536362648	-0.7964996099472046	-0.23911909759044647
L31V	0.44803348183631897	0.3205721378326416	0.6901212930679321	0.8763718008995056	0.4083043932914734	0.9597339630126953	0.12392508238554001	0.1695675551891327	0.1987074315547943	0.6109777092933655	0.4806315004825592
L31W	-0.21995499730110168	-0.3034718930721283	-0.5643635988235474	-0.42273321747779846	0.08949882537126541	-0.5952796936035156	-0.48997870087623596	-0.2492300420999527	0.12364394962787628	0.06742548197507858	-0.25644439458847046
L31Y	-0.40372902154922485	-0.2595900893211365	-0.7260147333145142	-0.31651636958122253	0.09442929923534393	-0.40613871812820435	-0.16675807535648346	0.1169089823961258	0.3256552815437317	0.1071660965681076	-0.16345874965190887
G32A	0.3477324843406677	0.3359678387641907	0.2594006359577179	0.7504242658615112	0.024612240493297577	-0.4362022876739502	-0.05731885880231857	0.5745401978492737	0.5260677933692932	0.6014466881752014	0.29266709089279175
G32C	0.7234612107276917	-0.24487707018852234	-0.19123363494873047	-0.43739771842956543	0.5256971120834351	-0.1525859534740448	0.6120632886886597	0.05367406830191612	0.5963437557220459	0.13301096856594086	0.1618156135082245
G32D	0.32100367546081543	-0.18404871225357056	-0.2424498349428177	-1.4515124559402466	-1.0783358812332153	-1.211661696434021	-0.4820100963115692	-0.2317935824394226	-0.5491397380828857	0.19997334480285645	-0.4909974932670593
G32E	-0.9807525277137756	-0.11939956992864609	-0.5075081586837769	-0.1942744255065918	-2.289041519165039	-0.38336479663848877	-1.099326491355896	-0.12658049166202545	-0.20491395890712738	-0.08541087806224823	-0.5990573167800903
G32F	0.32043877243995667	-0.24749606847763062	-0.06132926046848297	0.2766445577144623	0.5936092138290405	-0.09437799453735352	0.04473581165075302	0.35099583864212036	0.879058301448822	0.6661075353622437	0.27283868193626404
G32H	0.6112260222434998	-0.2548973262310028	-0.10666988044977188	-0.6349878311157227	0.19925391674041748	-0.9049422144889832	0.14352111518383026	0.07881252467632294	-0.13059046864509583	0.3434252142906189	-0.06558488309383392
G32I	-0.006365232169628143	0.41864070296287537	0.23248979449272156	0.9800027012825012	0.8009822368621826	0.485548734664917	0.48904183506965637	0.06589779257774353	1.1348053216934204	0.9375494122505188	0.5538593530654907
G32K	-0.639693558216095	-0.1367875039577484	-0.2255896031856537	-0.4266916811466217	-0.4247967302799225	-1.2191145420074463	-0.8756541609764099	-0.3470240533351898	0.17605701088905334	0.03179101645946503	-0.40875038504600525
G32L	0.6318075060844421	0.3187808692455292	0.3554917275905609	0.34668591618537903	0.17517824470996857	-0.6580161452293396	0.20839117467403412	-0.5552523136138916	0.04103075712919235	0.40257495641708374	0.12666726112365723
G32M	0.134365513920784	-0.2961979806423187	-0.5476287603378296	-0.11207111179828644	0.25958847999572754	-0.03945199400186539	0.37107428908348083	0.5620734691619873	0.48386603593826294	0.3351668119430542	0.11507847160100937
G32N	0.6800522208213806	0.011478636413812637	0.09235012531280518	-0.6658773422241211	-0.08466334640979767	-0.7841898798942566	0.029346736147999763	-0.08820293843746185	0.49033045768737793	0.3672555685043335	0.004788029007613659
G32P	-0.5233622789382935	-0.7067223787307739	-0.8212741613388062	-1.031485676765442	-0.2514057755470276	-0.3947926163673401	-1.0402628183364868	-0.5673233270645142	-0.5111318826675415	-0.41174036264419556	-0.625950038433075
G32Q	0.29236534237861633	-0.5410592555999756	-0.01106959581375122	-0.6990706920623779	-0.005503147840499878	-1.0447674989700317	-0.2435096800327301	-0.3098951578140259	0.0802927315235138	0.46994882822036743	-0.20122680068016052
G32R	0.020749568939208984	-0.6014792323112488	0.10434429347515106	0.23300977051258087	0.2218417227268219	-0.6402209401130676	-0.2527156472206116	-0.1735706329345703	0.13560816645622253	0.777219295501709	-0.017521357163786888
G32S	0.13741502165794373	0.13508722186088562	0.09282445907592773	-0.18695932626724243	0.07689935714006424	-0.40081489086151123	-0.010349588468670845	0.0690205991268158	0.48988598585128784	0.11423810571432114	0.051724690943956375
G32T	0.346040815114975	0.03750889003276825	0.2936292588710785	0.1387166976928711	0.71628737449646	-0.056803394109010696	0.3451249897480011	0.7595995664596558	0.7523764371871948	0.8433333039283752	0.4175814092159271
G32V	1.0383888483047485	0.5831904411315918	0.9045621156692505	1.1641134023666382	0.8799115419387817	0.5972358584403992	0.5473303198814392	0.5130807161331177	0.8886903524398804	0.6619959473609924	0.7778499126434326
G32W	-0.41356968879699707	-0.7588117718696594	-1.1246211528778076	-1.1818430423736572	-0.5553504228591919	-0.7407673597335815	0.09186580777168274	-0.9022436141967773	-0.8105096817016602	-0.9987564086914062	-0.7394607067108154
G32Y	0.32198044657707214	-0.7500516772270203	-0.562330961227417	-0.7140071988105774	0.17701169848442078	-0.4308728575706482	0.44881555438041687	0.1288280487060547	-0.037157610058784485	-0.00528523325920105	-0.14230698347091675
K33A	-0.11169327050447464	-0.5259506106376648	-0.36899811029434204	0.2137724608182907	-0.6257985830307007	-0.6171103119850159	-0.8944259881973267	0.6650869250297546	-0.2888031005859375	-0.49174320697784424	-0.3045663833618164
K33C	0.2769966721534729	-0.11761828511953354	0.4678298532962799	0.4521365165710449	0.18546748161315918	1.0770868062973022	-0.01399930752813816	0.9069725871086121	0.12030722200870514	0.5944646596908569	0.39496439695358276
K33D	-0.037116676568984985	-0.4216587543487549	-0.1307176947593689	-0.446863055229187	-0.3792774975299835	0.4157228469848633	-0.22023113071918488	-0.8998896479606628	-0.48225855827331543	-0.12344478070735931	-0.2725735008716583
K33E	-0.6069064736366272	-0.6453672051429749	-0.09335079789161682	-1.1356093883514404	-1.0514522790908813	-0.8822712302207947	-0.8519416451454163	0.7149648666381836	-0.19085033237934113	-0.8584740161895752	-0.5601258277893066
K33F	-0.043926842510700226	-0.891664445400238	-0.07396839559078217	-0.18500791490077972	0.1651756763458252	0.30386531352996826	-0.14266228675842285	0.7027409672737122	-1.296152114868164	-0.31894105672836304	-0.17805412411689758
K33G	-0.21667182445526123	-0.3062988817691803	0.08314663171768188	-0.4601259231567383	-0.35491394996643066	-0.390475332736969	-0.7630189657211304	-0.044529590755701065	-0.982302725315094	-0.5753000974655151	-0.40104904770851135
K33H	0.4809843897819519	-0.13869866728782654	0.5411087274551392	0.3159504234790802	0.3095434606075287	1.466435432434082	0.09576558321714401	0.15165860950946808	0.1703876554965973	0.42485153675079346	0.3817986845970154
K33I	0.39547914266586304	-0.005608193576335907	0.562919020652771	0.30518850684165955	0.6271488666534424	0.582595705986023	-0.5206009745597839	1.1469722986221313	0.15395766496658325	0.687252938747406	0.3935304880142212
K33L	0.8763397336006165	0.1545674204826355	-0.4060180187225342	1.154158353805542	0.9343152046203613	0.24618355929851532	-0.183162122964859	0.35686540603637695	0.7525807023048401	0.1375821828842163	0.40234121680259705
K33M	-0.22762376070022583	-0.010548785328865051	0.5575484037399292	0.2136848270893097	0.4293726980686188	1.2718974351882935	-0.31836482882499695	0.7779034972190857	0.102733314037323	0.18166498839855194	0.29782676696777344
K33N	0.6111432909965515	-0.1928257942199707	-0.1675502508878708	-0.04500698670744896	-0.24152913689613342	0.7415873408317566	-0.11606457084417343	-0.32248857617378235	-0.4300655126571655	0.09172141551971436	-0.007107880897819996
K33P	-0.33427131175994873	-0.9905917048454285	-0.16997545957565308	-0.9043751955032349	-0.26225998997688293	0.17765377461910248	-0.2352762520313263	-0.7109218239784241	-1.1171514987945557	-0.24666918814182281	-0.4793838858604431
K33Q	0.04773329943418503	-0.18309414386749268	0.44137856364250183	-0.03942759707570076	0.12853068113327026	1.0163366794586182	-0.17832833528518677	-0.31422871351242065	-0.07364138960838318	0.22177627682685852	0.10670354217290878
K33R	-0.16117364168167114	0.3696829378604889	0.3398027718067169	0.4880014955997467	0.5296581983566284	0.616692304611206	-0.16381990909576416	-0.1222585141658783	0.7338941097259521	0.47574174404144287	0.3106221556663513
K33S	-0.16947606205940247	-0.6085078120231628	-0.10027271509170532	-0.3581972122192383	-0.49630555510520935	-0.1594378650188446	-0.1685245931148529	0.0166529081761837	-0.785974383354187	-0.2057858556509018	-0.30358290672302246
K33T	0.6059432625770569	-0.5892944931983948	0.4381054937839508	0.15476706624031067	0.2520272731781006	0.2814992070198059	-0.12278834730386734	0.7989861369132996	-0.8323439955711365	0.23827135562896729	0.12251730263233185
K33V	0.41624242067337036	-0.09002213925123215	0.1760794222354889	0.15987984836101532	0.4146789610385895	0.20899046957492828	0.07803851366043091	0.7715979218482971	0.540868878364563	0.3680684566497803	0.30444228649139404
K33W	0.19415611028671265	0.0999562218785286	0.3175148367881775	0.04955201968550682	0.08023281395435333	0.5755483508110046	-0.3849070370197296	0.22336231172084808	-0.5210170149803162	0.35235124826431274	0.09867499023675919
K33Y	0.11692377924919128	-0.02538561075925827	-0.03821340575814247	-0.18694940209388733	0.011226270347833633	0.8725214004516602	-0.21347425878047943	0.14214614033699036	-0.1346515566110611	0.4655567407608032	0.10097000747919083
R34A	-0.3394826054573059	0.2118246853351593	1.1273398399353027	1.4176722764968872	0.4666854739189148	0.15509536862373352	0.23412340879440308	0.1716686487197876	0.6464700698852539	-0.1424017697572708	0.39489954710006714
R34C	0.5226349830627441	-0.08585689216852188	0.45639660954475403	0.1677832007408142	0.0037984997034072876	-0.23942501842975616	0.4267868399620056	0.15559804439544678	0.5802093744277954	0.4214060306549072	0.24093317985534668
R34D	-0.12446489185094833	-0.05123408883810043	0.23645702004432678	0.3623313307762146	-0.07493340969085693	0.2879127860069275	0.29382333159446716	0.15185794234275818	0.1681668758392334	-0.3117312788963318	0.0938185602426529
R34E	-0.8615847826004028	-0.2692211866378784	0.14653149247169495	0.12435224652290344	-0.40725985169410706	-0.6229066252708435	-0.49519214034080505	-0.4054681360721588	-0.17771019041538239	-0.9575053453445435	-0.3925964832305908
R34F	0.1495015174150467	0.7967793345451355	0.8282643556594849	0.7252496480941772	-0.2602947950363159	0.11736902594566345	0.2532152533531189	0.5443207025527954	0.45672112703323364	0.17348690330982208	0.3784613013267517
R34G	0.2307794988155365	-0.12219440191984177	0.6883385181427002	0.6013034582138062	0.0013318881392478943	-0.35198307037353516	-0.11493086069822311	0.6637551784515381	0.8898456692695618	-0.5829123854637146	0.19033333659172058
R34H	-0.1337530016899109	0.1351148784160614	0.4877845346927643	0.08213002979755402	0.1448073387145996	0.35003232955932617	0.21975073218345642	0.2757909893989563	0.4544023871421814	0.2246711254119873	0.2240731418132782
R34I	0.3855382204055786	0.6029844284057617	0.902513861656189	1.0387905836105347	-0.5980821847915649	-0.28611916303634644	0.5459251403808594	0.531825065612793	0.8016778230667114	0.5849217176437378	0.45099759101867676
R34K	-0.36842721700668335	0.7501760125160217	-0.06364814937114716	0.25354447960853577	-0.5763474702835083	-0.4464760422706604	0.1410459578037262	-0.05692652612924576	0.49105173349380493	-0.26873981952667236	-0.014474702067673206
R34L	0.23185154795646667	0.873626708984375	0.9394820928573608	1.4105678796768188	0.2094695270061493	-0.15793751180171967	0.05026248097419739	0.15371814370155334	0.6933544278144836	-0.22877125442028046	0.41756242513656616
R34M	0.10949820280075073	0.11769974231719971	0.532314658164978	0.36771121621131897	-0.36560654640197754	-0.06671430170536041	0.3270646929740906	0.3769059181213379	0.6715885996818542	0.25620412826538086	0.23266664147377014
R34N	0.5423256754875183	0.0016301795840263367	0.3250800371170044	0.5131502151489258	0.07430360466241837	0.10635912418365479	0.33276525139808655	0.2447107583284378	0.7229374051094055	0.1755145639181137	0.30387765169143677
R34P	-0.37081432342529297	-0.25755858421325684	-0.2843088209629059	0.120725616812706	-0.662346601486206	-0.3348052501678467	-0.38580578565597534	0.03461761400103569	-0.23078660666942596	-0.3622252345085144	-0.27333077788352966
R34Q	-0.04329996556043625	0.12252653390169144	0.2604979872703552	0.3606914281845093	-0.5208472013473511	0.011577222496271133	0.13796932995319366	0.2302163988351822	0.4736711382865906	-0.0037526339292526245	0.10292502492666245
R34S	0.4192430377006531	0.4948810338973999	0.9745872020721436	1.3627225160598755	0.4104490578174591	0.2945338487625122	0.5562304258346558	0.3861675560474396	0.9061645269393921	0.15248727798461914	0.595746636390686
R34T	0.24992942810058594	0.5325685143470764	1.149330735206604	1.4534767866134644	0.1454077810049057	0.42147642374038696	0.7345280647277832	0.7023082375526428	1.0361559391021729	0.5613921284675598	0.6986573934555054
R34V	0.11478197574615479	0.9080890417098999	1.5793650150299072	1.4724782705307007	0.12656813859939575	0.23368443548679352	0.5903366208076477	0.7045308947563171	0.5618098974227905	0.18934421241283417	0.648098886013031
R34W	0.09559700638055801	-0.27028805017471313	-0.30064064264297485	-0.28564226627349854	-0.6487655639648438	-0.30137258768081665	-0.18076473474502563	0.17354623973369598	-0.02926875650882721	-0.27531200647354126	-0.20229113101959229
R34Y	-0.008965805172920227	0.004543371498584747	0.26529112458229065	0.09036828577518463	-0.21986624598503113	0.10494877398014069	0.08525901287794113	0.11672811210155487	0.20361097157001495	-0.029309958219528198	0.061260759830474854
K35A	0.6585020422935486	0.5554959774017334	0.26880958676338196	0.011765923351049423	0.8722460269927979	0.2511589527130127	0.21048717200756073	0.6937910914421082	-0.2904014587402344	0.3988061547279358	0.3630661368370056
K35C	0.3974456191062927	0.22521686553955078	0.8199789524078369	0.9017767906188965	0.4653037488460541	0.41244882345199585	0.568741500377655	0.11695130169391632	0.452423632144928	0.123368039727211	0.44836553931236267
K35D	-0.02438224107027054	-0.05644684284925461	0.09874075651168823	0.20355312526226044	0.2468860149383545	0.15291331708431244	0.6211241483688354	-0.08711515367031097	0.9897791147232056	0.6495144367218018	0.2794566750526428
K35E	-1.0492279529571533	0.010692864656448364	-0.7543202638626099	-1.4974148273468018	-0.13490647077560425	-0.31180286407470703	-0.10269612818956375	0.5190262794494629	-0.4017360210418701	0.46898263692855835	-0.32534030079841614
K35F	-0.5784898996353149	0.5511733889579773	0.6578282117843628	1.052605152130127	1.1935478448867798	0.4857814908027649	0.5862679481506348	0.8518008589744568	0.9842890501022339	0.5497373938560486	0.6334541440010071
K35G	0.5485190153121948	-0.18437126278877258	0.05922297388315201	-0.08946278691291809	0.2717878818511963	-0.639514148235321	-0.3720185458660126	-0.26249173283576965	-0.7490348219871521	0.3953785300254822	-0.10219848155975342
K35H	0.6684631109237671	0.4145543575286865	0.8040903806686401	0.8998540043830872	0.7502937316894531	0.8890635967254639	0.9656892418861389	0.8364842534065247	0.5658043026924133	0.44861602783203125	0.7242913246154785
K35I	0.2250191569328308	0.5533677339553833	1.2434707880020142	0.8431752324104309	1.1611833572387695	1.0718917846679688	1.081987977027893	0.9046410322189331	1.264225959777832	0.5735015869140625	0.892246425151825
K35L	0.6106621623039246	0.6910631656646729	1.5390105247497559	1.3937031030654907	1.0870200395584106	-0.3991960883140564	0.952631413936615	1.9751150608062744	0.9112098813056946	0.783944308757782	0.9545162916183472
K35M	-0.4862368106842041	0.2985979914665222	0.7699373960494995	0.8287418484687805	0.5755759477615356	0.8170697093009949	0.5694217085838318	0.3084307610988617	0.41135239601135254	0.27734410762786865	0.43702349066734314
K35N	0.8139187097549438	0.22021427750587463	0.5378284454345703	0.8948800563812256	0.2959662973880768	1.0305495262145996	0.6484270691871643	0.24743454158306122	0.573697030544281	0.5512630939483643	0.5814179182052612
K35P	0.7083144783973694	0.08923593908548355	0.7909164428710938	-0.1758706122636795	0.6923640966415405	0.6085031032562256	0.4763684868812561	-0.11550429463386536	1.1206724643707275	-0.08914662897586823	0.41058534383773804
K35Q	0.5940484404563904	0.19794395565986633	0.5035881996154785	0.7112259864807129	0.6486287117004395	0.6812913417816162	0.7069525718688965	0.2939460277557373	1.2527227401733398	0.6878930926322937	0.6278241276741028
K35R	0.3110412657260895	-0.05264630913734436	0.729756236076355	1.0390794277191162	1.1033754348754883	0.9057456254959106	0.9823892712593079	0.5198087692260742	0.40270525217056274	0.8658803701400757	0.6807135343551636
K35S	0.8785771727561951	0.17717614769935608	0.09846757352352142	0.3281584680080414	0.7940713167190552	-0.12248873710632324	0.24435880780220032	0.14758114516735077	0.2875857353210449	0.37513870000839233	0.32086262106895447
K35T	0.6521042585372925	0.46203404664993286	0.3785974085330963	1.0369395017623901	1.1761059761047363	0.6684539318084717	0.9322668313980103	0.493283748626709	0.9697272181510925	0.8222746253013611	0.7591787576675415
K35V	-0.04472608119249344	0.41103532910346985	1.16570246219635	0.646946370601654	1.1387609243392944	0.3524395227432251	1.2978057861328125	2.024881362915039	0.9351987838745117	0.6806732416152954	0.8608717918395996
K35W	0.7262502312660217	0.2909817397594452	0.5340371131896973	0.5892627835273743	0.30697083473205566	0.5201960206031799	0.5463902950286865	-0.05822165682911873	-0.0037292540073394775	-0.29033827781677246	0.31617996096611023
K35Y	0.2625028192996979	0.4032784700393677	0.2349073886871338	0.5512050986289978	0.3659880459308624	0.6167746782302856	0.4727712571620941	0.028425928205251694	0.14531944692134857	0.23771169781684875	0.33188849687576294
G36A	0.5613614916801453	0.37449395656585693	0.2918107509613037	0.281013548374176	0.949291467666626	0.6415435671806335	0.6310133934020996	-0.007022727280855179	0.1830282211303711	0.014354892075061798	0.3920888602733612
G36C	-0.079767607152462	0.11786593496799469	0.05662424862384796	0.3551952540874481	0.2732030749320984	0.4898909330368042	0.4392504096031189	-0.39049142599105835	-0.2761538624763489	0.8771297335624695	0.1862746626138687
G36D	0.8704022169113159	0.29725685715675354	0.3629058301448822	0.8406966328620911	0.4947780668735504	0.4024389386177063	0.4717220962047577	0.7533884048461914	0.405242919921875	0.6830216646194458	0.5581853985786438
G36E	-0.08160745352506638	0.09225887060165405	0.8038947582244873	0.3538273572921753	0.08272451162338257	0.3175860047340393	0.4852636158466339	0.11769701540470123	0.4499003291130066	0.19370347261428833	0.2815248370170593
G36F	-0.14201027154922485	0.0876859650015831	0.43417054414749146	0.9022643566131592	0.12178346514701843	-0.043720729649066925	0.2348995804786682	-0.6108345985412598	-0.3752703070640564	0.9804733395576477	0.15894414484500885
G36H	0.11737678200006485	0.029334641993045807	-0.07688292115926743	0.4017634689807892	0.336866557598114	0.1546294093132019	0.20188982784748077	-0.47273337841033936	-0.4664369225502014	0.8236954212188721	0.10495028644800186
G36I	0.05236213654279709	0.1462317407131195	0.4305064082145691	0.9617733955383301	0.26253581047058105	1.0217561721801758	0.4691602289676666	-0.3466368615627289	-0.15525680780410767	0.754052996635437	0.35964855551719666
G36K	0.5531173348426819	0.7969607710838318	0.35859546065330505	0.8686131238937378	0.332299143075943	0.5118615627288818	0.7005084753036499	0.27714794874191284	0.852007269859314	0.6250818371772766	0.5876193046569824
G36L	0.17110943794250488	0.0880793035030365	0.17594997584819794	0.3539194166660309	0.704628586769104	-0.354087233543396	0.24475698173046112	0.7790915369987488	0.21279695630073547	0.5112348198890686	0.28874796628952026
G36M	-0.23934638500213623	0.07779772579669952	0.38055285811424255	0.5956013202667236	0.30086833238601685	0.9968307018280029	0.12588194012641907	-0.596941351890564	-0.6896083950996399	0.8905889987945557	0.18422257900238037
G36N	0.7210097908973694	0.45742517709732056	0.46423307061195374	0.7190972566604614	0.5874391794204712	0.6164029836654663	0.5478736162185669	0.6273267269134521	0.34216171503067017	0.6237751841545105	0.5706744194030762
G36P	-0.32479745149612427	0.037439119070768356	0.14415371417999268	0.3833751082420349	0.39198413491249084	0.01079309731721878	0.21528030931949615	-0.17271116375923157	-0.6047557592391968	0.27575719356536865	0.03565182536840439
G36Q	0.4898136258125305	0.5561607480049133	0.5746732950210571	0.7771257162094116	0.39589548110961914	0.7724530696868896	0.7189656496047974	0.16392791271209717	0.5726166367530823	0.8890674114227295	0.5910699963569641
G36R	0.6217444539070129	0.21684488654136658	0.8030526638031006	0.8964371681213379	-0.09131138026714325	0.5342879891395569	0.6620306968688965	0.6829641461372375	0.8026089072227478	0.5818461179733276	0.5710505843162537
G36S	0.44016122817993164	0.558017373085022	0.27227258682250977	0.481038361787796	0.5075528621673584	0.5196177363395691	0.7214437127113342	0.18493090569972992	0.7378820776939392	0.2896578907966614	0.47125744819641113
G36T	0.4470783472061157	0.16216307878494263	0.7095285654067993	0.2143303006887436	0.2914804220199585	0.1390451043844223	0.5964109897613525	-0.5047196745872498	0.38760119676589966	0.36672502756118774	0.28096431493759155
G36V	-0.1161341741681099	-0.059189148247241974	0.410940945148468	0.5421238541603088	0.3184085190296173	0.4029000401496887	0.2445995807647705	0.22630415856838226	0.08313296735286713	-0.34380102157592773	0.17092856764793396
G36W	-0.689910352230072	0.04782223701477051	0.27500292658805847	0.34821799397468567	0.4213867485523224	0.8384671211242676	-0.018624847754836082	-0.39618170261383057	-0.9474335312843323	0.5724160671234131	0.04511626437306404
G36Y	-0.2849407196044922	0.06369031965732574	-0.12204127758741379	0.08301681280136108	0.1415841281414032	0.259152889251709	-0.17176790535449982	-0.5001609921455383	-1.1853922605514526	0.9494116902351379	-0.07674472779035568
S37A	0.7485101819038391	1.492655873298645	0.9780677556991577	1.0456488132476807	1.1817703247070312	0.7960070371627808	0.6116576194763184	0.8429569005966187	0.9624852538108826	0.9549116492271423	0.9614671468734741
S37C	0.4329036474227905	0.6086750626564026	0.6967461109161377	1.1916875839233398	0.738145112991333	0.19371525943279266	1.4622563123703003	0.7726830840110779	0.7636977434158325	0.6274639368057251	0.7487973570823669
S37D	0.3191353678703308	1.1661360263824463	0.47148266434669495	1.0373783111572266	0.4942576289176941	-0.5179771780967712	0.9257088899612427	0.45747631788253784	0.736635148525238	0.7962707281112671	0.5886504054069519
S37E	-0.30891838669776917	1.0323342084884644	0.35492441058158875	0.8161345720291138	0.46850472688674927	-0.12075795978307724	0.051380567252635956	-0.3420927822589874	0.665331244468689	0.6028914451599121	0.3219732344150543
S37F	-0.11245822161436081	1.538918375968933	0.8979829549789429	0.1778552085161209	0.5798648595809937	0.29949885606765747	0.9461919069290161	0.5926966667175293	0.7627449631690979	0.7661192417144775	0.644941508769989
S37G	0.24452519416809082	0.9801843762397766	0.3743163049221039	0.17921532690525055	0.5103858709335327	0.19732508063316345	0.1632463037967682	0.5318914651870728	1.2866368293762207	1.3430789709091187	0.5810805559158325
S37H	0.48014676570892334	0.29412704706192017	0.4782991111278534	0.3563859462738037	0.33966922760009766	-0.6612128019332886	0.9374971985816956	0.5603796243667603	0.6609616279602051	0.21384963393211365	0.3660103380680084
S37I	0.12596067786216736	0.9568333029747009	0.4633429944515228	0.6717681884765625	0.9788848161697388	0.1406349092721939	0.675632655620575	0.511675238609314	0.6191180944442749	0.8317031264305115	0.59755539894104
S37K	-0.11021590977907181	1.1364823579788208	-0.17927679419517517	0.4480358958244324	0.5333000421524048	0.052752360701560974	0.41942673921585083	0.5801225304603577	0.6098966598510742	0.9920868873596191	0.4482610821723938
S37L	0.695906937122345	1.5150307416915894	0.3051746189594269	1.4897207021713257	0.8666915893554688	1.2224382162094116	1.020898699760437	0.6646464467048645	0.7247431874275208	0.6738530397415161	0.9179104566574097
S37M	0.02380363643169403	0.568875253200531	-0.0006634742021560669	0.6343001127243042	0.5575128793716431	-0.14567524194717407	1.0470595359802246	0.4646983742713928	0.629133403301239	0.5631391406059265	0.4342183470726013
S37N	0.478074312210083	0.785365641117096	0.6427159309387207	0.9371991157531738	0.3918106257915497	-0.3675295114517212	1.0422941446304321	0.7283565402030945	0.586482584476471	0.2923695147037506	0.5517138242721558
S37P	-0.3385035991668701	1.0789786577224731	0.14731575548648834	-0.1850450187921524	0.5165812969207764	-0.3243564963340759	0.5878638625144958	0.6459105610847473	-0.22132141888141632	0.2210172712802887	0.2128440886735916
S37Q	0.3809810280799866	1.2431640625	0.11982753872871399	1.0879311561584473	0.3868055045604706	-0.2614225149154663	0.7518314123153687	0.7895358204841614	0.6632404327392578	0.7764800786972046	0.5938374996185303
S37R	0.41135746240615845	1.0076020956039429	0.5274995565414429	0.2601355314254761	0.17983904480934143	-0.05446904897689819	0.2829965353012085	0.2487194687128067	0.6847659945487976	1.057948350906372	0.46063947677612305
S37T	-0.056956060230731964	1.5436705350875854	0.927228569984436	0.6180633902549744	0.9073003530502319	0.8126058578491211	1.2047688961029053	0.36211836338043213	1.1179897785186768	0.6364691257476807	0.8073258399963379
S37V	0.06950541585683823	1.393175721168518	1.0625338554382324	1.157327651977539	0.9847894906997681	0.4756380319595337	0.8214462399482727	0.4677581787109375	0.840976357460022	0.7424602508544922	0.801561176776886
S37W	0.3602558970451355	0.19166499376296997	-0.33506032824516296	0.13318832218647003	0.13452117145061493	-0.7853915691375732	0.13220097124576569	0.21255384385585785	0.23254670202732086	-0.2086157649755478	0.006786425597965717
S37Y	0.3303353190422058	0.08585858345031738	-0.07431343197822571	0.6506629586219788	0.10599026083946228	-0.687028706073761	1.185779333114624	0.5107465386390686	0.6641908288002014	-0.007935822010040283	0.27642858028411865
V38A	0.5118781328201294	0.6228135228157043	1.0630359649658203	1.3975015878677368	1.2936006784439087	0.9392075538635254	0.23930881917476654	1.3556280136108398	0.7876033186912537	0.7270958423614502	0.893767237663269
V38C	0.7109400629997253	0.7835637927055359	0.7050817012786865	0.7241450548171997	0.8488376140594482	0.03756164759397507	0.6410096287727356	0.7137183547019958	0.5177837014198303	0.8208901882171631	0.6503531336784363
V38D	0.22638574242591858	0.3202907145023346	0.2885878384113312	0.16300921142101288	0.11649325489997864	0.24416621029376984	0.04084937274456024	0.4443744421005249	0.270538330078125	0.5960420370101929	0.27107372879981995
V38E	0.7964375615119934	0.25503209233283997	1.126596212387085	1.0444968938827515	0.6247087717056274	0.266288161277771	0.05313366279006004	0.12827913463115692	0.44673627614974976	0.5989094972610474	0.5340617895126343
V38F	0.5335379838943481	0.8324518799781799	0.8837523460388184	1.1424728631973267	1.3931316137313843	0.3590279817581177	0.28368034958839417	0.6504819393157959	0.36649662256240845	0.7815350890159607	0.7226568460464478
V38G	0.4098063111305237	0.13738004863262177	0.36312806606292725	0.5913058519363403	0.5198558568954468	0.26007920503616333	0.3969494104385376	1.1561801433563232	0.37945377826690674	1.2927303314208984	0.5506869554519653
V38H	0.23120471835136414	0.5962384343147278	0.4998933970928192	0.38517728447914124	0.39588144421577454	0.5514843463897705	0.2709224820137024	1.0777207612991333	0.4216058850288391	0.8188883066177368	0.5249017477035522
V38I	0.9124231934547424	0.5756216049194336	1.3936995267868042	1.3636151552200317	1.7035971879959106	0.3559601902961731	0.43606477975845337	0.6138030290603638	0.47900283336639404	0.7413120269775391	0.857509970664978
V38K	0.37331777811050415	0.7074263691902161	0.7146923542022705	0.8221020102500916	0.9640622138977051	0.5673714876174927	-0.03301285207271576	0.987277090549469	0.6110832691192627	0.36920982599258423	0.6083528995513916
V38L	0.8764271140098572	0.4319968819618225	1.6257750988006592	1.5903877019882202	1.531316876411438	0.19588066637516022	0.2058049738407135	1.4282585382461548	0.3915001153945923	0.7436190843582153	0.9020966291427612
V38M	0.4579821825027466	0.6615995168685913	0.4260379374027252	0.28193390369415283	0.9820680618286133	0.11779998242855072	0.41587552428245544	0.22703920304775238	0.4079480767250061	0.6961488127708435	0.4674432873725891
V38N	0.272643506526947	0.42440685629844666	0.5318434238433838	0.23831985890865326	0.3869161009788513	0.21985174715518951	0.2667918801307678	0.559142529964447	0.3978773355484009	0.7202271819114685	0.40180206298828125
V38P	0.23367300629615784	0.5620756149291992	0.3936634063720703	0.7265166640281677	0.8012919425964355	0.5487068891525269	0.23327338695526123	0.3136526346206665	0.2008049041032791	0.16408854722976685	0.41777467727661133
V38Q	0.3835086524486542	0.5731032490730286	0.4362652599811554	0.3387041389942169	0.5983563661575317	0.5327960252761841	0.14745910465717316	0.47122102975845337	0.4309612512588501	0.6217562556266785	0.45341306924819946
V38R	0.34418392181396484	0.7253511548042297	0.7373955249786377	0.7951688170433044	0.9336978197097778	0.48318612575531006	0.3340187668800354	0.9188953042030334	0.8816065192222595	0.5344012975692749	0.6687905192375183
V38S	0.5496660470962524	0.6167693734169006	0.7816088199615479	0.9845789670944214	0.809349536895752	0.35235482454299927	0.15569384396076202	1.1861886978149414	0.6443490982055664	0.8017842173576355	0.6882343888282776
V38T	0.6722413897514343	0.5320027470588684	1.068270206451416	1.320751667022705	1.6791496276855469	0.8777170181274414	0.4467519521713257	1.251163363456726	0.7510175108909607	0.6447567343711853	0.924382209777832
V38W	0.02628454566001892	0.6514314413070679	0.06949339807033539	-0.22521071135997772	0.4741283357143402	-0.364888072013855	0.16353648900985718	0.4898008108139038	0.015740960836410522	0.12958067655563354	0.14298978447914124
V38Y	0.22316217422485352	0.8485929369926453	0.6592833995819092	0.33694860339164734	0.8731962442398071	0.2171982377767563	0.433898389339447	1.2546741962432861	0.03821764513850212	0.6957921385765076	0.5580964088439941
G39A	0.4636123478412628	0.44718512892723083	0.6200156211853027	0.45515337586402893	0.30306220054626465	1.0543615818023682	0.4172353446483612	0.7779238224029541	0.16420204937458038	0.5434965491294861	0.5246248245239258
G39C	0.6803812384605408	0.46200576424598694	0.6964434385299683	0.3160054385662079	0.4533853530883789	0.20081937313079834	0.35923025012016296	0.05118337646126747	0.19044095277786255	0.8388816118240356	0.42487770318984985
G39D	0.3092963695526123	0.6339126825332642	0.00790681317448616	-0.03891133889555931	0.05415135249495506	0.17163614928722382	0.5708202123641968	0.7208667397499084	0.20935842394828796	0.32877349853515625	0.29678109288215637
G39E	0.062284909188747406	0.9110004901885986	0.7910778522491455	-0.026217620819807053	0.3583168089389801	0.7072581648826599	1.1746059656143188	0.398285448551178	0.8433372974395752	0.45787733793258667	0.5677827000617981
G39F	0.5522170662879944	0.5027342438697815	0.9173223972320557	0.20657077431678772	0.7373882532119751	-0.12868137657642365	0.49577075242996216	0.9844771027565002	0.6248769164085388	0.716010332107544	0.5608686208724976
G39H	-0.14353707432746887	0.2402631938457489	0.031401947140693665	-0.20397032797336578	0.07778038084506989	0.16860109567642212	0.01025640033185482	-0.16874104738235474	-0.0888402909040451	0.23667366802692413	0.015988793224096298
G39I	0.6119918823242188	0.36580726504325867	1.0952805280685425	0.3887387216091156	0.28126364946365356	-0.0430048368871212	0.6534252762794495	0.8040874600410461	0.67512047290802	0.6914349794387817	0.5524145364761353
G39K	0.15577246248722076	0.722338855266571	0.6081033945083618	0.00840301439166069	0.6301603317260742	0.10445863008499146	0.8314689993858337	0.7378973960876465	0.6863363981246948	0.5846370458602905	0.5069576501846313
G39L	-0.24385711550712585	0.7356675863265991	0.7707811594009399	0.5890506505966187	0.434516042470932	0.9080013036727905	0.9646375775337219	0.5438177585601807	0.355560839176178	0.42017054557800293	0.547834575176239
G39M	0.5186425447463989	0.4079330563545227	0.5169677734375	0.4263070821762085	0.6646367311477661	0.09428715705871582	0.30644840002059937	0.23997409641742706	0.2632720172405243	0.8756086826324463	0.43140774965286255
G39N	0.42127513885498047	0.42887794971466064	0.42349380254745483	0.12669861316680908	0.0347997322678566	0.11716224253177643	0.4041447937488556	0.6569925546646118	0.47188156843185425	0.5939832329750061	0.36793094873428345
G39P	-0.20352128148078918	0.2899143099784851	0.2372366487979889	-0.1466178148984909	-0.11394667625427246	-0.00621415302157402	0.07612660527229309	0.6039845943450928	0.3584907650947571	0.39928221702575684	0.14947351813316345
G39Q	0.29246485233306885	0.8522593379020691	0.5745159387588501	0.1955515295267105	0.13344600796699524	0.05604742467403412	0.5667115449905396	0.8817501664161682	0.09581825137138367	0.7482976913452148	0.43968629837036133
G39R	-0.10898152738809586	0.6557707786560059	0.873117208480835	-0.019918691366910934	0.4378432333469391	0.1433439999818802	0.8059703707695007	0.7696866989135742	0.8483309149742126	0.430286169052124	0.4835449159145355
G39S	0.8925729393959045	0.6617568135261536	0.5038683414459229	0.1340913474559784	0.17790283262729645	0.283305823802948	0.380513459444046	0.822187602519989	0.6764909029006958	0.3084297776222229	0.4841119647026062
G39T	0.6205815672874451	0.6848036646842957	0.8649307489395142	-0.22294242680072784	0.3946618139743805	0.01113080233335495	0.6270501613616943	0.9838382601737976	0.7765788435935974	0.796253502368927	0.5536887049674988
G39V	0.3407132029533386	0.4372895658016205	0.9214067459106445	0.45262882113456726	0.42085710167884827	0.4834727644920349	1.1408493518829346	0.798644483089447	0.35404497385025024	0.4954177737236023	0.5845324993133545
G39W	0.3804242014884949	0.2104710340499878	0.580237865447998	0.40600770711898804	0.2940101623535156	-0.05379854142665863	0.19132943451404572	0.15605507791042328	0.2181006520986557	0.6553884744644165	0.3038225769996643
G39Y	0.530967652797699	-0.01719551533460617	0.35778123140335083	-0.06413985788822174	0.08705143630504608	-0.11105994880199432	0.004479875788092613	-0.11365857720375061	-0.12575645744800568	0.3907649517059326	0.09392347931861877
A40C	0.6316932439804077	0.05790194869041443	0.4366053640842438	0.2146424800157547	-0.30929020047187805	0.623385488986969	0.924856424331665	0.5104822516441345	0.19730809330940247	0.06794020533561707	0.33555254340171814
A40D	0.29222893714904785	0.8423414826393127	0.6154530048370361	0.4608582854270935	0.6697992086410522	0.6538375616073608	0.7373660206794739	1.387198805809021	0.5448664426803589	1.2231624126434326	0.7427112460136414
A40E	-0.21805435419082642	0.8185775876045227	0.5580164194107056	0.5680621266365051	0.36962807178497314	0.7725107669830322	0.5041452050209045	0.39061033725738525	-0.3460384011268616	1.1485424041748047	0.45660004019737244
A40F	-0.89071124792099	0.3103322386741638	-0.1941799819469452	-0.0009300448000431061	0.7505733966827393	0.5813281536102295	0.3424059748649597	-0.12317182123661041	0.33141177892684937	0.7096734046936035	0.18167318403720856
A40G	-0.37537214159965515	0.8390287160873413	-0.24682246148586273	0.6630880236625671	0.32213786244392395	0.44734758138656616	-0.19298170506954193	0.28371161222457886	0.19040921330451965	0.5280812382698059	0.24586279690265656
A40H	1.154737114906311	0.5509923696517944	0.7282149791717529	0.21990685164928436	0.3360597491264343	0.7796164155006409	0.8183584213256836	0.9196954965591431	0.4934208393096924	0.5868919491767883	0.6587894558906555
A40I	-0.0018361955881118774	-0.02646825462579727	0.6679754257202148	0.45239487290382385	1.1373035907745361	1.4137771129608154	0.43283531069755554	-0.2905389368534088	0.41042327880859375	0.5091977715492249	0.47050634026527405
A40K	0.2491549253463745	0.42983460426330566	0.5236247777938843	0.4216400980949402	0.45215466618537903	0.557428777217865	0.24208620190620422	0.31260016560554504	0.37478190660476685	0.5190495848655701	0.4082355499267578
A40L	1.2451777458190918	0.3890150189399719	0.18616914749145508	1.1403883695602417	0.9315602779388428	-0.06571494042873383	0.08326062560081482	0.15348483622074127	0.5898842811584473	0.4434472918510437	0.5096672773361206
A40M	0.3592071235179901	0.04446253553032875	0.7279269695281982	0.122566357254982	0.10848839581012726	0.7940551042556763	0.6590434908866882	0.6470240354537964	-0.2733442187309265	0.061184100806713104	0.3250613808631897
A40N	1.0546815395355225	0.8469502329826355	0.6797268390655518	0.6982196569442749	0.47864463925361633	0.9660028219223022	0.645820140838623	0.9930716156959534	0.3692336678504944	0.8620427846908569	0.7594393491744995
A40P	0.05230756103992462	0.5799805521965027	0.15175414085388184	-0.4854431748390198	0.109734907746315	0.5947161316871643	0.2997778654098511	-0.30815473198890686	0.08615399897098541	0.3517419695854187	0.14325693249702454
A40Q	0.6849250793457031	0.5227428078651428	0.7208878993988037	0.4594742953777313	0.22984066605567932	0.8677196502685547	0.6905542016029358	0.5975834131240845	0.5011059045791626	0.48805660009384155	0.5762890577316284
A40R	0.3179260492324829	0.1915152668952942	0.515692949295044	0.5198485851287842	0.34189456701278687	0.49682313203811646	0.4890694320201874	0.33890044689178467	0.2962624430656433	0.6274313926696777	0.4135364592075348
A40S	0.2988250255584717	0.6021105051040649	0.23098847270011902	0.7152988314628601	0.4500000774860382	0.5401670932769775	0.18045386672019958	0.8336622714996338	-0.04534877836704254	0.6113006472587585	0.4417457580566406
A40T	0.5132773518562317	0.47284409403800964	0.4292564392089844	0.6993284821510315	0.8737213611602783	0.5868642330169678	0.6006007194519043	0.628856360912323	0.6076797842979431	0.7541353702545166	0.6166564226150513
A40V	0.5505486130714417	0.7392866611480713	0.5692048072814941	1.1559849977493286	0.8576301336288452	1.1423065662384033	0.4574968218803406	0.1496536135673523	0.6209962964057922	0.7977607250213623	0.70408695936203
A40W	-0.30874741077423096	0.3205726146697998	0.24632763862609863	-0.09831680357456207	0.07003608345985413	0.3577423691749573	0.7145785689353943	0.40307411551475525	-0.04954142868518829	-0.66938316822052	0.0986342579126358
A40Y	-0.3904018998146057	0.26914021372795105	0.3321850001811981	-0.22128184139728546	0.07025014609098434	0.28779006004333496	0.39165204763412476	0.02727014198899269	-0.13818396627902985	0.09291987121105194	0.07213398069143295
G41A	0.6034528613090515	0.2940148115158081	0.0997210294008255	0.013929847627878189	0.5935927629470825	0.7352757453918457	0.27880722284317017	0.9229398965835571	0.6652666330337524	-0.04400372505187988	0.4162997305393219
G41C	-0.07257577031850815	-0.20821121335029602	-0.07112283259630203	0.1889534890651703	0.2468554526567459	0.279802143573761	0.4313428997993469	0.2780439257621765	0.6247788071632385	0.955814003944397	0.2653680741786957
G41D	0.272005170583725	0.4751763939857483	0.8382680416107178	0.61082524061203	0.5185414552688599	0.36126118898391724	0.7261319160461426	0.9964177012443542	1.0252375602722168	0.8597108721733093	0.6683574914932251
G41E	0.23149952292442322	0.2565864324569702	0.6631385087966919	0.528141438961029	0.09043032675981522	0.13894730806350708	1.4141124486923218	0.36446255445480347	0.6111000180244446	0.0539935939013958	0.4352412223815918
G41F	0.15774589776992798	0.312818318605423	-0.8352773189544678	-0.45520102977752686	0.12401419878005981	-0.3732520341873169	0.31576189398765564	-0.1289891004562378	0.6119820475578308	0.17606224119663239	-0.009433476254343987
G41H	0.38161879777908325	-0.09949133545160294	0.3422181308269501	0.7475722432136536	0.38688787817955017	0.2902815341949463	1.0020860433578491	0.38905560970306396	0.7816526293754578	1.1186939477920532	0.5340574979782104
G41I	0.5311479568481445	0.39896100759506226	-0.5742181539535522	-0.4419751763343811	0.15563634037971497	-0.08914300799369812	0.07093138247728348	-0.3594456911087036	0.44326692819595337	0.19220802187919617	0.03273696079850197
G41K	0.4345667064189911	0.20797047019004822	0.4236445724964142	0.29656657576560974	0.31541818380355835	0.3664706349372864	0.5689610838890076	0.061044756323099136	0.5354980230331421	0.4092984199523926	0.36194396018981934
G41L	0.6677591800689697	0.5130375027656555	0.47177550196647644	0.3148994445800781	1.076572299003601	0.17229817807674408	0.3547133803367615	0.24666215479373932	1.048563003540039	-0.5571967363357544	0.4309083819389343
G41M	0.21464496850967407	-0.2359084188938141	-0.11426129192113876	0.1666174978017807	0.21416336297988892	0.3101702928543091	0.45185816287994385	0.5520923137664795	0.6251441836357117	0.9963316917419434	0.31808528304100037
G41N	0.4793891906738281	0.44359543919563293	1.009618878364563	0.7070738673210144	0.48789548873901367	0.4781021475791931	0.8710722923278809	0.8669037818908691	0.751570463180542	1.0600159168243408	0.7155237197875977
G41P	0.3919796645641327	0.08424685895442963	0.12652437388896942	0.10597343742847443	0.20105098187923431	0.09616224467754364	0.010524663142859936	0.06127754971385002	0.021465659141540527	0.07384391129016876	0.11730493605136871
G41Q	0.44984322786331177	0.4622681736946106	0.23583874106407166	0.445546418428421	0.34671148657798767	0.3771410584449768	0.9075427651405334	0.6868476867675781	1.0305293798446655	0.9631750583648682	0.5905444025993347
G41R	0.5442844033241272	0.3115841746330261	0.4557356536388397	0.4604586958885193	0.2813396453857422	0.6611401438713074	0.5450572371482849	0.11899641156196594	0.5262137055397034	0.4864097833633423	0.4391220211982727
G41S	0.6180380582809448	0.14369162917137146	0.5479998588562012	0.3773019313812256	0.08373893797397614	0.3669666647911072	0.4754703938961029	0.5153840184211731	0.5790818333625793	0.33772599697113037	0.40453991293907166
G41T	0.7407814860343933	0.5149807333946228	0.1410188525915146	0.5568842887878418	0.24688875675201416	0.5828428268432617	0.5728738307952881	0.3304111063480377	0.6962560415267944	0.4904543161392212	0.48733919858932495
G41V	0.905144453048706	0.5142320990562439	-0.7906436920166016	0.25857558846473694	0.20570965111255646	-0.07481922954320908	0.6110455989837646	0.09793056547641754	0.9200823307037354	0.10567077994346619	0.2752928137779236
G41W	0.3789536654949188	-0.4162781536579132	0.2861579656600952	0.1335275024175644	0.31763261556625366	0.4852350950241089	0.1964583694934845	0.09233489632606506	0.5726880431175232	0.9467803239822388	0.29934900999069214
G41Y	0.16963805258274078	-0.5019841194152832	-0.01560714840888977	-0.04669291153550148	0.26242202520370483	0.18799084424972534	0.3942253589630127	0.10156621038913727	0.6477435827255249	0.9034673571586609	0.21027693152427673
S42A	-0.0865529403090477	0.8724848628044128	0.08541218936443329	1.459468126296997	1.3857321739196777	0.9891376495361328	0.6188122034072876	1.9364975690841675	0.6923991441726685	0.3899202346801758	0.8343311548233032
S42C	1.2548426389694214	0.41465604305267334	0.9642833471298218	1.239405632019043	0.6445512771606445	0.8259033560752869	0.945090115070343	0.4693739414215088	0.8673768043518066	0.3416557312011719	0.7967138886451721
S42D	0.7975153923034668	0.6741750240325928	0.4007295072078705	1.1277951002120972	0.5459429025650024	1.1700007915496826	0.8091520667076111	1.0128573179244995	0.6916365623474121	0.537033200263977	0.7766838073730469
S42E	0.3015405833721161	1.0194065570831299	0.6372767686843872	1.641193151473999	1.2326879501342773	2.114826202392578	0.9887832403182983	0.8292173743247986	0.9841540455818176	0.8870059847831726	1.0636091232299805
S42F	0.542208731174469	0.8385620713233948	0.04045386612415314	1.3866087198257446	1.185152292251587	0.6458619236946106	1.1405949592590332	1.8061723709106445	0.6085520386695862	0.5602978467941284	0.8754464983940125
S42G	0.41745930910110474	0.2841520607471466	0.06064347177743912	0.917085587978363	0.7149851322174072	1.4629777669906616	0.32923802733421326	1.280358910560608	0.31039321422576904	0.6044593453407288	0.6381753087043762
S42H	0.7328193783760071	0.49713918566703796	0.7257909774780273	0.9695791006088257	0.650473952293396	1.1149863004684448	0.3245420753955841	1.1126577854156494	0.6787013411521912	0.5303777456283569	0.7337068319320679
S42I	0.5921483635902405	0.8437663316726685	0.39744406938552856	0.9324882626533508	1.1171506643295288	0.6118751764297485	0.7829569578170776	0.5833414793014526	0.4787370562553406	0.7758801579475403	0.7115788459777832
S42K	0.7304995656013489	1.099346399307251	0.46653488278388977	0.855744481086731	1.2336822748184204	0.7553254961967468	0.7535182237625122	1.4858030080795288	0.5894600749015808	1.0027414560317993	0.8972655534744263
S42L	0.5652309656143188	0.9278534054756165	1.0022310018539429	0.8977601528167725	1.1314443349838257	1.3343846797943115	0.7149145007133484	0.38332387804985046	0.810090184211731	0.7203079462051392	0.8487541079521179
S42M	1.1250828504562378	0.7277308106422424	0.8624992370605469	0.5556148290634155	0.22150582075119019	0.7864011526107788	0.5776877403259277	0.6328539848327637	1.098820686340332	0.4966410994529724	0.7084838151931763
S42N	0.9060918688774109	0.525822639465332	0.32840603590011597	1.1826839447021484	0.7305088043212891	0.8115452527999878	0.29429033398628235	0.8552696108818054	0.9498237371444702	0.49682533740997314	0.7081267833709717
S42P	0.49736201763153076	0.30535104870796204	-0.09652672708034515	0.3251829147338867	0.3424226641654968	0.3211662769317627	0.41069847345352173	0.5514511466026306	-0.10557428002357483	0.5455162525177002	0.3097049593925476
S42Q	0.880789041519165	0.934406578540802	0.7841936349868774	1.2186342477798462	0.8313765525817871	1.009752869606018	1.2085473537445068	1.445907711982727	1.112644076347351	0.8289195895195007	1.0255171060562134
S42R	0.8724468350410461	1.0025036334991455	0.6452182531356812	1.1476446390151978	1.1632204055786133	0.6689704656600952	0.6403552293777466	1.4612553119659424	1.06248140335083	1.1538426876068115	0.981793999671936
S42T	1.0417100191116333	1.1678640842437744	0.27644649147987366	0.9020161032676697	1.2901581525802612	0.9667106866836548	1.127408742904663	2.2405402660369873	0.4728878140449524	0.8572231531143188	1.0342966318130493
S42V	-0.08465578407049179	1.0474357604980469	0.4835074841976166	0.6167439222335815	0.9761102199554443	0.5802367329597473	0.6595267057418823	0.6047343611717224	0.6034526228904724	0.536198616027832	0.6023290753364563
S42W	1.3097988367080688	0.9469568133354187	0.2207683026790619	0.24114827811717987	0.49479183554649353	0.9101776480674744	0.6127894520759583	0.5333724021911621	1.0383840799331665	0.27304136753082275	0.6581228971481323
S42Y	0.8450738787651062	0.790324330329895	0.4357735812664032	0.9307592511177063	0.41010379791259766	0.8997244238853455	0.569720983505249	0.6260543465614319	1.0761178731918335	0.21476951241493225	0.6798421740531921
F43A	-1.7427998781204224	-1.0776901245117188	-0.39360311627388	-1.5136929750442505	0.19373714923858643	-0.36575669050216675	-0.4152587354183197	-0.36035287380218506	-0.19584737718105316	-0.06369274854660034	-0.5934957265853882
F43C	1.24115788936615	0.31097736954689026	0.12613850831985474	0.6382288932800293	0.08015036582946777	0.37007391452789307	1.2340167760849	0.5470695495605469	0.9624239802360535	-0.3344656229019165	0.5175771713256836
F43D	-0.20021843910217285	-1.2928626537322998	-0.384823203086853	-0.9528799057006836	-0.3877609670162201	-0.4222143292427063	-0.2018592357635498	-1.0002284049987793	-0.30767303705215454	-1.1666321754455566	-0.6317151784896851
F43E	-1.2279804944992065	-1.0012412071228027	-0.8099880218505859	-1.5691757202148438	-1.3278337717056274	-0.8449086546897888	-1.1861164569854736	-1.2042826414108276	-0.7156541347503662	-0.8863952159881592	-1.0773576498031616
F43G	-0.6861833930015564	-1.2494244575500488	-0.4349897801876068	-0.7263778448104858	-0.39156562089920044	-0.4960610866546631	-0.353588730096817	-0.600533127784729	-0.3527675271034241	-0.30742520093917847	-0.5598915815353394
F43H	0.6059618592262268	-0.044242627918720245	-0.168441042304039	0.2830088138580322	0.14352202415466309	0.024581506848335266	0.25470930337905884	-0.04344462230801582	0.045795269310474396	-0.3233445882797241	0.07781060039997101
F43I	0.24984222650527954	-0.2431046962738037	0.9211850166320801	-0.6305758953094482	0.0943543016910553	0.3707747459411621	0.4381389021873474	-0.25658363103866577	0.5280475616455078	0.42877477407455444	0.19008533656597137
F43K	-0.9486613869667053	-1.1800984144210815	-0.49130478501319885	-1.2591804265975952	-0.1747734248638153	-0.9752808809280396	-0.2537078559398651	-0.9360398054122925	-0.33876532316207886	-0.40141308307647705	-0.6959224939346313
F43L	-0.4525274634361267	0.48150375485420227	0.4425446093082428	-1.0639421939849854	0.7499881982803345	0.6826844215393066	0.4072432219982147	0.49710798263549805	0.16420862078666687	-0.1732468456029892	0.17355643212795258
F43M	1.0832639932632446	0.14772173762321472	0.31273043155670166	0.5048022866249084	0.12651997804641724	0.14713570475578308	1.1100232601165771	0.7069717049598694	1.0382834672927856	-0.30115681886672974	0.48762956261634827
F43N	0.7686780691146851	-0.4889208674430847	0.03648493438959122	-0.25498151779174805	-0.15524369478225708	0.18398380279541016	0.31100359559059143	-0.5990360379219055	0.05848800390958786	-0.40449678897857666	-0.05440405011177063
F43P	-0.3408803343772888	-1.009190559387207	-0.7369799613952637	-0.5487536787986755	-0.8019165992736816	0.3107457756996155	-0.5526077747344971	-0.5027574300765991	-0.0718083530664444	-0.09550352394580841	-0.43496522307395935
F43Q	0.2071681022644043	-1.1644141674041748	-0.40102994441986084	-0.6363314390182495	-0.0934542864561081	-0.3208797574043274	-0.14998427033424377	-0.31453371047973633	-0.07776893675327301	-0.42384129762649536	-0.3375069797039032
F43R	-0.40881484746932983	-1.0196751356124878	-0.22814619541168213	-1.0978094339370728	-0.3286503851413727	-0.4720454216003418	-0.6481390595436096	-0.8360215425491333	-0.6471759676933289	-0.3414355516433716	-0.6027913093566895
F43S	-0.7334640026092529	-1.2735440731048584	-0.4755408465862274	-1.047121524810791	-0.4885390102863312	-0.1211327314376831	-0.8046253323554993	-0.9978314638137817	-0.19743888080120087	0.004182249307632446	-0.6135055422782898
F43T	-0.3242896795272827	-0.9843339323997498	-0.17316848039627075	-0.8224530220031738	-0.3731370270252228	0.09242710471153259	-0.4490567147731781	-0.7816209197044373	-0.19937150180339813	0.561488926410675	-0.34535151720046997
F43V	-0.46613240242004395	-0.16650283336639404	0.059485048055648804	-1.0964834690093994	0.28115710616111755	0.3732045292854309	0.4506872296333313	0.2551196217536926	0.2768664062023163	-0.12218725681304932	-0.015478590503334999
F43W	1.194102168083191	0.26266586780548096	0.163185715675354	0.7483998537063599	0.24307064712047577	0.5615593194961548	1.2136262655258179	1.139591932296753	0.8880283832550049	-0.3690619468688965	0.604516863822937
F43Y	0.7342253923416138	0.2813354730606079	-0.06540730595588684	0.6627341508865356	0.1122102364897728	0.13621273636817932	1.104127287864685	0.9948901534080505	0.5993375778198242	-0.399855375289917	0.4159809947013855
Q44A	-0.008580751717090607	0.44638773798942566	0.7335126399993896	0.8708294630050659	0.1622258424758911	0.8351293802261353	0.5540707111358643	0.35083532333374023	1.1272341012954712	1.1813374757766724	0.6252981424331665
Q44C	0.553757905960083	0.12766805291175842	0.4162379205226898	0.46356162428855896	0.5371578931808472	0.8529579639434814	0.5140504240989685	0.4975872039794922	0.30616044998168945	0.4431820511817932	0.4712321162223816
Q44D	0.7006184458732605	0.25077903270721436	0.11628252267837524	0.6822224855422974	-0.22792693972587585	0.7442123293876648	-0.05931919068098068	0.6852498650550842	0.804976761341095	0.8145511746406555	0.4511646330356598
Q44E	0.2331983745098114	0.9401118159294128	0.765997052192688	0.8780910968780518	0.3947409391403198	1.2945247888565063	-0.18462365865707397	0.5189050436019897	1.0535579919815063	0.9415950775146484	0.6836098432540894
Q44F	-0.18923339247703552	0.08006177097558975	-0.11980576813220978	0.673560380935669	0.27884379029273987	0.4696885943412781	0.16444936394691467	-0.03833472356200218	0.20279501378536224	0.6246440410614014	0.2146669179201126
Q44G	0.31608423590660095	-0.588715672492981	0.7519124746322632	0.23453886806964874	0.13422952592372894	0.05088084936141968	0.45707666873931885	0.4168003499507904	0.5504347085952759	1.012770652770996	0.33360129594802856
Q44H	0.3404533863067627	0.30599480867385864	-0.10417090356349945	0.7907378673553467	0.5373930931091309	0.7071048617362976	0.0994914248585701	0.3543867766857147	0.4790739417076111	0.547940194606781	0.40584054589271545
Q44I	-0.32225996255874634	0.39983803033828735	0.2287110984325409	1.2048029899597168	0.07496976107358932	0.5122017860412598	0.15418902039527893	0.2811817526817322	0.20662052929401398	0.6737792491912842	0.34140342473983765
Q44K	0.1302681714296341	0.5580846071243286	0.5746856927871704	0.9444247484207153	0.17324914038181305	1.025659203529358	0.22151385247707367	0.8075231909751892	0.9872377514839172	0.9552843570709229	0.6377930641174316
Q44L	-0.04324014484882355	-0.08038332313299179	0.33700576424598694	0.31705740094184875	-0.15165524184703827	0.20751242339611053	0.17715588212013245	1.5627968311309814	-0.3008265495300293	0.6046704053878784	0.26300936937332153
Q44M	0.08791452646255493	0.11694838106632233	0.20486271381378174	0.7734018564224243	0.4285919666290283	0.7433874607086182	0.5517870783805847	0.7087888121604919	0.30248934030532837	0.4951704740524292	0.44133424758911133
Q44N	0.8134369850158691	0.4229869842529297	0.15253950655460358	0.9097257256507874	-0.1543857306241989	0.9026086330413818	0.45067957043647766	0.9475608468055725	0.8182240128517151	0.8152568936347961	0.6078633069992065
Q44P	0.3739686906337738	-0.20593899488449097	-0.08899477869272232	-0.3147633373737335	-0.62691330909729	-0.06277105212211609	-0.21805322170257568	-0.17133469879627228	-0.11065848171710968	0.5820114016532898	-0.0843447893857956
Q44R	0.14836359024047852	0.02318580448627472	0.4166630506515503	1.10109543800354	0.5587224960327148	0.6866233348846436	-0.04129131883382797	0.3172852694988251	0.9908724427223206	0.8844573497772217	0.508597731590271
Q44S	0.6405759453773499	0.17506270110607147	0.8355317115783691	0.9273967742919922	-0.38736099004745483	1.0621628761291504	0.7714045643806458	0.4797656536102295	1.0559837818145752	1.1455045938491821	0.6706027388572693
Q44T	0.5164321660995483	0.11715351045131683	0.7321743965148926	0.5659416317939758	-0.3822753131389618	1.2333271503448486	0.4360661208629608	0.4752195477485657	0.9664488434791565	0.7613341808319092	0.5421822667121887
Q44V	0.0585692897439003	0.3262017071247101	0.491333931684494	0.7302286624908447	0.07220597565174103	0.5356802940368652	0.28395146131515503	0.43868446350097656	0.7057512402534485	0.8003630042076111	0.44429701566696167
Q44W	0.4821978807449341	-0.2953880727291107	-0.5149199962615967	1.111411690711975	0.7017802000045776	0.13406158983707428	0.21450552344322205	0.5457995533943176	-0.25394660234451294	0.1218157559633255	0.22473175823688507
Q44Y	0.650886595249176	0.2618674337863922	-0.2671976089477539	0.9070408344268799	0.6675587892532349	0.25810521841049194	0.1491057127714157	0.568938136100769	-0.07964904606342316	0.18887731432914734	0.3305533528327942
L45A	-0.7909941077232361	-0.2386665642261505	-0.19036351144313812	-0.46981281042099	-0.830829381942749	-0.6053229570388794	-0.4826946556568146	-0.7481338977813721	-0.33760303258895874	-0.889190673828125	-0.5583611726760864
L45C	0.48288822174072266	-0.42061930894851685	-0.5105353593826294	-0.388374924659729	0.019095979630947113	-1.2122975587844849	-0.2567589581012726	0.15411894023418427	-0.47310376167297363	0.12794411182403564	-0.24776425957679749
L45D	-0.6432085037231445	-1.0062288045883179	-0.968416690826416	-0.9374738335609436	-0.7122923135757446	-1.0336467027664185	-1.8207447528839111	-1.0990782976150513	-1.2620476484298706	-1.7664768695831299	-1.1249613761901855
L45E	-0.9526705145835876	-0.8178070187568665	-0.46475082635879517	-1.010443925857544	-1.5758754014968872	-1.0947041511535645	-2.0594937801361084	-0.988067090511322	-0.6669942736625671	-1.557901382446289	-1.118870735168457
L45F	-0.2658747136592865	-0.06099892407655716	0.13724710047245026	-0.5809950232505798	-0.2443876564502716	0.11279775202274323	-0.2725908160209656	-0.5144546627998352	0.2659991383552551	-0.37152647972106934	-0.17947843670845032
L45G	0.6220406889915466	-0.2974424362182617	0.04310788959264755	-0.04269029572606087	-0.5593105554580688	-1.068684458732605	-0.2945692837238312	-0.49831587076187134	-0.432834267616272	-0.8492610454559326	-0.3377959430217743
L45H	0.011866606771945953	-0.634122908115387	-0.6797702312469482	-0.806248128414154	-0.0160520076751709	-0.45006340742111206	-1.075430989265442	-0.2652048170566559	-0.9578799605369568	-0.6376972198486328	-0.5510603189468384
L45I	0.10895988345146179	0.022163648158311844	0.018277645111083984	0.2247716784477234	-0.008053101599216461	0.10306930541992188	0.10673270374536514	-0.1322498470544815	0.4291157126426697	0.21482010185718536	0.1087607741355896
L45K	-0.9042080640792847	-0.6876638531684875	-0.5472548007965088	-0.8980323076248169	-1.0043100118637085	-0.9147740602493286	-1.4916011095046997	-1.2955443859100342	-0.5626166462898254	-1.2184120416641235	-0.9524416923522949
L45M	0.5605865120887756	-0.1672733724117279	-0.43462303280830383	-0.48876309394836426	0.11273437738418579	-0.7390118837356567	-0.17172005772590637	0.04272071644663811	-0.08397932350635529	0.012753024697303772	-0.13565762341022491
L45N	-0.2887131869792938	-0.8077386617660522	-0.6819272041320801	-0.7895039916038513	-0.3099447190761566	-1.0241773128509521	-1.6653022766113281	-0.6446835994720459	-1.066278338432312	-0.9724069833755493	-0.8250676989555359
L45P	-0.25298914313316345	-0.5775224566459656	-1.0546233654022217	-0.587916910648346	-0.4350616931915283	-0.5524876117706299	-1.7226135730743408	-1.0488667488098145	-0.7981328368186951	-0.7406880259513855	-0.7770901918411255
L45Q	-0.2618779242038727	-0.8301331996917725	-0.8552056550979614	-0.6617771983146667	-0.6000005006790161	-1.2894725799560547	-1.7677100896835327	-0.8812003135681152	-1.3330789804458618	-1.4063408374786377	-0.9886797070503235
L45R	-0.8616507649421692	-0.6708196401596069	-0.5842061042785645	-1.0207189321517944	-1.690658450126648	-1.2444931268692017	-1.9477275609970093	-0.6973118185997009	-0.9783264994621277	-1.2124701738357544	-1.0908381938934326
L45S	-0.5371549129486084	-0.44758254289627075	-0.4451124370098114	-0.17013922333717346	-0.8573262691497803	-0.38469386100769043	-1.0511555671691895	-0.7833834290504456	-0.49129730463027954	-1.3486565351486206	-0.6516502499580383
L45T	-0.4753229022026062	-0.239481121301651	-0.4360958933830261	-0.2899048626422882	-0.6443015336990356	-0.2479005604982376	-1.2679574489593506	-0.5993345975875854	-0.1527545303106308	-0.8642431497573853	-0.521729588508606
L45V	-0.30284827947616577	-0.26576969027519226	0.013397961854934692	0.20685002207756042	0.27483779191970825	0.9102545380592346	0.1983841061592102	-0.3721112906932831	0.39816009998321533	-0.21757270395755768	0.08435825258493423
L45W	0.1221749484539032	-0.37440308928489685	-0.7346926927566528	-0.6427258253097534	-0.00274556502699852	-1.3213900327682495	-0.4944593608379364	-0.24012814462184906	-0.8749462962150574	-0.8212507367134094	-0.5384566783905029
L45Y	0.2598065435886383	-0.6065901517868042	-0.6273133754730225	-0.6672672629356384	-0.2922700047492981	-1.3133516311645508	-0.7788268327713013	-0.1185549795627594	-0.7138459086418152	-0.8556354641914368	-0.5713849067687988
P46A	-0.5120018124580383	-0.18382000923156738	-0.19438576698303223	-0.5623640418052673	-0.1549108624458313	-0.6049588322639465	-1.1029014587402344	-0.2853747308254242	-0.32973867654800415	-0.9068671464920044	-0.48373231291770935
P46C	-0.5089796781539917	-0.7140618562698364	-0.9114835262298584	-0.9408119916915894	-0.5181337594985962	-1.0988106727600098	-0.35806241631507874	0.07200254499912262	-0.4123896360397339	-1.2680169343948364	-0.6658747792243958
P46D	-0.8871327638626099	-1.11516535282135	-1.00355064868927	-1.188301920890808	-0.7203147411346436	-0.8158559203147888	-1.1835137605667114	-0.5942298173904419	-0.7864518761634827	-2.0868756771087646	-1.0381393432617188
P46E	-0.7103930711746216	-0.9016976356506348	-0.13299600780010223	-0.13294155895709991	-0.8428857326507568	0.22502313554286957	-0.6362929344177246	-0.37986356019973755	-0.07125146687030792	-1.2532551288604736	-0.4836553633213043
P46F	-0.6419961452484131	-0.40362754464149475	-0.023865312337875366	-0.34808775782585144	0.14467518031597137	-0.5007003545761108	-0.5204118490219116	-0.46145427227020264	-0.49746644496917725	-0.9175783395767212	-0.4170513153076172
P46G	-0.7560840249061584	-1.0588079690933228	-0.7914354801177979	-0.4274587333202362	-0.013456106185913086	-0.07536581158638	-0.7721275687217712	-0.2031547576189041	-0.25077396631240845	-0.9720911979675293	-0.5320755243301392
P46H	-0.5055659413337708	-1.1338279247283936	-1.000946044921875	-0.9860100746154785	-0.5977662801742554	-0.6187089085578918	-0.8125073313713074	-0.13800445199012756	-0.7422977089881897	-1.5682108402252197	-0.8103845715522766
P46I	-0.6932390928268433	-0.43342262506484985	-0.019233591854572296	-0.4414254128932953	0.21240785717964172	-0.35275542736053467	-0.5714744925498962	-0.30765417218208313	-0.2571548819541931	-0.8771135807037354	-0.3741065561771393
P46K	-0.5072704553604126	-0.7516682147979736	-0.4533764719963074	-0.8633958101272583	-0.5937858819961548	-0.567707359790802	-1.377881407737732	-0.5271130800247192	-0.4222286343574524	-1.7676650285720825	-0.7832092046737671
P46L	-0.40268194675445557	0.31077075004577637	0.19527679681777954	-0.6846697926521301	0.4725506603717804	0.25136250257492065	0.48994195461273193	-0.57606440782547	-0.5715751647949219	-0.011776402592658997	-0.052686501294374466
P46M	-0.6033289432525635	-0.933384358882904	-0.9713053703308105	-1.0796630382537842	-0.8288298845291138	-1.0534597635269165	-1.1272015571594238	-0.3294246196746826	-0.644762396812439	-1.313522219657898	-0.8884881734848022
P46N	-1.0180943012237549	-1.0594748258590698	-0.7928813695907593	-1.3300520181655884	-0.6610409021377563	-0.8722285032272339	-0.9494800567626953	-0.31411057710647583	-0.7568575739860535	-1.6216429471969604	-0.9375863075256348
P46Q	-0.892977237701416	-1.2274694442749023	-0.9398342370986938	-1.1190381050109863	-1.0804036855697632	-1.1689049005508423	-1.172203779220581	-0.49994081258773804	-0.8925797939300537	-1.9508227109909058	-1.0944174528121948
P46R	-0.9304085373878479	-0.6785517930984497	-0.8616960048675537	-0.7682303190231323	-0.8916881084442139	-0.7035966515541077	-0.9982835650444031	-0.5040951371192932	-0.42272132635116577	-1.6904515027999878	-0.8449723124504089
P46S	-0.67125004529953	-0.5695931911468506	-0.5152337551116943	-0.6649953722953796	-0.4901180565357208	-0.6609818935394287	-1.0570167303085327	-0.22099347412586212	-0.3168971538543701	-1.1996402740478516	-0.6366720199584961
P46T	-0.6095693111419678	-0.21630564332008362	-0.3163011968135834	-0.7266157865524292	-0.16842254996299744	-0.3352886438369751	-0.8317555785179138	-0.12772612273693085	-0.3536403775215149	-1.2197258472442627	-0.49053511023521423
P46V	-0.2569216191768646	0.18573996424674988	0.1057702898979187	-0.21684212982654572	0.400624543428421	0.09456218779087067	0.37103071808815	-0.23449008166790009	-0.0863269716501236	-0.14460091292858124	0.021854598075151443
P46W	-0.6108394861221313	-0.9908477663993835	-1.2097021341323853	-1.1763995885849	-0.883741021156311	-1.4713038206100464	-0.9283358454704285	-0.3024851977825165	-1.2661570310592651	-1.7762110233306885	-1.061602234840393
P46Y	-0.4802984595298767	-0.917694628238678	-0.8875731229782104	-0.8280685544013977	-0.3970964252948761	-1.0131940841674805	-0.7243685126304626	-0.3184444308280945	-0.8279216885566711	-1.334778070449829	-0.7729437947273254
G47A	0.7227721810340881	0.5628639459609985	1.0073562860488892	0.3952615559101105	0.10568348318338394	0.3727574944496155	0.5103548765182495	0.4677565097808838	0.6409721970558167	0.30602318048477173	0.5091801881790161
G47C	0.7601783871650696	1.049943208694458	0.5306106805801392	1.0220463275909424	0.21059659123420715	0.30075764656066895	0.6510917544364929	0.6388128399848938	0.6054768562316895	-0.03491508960723877	0.5734599232673645
G47D	0.7517567276954651	0.12776906788349152	0.24566644430160522	-0.24155990779399872	0.10771740972995758	0.23178653419017792	0.11286141723394394	0.16367319226264954	0.3111667037010193	0.007805652916431427	0.18186432123184204
G47E	0.32986658811569214	0.460546612739563	1.193513035774231	0.5797646045684814	0.044886067509651184	0.6260457038879395	0.19470533728599548	0.4172549247741699	0.839775562286377	0.3611980974674225	0.5047556161880493
G47F	-0.29078859090805054	0.16259583830833435	0.6042377948760986	0.24134410917758942	-0.045224033296108246	-0.10375867784023285	0.6271795034408569	0.5934340357780457	0.06413589417934418	0.4623931646347046	0.23155491054058075
G47H	0.4349938631057739	0.14218032360076904	0.06148621439933777	0.10860076546669006	0.013868480920791626	0.3203885555267334	0.16542275249958038	0.3642127215862274	0.23809869587421417	0.4241607189178467	0.22734132409095764
G47I	0.2768188714981079	0.3607243299484253	0.7436758279800415	0.9321401119232178	0.00491221621632576	-0.1394161731004715	0.639579713344574	0.28850966691970825	-0.075094074010849	0.6750302314758301	0.3706880807876587
G47K	0.3972425162792206	0.42280516028404236	0.2946583926677704	-0.013363804668188095	-0.09092190861701965	0.04617726802825928	0.05000606179237366	-0.14793911576271057	0.09681142866611481	0.16138775646686554	0.12168637663125992
G47L	0.3545442223548889	0.22395938634872437	0.8920202255249023	0.8941138982772827	-0.5502623319625854	0.31080925464630127	0.9031050205230713	0.26892927289009094	0.27031251788139343	0.5489418506622314	0.41164731979370117
G47M	0.5998495221138	0.7122790217399597	0.37582242488861084	0.9708682894706726	0.12108805775642395	0.026922985911369324	0.3348265290260315	0.33471041917800903	0.09171897172927856	0.12912508845329285	0.36972111463546753
G47N	0.49654310941696167	0.3578000068664551	0.414709210395813	0.04144931212067604	0.24560445547103882	0.36382704973220825	0.35660919547080994	0.5526660084724426	0.45192980766296387	-0.13059131801128387	0.31505465507507324
G47P	-0.6338430643081665	-0.48528385162353516	-0.7608176469802856	-1.0313054323196411	-0.9379448890686035	-0.16642872989177704	-0.4734137952327728	-0.11029773950576782	-0.7366711497306824	-0.40631866455078125	-0.5742324590682983
G47Q	0.6869639754295349	0.34288525581359863	0.5673841238021851	0.5677279233932495	0.09521807730197906	0.2031949907541275	0.40876322984695435	0.28734493255615234	0.28752511739730835	0.11950551718473434	0.35665133595466614
G47R	0.8284578323364258	0.623464047908783	0.4042280316352844	0.29744938015937805	0.2460455298423767	0.14671690762043	0.1421869397163391	0.06799906492233276	0.127790629863739	0.1446591317653656	0.3028997480869293
G47S	0.8279528617858887	0.5876205563545227	0.6466244459152222	0.256945937871933	0.4698294401168823	0.45491743087768555	0.41385817527770996	0.9491678476333618	0.6973546147346497	0.46410131454467773	0.5768372416496277
G47T	0.5328837037086487	0.7790712714195251	0.5600119829177856	0.07217232882976532	0.11481603980064392	0.37524765729904175	1.1116225719451904	0.600239634513855	0.5839871168136597	0.2887893319129944	0.5018841624259949
G47V	0.18387222290039062	0.3263545334339142	1.0407958030700684	0.7448018789291382	-0.45155635476112366	-0.04110978916287422	1.2925660610198975	0.3780078887939453	0.2634272575378418	0.5095455050468445	0.4246705174446106
G47W	0.07110457122325897	0.1166907548904419	-0.056322984397411346	0.49374306201934814	-0.2168351113796234	-0.2521517872810364	0.20568400621414185	0.22871719300746918	-0.04795689880847931	0.08263584971427917	0.06253086030483246
G47Y	0.4979422688484192	0.4407580494880676	0.23745903372764587	0.3738381862640381	-0.004163041710853577	0.29354315996170044	0.11144142597913742	0.4243060052394867	0.10968552529811859	0.03917433321475983	0.25239846110343933
G48A	0.22693437337875366	0.6153241395950317	0.523644208908081	-0.3380446434020996	0.22199761867523193	-0.24695026874542236	0.3912068009376526	0.12498965859413147	0.8186391592025757	-0.47369569540023804	0.1864045113325119
G48C	-0.33803027868270874	-0.09795337170362473	-0.09568992257118225	0.6113553047180176	0.047282762825489044	-0.02157985046505928	0.32339879870414734	0.19112429022789001	0.0016153007745742798	0.10027958452701569	0.07218025624752045
G48D	0.2837768495082855	0.24034461379051208	0.1995018720626831	-0.06805294752120972	-0.06057842820882797	0.0021186619997024536	0.22578953206539154	0.5274530053138733	-0.019342467188835144	-0.0818948745727539	0.1249115914106369
G48E	0.0778995230793953	0.12052780389785767	0.5356369018554688	0.8498833179473877	0.11093668639659882	0.3798024654388428	0.3278426229953766	-0.4335508644580841	1.0593518018722534	0.3476928472518921	0.33760231733322144
G48F	-1.2067888975143433	-0.7621777057647705	-0.4841507077217102	-0.40297558903694153	-0.8520272970199585	-0.7194843292236328	-0.3210991322994232	-0.7189076542854309	-0.290863037109375	-0.5551260709762573	-0.6313601136207581
G48H	-0.2549736499786377	-0.10589645057916641	-0.4930166006088257	-0.7705248594284058	-0.7072796821594238	-0.1892082691192627	-0.6456015110015869	0.14887075126171112	-0.7680777907371521	-0.32184404134750366	-0.4107552170753479
G48I	-0.511688232421875	-0.5873929262161255	-0.17812266945838928	-0.2591293752193451	-0.7918556928634644	-0.5760565400123596	-0.27605634927749634	-0.5134827494621277	-0.3395416736602783	-0.617236852645874	-0.46505632996559143
G48K	-0.22381573915481567	-0.04574189335107803	-0.12102452665567398	0.08496830612421036	-0.7825685739517212	-0.22457674145698547	-0.21539996564388275	-0.35615551471710205	0.03706028684973717	-0.44269371032714844	-0.22899480164051056
G48L	-0.3634350597858429	-0.3430336117744446	-0.012228626757860184	-0.2662932574748993	-0.654338002204895	-0.5014740228652954	-0.19809935986995697	-0.44018417596817017	-0.07496316730976105	0.0607699453830719	-0.279327929019928
G48M	-0.7165399789810181	-0.8130186796188354	-0.37159156799316406	-0.02479560300707817	-0.4120124280452728	-0.5093581080436707	-0.1437097191810608	-0.9458391666412354	-0.6011385321617126	-0.7460530996322632	-0.5284057259559631
G48N	0.08582726120948792	0.36855074763298035	0.0273672416806221	-0.2579329013824463	-0.5470242500305176	-0.2446288913488388	0.07329176366329193	0.5291497707366943	-0.3661130666732788	0.4018564224243164	0.007034408859908581
G48P	-0.6916203498840332	-0.9314630627632141	-0.4975926876068115	-1.4716378450393677	-0.612338662147522	-0.9252057075500488	-0.18382492661476135	-0.7923494577407837	-0.38459891080856323	-0.8775027990341187	-0.7368134260177612
G48Q	-0.28443193435668945	-0.08496714383363724	-0.040958452969789505	-0.018314752727746964	-0.6820660829544067	-0.545744001865387	0.029639078304171562	-0.1588442623615265	-0.47636765241622925	0.002883806824684143	-0.22591713070869446
G48R	0.08650423586368561	0.5535358786582947	-0.02830631658434868	0.42965638637542725	-0.8124068975448608	-0.31388676166534424	-0.06624662131071091	-0.19091229140758514	-0.1006646603345871	-0.1283806562423706	-0.057110775262117386
G48S	0.39563918113708496	0.41505342721939087	0.12128368020057678	0.5678524971008301	0.13308104872703552	0.12455065548419952	0.22783087193965912	0.49052339792251587	0.647826611995697	-0.38172584772109985	0.27419155836105347
G48T	0.20065763592720032	0.4408222436904907	-0.23659557104110718	0.10427801311016083	0.21930164098739624	0.03483609855175018	0.3004557192325592	0.050935160368680954	0.6525449752807617	-0.21134395897388458	0.15558919310569763
G48V	-0.43338167667388916	-0.0568021759390831	-0.008595719933509827	-0.18845054507255554	-0.6357842683792114	-0.35286879539489746	-0.16966138780117035	-0.3344213366508484	-0.08074890077114105	-0.40050452947616577	-0.26612192392349243
G48W	-0.9186526536941528	-0.43662428855895996	-0.7533756494522095	-0.8339077234268188	-0.7062541246414185	-0.9878719449043274	-0.1237538531422615	-0.9475105404853821	-0.8985177874565125	-0.92134690284729	-0.7527815699577332
G48Y	-0.7486646771430969	-0.5089401006698608	-0.5093321800231934	-0.30903249979019165	-0.46745964884757996	-0.5177223086357117	-0.4138529896736145	-0.6218017339706421	-0.59173184633255	-0.6544511914253235	-0.5342989563941956
H49A	0.031951069831848145	0.9330074787139893	0.2586674988269806	-0.19488072395324707	0.861018180847168	0.5497181415557861	0.6675170063972473	0.8689443469047546	1.0760433673858643	0.2547495663166046	0.530673623085022
H49C	1.1005877256393433	0.719997227191925	0.6851117610931396	1.2422409057617188	1.1505495309829712	0.21905596554279327	1.2539961338043213	1.4349147081375122	1.071043848991394	0.9561017751693726	0.9833599328994751
H49D	0.45831140875816345	0.7465880513191223	0.9549597501754761	0.5957230925559998	1.2367550134658813	0.899716854095459	1.3454557657241821	0.9792404770851135	1.1030865907669067	0.7611063122749329	0.9080942869186401
H49E	0.9144787192344666	-0.03448189049959183	0.3141292333602905	-0.016042131930589676	0.4462681710720062	0.976574182510376	0.1036381646990776	0.6511316299438477	1.1962833404541016	1.069970965385437	0.5621950626373291
H49F	0.36941009759902954	0.9182867407798767	0.29917892813682556	-0.6354470252990723	0.8552854061126709	0.27702152729034424	-0.3495613932609558	0.48970896005630493	0.8387901782989502	-0.13050302863121033	0.2932170331478119
H49G	0.1651717722415924	0.2667127549648285	-0.3726208508014679	-0.24291343986988068	0.1876983344554901	-0.2754861116409302	0.014849432744085789	0.8518519997596741	0.9408320784568787	0.23763008415699005	0.17737260460853577
H49I	0.4323478639125824	0.6469855308532715	0.7415744066238403	-0.42378363013267517	0.991400957107544	0.7397013902664185	0.6116893887519836	0.4833095669746399	0.9697983860969543	0.28379225730895996	0.5476816296577454
H49K	0.8013569712638855	0.9639131426811218	0.5245785713195801	-0.06875832378864288	1.0177271366119385	0.9273697137832642	0.8431904911994934	0.5871461033821106	1.1990829706192017	0.44716399908065796	0.724277138710022
H49L	-0.08509207516908646	0.37489548325538635	0.009273327887058258	-0.20583312213420868	0.01288033276796341	0.21717195212841034	-0.0012505147606134415	-0.21048374474048615	0.5148411393165588	0.15018877387046814	0.07765915244817734
H49M	0.6768786907196045	0.90421462059021	0.029221855103969574	0.7321935892105103	1.0572643280029297	0.9485989212989807	0.8358696103096008	0.977342426776886	0.955721378326416	0.7980126738548279	0.7915318608283997
H49N	0.8951629400253296	1.1081730127334595	1.2341090440750122	1.0608253479003906	1.2463014125823975	0.7840642929077148	1.5686545372009277	1.1058266162872314	1.2053135633468628	0.8886715769767761	1.1097103357315063
H49P	0.6078163981437683	0.32998964190483093	0.5078742504119873	0.09622567892074585	1.2737774848937988	0.41603273153305054	0.510076105594635	0.6800130009651184	0.9333550930023193	-0.06190834939479828	0.5293252468109131
H49Q	1.040710210800171	1.196431279182434	1.2702335119247437	0.9613810777664185	1.0175204277038574	0.8247178792953491	1.6005316972732544	0.9066771864891052	1.1465654373168945	0.6717132925987244	1.0636481046676636
H49R	0.9321647882461548	0.9614282846450806	1.2234172821044922	0.5078880786895752	1.012152910232544	0.45740777254104614	1.329673409461975	0.5199969410896301	1.1168124675750732	0.8551327586174011	0.8916075825691223
H49S	0.5247105956077576	1.1095460653305054	0.5879279375076294	0.17998145520687103	1.035439133644104	0.583351194858551	1.4051610231399536	1.1593233346939087	1.1505318880081177	0.3709248900413513	0.8106897473335266
H49T	0.6357284188270569	0.8759023547172546	1.0659147500991821	0.33637407422065735	1.176209807395935	0.9299136996269226	1.5151283740997314	1.0158599615097046	1.4397413730621338	0.424476683139801	0.9415249824523926
H49V	-0.5084497928619385	0.1835312694311142	0.8118960857391357	-0.5628674030303955	0.6433682441711426	0.1579662561416626	0.4438354969024658	0.4700470566749573	1.1938968896865845	-0.04708494246006012	0.2786139249801636
H49W	1.2035521268844604	1.0893914699554443	0.0407414436340332	0.3172767460346222	0.8020673990249634	0.3332058787345886	0.7493155598640442	0.958530604839325	0.18410120904445648	0.22239413857460022	0.5900576114654541
H49Y	1.0251505374908447	1.1525561809539795	-0.09234242141246796	0.6068563461303711	0.8983362913131714	1.0272090435028076	0.4218696355819702	0.8722871541976929	0.3029497265815735	0.28562575578689575	0.6500499248504639
L50A	-0.9128214716911316	-0.4513295292854309	-0.6270740032196045	-0.9256150722503662	-0.33054205775260925	-1.3670496940612793	-1.1102657318115234	-0.3329048454761505	0.26034945249557495	-0.8762619495391846	-0.6673515439033508
L50C	-0.2780637741088867	-0.9401177763938904	-0.22763964533805847	-0.5537254810333252	0.15989601612091064	-0.7565205097198486	-0.6212809681892395	-0.18856316804885864	0.23750706017017365	-0.9165874719619751	-0.40850958228111267
L50D	-1.243753433227539	-1.137637972831726	-0.643187403678894	-1.1163386106491089	-1.2659296989440918	-0.9918087720870972	-1.2860052585601807	-0.856702983379364	-0.5629938840866089	-1.3488191366195679	-1.0453177690505981
L50E	-0.6239312291145325	-0.5310071110725403	-0.5313218832015991	-0.879272997379303	-2.2855312824249268	-1.0406615734100342	-1.4822571277618408	-1.1841164827346802	-0.5302647948265076	-1.5568654537200928	-1.0645229816436768
L50F	-0.3619421720504761	-0.4382322430610657	-0.5572400093078613	-1.2375454902648926	-0.0777839720249176	-1.1358789205551147	-0.972195029258728	-0.21409466862678528	-0.32439231872558594	-0.9844160079956055	-0.6303721070289612
L50G	-0.25222182273864746	-0.8252595663070679	-0.4738164246082306	-1.8056141138076782	0.007977813482284546	-1.1629208326339722	-0.6799232959747314	-0.3206309676170349	-0.10004796087741852	-0.6370272636413574	-0.6249484419822693
L50H	-0.7273461818695068	-0.8117382526397705	-0.6221171617507935	-0.5167962908744812	-1.0195386409759521	-1.023316740989685	-1.2964286804199219	-0.8378893136978149	-0.553276002407074	-0.750655472278595	-0.8159102201461792
L50I	-0.7531281113624573	-0.5868347883224487	0.06916970014572144	-0.49633651971817017	-0.26969948410987854	-1.0307056903839111	-0.30716487765312195	-0.4038182497024536	-0.3606715202331543	-0.5820916891098022	-0.47212815284729004
L50K	-2.219266176223755	-1.1718931198120117	-0.7731994390487671	-1.8123490810394287	-1.3532001972198486	-2.0004918575286865	-1.711976408958435	-0.9940676093101501	-0.9419872164726257	-1.5345696210861206	-1.4512999057769775
L50M	-0.6170228719711304	-1.0486326217651367	-0.5682885646820068	-0.8204127550125122	-0.4558187425136566	-0.7841381430625916	-0.8116634488105774	-0.7512058019638062	-0.3946060538291931	-1.097118616104126	-0.7348907589912415
L50N	-0.6721699833869934	-0.7868157625198364	-0.7388033866882324	-0.6963467001914978	-0.6591187715530396	-0.9195050001144409	-0.9377229809761047	-0.6306706070899963	-0.31395846605300903	-0.6968067288398743	-0.7051919102668762
L50P	-1.2334283590316772	-0.6459227800369263	-0.5750579833984375	-1.7772644758224487	-0.7882890701293945	-1.489742636680603	-1.7776340246200562	-0.9842709302902222	-0.7030076384544373	-0.9898569583892822	-1.096447467803955
L50Q	-0.8514084219932556	-1.0438848733901978	-0.6122603416442871	-1.1187492609024048	-1.0061523914337158	-1.3572884798049927	-1.3367094993591309	-0.6608537435531616	-0.5787416696548462	-1.2241971492767334	-0.9790245890617371
L50R	-1.4947144985198975	-0.8232869505882263	-0.5669289827346802	-0.8271625638008118	-0.8754016160964966	-1.6929600238800049	-1.0165612697601318	-0.9232182502746582	-0.47845613956451416	-1.119730830192566	-0.9818421602249146
L50S	-1.3337512016296387	-0.4203242063522339	-0.5048598051071167	-1.231737732887268	-0.44239842891693115	-1.1101311445236206	-0.7452594637870789	-0.8182253241539001	-0.421372652053833	-1.2093446254730225	-0.8237404823303223
L50T	-0.9799855351448059	-0.4362373948097229	-0.49596691131591797	-0.9508473873138428	-0.2620442807674408	-0.7761275768280029	-0.460533082485199	-0.33688628673553467	-0.3383753299713135	-1.1098817586898804	-0.614688515663147
L50V	-0.9422990679740906	-0.23189279437065125	-0.13995963335037231	0.003716234117746353	0.1930263638496399	-1.0201876163482666	-0.8676967620849609	0.0014542005956172943	-0.10864599049091339	-0.06363391876220703	-0.3176119029521942
L50W	-1.033864974975586	-0.8465620875358582	-0.9693939685821533	-2.1155028343200684	-1.2462284564971924	-1.3374028205871582	-1.37488853931427	-1.4265319108963013	-0.8338802456855774	-1.203959584236145	-1.2388216257095337
L50Y	-0.5924406051635742	-0.8244925141334534	-0.6656045913696289	-1.2583140134811401	-0.8538415431976318	-0.8983039259910583	-1.3967517614364624	-1.2620396614074707	-0.6334686875343323	-0.9804459810256958	-0.9365703463554382
E51A	0.8308199048042297	1.0196504592895508	1.4796500205993652	0.25861915946006775	1.468573808670044	0.6520369052886963	1.1558301448822021	0.6162660121917725	1.1780298948287964	0.5352410674095154	0.9194717407226562
E51C	0.7269558906555176	0.21987000107765198	0.5408939123153687	0.536794900894165	0.25555914640426636	0.8327170610427856	0.8240991830825806	1.3689948320388794	0.30437803268432617	0.745922327041626	0.6356185078620911
E51D	0.7759338617324829	0.8041930198669434	1.0473763942718506	0.9335729479789734	1.1005172729492188	0.8132719397544861	1.2350252866744995	1.2764091491699219	0.6063179969787598	1.3296221494674683	0.9922240376472473
E51F	0.5188763737678528	-0.0978812649846077	0.3897802531719208	-0.5098713040351868	0.6698018312454224	0.5406090021133423	0.2258102148771286	0.38192489743232727	0.6428573727607727	0.7520421147346497	0.3513949513435364
E51G	1.1824841499328613	0.7824576497077942	0.9696139097213745	1.7679492235183716	0.9264642000198364	1.360964059829712	0.9963547587394714	0.5587063431739807	1.7577351331710815	1.490859866142273	1.179358959197998
E51H	1.0662251710891724	0.6683399081230164	1.185881495475769	1.3661459684371948	1.4891889095306396	1.284633755683899	1.6250214576721191	0.7861796021461487	0.5599802136421204	1.0968118906021118	1.1128408908843994
E51I	0.2311827540397644	0.03976454585790634	0.838901162147522	-0.07893487811088562	0.8945895433425903	0.5357401371002197	0.00737977959215641	0.6498871445655823	0.4991750121116638	0.9762184023857117	0.4593903422355652
E51K	0.931447446346283	0.810671865940094	1.3859015703201294	0.6186495423316956	1.124191164970398	0.9136897325515747	0.957893431186676	1.0407737493515015	0.9051100611686707	0.9560253024101257	0.9644353985786438
E51L	-0.30808478593826294	-0.7360317707061768	0.9215424060821533	1.2766789197921753	0.8932161331176758	0.15982629358768463	0.35055986046791077	-0.5742926001548767	1.718549132347107	-0.5101174712181091	0.3191846013069153
E51M	0.7907966375350952	0.18887543678283691	0.3430112302303314	0.7159965634346008	0.14321070909500122	0.8895267248153687	0.2500587999820709	1.0650969743728638	0.43922698497772217	0.3758177161216736	0.5201618075370789
E51N	0.9546246528625488	0.7720958590507507	1.0290335416793823	1.1469926834106445	0.7409204244613647	1.001439094543457	1.1234722137451172	0.8183975219726562	0.7689815163612366	0.8190555572509766	0.9175013303756714
E51P	0.07343821972608566	0.27604547142982483	0.2993747889995575	-0.387958824634552	0.8390048742294312	0.6208767294883728	0.6955209374427795	0.6576104164123535	0.042199984192848206	0.5443463921546936	0.36604589223861694
E51Q	0.6774304509162903	0.9009955525398254	0.8091157674789429	0.7337998151779175	0.8571441173553467	0.7763664722442627	0.8546643257141113	0.8332141041755676	0.4679946303367615	0.8212001323699951	0.7731925845146179
E51R	0.3333764970302582	0.8691942691802979	0.9858561754226685	0.9010838270187378	0.9863580465316772	1.1369603872299194	1.1357547044754028	0.5649385452270508	0.8322083353996277	1.0224169492721558	0.8768147230148315
E51S	0.6961987614631653	1.1365292072296143	1.0717982053756714	0.5176803469657898	0.8844151496887207	0.963555097579956	1.2932860851287842	0.7370262742042542	1.0629734992980957	0.8603385090827942	0.9223800897598267
E51T	0.630716860294342	1.1159358024597168	1.0104807615280151	0.024713236838579178	1.1850786209106445	0.9622315168380737	0.9770788550376892	0.7107717990875244	0.6166945695877075	0.6299482583999634	0.7863649725914001
E51V	0.37596434354782104	0.43771135807037354	1.6835368871688843	0.5226085186004639	0.9173414707183838	0.3543204665184021	0.2765405774116516	0.426330029964447	0.9520642757415771	0.22868181765079498	0.6175099611282349
E51W	0.3195253312587738	-0.16156437993049622	0.15608081221580505	-0.09207716584205627	0.5687360763549805	0.8004921674728394	0.6879000663757324	0.8218817710876465	-0.05631117522716522	0.48710376024246216	0.35317671298980713
E51Y	0.8453741669654846	0.33207568526268005	0.41227617859840393	0.7953936457633972	0.48320090770721436	1.0786713361740112	0.7315447330474854	1.4452335834503174	0.3665996193885803	0.8003260493278503	0.7290695309638977
F52A	-0.9735895991325378	0.15819138288497925	-0.4484185576438904	-0.1735609471797943	-0.2349167764186859	-0.3666539192199707	0.09603569656610489	-0.24457448720932007	-1.0606733560562134	-0.15446220338344574	-0.3402622938156128
F52C	0.6504039168357849	0.41754093766212463	0.5792299509048462	0.23846445977687836	0.39067694544792175	1.2082456350326538	1.184857964515686	0.8771156668663025	0.5768510699272156	0.14982162415981293	0.6273208260536194
F52D	0.29386210441589355	0.6262910962104797	0.1745903193950653	-0.2650110423564911	0.48681697249412537	1.0986242294311523	-0.1444285362958908	0.3579102158546448	0.31056612730026245	0.169623002409935	0.31088441610336304
F52E	-1.2966150045394897	0.11084265261888504	-1.0360950231552124	-0.16096501052379608	-0.302214115858078	-0.5906087160110474	-0.18500107526779175	-0.18262238800525665	-0.0009355247020721436	-0.22233177721500397	-0.3866546154022217
F52G	-0.691045343875885	0.14125779271125793	-0.22513090074062347	-0.44106805324554443	-0.05769994109869003	-0.45306599140167236	-0.297626256942749	-1.5545892715454102	-0.9015912413597107	-0.48500263690948486	-0.49655619263648987
F52H	0.36743098497390747	0.4136303663253784	0.6976070404052734	0.10218226909637451	0.41340383887290955	1.408689260482788	0.3808954358100891	0.40267133712768555	0.8019022345542908	-0.042927563190460205	0.494548499584198
F52I	-0.12137534469366074	-0.06497631222009659	0.39890751242637634	-0.6300661563873291	0.4675402045249939	0.42966723442077637	0.5409935116767883	0.27097204327583313	-0.5643907785415649	-0.7044007182121277	0.0022871196269989014
F52K	-0.8020907640457153	0.48736560344696045	-0.6825060844421387	-0.9877429008483887	0.34990280866622925	0.7197300791740417	-0.5535072684288025	-0.14219313859939575	-0.407131552696228	-0.12337899208068848	-0.21415522694587708
F52L	-0.39632585644721985	0.23827067017555237	-0.20837315917015076	0.7441134452819824	0.08861120045185089	0.23542745411396027	0.3642880618572235	-0.5024890303611755	0.05248171091079712	-0.4163721203804016	0.019963234663009644
F52M	0.5601244568824768	0.3429321050643921	0.8544424772262573	0.38893961906433105	0.6769540309906006	0.9642612934112549	0.9077363610267639	0.9448062777519226	0.4749912619590759	0.22292110323905945	0.6338108777999878
F52N	0.19485816359519958	0.7456716895103455	0.5314406156539917	0.07506269216537476	-0.024910718202590942	1.4296711683273315	0.6181661486625671	0.4142817556858063	0.31542712450027466	-0.10548697412014008	0.41941818594932556
F52P	-0.5980676412582397	-0.6092252135276794	0.5882246494293213	-1.0670832395553589	-0.2914586067199707	1.056122064590454	0.06748223304748535	0.41997915506362915	-0.618360698223114	-0.8484499454498291	-0.19008371233940125
F52Q	0.3151765465736389	0.8066898584365845	0.5515956878662109	0.05952168628573418	0.5912413597106934	1.6610766649246216	0.591555655002594	0.4257041811943054	0.5337173342704773	0.43596410751342773	0.5972242951393127
F52R	-0.4247361719608307	0.4836473762989044	-0.3270985782146454	-0.5415875315666199	-0.048026151955127716	0.20806528627872467	-0.03857584297657013	-0.4386754035949707	-0.09919333457946777	-0.03864188492298126	-0.12648221850395203
F52S	-1.478751540184021	0.42977002263069153	-0.7365987300872803	-0.5962756276130676	-0.2961730659008026	0.5893383026123047	0.031204557046294212	-0.04825437813997269	-0.8592379689216614	-0.7057904005050659	-0.36707693338394165
F52T	-0.9940622448921204	0.5538508892059326	-0.22344499826431274	-0.5245996713638306	0.2601030468940735	0.8695499300956726	0.13642272353172302	0.26957547664642334	-0.5340821146965027	-0.45813286304473877	-0.06448198854923248
F52V	-1.234137773513794	0.1968788206577301	0.06646949052810669	-0.11319072544574738	-0.33214685320854187	0.16167522966861725	0.03084251470863819	0.05791592225432396	-0.7047346234321594	-0.7696454524993896	-0.2640073597431183
F52W	0.425152450799942	-0.0068435147404670715	0.986656904220581	0.4015011191368103	0.2500072717666626	0.5943293571472168	1.1997350454330444	1.1070455312728882	0.6198450922966003	-0.19011802971363068	0.5387311577796936
F52Y	0.51261967420578	0.04657622426748276	0.386630117893219	0.02094520814716816	0.26190000772476196	0.9138541221618652	0.5993415713310242	0.7286368012428284	0.6220316290855408	0.04186191409826279	0.41343969106674194
G53A	-0.675262987613678	-0.3120761513710022	-0.24083304405212402	-0.6333496570587158	0.2295435667037964	-0.3690764904022217	0.5372819304466248	-1.2387527227401733	-0.5407248735427856	-0.10368034243583679	-0.3346930742263794
G53C	-0.35145103931427	-0.5251372456550598	-0.12572504580020905	-0.4476844072341919	-0.7995628118515015	-0.17578274011611938	-0.35499393939971924	-0.3082484304904938	-0.25686484575271606	-0.8144565224647522	-0.4159907400608063
G53D	-1.1613541841506958	-1.1293810606002808	-0.6994632482528687	-1.0864485502243042	-0.8414815664291382	-0.5859904289245605	-1.4058502912521362	-1.3625023365020752	-0.7640241384506226	-0.8641058206558228	-0.9900602102279663
G53E	-0.29819732904434204	-0.4720546007156372	-0.26081663370132446	0.12610502541065216	-0.6234695911407471	-0.26825860142707825	0.5694218277931213	-0.15985611081123352	0.7200624346733093	-1.1776126623153687	-0.1844676285982132
G53F	-0.8238560557365417	-1.2691749334335327	-0.9948486089706421	-1.0999218225479126	-0.9208290576934814	-0.4295463562011719	-1.1541181802749634	-1.7115628719329834	-1.3869036436080933	-1.2058628797531128	-1.09966242313385
G53H	-0.3573802709579468	-0.40824607014656067	-0.40658238530158997	-0.4336385726928711	-0.4708501398563385	-0.04569804668426514	-0.4359391927719116	-0.6445308327674866	-0.06999713182449341	-0.8256738781929016	-0.40985363721847534
G53I	-1.2934709787368774	-0.8174853920936584	-0.9001833200454712	-1.4830724000930786	-1.3163868188858032	-0.9666417837142944	-1.0990855693817139	-1.5723422765731812	-1.089805006980896	-1.536061406135559	-1.2074534893035889
G53K	-1.001967430114746	-0.6374756097793579	-1.193109393119812	-1.1105090379714966	-0.5408134460449219	-0.6376441717147827	-0.6988191604614258	-1.6430460214614868	-0.5149038434028625	-0.5459819436073303	-0.8524270057678223
G53L	-0.3656872510910034	-0.26355892419815063	-1.1204723119735718	-0.22033603489398956	-0.40945160388946533	0.16313719749450684	0.06226729601621628	-0.5926498174667358	-0.8663293719291687	-1.2756952047348022	-0.4888775944709778
G53M	-0.6109317541122437	-0.8176989555358887	-0.09515710175037384	-0.48887622356414795	-0.7102264165878296	-0.3469313383102417	-0.3898341953754425	-0.4487946331501007	-0.26101356744766235	-1.0403441190719604	-0.5209808349609375
G53N	-1.264747977256775	-0.602823793888092	-0.608869194984436	-1.069812536239624	-0.9322304725646973	-0.5177726745605469	-1.449057698249817	-1.3205076456069946	-0.8951810002326965	-0.7073469161987305	-0.936834990978241
G53P	-1.395917296409607	-1.015544056892395	-1.015649676322937	-1.266257882118225	-1.3513845205307007	-0.9962997436523438	-1.5519365072250366	-1.2394689321517944	-1.0298911333084106	-2.0181517601013184	-1.2880500555038452
G53Q	-1.2858636379241943	-0.6497155427932739	-0.763149619102478	-1.05209481716156	-0.957697868347168	-0.6246666312217712	-1.6512802839279175	-1.2496273517608643	-0.6065434217453003	-0.7634792327880859	-0.9604118466377258
G53R	-0.9434413313865662	-0.5931243896484375	-1.1686036586761475	-1.2110830545425415	-0.7217603921890259	-0.48960697650909424	-1.5325875282287598	-1.408891201019287	-0.8157897591590881	-0.5724456906318665	-0.9457334280014038
G53S	-0.602393627166748	-0.906260073184967	-0.9422609806060791	-0.6734516620635986	-0.13485004007816315	-0.5807747840881348	-0.6024841070175171	-1.3973020315170288	-0.16831935942173004	-0.8562939763069153	-0.6864390969276428
G53T	-0.9118462204933167	-1.1850301027297974	-1.3330775499343872	-1.0064460039138794	-0.6244653463363647	-0.6092894077301025	-1.1266467571258545	-1.7965552806854248	-0.8688425421714783	-1.416224718093872	-1.087842345237732
G53V	-0.8926748633384705	-0.651022732257843	-1.2179187536239624	-1.3114093542099	-0.883741021156311	-0.931848406791687	-0.1439988613128662	-1.9583569765090942	-1.317017912864685	-1.5229750871658325	-1.0830962657928467
G53W	-0.706660807132721	-0.819191575050354	0.08523282408714294	-0.4568899869918823	-0.43326008319854736	-0.34460729360580444	-0.7938988208770752	-0.36415523290634155	-0.4932580590248108	-1.026950716972351	-0.535364031791687
G53Y	-0.49153608083724976	-0.8284605145454407	-0.258343905210495	-0.4588121175765991	-0.5516786575317383	-0.17633230984210968	-0.4421074688434601	-0.5197842717170715	-0.17828981578350067	-0.9044328927993774	-0.4809778332710266
E54A	-1.3738253116607666	-0.8971202969551086	-0.00614701583981514	-0.44957372546195984	-1.0702098608016968	-0.899043619632721	-1.1391558647155762	-1.1894159317016602	-0.035735927522182465	-1.0176810026168823	-0.8077908754348755
E54C	-0.5756714940071106	-1.0418248176574707	-0.09619871526956558	-0.8134325742721558	-1.4822351932525635	-1.4794425964355469	-0.8500972390174866	-0.3784366250038147	-0.6199035048484802	-0.552760124206543	-0.7890002727508545
E54D	-0.1953175961971283	-0.2509058117866516	-0.06294438242912292	-0.23549290001392365	-0.35565853118896484	-1.0437917709350586	-0.5259798169136047	-0.23860234022140503	-0.2132316380739212	-0.35836559534072876	-0.3480290174484253
E54F	-0.4309815764427185	-1.276997685432434	-0.3143487274646759	-1.4329413175582886	-1.02317214012146	-1.4889569282531738	-0.9986758828163147	-1.2638976573944092	-0.6173728108406067	-0.6050451993942261	-0.9452389478683472
E54G	0.30821922421455383	-1.3839631080627441	-0.5937137603759766	-0.5972186326980591	-0.21878990530967712	-0.3483130931854248	-0.8953659534454346	-1.1847074031829834	-1.060939908027649	-0.5910863280296326	-0.6565878987312317
E54H	-0.5514941215515137	-0.6871290802955627	-0.17277634143829346	-0.6338769197463989	-1.070920705795288	-1.2133734226226807	-0.5335763692855835	-0.3792412579059601	-0.49547308683395386	-0.8014869689941406	-0.6539348363876343
E54I	-1.0694687366485596	-1.1830302476882935	-1.0698643922805786	-1.2262061834335327	-0.9628911018371582	-1.4657219648361206	-1.5613932609558105	-0.399051308631897	-0.5936989784240723	-0.5238907337188721	-1.0055216550827026
E54K	-1.248043179512024	-0.5501107573509216	-0.9044138193130493	-0.90717613697052	-0.5303207635879517	-1.2373757362365723	-0.6855574250221252	-0.7931403517723083	-0.6462954878807068	-0.45877063274383545	-0.7961204051971436
E54L	-0.7302215099334717	-1.1425745487213135	-0.6633672714233398	-0.38790732622146606	-1.2037100791931152	-0.9316139221191406	-1.0635123252868652	-1.260508418083191	-0.3496764302253723	-0.5708183646202087	-0.8303910493850708
E54M	-0.6500012278556824	-1.0738791227340698	-0.3091306984424591	-1.1073158979415894	-1.3712955713272095	-1.6235113143920898	-0.9732014536857605	-0.36701470613479614	-0.3640981912612915	-0.43673330545425415	-0.8276181221008301
E54N	-0.3229908049106598	-0.9616602063179016	0.06589212268590927	-0.8860395550727844	-0.9033652544021606	-1.3766247034072876	-1.1243945360183716	-0.6503936648368835	-0.6408819556236267	-1.0832386016845703	-0.7883697152137756
E54P	-0.8369331955909729	-1.0912622213363647	-0.4122205674648285	-1.2655695676803589	-1.1688380241394043	-1.4340465068817139	-1.3616416454315186	-0.6710805296897888	-0.8865448832511902	-1.5084116458892822	-1.063654899597168
E54Q	-0.49698442220687866	-0.4223407804965973	-0.5802968740463257	-0.9257612228393555	-0.3557130992412567	-1.4628595113754272	-0.7463858723640442	-0.5028417706489563	-0.07445763051509857	-0.5042085647583008	-0.6071850061416626
E54R	-0.5436046719551086	-0.7514908909797668	-0.5858627557754517	-0.07309643924236298	-0.7913837432861328	-0.9585124850273132	-0.6640079617500305	-0.9506846070289612	-0.5987110733985901	-0.5036962032318115	-0.6421051025390625
E54S	-1.1060009002685547	-1.4247678518295288	-1.0015233755111694	-0.6136139631271362	-0.7418713569641113	-1.0385854244232178	-1.3560690879821777	-1.0555200576782227	-0.4288123846054077	-1.0740269422531128	-0.9840790629386902
E54T	-0.8738207817077637	-1.260671615600586	-1.021276831626892	-1.0510575771331787	-0.9556130170822144	-1.3932099342346191	-0.8976967930793762	-0.6701332926750183	-0.44118183851242065	-0.3798220157623291	-0.894448459148407
E54V	-1.081409215927124	-1.2738734483718872	-0.32157137989997864	-0.9430775046348572	-1.225475549697876	-0.9385084509849548	-1.444433569908142	-0.6673564910888672	-0.508201003074646	-0.23522527515888214	-0.8639132380485535
E54W	-0.2958708703517914	-1.3284354209899902	-0.7658067941665649	-0.8831919431686401	-1.7705672979354858	-1.4775432348251343	-0.5368319153785706	-0.5145206451416016	-0.6472963690757751	-0.8101886510848999	-0.9030252695083618
E54Y	-0.5139273405075073	-1.0786592960357666	-0.39053553342819214	-0.9632596969604492	-1.5483750104904175	-1.5455427169799805	-0.9560454487800598	-0.6340030431747437	-0.6275790333747864	-0.9881442785263062	-0.9246070981025696
T55A	-0.05333877354860306	-0.3010295331478119	0.569214940071106	-0.22222234308719635	0.6102858781814575	-0.15929579734802246	-0.6376625895500183	-0.7736260294914246	-0.4391546845436096	-0.45808202028274536	-0.18649108707904816
T55C	-1.6103461980819702	-0.7935641407966614	-1.388537049293518	-0.5638437271118164	-0.8451321125030518	-1.2021541595458984	-1.0554990768432617	-0.8926770091056824	-0.9153465628623962	-1.7769360542297363	-1.1044037342071533
T55D	-0.6890348792076111	-0.6476268172264099	-0.046441253274679184	-0.6710877418518066	-0.13669827580451965	-0.4291788339614868	-0.582005500793457	-0.2848919630050659	-0.7074743509292603	-0.6287074089050293	-0.48231467604637146
T55E	0.43642348051071167	0.2878245413303375	0.8921011686325073	-0.2544938921928406	0.6206868886947632	0.05886725336313248	0.4028024673461914	0.550783097743988	-0.1887146681547165	-0.18451596796512604	0.2621764540672302
T55F	-0.6587123870849609	-1.2802846431732178	-0.7501641511917114	-0.9165149927139282	-0.5329859256744385	-0.6143729090690613	-1.2931264638900757	-1.222317099571228	-1.2798908948898315	-1.3284271955490112	-0.987679660320282
T55G	0.10748833417892456	0.22061270475387573	1.0346659421920776	0.17829252779483795	0.996045708656311	0.33057570457458496	0.13619615137577057	-0.34027281403541565	0.21359921991825104	0.1983444094657898	0.30755478143692017
T55H	-0.8201619982719421	-0.3396051526069641	-0.6849573850631714	-0.6550352573394775	-0.6658179759979248	-0.6409696340560913	-0.6064308285713196	-0.7799404263496399	-0.7062978148460388	-0.7700016498565674	-0.6669217944145203
T55I	-0.8056890368461609	-0.6189225316047668	-0.760944128036499	-0.2735512852668762	-0.19779926538467407	-0.4380505681037903	-0.9802390933036804	-0.70160311460495	-0.6866375207901001	-0.726790189743042	-0.6190226674079895
T55K	-0.808576226234436	-0.9060766100883484	-0.42385333776474	-0.5491506457328796	-0.45124897360801697	-0.5487884283065796	-0.7240859270095825	-0.7556797862052917	-1.1974735260009766	-0.29943937063217163	-0.6664372682571411
T55L	-0.23015934228897095	-0.6483396887779236	-0.46277916431427	0.05593373253941536	-0.4631101191043854	-0.11751513928174973	-0.20914314687252045	-0.9895873069763184	-0.5743974447250366	-1.831565499305725	-0.547066330909729
T55M	-1.6004372835159302	-1.169029951095581	-1.0771281719207764	-0.5943663716316223	-0.9161293506622314	-0.9284363985061646	-0.8391591906547546	-0.7105792164802551	-0.6846276521682739	-1.5916639566421509	-1.0111558437347412
T55N	-0.3382627069950104	-0.1053488627076149	-0.39201268553733826	-0.844689130783081	-0.3330781161785126	-0.24978278577327728	-0.2357061207294464	-0.33360975980758667	-0.38909637928009033	-0.7862733602523804	-0.40078601241111755
T55P	-0.8040304183959961	-1.1841285228729248	-0.8010426759719849	-0.9097322225570679	-0.8774279356002808	-0.6243652105331421	-1.0453495979309082	-0.7430282235145569	-0.8397168517112732	-1.5572724342346191	-0.9386094808578491
T55Q	-0.736735999584198	-1.127109408378601	-0.3221266567707062	-0.7859093546867371	-0.6276289224624634	-0.3630164861679077	-0.7016373872756958	-0.7619078755378723	-0.36102473735809326	-0.21404816210269928	-0.6001145243644714
T55R	-1.0062912702560425	-0.9756141304969788	-0.35667598247528076	-0.573021650314331	-0.3961169719696045	-0.7250956296920776	-0.6277192831039429	-1.259132981300354	-0.75165194272995	-0.17591877281665802	-0.6847238540649414
T55S	-1.17557954788208	-0.07190897315740585	-0.18111374974250793	-0.5452086925506592	0.5442659854888916	-0.2909869849681854	-0.9925249218940735	-0.6266032457351685	-0.9893754124641418	-0.49064886569976807	-0.4819684624671936
T55V	-0.9983446002006531	-1.5871390104293823	-0.8292642831802368	-0.34349966049194336	-0.8165115118026733	-0.47809070348739624	-1.4456238746643066	-1.6895028352737427	-1.2077248096466064	-1.0871201753616333	-1.0482821464538574
T55W	-1.7870243787765503	-1.356726050376892	-1.2229671478271484	-0.2939220070838928	-1.1026538610458374	-0.9510291814804077	-1.3126522302627563	-1.3028225898742676	-1.247501015663147	-1.9351619482040405	-1.2512460947036743
T55Y	-1.6026222705841064	-0.9530462622642517	-1.1366093158721924	-0.6755954027175903	-0.9454485177993774	-1.1663633584976196	-1.1898661851882935	-1.129765510559082	-0.7953704595565796	-1.873731255531311	-1.1468417644500732
W56A	-0.8497002720832825	-0.5590822100639343	0.02992849051952362	0.32832545042037964	-0.8284015655517578	-1.011087417602539	-1.0017139911651611	0.5189457535743713	-0.6903490424156189	-0.15928001701831818	-0.4222414493560791
W56C	-0.4896538257598877	-0.5608788728713989	-0.6195844411849976	-0.671171247959137	-0.5731613636016846	-0.3067309856414795	-0.35984840989112854	-0.6749144196510315	-0.3715740442276001	-0.7015714645385742	-0.5329089164733887
W56D	-0.8779343962669373	-0.5821529030799866	-0.598088264465332	-1.5006424188613892	-1.020363688468933	-0.6920908689498901	-1.2984572649002075	-0.621069073677063	-0.8116077780723572	-0.9421348571777344	-0.8944541215896606
W56E	-0.42677444219589233	-1.4433456659317017	-0.7110217809677124	-0.08885025978088379	-1.048406958580017	-1.9266012907028198	-1.6631581783294678	-0.9015806913375854	-0.6206329464912415	-0.9212197065353394	-0.9751592874526978
W56F	-0.059849031269550323	-0.20676812529563904	-0.006557926535606384	-0.36550214886665344	0.1657068133354187	-0.403552770614624	-0.14395061135292053	-0.5828607678413391	-0.03509396314620972	-0.46624958515167236	-0.21046781539916992
W56G	-0.7902218103408813	-0.9825994372367859	-0.47325578331947327	-1.4780322313308716	-0.6533489227294922	-0.8236056566238403	-1.270809292793274	-0.3644135296344757	-0.6955308318138123	-1.3926407098770142	-0.8924458622932434
W56H	-0.9575875401496887	-0.9760153889656067	-0.7966892719268799	-1.3797272443771362	-0.9960166215896606	-0.15020257234573364	-1.261440396308899	-0.6508331894874573	-0.5252366065979004	-0.522321879863739	-0.8216071128845215
W56I	-0.06610596925020218	-0.15282347798347473	0.07608106732368469	-1.2956446409225464	0.5018936395645142	0.06579910218715668	-0.8892964124679565	-0.20562876760959625	-0.3750417232513428	-0.6758646965026855	-0.30166319012641907
W56K	-0.4324665665626526	-0.29255104064941406	-0.3914913833141327	-1.1728233098983765	-0.5313019752502441	-1.0737557411193848	-1.8452637195587158	-0.527739942073822	-0.567621111869812	-1.2260173559188843	-0.8061032295227051
W56L	-1.0284018516540527	-0.8013312220573425	0.3078245222568512	-0.04222777113318443	-0.13382494449615479	-0.011024914681911469	0.25987333059310913	-0.12173183262348175	0.8193231225013733	-0.5678383708000183	-0.1319359987974167
W56M	-0.09715709835290909	-0.5811751484870911	-0.6344814300537109	-1.0837122201919556	-0.7685903310775757	-0.3802086114883423	-0.3015432357788086	-1.0441073179244995	-0.5268436074256897	-0.956058144569397	-0.6373876929283142
W56N	-0.46728813648223877	-0.8994326591491699	-0.6061340570449829	-1.3253710269927979	-0.9378188848495483	-0.37248390913009644	-1.2888829708099365	-0.8621925115585327	-0.7201737761497498	-0.5593180656433105	-0.8039095997810364
W56P	-0.9652963280677795	-0.32715409994125366	-1.498146414756775	-1.667216420173645	-1.2943624258041382	-0.8280724287033081	-1.5511500835418701	-1.0771095752716064	-1.3168610334396362	-1.3963351249694824	-1.1921703815460205
W56Q	-0.334141343832016	-0.7052391171455383	-0.7458736896514893	-1.1660974025726318	-1.032051682472229	-0.5177969932556152	-0.9879398941993713	-0.357967346906662	-0.7401420474052429	-0.2684188485145569	-0.685566782951355
W56R	-0.6023790836334229	-0.6875588893890381	-0.2621976137161255	-1.1392476558685303	-0.27537885308265686	-0.7133746147155762	-0.9761400818824768	-0.5864923596382141	-0.9959188103675842	-1.0496056079864502	-0.7288293838500977
W56S	-0.8993110060691833	-0.8435243368148804	-0.8731064796447754	-0.7090504169464111	-1.3105502128601074	-0.37800031900405884	-1.896720051765442	-0.6862751245498657	-0.310474157333374	-0.5703666806221008	-0.8477379083633423
W56T	-0.7123928070068359	-0.5095522999763489	-0.7072499990463257	-0.26710009574890137	-1.0990254878997803	0.0028104856610298157	-1.0559083223342896	-0.4210423529148102	-0.5101349949836731	0.16627167165279388	-0.5113324522972107
W56V	-1.2541452646255493	-1.1008371114730835	0.21406316757202148	-1.089338779449463	-0.10946398973464966	0.9237847328186035	0.1531592607498169	-0.4744642674922943	-0.9773661494255066	-0.409307062625885	-0.4123915135860443
W56Y	-0.7905703783035278	-0.6635980606079102	-1.192354440689087	-1.356856107711792	-0.6293478012084961	-0.5577664375305176	-0.6218840479850769	-1.4716893434524536	-0.6626431941986084	-0.7625953555107117	-0.8709304928779602
E57A	1.015789270401001	1.157291293144226	0.19948658347129822	0.18878699839115143	0.9920156002044678	0.6131836175918579	0.40936341881752014	1.44156813621521	0.721243679523468	0.4284423589706421	0.7167171239852905
E57C	-0.3559378683567047	-0.293785035610199	0.31094828248023987	-0.2939795255661011	-0.5948262214660645	0.1285642832517624	0.07576627284288406	0.3592090904712677	-0.054164186120033264	0.41985780000686646	-0.029834717512130737
E57D	0.6203495860099792	0.42434805631637573	0.03316251188516617	0.24038267135620117	0.47479477524757385	0.05843143165111542	1.0742406845092773	-0.08729305118322372	0.8346351981163025	-0.05422846972942352	0.3618823289871216
E57F	-0.08532284945249557	-0.6400792002677917	-0.669877290725708	-0.2582951486110687	0.4616646468639374	-0.034614332020282745	-0.9569756984710693	-0.43592900037765503	-0.196059450507164	-0.6730275750160217	-0.34885159134864807
E57G	0.484112411737442	0.749180793762207	0.27085500955581665	0.20845624804496765	0.6022745370864868	0.06495890021324158	-0.005033733323216438	0.6328547596931458	0.42654484510421753	0.4584699273109436	0.38926735520362854
E57H	0.42545369267463684	0.12270069122314453	0.0877484679222107	0.12370991706848145	-0.14835290610790253	0.04025792330503464	0.3374955952167511	1.1109693050384521	0.4131052494049072	0.633475661277771	0.3146563470363617
E57I	-0.40193116664886475	-0.14827239513397217	-0.3590658903121948	-0.2609960436820984	-0.19987455010414124	0.7006252408027649	-0.9671083688735962	0.3594261109828949	0.0867326557636261	0.3734973073005676	-0.08169670403003693
E57K	-0.17935049533843994	-0.09501250833272934	-0.17783746123313904	0.33230045437812805	-0.31617963314056396	-0.00688764825463295	0.035736843943595886	-0.022608835250139236	0.1832720935344696	-0.2440905123949051	-0.04906576871871948
E57L	0.30234968662261963	0.04347468540072441	-0.26669877767562866	0.3372836410999298	-0.113424152135849	0.2033902406692505	0.4689294397830963	-0.02678292617201805	0.17873835563659668	-0.9206739664077759	0.020658623427152634
E57M	-0.4347350001335144	-0.1379891037940979	-0.12305110692977905	-0.2116982787847519	-0.37897932529449463	0.2721042037010193	-0.3269217014312744	0.727371335029602	-0.028056785464286804	0.24723418056964874	-0.039472151547670364
E57N	0.48647841811180115	0.7067924737930298	0.4264630377292633	-0.0743841677904129	0.19944365322589874	0.16335482895374298	0.7568270564079285	0.2491275519132614	0.942351222038269	0.6151775121688843	0.4471631944179535
E57P	-0.1408686637878418	-0.3710702657699585	-0.24868565797805786	-0.5693570375442505	-0.650029182434082	-0.37601184844970703	-0.462836354970932	-0.2956164479255676	0.14067260921001434	-0.4540666937828064	-0.3427869379520416
E57Q	0.33361348509788513	-0.0567789152264595	0.4074458181858063	0.24734316766262054	-0.16239145398139954	0.3408821225166321	0.21110275387763977	0.4623039960861206	0.8526002764701843	0.47481000423431396	0.31109315156936646
E57R	-0.526064395904541	-0.05325644463300705	-0.16397270560264587	0.10765537619590759	0.11202655732631683	0.042112305760383606	-0.011402687057852745	0.03160950168967247	0.4274454712867737	-0.14867733418941498	-0.018252430483698845
E57S	0.3739538788795471	0.5825155377388	0.23125740885734558	0.10900469124317169	0.8426744937896729	0.6609254479408264	0.6477402448654175	0.3360713720321655	0.6360989212989807	0.6894544959068298	0.5109696984291077
E57T	0.7749016880989075	0.47267526388168335	0.302921861410141	-0.048230621963739395	0.7149614095687866	0.7354136109352112	0.17946048080921173	0.19378364086151123	0.47577571868896484	0.9877822995185852	0.4789445400238037
E57V	0.19728420674800873	0.1534966677427292	0.08906839787960052	0.0009063631296157837	0.2379310578107834	0.565758228302002	-0.22768443822860718	-0.05371033027768135	0.42315810918807983	0.08125044405460358	0.14674584567546844
E57W	-0.4680946469306946	-0.22107765078544617	0.2613712549209595	-0.4118732810020447	-0.7931492328643799	-0.548758327960968	0.11526947468519211	0.6183070540428162	0.5166928172111511	0.3002440333366394	-0.06310683488845825
E57Y	-0.274156391620636	-0.21741780638694763	-0.13533902168273926	-0.2504312992095947	-0.8120913505554199	-0.37013375759124756	-0.30464133620262146	0.5555256009101868	0.03811173141002655	0.23330113291740417	-0.15372724831104279
E58A	-0.18374323844909668	0.25340908765792847	-0.08366023004055023	0.3111242353916168	-0.276071697473526	0.6100853681564331	0.384024053812027	0.16084794700145721	0.16839322447776794	0.2676457166671753	0.1612054407596588
E58C	-0.21649432182312012	-0.7192893624305725	-0.33829930424690247	0.2442570924758911	-0.023360148072242737	-0.25604352355003357	0.040803149342536926	-0.8331563472747803	-0.023224785923957825	0.725534200668335	-0.13992734253406525
E58D	0.05545803904533386	-0.07762394100427628	-0.3324052393436432	-0.072425976395607	0.3106270134449005	-0.11179174482822418	0.13175001740455627	0.3253387212753296	-0.09617725014686584	0.5252571105957031	0.06580067425966263
E58F	-0.839483380317688	-0.3144560158252716	-0.19029663503170013	-0.5094435811042786	-0.3538934290409088	0.28924059867858887	0.006656700745224953	0.0695432722568512	-1.1602660417556763	-0.12897954881191254	-0.31313782930374146
E58G	-0.40742796659469604	0.5531646609306335	0.4332864582538605	-0.39171910285949707	0.2457984983921051	0.6013433337211609	0.09727073460817337	0.36797165870666504	0.325469434261322	0.13854922354221344	0.1963706910610199
E58H	-0.12492042034864426	-0.09407935291528702	0.46868154406547546	0.2311071902513504	0.25087809562683105	0.24119041860103607	0.2023521363735199	-0.00625653937458992	-0.3794704079627991	0.7686346173286438	0.15581172704696655
E58I	-0.39199772477149963	0.23012948036193848	0.07499366998672485	0.37121716141700745	-0.32421842217445374	0.5839380025863647	-0.43428030610084534	-0.033186204731464386	-0.8239484429359436	-0.061556413769721985	-0.08089092373847961
E58K	0.37563517689704895	0.5434529185295105	0.6985540390014648	-0.021595757454633713	0.2502017617225647	0.2676941752433777	0.21750789880752563	0.2702939510345459	-0.01334700733423233	0.4044332504272461	0.29928305745124817
E58L	0.9863471388816833	-0.1665181815624237	-0.5454748868942261	0.6390098929405212	-0.05797603726387024	-0.7939150929450989	0.9540107846260071	0.6534989476203918	0.430799663066864	-0.2725949287414551	0.18271872401237488
E58M	-0.8264320492744446	-0.37653648853302	0.11682119965553284	-0.26306644082069397	0.1354503184556961	0.41695594787597656	-0.06427493691444397	-0.5157526731491089	-0.6985474228858948	-0.2611190676689148	-0.23365016281604767
E58N	0.3122977912425995	0.08783259242773056	0.28853413462638855	0.12632620334625244	-0.025317832827568054	0.25923478603363037	0.07978269457817078	0.48395615816116333	-0.0721844732761383	0.10996165871620178	0.16504237055778503
E58P	-1.4805964231491089	-1.1848794221878052	-0.879165768623352	-1.244167447090149	-0.6957846879959106	-0.5084980130195618	-0.6417663097381592	-1.0981844663619995	-1.884900689125061	-1.558001160621643	-1.1175944805145264
E58Q	0.45667630434036255	0.1456468552350998	0.24515065550804138	-0.10306181013584137	-0.014964886009693146	0.1909046322107315	0.0788041204214096	0.20709946751594543	0.2448912411928177	0.45834606885910034	0.19094927608966827
E58R	0.03737865015864372	0.3376835286617279	0.4172959327697754	-0.7685258388519287	-0.2588583528995514	0.2848568558692932	0.11538706719875336	-0.006435059010982513	-0.045082926750183105	-0.4156395196914673	-0.030193965882062912
E58S	0.09034642577171326	0.3419710397720337	-0.0031685009598731995	-0.16037169098854065	0.20403963327407837	0.45370882749557495	0.5997847318649292	0.3785383105278015	0.001358628273010254	0.4405266046524048	0.234673410654068
E58T	0.4112876057624817	0.119967982172966	-0.014110952615737915	-0.7889856100082397	-0.09214474260807037	0.520354688167572	0.7603600025177002	0.5234288573265076	-0.3396584391593933	0.6026992797851562	0.17031987011432648
E58V	0.40612348914146423	0.29408371448516846	0.17866672575473785	0.2419796586036682	0.15239493548870087	0.14510518312454224	0.599327564239502	0.33894219994544983	0.30190393328666687	0.3012234568595886	0.29597511887550354
E58W	-0.5427449941635132	-0.67100590467453	0.42890089750289917	-1.2334123849868774	-0.7956348657608032	0.13611790537834167	0.09775278717279434	-0.440735787153244	-1.1031227111816406	-0.9575058221817017	-0.5081390738487244
E58Y	-0.32201626896858215	-0.2799094319343567	0.4003857374191284	-0.4482290744781494	0.11993755400180817	0.08528168499469757	-0.006848076358437538	-0.48988237977027893	-0.9969457983970642	0.22861815989017487	-0.17096079885959625
C59A	-0.1749413013458252	0.8439666628837585	0.5241678953170776	0.37037914991378784	-0.34963682293891907	0.08831359446048737	0.26276299357414246	0.9413292407989502	0.8428162932395935	-0.39995741844177246	0.29492002725601196
C59D	-0.8689550757408142	-0.10091664642095566	-0.5349211692810059	-0.9126646518707275	-0.4864784777164459	-0.44836127758026123	-0.3824410140514374	-0.7357837557792664	-0.7980042099952698	-0.5199872851371765	-0.5788513422012329
C59E	-0.5854263305664062	-0.08727384358644485	-0.5071787238121033	-0.8281991481781006	-0.6135274171829224	-0.7494046688079834	-0.23559078574180603	-1.1742196083068848	0.21467934548854828	-0.3223620653152466	-0.48885029554367065
C59F	-1.2430342435836792	-0.20845884084701538	-0.6962579488754272	-0.3611234128475189	-1.096595048904419	-0.8764065504074097	-0.6730462908744812	-0.12488032877445221	-0.4841250777244568	-0.44373130798339844	-0.6207658648490906
C59G	-0.14002549648284912	0.6479508280754089	0.6570452451705933	0.2037184238433838	-0.8363288640975952	0.044695861637592316	0.1455959975719452	0.6424083113670349	0.6320649981498718	-0.4822732210159302	0.15148521959781647
C59H	-0.8884883522987366	-0.374085009098053	-0.6720881462097168	-0.588106095790863	-0.43448761105537415	-0.436498761177063	-0.460875004529953	-0.7818119525909424	-0.351396381855011	-0.8474730253219604	-0.5835310816764832
C59I	-0.6778838038444519	0.2923811078071594	-0.22005198895931244	-0.564434826374054	-0.8459317684173584	0.10225249826908112	0.13112126290798187	-0.1422971785068512	-0.3034958243370056	-0.7150722146034241	-0.2943412661552429
C59K	-0.6719449162483215	-0.33419063687324524	-0.2973601222038269	-0.7704123854637146	-0.7526407241821289	-0.4487608075141907	0.12871551513671875	-0.7705823183059692	-0.15456649661064148	-0.3462449312210083	-0.44179874658584595
C59L	-0.04411198943853378	0.05911116302013397	-0.3682011365890503	-0.691545844078064	-1.02443528175354	-1.157835841178894	-0.737413227558136	-1.3891229629516602	0.5309268832206726	-0.4673193693161011	-0.5289947390556335
C59M	-0.7582334876060486	-0.15071550011634827	-0.768335223197937	-1.0855965614318848	-0.6207422018051147	-0.7020357251167297	-0.5113789439201355	-0.7122333645820618	-0.7708150148391724	-1.3467658758163452	-0.7426851987838745
C59N	-0.8006749749183655	0.010817460715770721	-0.517981767654419	-0.6807130575180054	-0.4474186599254608	-0.5757432579994202	-0.14449089765548706	-0.2666442394256592	-0.50156170129776	-0.9157166481018066	-0.48401278257369995
C59P	-1.7800136804580688	-0.7717540264129639	-1.1769427061080933	-1.2449932098388672	-0.7682020664215088	-1.0911861658096313	-0.916197657585144	-0.4492630362510681	-0.8034979104995728	-0.8321365714073181	-0.9834187626838684
C59Q	-0.6291664838790894	-0.30157679319381714	-0.5073039531707764	-1.0491373538970947	-0.4667442739009857	-0.4073965549468994	0.03198927640914917	-0.6854770183563232	-0.9086110591888428	-0.4752833843231201	-0.5398707389831543
C59R	-0.9593700766563416	-0.2622239291667938	-0.4114762842655182	-1.0090538263320923	-0.8714330196380615	-0.2812756299972534	-0.10956188291311264	-0.39397865533828735	-0.42934125661849976	-0.36715418100357056	-0.5094868540763855
C59S	-0.1995566189289093	0.2582032084465027	0.38623714447021484	-0.03216436132788658	-0.49100741744041443	-0.42454731464385986	0.3327934145927429	0.6927457451820374	-0.03262512385845184	-0.21423058211803436	0.027584802359342575
C59T	-0.47909361124038696	0.29178154468536377	0.31006354093551636	-0.31000351905822754	-0.34485602378845215	0.08726172149181366	0.3616430461406708	0.6468819975852966	-0.1286500245332718	-0.38897180557250977	0.004605692811310291
C59V	0.1860044151544571	0.4339680075645447	0.44483572244644165	-0.10371135175228119	-0.38702160120010376	0.30263805389404297	0.5270470976829529	-0.308876097202301	0.6155214905738831	0.05547257140278816	0.17658782005310059
C59W	-0.7163748741149902	-0.6013371348381042	-1.1489369869232178	-1.306473731994629	-0.41786131262779236	-1.198966383934021	-1.0420112609863281	-0.8495398163795471	-1.1038151979446411	-1.3240264654159546	-0.970934271812439
C59Y	-0.9728770852088928	-0.35888803005218506	-0.970075249671936	-0.9439300894737244	-0.6670569181442261	-0.7749307155609131	-0.5907884836196899	-1.194579839706421	-0.8543878197669983	-1.2777233123779297	-0.8605238199234009
A60C	-0.4627627730369568	-0.2558669447898865	-0.8902716636657715	-0.4416363835334778	-0.8277597427368164	-0.386380672454834	-0.5065820813179016	-0.8493654131889343	-0.8108561635017395	-1.000113606452942	-0.6431595087051392
A60D	-0.7127971053123474	-0.7226118445396423	-0.927567720413208	-1.0836193561553955	-0.9274359941482544	-0.8454457521438599	-0.6441490054130554	-0.7695809006690979	-0.9457342028617859	-0.7020978331565857	-0.8281038999557495
A60E	-0.6958452463150024	0.23119327425956726	-0.5704424381256104	-0.6025059819221497	-1.0387934446334839	-0.8368542194366455	-0.9623252153396606	-0.64003986120224	-0.6911283731460571	-0.9625415802001953	-0.6769283413887024
A60F	-1.0199424028396606	-1.1334174871444702	-1.291864275932312	-0.41424915194511414	-0.5510034561157227	-0.6777233481407166	-0.9271636605262756	-1.441677212715149	-1.6523429155349731	-1.0349278450012207	-1.0144312381744385
A60G	-0.524125874042511	-0.3883441388607025	-0.08143706619739532	-0.25515151023864746	0.06725644320249557	0.5707950592041016	-0.035481005907058716	0.026573505252599716	0.0581197552382946	-0.4813094735145569	-0.10431041568517685
A60H	-0.8130753636360168	-0.626396119594574	-0.7959401607513428	-0.7397508025169373	-0.8373878002166748	-0.9026826024055481	-0.6836017370223999	-0.9251957535743713	-0.9428620934486389	-0.8035936951637268	-0.8070486187934875
A60I	-0.9970996975898743	-0.910351037979126	-0.4280613958835602	-0.8007219433784485	-0.4338951110839844	-0.799631655216217	-0.9702377915382385	-1.3768315315246582	-1.0907100439071655	-0.8135551810264587	-0.8621095418930054
A60K	-0.9386458992958069	-0.6908113360404968	-0.4829181432723999	-1.3098304271697998	-1.0871803760528564	-0.8320600390434265	-1.3583605289459229	-0.5099350810050964	-1.5936614274978638	-0.728853702545166	-0.9532257318496704
A60L	-1.5196678638458252	-0.9431385397911072	-1.4222673177719116	1.0004504919052124	0.4564361870288849	-0.5268278121948242	-0.479318231344223	-0.7031072974205017	-1.142853856086731	-0.3802180290222168	-0.566051185131073
A60M	-0.8559010624885559	-0.2146739959716797	-0.6778912544250488	-0.4788967967033386	-0.8334331512451172	-0.7266464233398438	-0.8660441040992737	-1.2676615715026855	-1.3219650983810425	-1.0185734033584595	-0.8261687159538269
A60N	-0.6026109457015991	-0.85701584815979	-0.8494522571563721	-0.7923290729522705	-0.7630341053009033	-0.7515683174133301	-0.407084196805954	-0.6816384196281433	-1.1181379556655884	-0.7649978995323181	-0.7587868571281433
A60P	-1.7625715732574463	-0.8141961097717285	-1.161170482635498	-1.2044931650161743	-1.1002730131149292	-1.104360818862915	-1.018880009651184	-0.9502962231636047	-1.2821937799453735	-1.35979425907135	-1.1758229732513428
A60Q	-0.9022018909454346	-0.9751084446907043	-0.8462722301483154	-1.0476974248886108	-1.0152465105056763	-1.1959868669509888	-1.1442453861236572	-0.9289743304252625	-1.2232173681259155	-0.8948662281036377	-1.0173815488815308
A60R	-0.9107773900032043	-0.8857185244560242	-0.7192381620407104	-0.8593824505805969	-0.7191414833068848	-0.444668710231781	-0.912567675113678	-1.374079704284668	-1.1166200637817383	-0.6776971220970154	-0.8619891405105591
A60S	-0.409245103597641	-0.22049576044082642	-0.18995553255081177	-0.8244128227233887	-0.5033556222915649	-0.2606661319732666	-0.5581473112106323	-0.35958853363990784	-0.8329079151153564	-0.5284426808357239	-0.4687217175960541
A60T	-0.7303035855293274	-0.047675617039203644	0.06168655306100845	-0.826605498790741	-0.5603737831115723	-0.5261980295181274	-0.6333907246589661	-0.19188916683197021	-0.3645620346069336	-0.6329931616783142	-0.44523048400878906
A60V	-0.31294316053390503	-0.6316593885421753	-0.6727213859558105	-0.18628939986228943	-0.31660446524620056	0.3884121775627136	-0.5995557904243469	-0.25215354561805725	-0.7575263977050781	-0.17557351291179657	-0.3516615033149719
A60W	-0.8556036353111267	-0.5925468802452087	-1.0184022188186646	-0.8075642585754395	-0.9770450592041016	-0.8919809460639954	-1.1871432065963745	-1.1876046657562256	-1.2924739122390747	-0.9923491477966309	-0.9802713394165039
A60Y	-0.9065992832183838	-0.7592389583587646	-0.8816307783126831	-0.6710638999938965	-0.8727016448974609	-0.9075261950492859	-0.9765320420265198	-1.0123941898345947	-1.2538307905197144	-1.0367680788040161	-0.9278286099433899
Q61A	-0.11310338228940964	-0.024116896092891693	0.7779011726379395	0.6885942816734314	0.5025550127029419	0.19344399869441986	0.7316717505455017	1.471968412399292	0.5765208005905151	0.6380557417869568	0.5443490743637085
Q61C	1.1537033319473267	0.7073332667350769	1.1210355758666992	0.2952544689178467	0.29203078150749207	1.5926575660705566	0.8400627374649048	0.6007000207901001	0.4184877276420593	0.5497425198554993	0.7571007609367371
Q61D	0.5461227893829346	0.39593178033828735	0.194032222032547	-0.38824447989463806	-0.13241124153137207	0.8395242691040039	0.4701387584209442	1.0137827396392822	0.24493752419948578	0.805921733379364	0.39897361397743225
Q61E	0.5917968153953552	0.516302764415741	0.16074292361736298	0.18014514446258545	0.5893774032592773	0.016245856881141663	-0.034617744386196136	0.29667192697525024	0.5693109035491943	0.8191778063774109	0.370515376329422
Q61F	0.9219216704368591	0.4165121614933014	0.6487469673156738	0.6784332990646362	1.1701570749282837	0.8673863410949707	1.0176341533660889	1.6843901872634888	0.7201926112174988	0.12692561745643616	0.8252300024032593
Q61G	0.6007938385009766	-0.0026050209999084473	1.2750561237335205	-0.15517690777778625	0.871170163154602	-0.22409681975841522	0.48760291934013367	1.1237930059432983	0.7183080315589905	0.645892858505249	0.5340738296508789
Q61H	1.0696247816085815	0.8791677951812744	0.6263148784637451	0.5455240607261658	0.3291589617729187	1.486264944076538	0.8002661466598511	0.8145220279693604	0.3818010687828064	0.9233527779579163	0.7855998277664185
Q61I	0.7281750440597534	0.5481847524642944	0.7940230369567871	0.7334455847740173	0.7166097164154053	0.6583211421966553	0.794166088104248	1.5792837142944336	0.677154004573822	0.7039341330528259	0.7933297753334045
Q61K	1.1244158744812012	0.1964969038963318	0.47044655680656433	0.2245073765516281	0.8206826448440552	0.31216633319854736	0.259469598531723	1.6491973400115967	0.6485697031021118	0.5385432243347168	0.6244495511054993
Q61L	0.43381577730178833	0.5548996329307556	0.27903512120246887	0.73031085729599	1.0611724853515625	1.1524673700332642	0.45706114172935486	0.8461478352546692	1.0030853748321533	0.04490267485380173	0.6562898755073547
Q61M	1.3131709098815918	0.779850423336029	0.8036365509033203	0.5642390251159668	0.7536400556564331	1.0169817209243774	0.7632684111595154	1.0947072505950928	0.6134132146835327	0.3649311661720276	0.8067839741706848
Q61N	1.0798332691192627	0.6272255182266235	0.5019536018371582	-0.060542259365320206	-0.037610530853271484	1.0046666860580444	0.7231861352920532	1.1200259923934937	0.46216291189193726	0.8536760210990906	0.6274577379226685
Q61P	0.3821635842323303	-0.6030189394950867	-0.4065176844596863	-1.015500783920288	-0.8792753219604492	-0.26150715351104736	-0.7158690094947815	-0.0006316863000392914	-0.8497717380523682	-0.6036795377731323	-0.495360791683197
Q61R	0.523857593536377	-0.016769640147686005	0.27884015440940857	0.7392103672027588	0.6164325475692749	0.9715811014175415	0.3750099837779999	1.297652006149292	0.3149101734161377	0.919455349445343	0.6020179986953735
Q61S	0.8335020542144775	-0.03830309957265854	1.026032567024231	-0.5362182855606079	0.679221510887146	-0.10873766243457794	0.5455943942070007	1.123021125793457	0.6697008609771729	0.6445415019989014	0.48383551836013794
Q61T	0.5647658109664917	0.345599889755249	0.8228549957275391	0.17260539531707764	0.842940092086792	0.2139933556318283	0.5779990553855896	1.5267609357833862	0.6689966917037964	0.2877514362335205	0.6024268269538879
Q61V	0.5596398711204529	0.6080954074859619	0.6877303123474121	0.7186689972877502	0.5154527425765991	0.9581506252288818	0.7187764048576355	0.9156242609024048	0.5815305709838867	-0.1833929568529129	0.6080275774002075
Q61W	0.6767845153808594	0.2525043785572052	0.9902182817459106	0.7145694494247437	0.5908434391021729	0.5892428159713745	0.016302121803164482	0.5654241442680359	0.2744086682796478	0.10756958276033401	0.47778671979904175
Q61Y	0.5913794040679932	0.5725441575050354	1.037426471710205	0.8050556182861328	0.14145717024803162	1.0934771299362183	0.37939661741256714	0.6409937143325806	0.17752394080162048	0.45062851905822754	0.588988184928894
R62A	-1.1893293857574463	-1.4461475610733032	-0.3732297718524933	-1.7283966541290283	-1.9036146402359009	-1.9276313781738281	-0.23630651831626892	-0.8909597396850586	-1.023247480392456	-1.612052321434021	-1.2330915927886963
R62C	-0.5136693716049194	-1.1312427520751953	-0.8548191785812378	-0.7584501504898071	-1.0833425521850586	-1.6025378704071045	-0.8087299466133118	-0.5989636778831482	-1.267088770866394	-0.491907000541687	-0.911075234413147
R62D	-0.8773455619812012	-1.5080891847610474	-0.43916401267051697	-1.154218316078186	-1.722567081451416	-1.3496463298797607	-1.108686923980713	-0.8665986061096191	-1.5470373630523682	-0.7334874868392944	-1.1306840181350708
R62E	0.6387559175491333	-0.258312463760376	-1.1656618118286133	-0.12694372236728668	-0.3792569935321808	0.8235246539115906	-0.8485687971115112	-1.156664252281189	-0.06935153901576996	-0.33698713779449463	-0.2879466116428375
R62F	-0.8967780470848083	-0.9740414023399353	-0.5529377460479736	-0.7916831970214844	-1.4696383476257324	-0.506321370601654	-1.402755618095398	-0.7812179327011108	-0.7810086011886597	-1.2104415893554688	-0.936682403087616
R62G	-0.8504399061203003	-1.5658563375473022	-1.0072267055511475	-1.2716602087020874	-1.5001260042190552	-0.9496277570724487	-1.4420608282089233	-0.9771655201911926	-1.1437638998031616	-1.0424829721450806	-1.1750409603118896
R62H	-0.35264095664024353	-1.634330153465271	-0.5739752054214478	-0.49095970392227173	-1.1862174272537231	-1.2053683996200562	-1.0013384819030762	-0.5011730790138245	-1.328900694847107	-0.9755542278289795	-0.9250458478927612
R62I	-0.5501025319099426	-1.2232887744903564	-0.00690353661775589	-0.931432843208313	-0.9697626829147339	-0.9489480257034302	-1.329892873764038	-1.1468056440353394	-0.28510022163391113	-0.8810426592826843	-0.8273279070854187
R62K	-0.23455116152763367	-0.6337705254554749	-0.3127574622631073	-1.2961599826812744	-1.4062312841415405	-1.024916410446167	-0.5260434746742249	-1.4531995058059692	-0.48678457736968994	-0.5841831564903259	-0.7958597540855408
R62L	-0.7258567214012146	-1.0164211988449097	-0.8481564521789551	-0.46039271354675293	-0.5786747932434082	-1.2670073509216309	0.44910508394241333	-1.5774742364883423	0.18637487292289734	-0.42015427350997925	-0.6258657574653625
R62M	-0.5234091877937317	-1.1367897987365723	-0.7415999174118042	-0.8688234090805054	-1.0775601863861084	-1.45297110080719	-1.0737793445587158	-0.3009580373764038	-1.0843881368637085	-0.6529025435447693	-0.8913182020187378
R62N	-0.5504767298698425	-1.8089993000030518	-0.3994222581386566	-0.9428973197937012	-1.6494473218917847	-1.4174184799194336	-1.4300382137298584	-0.6815539002418518	-1.5052708387374878	-0.8853491544723511	-1.1270873546600342
R62P	-1.4407329559326172	-1.4458811283111572	-0.6797240972518921	-1.4777023792266846	-1.9525278806686401	-1.8060038089752197	-1.0673084259033203	-0.4499366879463196	-1.4753692150115967	-0.9313129186630249	-1.2726500034332275
R62Q	-0.5522659420967102	-1.4889960289001465	-0.5479038953781128	-1.4020615816116333	-1.4840972423553467	-1.3353166580200195	-1.2346960306167603	-0.8662002682685852	-1.243423581123352	-0.5636774897575378	-1.0718638896942139
R62S	-0.8794517517089844	-2.0568528175354004	-0.31921544671058655	-0.8560555577278137	-1.5575579404830933	-0.9439413547515869	-1.2007019519805908	-0.9575386047363281	-1.2367841005325317	-1.503030776977539	-1.1511130332946777
R62T	-0.9371753334999084	-1.897179365158081	-0.20758578181266785	-0.7607856392860413	-1.5317591428756714	-0.9468384385108948	-1.1572598218917847	-0.9230585694313049	-0.8218743205070496	-1.4041070938110352	-1.0587623119354248
R62V	-1.049128770828247	-0.8203679919242859	0.22098776698112488	-0.5965110063552856	-0.4654925763607025	-1.5294514894485474	-0.5864138603210449	-1.047150731086731	-0.14023004472255707	-0.2460838407278061	-0.625984251499176
R62W	-0.9117029309272766	-1.141093134880066	-1.1224340200424194	-0.9550164937973022	-1.4730401039123535	-1.5303213596343994	-0.7882471680641174	-0.3530993163585663	-1.5561602115631104	-0.9830460548400879	-1.0814158916473389
R62Y	-0.7036100029945374	-1.277843713760376	-1.091091513633728	-0.8433829545974731	-1.0474121570587158	-1.5226038694381714	-0.8301548957824707	-0.5928323268890381	-1.4376863241195679	-1.1050573587417603	-1.0451674461364746
E63A	0.9226559996604919	0.5262342691421509	1.1078788042068481	0.2849535048007965	0.47591325640678406	0.5378997325897217	1.1635942459106445	1.1294865608215332	0.9214065074920654	0.434174120426178	0.7504196763038635
E63C	0.9169681072235107	0.5579471588134766	0.6028357744216919	0.2060142457485199	0.6220879554748535	1.429274320602417	0.9036229252815247	0.5173986554145813	0.5863430500030518	0.6179505586624146	0.6960443258285522
E63D	0.45657992362976074	0.28302738070487976	-0.1056310385465622	0.41479942202568054	0.7369027137756348	0.06743914633989334	0.6129320859909058	0.5013333559036255	0.025834757834672928	0.00276908278465271	0.29959866404533386
E63F	0.6846609711647034	-0.10925225168466568	0.7739877700805664	1.3790826797485352	0.44902342557907104	0.8583191633224487	1.007005214691162	1.4033401012420654	1.1499913930892944	0.723660945892334	0.8319819569587708
E63G	1.1415678262710571	0.3354882597923279	0.47996148467063904	0.8393203616142273	1.263805866241455	0.8148661255836487	0.698377251625061	0.8737184405326843	0.46672940254211426	0.7094026803970337	0.7623237371444702
E63H	0.7985722422599792	0.2912665903568268	0.1485563963651657	0.14444409310817719	0.7345232963562012	0.6261341571807861	0.6946529746055603	0.570700466632843	-0.042807310819625854	0.37279146909713745	0.4338834285736084
E63I	0.5896040797233582	0.34179654717445374	1.1654634475708008	1.1442573070526123	0.5107975006103516	0.8764845132827759	1.220739722251892	1.5221267938613892	1.362986445426941	0.7652959823608398	0.9499552845954895
E63K	0.258428156375885	0.0528317466378212	0.45673564076423645	0.7862356305122375	0.5649930238723755	-0.024523373693227768	0.8143810629844666	0.6084911227226257	0.3931148648262024	-0.17546270787715912	0.3735225200653076
E63L	0.369968056678772	0.15625639259815216	0.9663264751434326	0.43605318665504456	-0.5365034341812134	-0.5804430246353149	1.496641755104065	0.9289211630821228	1.7732051610946655	0.5928248167037964	0.560325026512146
E63M	0.8648369908332825	-0.2152678370475769	0.4906497895717621	0.5826730132102966	0.5905503034591675	1.3424686193466187	0.4987366795539856	0.5657809972763062	0.5276380777359009	0.5104434490203857	0.5758510828018188
E63N	1.0889742374420166	0.5046179294586182	0.34465712308883667	0.8607555627822876	0.8690932989120483	0.6754459142684937	0.9604548215866089	0.639744222164154	0.4322088956832886	0.27787068486213684	0.6653823256492615
E63P	0.5581430792808533	-0.3707255721092224	0.06052123010158539	0.12892837822437286	0.32769304513931274	-0.49486327171325684	0.10208732634782791	0.11966940760612488	0.04908762872219086	0.04748081415891647	0.052802205085754395
E63Q	0.7645573019981384	0.19326269626617432	0.4024503529071808	0.5478726029396057	0.6866976022720337	0.1323632001876831	0.8019490242004395	0.5331288576126099	0.3066246211528778	0.127719908952713	0.44966259598731995
E63R	0.4678136706352234	0.36787113547325134	0.10153330862522125	0.5634539723396301	0.3354340195655823	0.16281786561012268	0.6405603289604187	0.5403820872306824	0.31750237941741943	-0.006175532937049866	0.3491193354129791
E63S	1.1855398416519165	0.6396631002426147	0.6631032228469849	0.7355419397354126	1.136749267578125	0.7820854187011719	1.0199248790740967	0.887561023235321	0.7466757893562317	0.6976256966590881	0.8494469523429871
E63T	1.0292747020721436	0.8092730641365051	1.061093807220459	0.8899114727973938	1.0818942785263062	1.5663975477218628	1.372766137123108	1.093963861465454	1.4241623878479004	1.2251313924789429	1.1553868055343628
E63V	0.5061851143836975	0.5870607495307922	1.1976344585418701	0.43763110041618347	0.49199315905570984	0.6128861904144287	1.2225041389465332	1.206663727760315	1.6088961362838745	0.813155472278595	0.868461012840271
E63W	0.7478543519973755	-0.05947326868772507	0.04072734713554382	-0.9831911325454712	0.43143925070762634	0.8024328947067261	0.20964166522026062	0.5872655510902405	-0.09305007755756378	0.08225011825561523	0.17658966779708862
E63Y	0.7259859442710876	0.10182167589664459	0.1226506233215332	0.06297442317008972	0.5445703864097595	0.8896026015281677	0.4130813181400299	0.506229817867279	0.16172556579113007	0.36514419317245483	0.3893786668777466
T64A	0.8790849447250366	0.501613438129425	0.8952696323394775	0.4897031784057617	0.9751107692718506	-0.14637956023216248	0.32596731185913086	0.31434789299964905	0.4828088879585266	1.092594027519226	0.5810121297836304
T64C	0.17270469665527344	0.06306162476539612	0.21917659044265747	0.7554042339324951	0.9564859867095947	0.28658419847488403	0.4761032164096832	0.0977819561958313	0.38073569536209106	0.3792101740837097	0.3787248432636261
T64D	-0.5042681097984314	-0.5688509345054626	-0.9683794975280762	-0.820523202419281	-0.8565045595169067	-0.26065486669540405	-0.22073954343795776	-0.6190656423568726	-0.23483489453792572	-0.04282093048095703	-0.5096641778945923
T64E	-0.8920471668243408	0.19332125782966614	-0.6814638376235962	-0.37123173475265503	-0.6220017671585083	-0.6036680340766907	-0.5223197340965271	-0.8166765570640564	-0.639592170715332	-0.9206628799438477	-0.5876342058181763
T64F	-0.0936458632349968	-1.388656735420227	0.3341210186481476	0.05980372056365013	0.15557092428207397	-0.2200646698474884	0.011844485998153687	-0.038853008300065994	0.26162534952163696	-0.1607733517885208	-0.10790280997753143
T64G	0.5640726685523987	0.34906625747680664	0.34133636951446533	-0.06072237715125084	0.23356661200523376	-0.11463268101215363	0.5255706310272217	0.416220486164093	0.8953641057014465	0.4981532692909241	0.36479952931404114
T64H	-0.265781968832016	-0.439879834651947	-0.6577776670455933	-0.4724123477935791	-0.21237650513648987	0.0771995484828949	0.20578409731388092	-0.9891377091407776	-0.2556961178779602	0.375418484210968	-0.2634660005569458
T64I	0.6026254892349243	-0.0899774357676506	0.5878857374191284	0.42989060282707214	0.7411155700683594	0.8295284509658813	0.7982923984527588	0.05106429383158684	0.18509691953659058	0.4705005884170532	0.4606022238731384
T64K	-0.7370224595069885	-0.5595559477806091	-0.8933547735214233	-0.8485650420188904	-0.9253534078598022	-0.18463647365570068	-0.5967608094215393	-0.5370618104934692	-0.5382729768753052	0.15431761741638184	-0.5666266679763794
T64L	0.34335485100746155	0.045466385781764984	0.3339717984199524	0.06638699769973755	0.49967730045318604	-0.3745732307434082	0.049261078238487244	0.5190936326980591	0.07035422325134277	0.8407034873962402	0.23936966061592102
T64M	0.38202548027038574	0.10111595690250397	-0.203457772731781	0.2423800677061081	0.6358692646026611	0.24796243011951447	0.5535024404525757	0.0818098932504654	0.5511154532432556	0.2361524999141693	0.2828475832939148
T64N	-0.24209973216056824	-0.665903627872467	-0.4047575294971466	-0.27159714698791504	-0.22731801867485046	-0.4099416136741638	0.5419040322303772	-0.3343772292137146	0.32130271196365356	0.3253187835216522	-0.13674695789813995
T64P	-0.6890769004821777	-0.9578019976615906	-0.9107940196990967	-0.7182309627532959	-1.1230802536010742	-0.8938133716583252	-0.3356178104877472	-0.7478481531143188	-0.2989919185638428	-0.37954461574554443	-0.7054799795150757
T64Q	-0.44025570154190063	-0.6905215382575989	-0.8364275693893433	-0.6412417888641357	-0.601894736289978	-0.30786699056625366	0.04623169079422951	-0.681063711643219	-0.28454864025115967	0.13295088708400726	-0.43046385049819946
T64R	-0.3146515190601349	-0.38544896245002747	-0.5658401250839233	-0.6903812885284424	-0.3236481547355652	-0.7437385320663452	-0.6967799067497253	-0.7490373253822327	-0.407198965549469	-0.3588865399360657	-0.5235611796379089
T64S	0.01974581927061081	-0.07201825827360153	0.6579258441925049	0.33232441544532776	-0.06546904146671295	-0.1222851574420929	0.41096755862236023	-0.6753543615341187	0.6637094020843506	0.4266243577003479	0.15761706233024597
T64V	0.22773128747940063	0.7707241177558899	0.46189746260643005	0.7079841494560242	0.7358821630477905	0.9426147937774658	1.1667760610580444	1.2739613056182861	0.7530847787857056	1.184058666229248	0.8224714398384094
T64W	-0.414919376373291	-0.4746239185333252	-0.7733062505722046	-0.266165167093277	-0.07934065163135529	-1.2425270080566406	-0.01058109663426876	-0.769689679145813	-0.5385816693305969	-0.4295400381088257	-0.4999275207519531
T64Y	-0.4461438059806824	-0.4574822783470154	-0.7048166990280151	-0.27052411437034607	0.07127191126346588	-0.36132049560546875	-0.02274899370968342	-0.9603337645530701	-0.32839035987854004	0.13037113845348358	-0.335011750459671
W65A	0.25868305563926697	-0.006328515708446503	0.16077464818954468	0.07028128206729889	0.003622867166996002	0.06714063882827759	0.3905313014984131	0.4762178659439087	-0.1867043823003769	0.1545529067516327	0.13887716829776764
W65C	-0.1962527632713318	0.1459544599056244	0.27982965111732483	-0.04855567589402199	-0.12198111414909363	0.28386497497558594	0.01722235605120659	0.07891231775283813	-0.04862222075462341	-0.1039314866065979	0.028644049540162086
W65D	-0.7886736989021301	-0.08835793286561966	-0.4971967041492462	-0.022073280066251755	-0.14240962266921997	-0.46988141536712646	-0.7144054770469666	0.4101477861404419	-0.6776502132415771	0.21999941766262054	-0.2770501375198364
W65E	-0.4927946925163269	0.6799386143684387	-0.20462162792682648	-0.3810676634311676	-0.042375348508358	-0.3356388807296753	0.17373532056808472	0.021501850336790085	-0.3757741451263428	-0.22050730884075165	-0.11776038259267807
W65F	-1.1524087190628052	0.23651832342147827	-0.781315803527832	-0.5484194755554199	0.7364003658294678	-0.23371322453022003	-0.1863475739955902	0.6370598673820496	-1.090511441230774	0.21670211851596832	-0.21660354733467102
W65G	0.40041059255599976	0.24616703391075134	-0.3952433466911316	-0.4692203998565674	0.41565901041030884	0.3808247447013855	0.5649045705795288	0.23369239270687103	0.08493255078792572	-0.18853910267353058	0.1273588091135025
W65H	-0.43713635206222534	0.761814296245575	-0.22785837948322296	0.15513232350349426	-0.03360264003276825	-0.10607634484767914	-0.22412431240081787	0.3691645860671997	-0.5324913859367371	0.10029719769954681	-0.017488103359937668
W65I	-1.1972813606262207	0.06647440791130066	-0.6417026519775391	-0.6225603818893433	0.0703483372926712	-0.37306249141693115	-0.21282458305358887	-0.2731160521507263	-0.7713422179222107	-0.41207027435302734	-0.4367137849330902
W65K	0.008302412927150726	0.039659786969423294	0.09831516444683075	-0.06283029913902283	-0.22344815731048584	-0.123984195291996	-0.2514517307281494	0.3142250180244446	-0.6957665085792542	-0.028920799493789673	-0.09258992969989777
W65L	0.163953959941864	-0.6913402676582336	0.5978606939315796	0.7981895208358765	0.4298853278160095	0.6060484051704407	0.5350972414016724	1.2719066143035889	0.3279520869255066	0.3241366446018219	0.43636903166770935
W65M	-0.6676038503646851	-0.04087429493665695	0.06743206083774567	0.11394529044628143	-0.06667687743902206	0.032956384122371674	-0.2558695077896118	-0.7130116820335388	-0.819235622882843	0.25061529874801636	-0.20983226597309113
W65N	-0.5107237100601196	0.16619771718978882	-0.044897474348545074	0.04937175288796425	-0.13509967923164368	-0.04214666783809662	-0.1026172861456871	0.4772830605506897	-0.4294711947441101	0.24218925833702087	-0.03299141675233841
W65P	-1.9880071878433228	-0.45414644479751587	-1.1158239841461182	-0.4344434142112732	-0.4206381142139435	-0.6229810118675232	-0.6896848678588867	-1.0405659675598145	-0.8533878922462463	-0.1349175125360489	-0.7754596471786499
W65Q	-0.4943661689758301	0.013337034732103348	-0.6723990440368652	-0.12287895381450653	0.005125656723976135	-0.10768929123878479	-0.4656427800655365	0.16181690990924835	-0.4023808240890503	-0.3781362771987915	-0.24632135033607483
W65R	-0.041580863296985626	-0.5121057629585266	-0.2242611050605774	0.14115256071090698	-0.24350693821907043	-0.23446033895015717	-0.3385581374168396	-0.3488588333129883	-0.5699997544288635	-0.6096100807189941	-0.29817891120910645
W65S	0.23495426774024963	0.1817767322063446	-0.26626357436180115	0.007494300603866577	0.19987019896507263	0.01025090366601944	0.07489434629678726	0.3401275873184204	-0.4611086845397949	0.1693226844072342	0.04913187772035599
W65T	-0.42333635687828064	0.07323941588401794	-0.17816758155822754	-0.7114461660385132	0.27398067712783813	-0.3363127112388611	-0.3318169414997101	0.23871518671512604	-1.033029556274414	0.1100354790687561	-0.23181386291980743
W65V	-0.09089814871549606	-0.17677068710327148	0.010034982115030289	-0.3332117199897766	0.8675003051757812	0.17316105961799622	0.8456950783729553	0.689588725566864	0.09403952956199646	0.20706185698509216	0.22862008213996887
W65Y	-0.46252506971359253	0.6680153608322144	-0.09565012902021408	0.1079186424612999	-0.3245367109775543	0.025949805974960327	0.16125839948654175	0.6523880362510681	-0.55472731590271	-0.10544495284557343	0.007264609448611736
E66A	0.5368786454200745	0.22416085004806519	0.29504692554473877	0.7124469876289368	0.6767271757125854	0.6514828205108643	1.0605323314666748	0.7850804924964905	1.322379231452942	0.7319687008857727	0.6996704339981079
E66C	0.7259857654571533	0.19301867485046387	0.7224445343017578	0.11218477785587311	0.2887890040874481	0.37199389934539795	-0.05271796137094498	0.5411823987960815	1.1378026008605957	0.8249121904373169	0.48655956983566284
E66D	0.40062204003334045	0.17598170042037964	0.477615088224411	0.5648505091667175	0.7436577081680298	0.2745257616043091	0.42048829793930054	0.4450477063655853	-0.019053354859352112	-0.10967403650283813	0.33740612864494324
E66F	0.6812183260917664	-0.23405209183692932	0.6003377437591553	0.7828218340873718	0.19611704349517822	0.23574264347553253	0.2798760235309601	0.5868324041366577	1.1559785604476929	-0.13419929146766663	0.4150673449039459
E66G	1.0623526573181152	0.20146209001541138	0.05191737413406372	0.8938266038894653	0.495622843503952	0.646619439125061	1.1428097486495972	0.6857268810272217	1.1029821634292603	0.7002596259117126	0.6983579397201538
E66H	0.39307403564453125	0.39261162281036377	0.5276190042495728	0.2472163289785385	0.4568341374397278	0.20827500522136688	0.11960580199956894	0.5559648275375366	0.3182850480079651	0.7253925800323486	0.39448782801628113
E66I	0.8534678816795349	0.07247011363506317	0.8577430248260498	0.6524759531021118	0.6275573968887329	0.6582365036010742	0.5020657181739807	1.1152571439743042	1.5864607095718384	0.2565445005893707	0.7182279229164124
E66K	0.2848888337612152	0.15616989135742188	0.18709063529968262	0.3039034903049469	0.6950584650039673	0.7172991633415222	0.6269468069076538	0.49653637409210205	0.32659780979156494	-0.12638263404369354	0.3668108582496643
E66L	0.38480454683303833	0.10922356694936752	0.6796244382858276	1.350303292274475	0.5887956619262695	0.7575082182884216	0.961388349533081	0.6965125203132629	1.6766332387924194	-0.1305307298898697	0.7074263095855713
E66M	0.6879676580429077	-0.12646383047103882	0.6615397930145264	0.19920390844345093	0.3780611455440521	0.5472730994224548	-0.4897667467594147	0.19486774504184723	1.0231934785842896	0.44679081439971924	0.35226669907569885
E66N	0.528439998626709	0.4759579598903656	0.7749073505401611	0.4691278636455536	0.8016334772109985	0.517505407333374	0.5771759152412415	0.5620801448822021	0.3176424503326416	0.10893778502941132	0.5133408308029175
E66P	-0.09946215897798538	-0.6438995003700256	0.10249613225460052	-0.39800456166267395	0.39685091376304626	-0.3793925642967224	-0.07720513641834259	-0.022084861993789673	-0.23006735742092133	-0.8524348735809326	-0.22032038867473602
E66Q	0.34772685170173645	0.11773959547281265	0.5391840934753418	0.20067095756530762	0.568088173866272	0.43595367670059204	0.32856982946395874	0.6307687759399414	0.01987086609005928	-0.14907468855381012	0.3039498031139374
E66R	0.3694893717765808	0.56090247631073	0.4278186857700348	0.48071011900901794	0.8872154951095581	0.9845801591873169	0.7142421007156372	1.0672394037246704	0.7665359973907471	0.4371327757835388	0.6695866584777832
E66S	0.8220155835151672	0.30827951431274414	0.2197660505771637	0.4577634334564209	0.5723567008972168	0.6902285814285278	1.2569973468780518	0.42102158069610596	1.1705361604690552	0.13816574215888977	0.6057130098342896
E66T	0.782229483127594	0.06923066079616547	0.6635940074920654	0.44887661933898926	0.8326650857925415	0.7326709032058716	0.9609925150871277	0.6422673463821411	1.3233004808425903	0.6114881634712219	0.7067314982414246
E66V	0.6730255484580994	0.5178627371788025	1.097036361694336	0.5572073459625244	0.9738035202026367	0.5070326328277588	1.1274895668029785	1.0727405548095703	2.031576156616211	0.597046434879303	0.9154821634292603
E66W	0.22831642627716064	-0.33611878752708435	0.5655772686004639	-0.7673780918121338	0.32136234641075134	0.004568345844745636	-0.3093383014202118	0.4180263876914978	0.03569634258747101	-0.21558599174022675	-0.00548740616068244
E66Y	0.2795967757701874	0.0038386061787605286	0.5752387046813965	-0.15110446512699127	0.5272960662841797	0.1010909229516983	-0.2570517957210541	0.36196696758270264	0.4427555799484253	0.560712993144989	0.24443402886390686
E67A	0.7520827651023865	0.551863431930542	0.4670090973377228	0.8585544228553772	0.8407225608825684	0.6620113253593445	0.7741886377334595	0.5115116238594055	1.4801239967346191	1.0988091230392456	0.7996877431869507
E67C	0.7234466671943665	0.580243706703186	0.5803689956665039	0.9508292078971863	-0.05100659281015396	0.4097539782524109	0.31845948100090027	0.23389963805675507	0.9506145715713501	0.7085402607917786	0.5405150651931763
E67D	0.30976229906082153	0.28574755787849426	0.4964800775051117	0.2746793329715729	0.7873483896255493	0.24393557012081146	0.35704585909843445	0.4835450053215027	0.22138933837413788	0.5257852077484131	0.3985718786716461
E67F	0.6126624345779419	0.42331162095069885	0.8185244798660278	1.2881776094436646	0.4466240704059601	0.12239876389503479	0.23358987271785736	0.8179431557655334	1.1305038928985596	0.454756498336792	0.6348492503166199
E67G	0.45599058270454407	0.26431480050086975	0.5832843780517578	0.6225612163543701	0.8294574022293091	0.608231246471405	-0.1516895592212677	0.43593457341194153	0.9492984414100647	0.7844468355178833	0.5381830334663391
E67H	0.5495990514755249	0.4825149476528168	0.7181978225708008	0.574867844581604	0.4626374840736389	0.27539169788360596	0.4381197988986969	0.32809045910835266	0.8860713839530945	0.7405061721801758	0.545599639415741
E67I	0.7255876064300537	0.6716314554214478	1.0454738140106201	1.0761942863464355	0.610554575920105	0.17981229722499847	0.5452628135681152	1.0973955392837524	1.4818098545074463	0.7564319372177124	0.819015383720398
E67K	0.12389200925827026	0.38522958755493164	0.5460991859436035	0.2920888066291809	0.3884630501270294	0.2752528190612793	0.41315650939941406	0.5091012120246887	0.5890611410140991	0.42379283905029297	0.39461368322372437
E67L	0.6820883750915527	0.884499728679657	0.7767512798309326	0.7340002655982971	0.15006336569786072	0.07196024060249329	0.1991817057132721	1.1741710901260376	1.0774335861206055	0.9458216428756714	0.6695971488952637
E67M	0.7146735787391663	0.13779056072235107	0.5548449754714966	1.106723666191101	0.2462904155254364	0.36356544494628906	0.07399044185876846	0.29221078753471375	0.9207164645195007	0.8786401748657227	0.5289446115493774
E67N	0.6124970316886902	0.6351855397224426	0.6450704336166382	0.6955869197845459	0.5876173973083496	0.2588402032852173	0.5809944868087769	0.5166969895362854	0.7092376947402954	0.7126199007034302	0.5954346060752869
E67P	0.16054990887641907	0.24568471312522888	0.6663085222244263	-0.03307407721877098	0.5283124446868896	-0.0676102340221405	0.2546839416027069	0.09643271565437317	0.406024694442749	0.3311063051223755	0.2588419020175934
E67Q	0.3935531675815582	0.27236515283584595	0.8278564214706421	0.5154897570610046	0.5649040937423706	0.07879303395748138	0.22498565912246704	0.6872679591178894	0.5542709827423096	0.647995114326477	0.47674813866615295
E67R	-0.09246555715799332	0.3224678337574005	0.13509801030158997	-0.3274100124835968	-0.14312714338302612	0.06688514351844788	0.04595460370182991	0.41432517766952515	0.24238808453083038	0.474909245967865	0.11390254646539688
E67S	0.822597086429596	0.9053990244865417	0.7788097858428955	1.0115420818328857	1.0346121788024902	0.789627194404602	1.1309947967529297	0.5608616471290588	1.5286822319030762	1.061999797821045	0.9625126123428345
E67T	0.6166874766349792	0.7983636260032654	0.7747311592102051	1.0929704904556274	1.046120285987854	0.968818187713623	0.8767719864845276	0.45794904232025146	1.3595045804977417	0.8033077120780945	0.879522442817688
E67V	0.7249072194099426	0.8706145286560059	1.3213177919387817	0.7242188453674316	0.7008184194564819	0.6822862029075623	0.7403770685195923	0.8360408544540405	1.3049910068511963	0.8404921889305115	0.8746064305305481
E67W	0.4430087208747864	-0.2796995937824249	0.1968579739332199	-0.22752700746059418	0.23579227924346924	-0.10091686993837357	0.19608518481254578	0.43737703561782837	0.3802293539047241	0.03265364468097687	0.13138607144355774
E67Y	0.3214765787124634	0.2726132571697235	0.5119243860244751	0.7748515605926514	0.32746079564094543	0.12663282454013824	0.23548483848571777	0.21122436225414276	0.7375353574752808	0.5295842289924622	0.4048788547515869
A68C	0.34633669257164	0.3051874339580536	0.25343117117881775	-0.5322107076644897	0.035449281334877014	-0.5300139784812927	0.775570273399353	-0.5971881151199341	0.292374849319458	-0.29703253507614136	0.005190432071685791
A68D	-0.3189484477043152	-0.013274513185024261	-0.7403918504714966	-0.771373987197876	-1.046400785446167	-0.6369363069534302	-1.1941341161727905	-1.4099977016448975	-0.3838106393814087	-0.35993295907974243	-0.6875200867652893
A68E	-0.011185534298419952	-0.027401015162467957	-0.52247154712677	-0.4066731035709381	-0.35863152146339417	-0.6853305697441101	0.03960932046175003	-0.11974532902240753	-0.09283098578453064	-0.8809208869934082	-0.30655810236930847
A68F	1.2434550523757935	0.7175843119621277	0.8527368307113647	-0.22634659707546234	0.03830096870660782	-0.10369636118412018	-0.6915737986564636	-0.23115956783294678	0.1630868911743164	-0.7925091981887817	0.09698784351348877
A68G	-0.8169114589691162	0.1148274689912796	-0.35543134808540344	-0.6678725481033325	-0.543410062789917	0.283505916595459	0.7628008127212524	0.5877541899681091	-0.31772780418395996	-0.9962328672409058	-0.1948697566986084
A68H	-0.024055995047092438	-0.085318423807621	-0.564509391784668	-1.038621187210083	-0.5760500431060791	-0.5911285281181335	-0.8056650161743164	-0.7265690565109253	-0.22605358064174652	-0.4028216004371643	-0.504079282283783
A68I	1.5193665027618408	0.8130080103874207	0.6272106170654297	0.2319183051586151	0.16637134552001953	6.0383230447769165e-05	-0.529582142829895	0.08135871589183807	0.5899200439453125	-0.0703408420085907	0.34292906522750854
A68K	-0.5231764912605286	0.2829267084598541	-0.623625636100769	-0.8814547657966614	-0.7032169103622437	-0.5264703035354614	-0.03501862287521362	-1.0784012079238892	0.1989261507987976	-0.6033286452293396	-0.4492839276790619
A68L	-0.3458443880081177	0.0681220144033432	0.5403794050216675	0.534196138381958	-0.10993911325931549	-0.39874720573425293	-0.33813363313674927	0.5831900835037231	-0.03705239295959473	0.573106050491333	0.10692770779132843
A68M	0.24845924973487854	0.30379346013069153	0.09894467890262604	-0.3073558807373047	0.023839274421334267	-0.33381354808807373	0.19009627401828766	-0.9495500922203064	-0.08653748035430908	-0.5665080547332764	-0.13786320388317108
A68N	-0.09567645937204361	-0.05221875011920929	-0.393022358417511	-0.6823159456253052	-0.6336796283721924	-0.4259450435638428	-0.9489215016365051	-0.7401042580604553	-0.44127416610717773	-0.5554118752479553	-0.4968569874763489
A68P	-0.6466876864433289	-0.695252537727356	-0.6204192638397217	-0.9729565382003784	-0.759523868560791	-0.59797203540802	-0.7733675837516785	-1.4264944791793823	-0.6945242881774902	-0.6388646364212036	-0.7826062440872192
A68Q	-0.30095937848091125	-0.04948156327009201	-0.647261381149292	-0.6607393026351929	-0.660980224609375	-0.7018954753875732	-0.98543781042099	-1.202901005744934	-0.3882560729980469	-0.8089524507522583	-0.6406863927841187
A68R	0.1296345293521881	0.28159913420677185	-0.29185178875923157	-0.5184712409973145	-0.18887677788734436	-0.41704386472702026	-0.32994136214256287	-0.5566145181655884	0.4330713748931885	-0.0969756692647934	-0.15554702281951904
A68S	-0.4373168349266052	0.8324776291847229	0.1495809704065323	-0.03282724693417549	-0.34526291489601135	0.13500937819480896	0.9907038807868958	-0.3824452757835388	0.3731086254119873	-0.11384634673595428	0.116918183863163
A68T	0.7626205682754517	1.069452166557312	0.5611362457275391	0.21355076134204865	-0.02886389195919037	-0.20694991946220398	0.4668560326099396	-0.5118030309677124	0.6499440670013428	0.2071249932050705	0.3183067739009857
A68V	0.6739419102668762	0.9426892995834351	1.1387174129486084	0.6421408653259277	0.11829399317502975	0.13474495708942413	0.17395544052124023	0.1708901971578598	0.018407348543405533	0.6994255185127258	0.4713207185268402
A68W	-0.15179914236068726	-0.181073397397995	-0.15458907186985016	-0.6578279733657837	-0.585847020149231	-0.8299922347068787	-0.337714284658432	-1.7663730382919312	-0.49747300148010254	-0.5105207562446594	-0.5673210024833679
A68Y	0.020278386771678925	-0.12114795297384262	-0.07263297587633133	-0.9352426528930664	-0.253642201423645	-0.4145553708076477	-0.7087525129318237	-1.0836448669433594	-0.18835337460041046	-0.4802457094192505	-0.4237939417362213
A69C	1.0742100477218628	0.16102686524391174	0.04212619364261627	-0.22617019712924957	0.2953415811061859	0.5992403030395508	0.38162311911582947	0.7931088805198669	-0.20040743052959442	0.3919166326522827	0.33120161294937134
A69D	-0.04063829034566879	0.13885751366615295	0.18640053272247314	-0.037531543523073196	0.29571807384490967	0.3083171248435974	0.20119231939315796	0.5566668510437012	0.4599452018737793	0.4436720013618469	0.251259982585907
A69E	0.5134437084197998	0.9043415188789368	-0.1547924131155014	0.31085556745529175	0.08111904561519623	0.3067890405654907	0.2341032475233078	0.04690321907401085	0.20702044665813446	0.46975016593933105	0.29195335507392883
A69F	-0.6715478301048279	-1.195492148399353	-0.20853202044963837	0.08932192623615265	0.03294306993484497	-0.2499861866235733	-1.1315194368362427	-0.3525503873825073	0.07610460370779037	-0.16223986446857452	-0.3773498237133026
A69G	0.22431984543800354	0.08546344935894012	0.2158188819885254	0.3101193308830261	0.21216587722301483	0.5071654915809631	0.3590230643749237	0.2752380967140198	0.551908016204834	0.3540416359901428	0.30952635407447815
A69H	-0.0029500648379325867	0.14508815109729767	0.16351854801177979	-0.006638232618570328	0.05149044841527939	0.5037623643875122	0.16802586615085602	0.3697149157524109	-0.011514730751514435	0.24395883083343506	0.16244561970233917
A69I	-0.12836229801177979	-1.3095580339431763	-0.719312310218811	-0.02886946126818657	-0.33739569783210754	0.17128410935401917	-1.2407312393188477	0.2503403425216675	-0.6110249757766724	0.025357984006404877	-0.3928271532058716
A69K	0.2995801270008087	0.4210450351238251	-0.2551298439502716	-0.20178233087062836	-0.2819163501262665	0.3859097957611084	0.12883608043193817	0.4395790696144104	0.0658254399895668	0.20690405368804932	0.12088511139154434
A69L	-0.4576815962791443	-0.4772653579711914	-1.0356922149658203	0.24651768803596497	-0.24477598071098328	0.8380033373832703	-0.3709908723831177	-1.0456328392028809	-0.8576998114585876	-0.2688755393028259	-0.3674093186855316
A69M	1.0435718297958374	-0.226403146982193	0.3014126121997833	-0.2745988368988037	0.043818987905979156	0.6224938035011292	-0.2568068206310272	0.7421404123306274	-0.9892135262489319	0.6367932558059692	0.16432085633277893
A69N	-0.13229525089263916	-0.06679434329271317	0.253862589597702	-0.20622877776622772	0.33539721369743347	0.6120127439498901	0.0664658397436142	0.5505649447441101	0.19687585532665253	0.2394850254058838	0.1849345862865448
A69P	-0.5627079010009766	-0.8213207721710205	-0.702107310295105	-0.3695666790008545	-0.1802118420600891	-0.10452980548143387	-0.564547598361969	-0.11322619020938873	-0.0540943443775177	0.2621028423309326	-0.3210209310054779
A69Q	0.21997034549713135	0.20752200484275818	0.39233148097991943	0.06270518898963928	0.04971693456172943	0.39914172887802124	0.21916170418262482	0.7938699126243591	0.1311703771352768	0.24890652298927307	0.27244964241981506
A69R	-0.057289548218250275	0.1862652599811554	0.06700168550014496	-0.2178371399641037	-0.1899036169052124	0.3079596161842346	0.31254345178604126	0.39482682943344116	0.13424256443977356	0.30069759488105774	0.12385066598653793
A69S	0.0282067209482193	-0.12560999393463135	-0.1784016191959381	0.34450435638427734	0.08999118208885193	0.07018722593784332	-0.6920392513275146	0.28228041529655457	0.6448236703872681	0.08764395117759705	0.055158667266368866
A69T	-0.054983146488666534	-0.794757604598999	-0.20595157146453857	0.4075618386268616	0.002855949103832245	0.3262141942977905	-1.1840273141860962	0.3114403784275055	-0.1635657697916031	-0.27593129873275757	-0.16311442852020264
A69V	-0.4811118245124817	-0.6264618039131165	-0.5306739211082458	0.49907010793685913	-0.02390158921480179	0.9273442625999451	-1.4598090648651123	-1.166658639907837	-0.20441745221614838	-0.4829191565513611	-0.35495391488075256
A69W	0.2814648151397705	-0.1575760543346405	0.009718716144561768	-0.238580122590065	0.12157280743122101	0.5510045289993286	-0.14040586352348328	0.4056081473827362	-0.5024353861808777	0.47569161653518677	0.08060631901025772
A69Y	-0.3925080895423889	0.010403580963611603	-0.12685751914978027	-0.1457580178976059	0.2311374992132187	0.3390544056892395	-0.10008244961500168	0.29553139209747314	-0.4416736960411072	0.348389208316803	0.0017636299598962069
L70A	-0.17449966073036194	-0.07763653248548508	-0.4137828052043915	-0.3360220789909363	-0.21612873673439026	-0.6059538125991821	-0.025567205622792244	-0.3107161819934845	-0.8225318193435669	-0.2399051934480667	-0.322274386882782
L70C	0.39354896545410156	0.12980884313583374	-0.20029453933238983	0.0124589242041111	-0.34685710072517395	-0.17869515717029572	-0.8081333041191101	-0.23729148507118225	-0.00943833589553833	-0.6493158340454102	-0.1894209086894989
L70D	-0.5998626947402954	-0.7936264872550964	-0.8142920732498169	-0.6070510149002075	-1.301184892654419	-0.8204308152198792	-1.0390429496765137	-0.7169477939605713	-0.9976349472999573	-0.7066674828529358	-0.839674174785614
L70E	-0.4200507402420044	-0.18643531203269958	-1.24674654006958	-1.2577552795410156	-0.7433642148971558	-0.7970223426818848	-1.0367419719696045	-0.5785263776779175	-1.4327632188796997	-0.3264999985694885	-0.802590548992157
L70F	0.12771090865135193	-0.7478557825088501	0.41440555453300476	-0.4325811266899109	0.2207062542438507	-0.3856257200241089	0.43796470761299133	0.007393088191747665	0.15937292575836182	-0.3832838535308838	-0.058179307729005814
L70G	-1.0522814989089966	-0.5428963899612427	-1.38962721824646	-1.2207860946655273	-0.862998366355896	-0.6018007397651672	-0.5771673321723938	-0.3179118037223816	-0.8070052266120911	-0.7287153005599976	-0.8101190328598022
L70H	0.037477992475032806	-0.638487696647644	-0.6722143888473511	0.15170644223690033	-0.4866273105144501	-0.45278114080429077	-0.8073732852935791	-0.8386293649673462	-0.4226102828979492	-0.38214021921157837	-0.45116791129112244
L70I	0.3994494676589966	-0.08794111758470535	0.6268622875213623	-0.11426679790019989	0.6116671562194824	0.33809542655944824	0.12851031124591827	0.15879717469215393	0.18592122197151184	-0.3996008038520813	0.18474943935871124
L70K	-0.889109194278717	-1.3468302488327026	-0.7696200609207153	-1.0992448329925537	-1.064081072807312	-1.0705320835113525	-1.277578592300415	-1.1423149108886719	-1.3511000871658325	-1.4370237588882446	-1.1447434425354004
L70M	0.10808742791414261	0.07533461600542068	-0.3505203127861023	0.1992976814508438	-0.1931789517402649	-0.16805265843868256	-0.8214948773384094	0.06616576015949249	-0.09912486374378204	-0.5126070976257324	-0.16960932314395905
L70N	-0.15273913741111755	-0.6025922298431396	-0.1432892382144928	-0.7051992416381836	-0.49316325783729553	-0.43021172285079956	-0.6510091423988342	-0.22692324221134186	-0.5378100275993347	-0.4840630292892456	-0.442700058221817
L70P	-0.6362195014953613	-0.5214547514915466	0.1408982127904892	-0.26541540026664734	-0.5990867614746094	-0.2910849452018738	-0.6174775958061218	-0.19692349433898926	-0.5978748202323914	-0.6982864737510681	-0.42829257249832153
L70Q	-0.5564701557159424	-0.5691344141960144	-0.7385790348052979	0.2336888611316681	-0.8445912599563599	-0.5185275673866272	-1.0255075693130493	-0.7008914947509766	-0.5518727898597717	-0.4138529896736145	-0.5685738325119019
L70R	-0.5305916666984558	-0.8902029991149902	-0.8319147825241089	-0.5567485094070435	-0.8160004615783691	-1.0060434341430664	-0.8159219622612	-1.1916882991790771	-0.9257879853248596	-1.3293101787567139	-0.8894209861755371
L70S	-1.0559226274490356	-0.4325534701347351	0.168727844953537	-0.7370746731758118	-0.5286494493484497	-0.12509214878082275	-0.38519343733787537	-0.16587531566619873	-0.5926998257637024	-1.0841208696365356	-0.4938453733921051
L70T	0.05942315608263016	-0.3645246922969818	0.5449309349060059	-0.2969484329223633	-0.38996031880378723	-0.42957818508148193	-0.36123090982437134	-0.07837062329053879	-0.12964653968811035	-1.0065245628356934	-0.24524302780628204
L70V	0.7571510672569275	-0.3814810514450073	0.3310720920562744	0.17959214746952057	-0.13861332833766937	0.46732521057128906	0.45067331194877625	0.403473436832428	0.09466981887817383	0.552669882774353	0.27165326476097107
L70W	-0.12466774135828018	0.07098081707954407	-0.17141860723495483	0.539156436920166	-0.43708911538124084	-0.2268519252538681	-0.7741918563842773	0.021748121827840805	-0.3701229691505432	-0.7121148705482483	-0.2184571772813797
L70Y	-0.02603333443403244	-0.27689751982688904	-0.4910599887371063	0.2649962604045868	0.02373720146715641	-0.5147373676300049	-0.588161051273346	-0.5322442650794983	-0.15592147409915924	-0.45836812257766724	-0.27546894550323486
H71A	0.5247018337249756	0.4063909351825714	0.4024697244167328	-0.21824724972248077	0.33991459012031555	-0.03811980411410332	0.1261686533689499	0.6864950656890869	-0.45866191387176514	0.1621282994747162	0.1933239996433258
H71C	0.3362373113632202	0.1645611822605133	0.339506596326828	0.27787530422210693	0.8835182189941406	0.6699848175048828	0.7318486571311951	0.3686756491661072	0.5650553703308105	-0.23124422132968903	0.4106019139289856
H71D	-1.1845723390579224	0.12645451724529266	0.5789551734924316	0.3303217887878418	0.9456294775009155	-0.007053099572658539	0.019461585208773613	0.007359456270933151	-0.23561178147792816	-0.30866163969039917	0.027228306978940964
H71E	0.35341721773147583	0.5180078744888306	-0.16991634666919708	0.04993940517306328	0.4907703697681427	0.2912744879722595	0.3468647301197052	0.7314476370811462	-0.012284114956855774	0.49303287267684937	0.3092554211616516
H71F	-0.376028835773468	0.1623399555683136	0.05931708216667175	-0.07205072045326233	0.22142067551612854	-0.039323024451732635	-0.06288931518793106	0.05366269126534462	-0.16637766361236572	-0.151248499751091	-0.037117768079042435
H71G	0.30098459124565125	0.1921728551387787	0.5490634441375732	0.037350449711084366	0.4524373710155487	0.13578058779239655	0.024443503469228745	0.20209695398807526	0.1446501761674881	0.026081755757331848	0.2065061628818512
H71I	-0.5259379148483276	0.24032005667686462	0.07957914471626282	-0.10087139904499054	0.5841593742370605	0.25874704122543335	0.08455315232276917	0.2630058228969574	0.327323317527771	-0.29319989681243896	0.09176786988973618
H71K	0.21572968363761902	0.17673538625240326	0.4860778748989105	0.29005563259124756	1.064626932144165	-0.11354159563779831	-0.014695407822728157	0.6219550967216492	0.465634286403656	-0.47594189643859863	0.2716636061668396
H71L	-0.4180563688278198	-0.031007684767246246	-0.7062928676605225	0.032159991562366486	0.04194997251033783	0.11135619878768921	-0.5134058594703674	-0.3153159022331238	0.042917873710393906	-0.39922255277633667	-0.21549169719219208
H71M	-0.06794031709432602	0.1742202341556549	0.33297863602638245	0.26253044605255127	0.7253527641296387	0.43097972869873047	0.35950401425361633	0.05299394950270653	0.2939974367618561	-0.524808406829834	0.20398087799549103
H71N	-0.6306282877922058	0.30466216802597046	0.3422745168209076	0.3759227693080902	1.0650379657745361	0.17229709029197693	0.1910800337791443	0.1780407428741455	0.3571871519088745	-0.17605333030223846	0.21798208355903625
H71P	-0.3900386691093445	-0.13929328322410583	-0.059169139713048935	-0.24481762945652008	0.7817620038986206	0.35429972410202026	0.30149707198143005	0.2807804048061371	0.22876332700252533	-0.38914793729782104	0.07246360182762146
H71Q	-0.376760333776474	0.41939324140548706	0.49432286620140076	0.37528878450393677	1.1438846588134766	0.10474574565887451	0.3567744195461273	0.374775230884552	0.3978513479232788	-0.12421365082263947	0.31660619378089905
H71R	-0.1545783281326294	0.3291856646537781	0.5556906461715698	0.3389546275138855	0.9068617820739746	-0.14205273985862732	0.27031734585762024	0.6877382397651672	0.7460909485816956	-0.3788509964942932	0.3159357011318207
H71S	0.13304446637630463	0.20089003443717957	0.48850539326667786	0.2414354383945465	0.9475308656692505	-0.18914857506752014	0.12347441166639328	0.7440160512924194	-0.13115186989307404	0.40857911109924316	0.2967175245285034
H71T	0.02412990853190422	0.36882084608078003	0.6751629114151001	-0.009614422917366028	0.9256709814071655	-0.45638686418533325	0.15656331181526184	0.5483713150024414	0.22685669362545013	0.23132005333900452	0.2690894901752472
H71V	-0.3232361674308777	0.3756720721721649	0.4374861419200897	0.07922285795211792	0.33266863226890564	0.05374094098806381	-0.8207641243934631	0.3381057381629944	0.19592347741127014	0.6931704878807068	0.1361989974975586
H71W	-0.16824552416801453	0.10277765989303589	0.2368161678314209	0.24485774338245392	0.6146366596221924	0.37094491720199585	0.4363616406917572	0.20665378868579865	0.14033350348472595	-0.6628167033195496	0.15223197638988495
H71Y	0.24781903624534607	0.12053781002759933	0.12627702951431274	0.2698366940021515	0.6955176591873169	0.7102534770965576	0.6034361720085144	0.3088454306125641	0.5267924666404724	-0.1447538286447525	0.34645622968673706
L72A	-0.6178967952728271	-0.01643574982881546	-0.0425524041056633	-0.594735860824585	-0.1764974594116211	-0.4843953251838684	-0.624513566493988	-0.6336979269981384	-0.6112462878227234	-0.1355055421590805	-0.3937476873397827
L72C	-0.5233168005943298	-0.40676671266555786	-0.40399792790412903	-0.39566195011138916	0.32333430647850037	-0.36819660663604736	0.4208441376686096	-0.8116919994354248	-0.37609928846359253	0.32285505533218384	-0.22186978161334991
L72D	-1.0719314813613892	-0.6465317606925964	-0.45624586939811707	-0.38731834292411804	-0.38656339049339294	-0.566973865032196	-0.7410593032836914	-0.8122777938842773	-0.6931905746459961	-1.0656015872955322	-0.6827694177627563
L72E	-1.0067012310028076	-1.1652697324752808	-0.7723666429519653	-0.812095582485199	-0.8453241586685181	-0.9311676621437073	-0.7795588374137878	-0.40953928232192993	-1.028965950012207	-1.1136765480041504	-0.8864665031433105
L72F	1.0235874652862549	-0.5174350142478943	0.00020102038979530334	-0.2555224597454071	-0.3077591359615326	-0.4924483299255371	-0.18768051266670227	-0.23435227572917938	-0.7376656532287598	-0.032343000173568726	-0.1741417944431305
L72G	-0.43548882007598877	-0.2870863676071167	0.1989668905735016	-0.5914263129234314	0.19419580698013306	-0.9557443857192993	-0.5465186834335327	-0.884665846824646	-0.47472071647644043	-0.5090930461883545	-0.42915815114974976
L72H	-1.060365080833435	-0.4345020651817322	-0.9776670932769775	-0.5029736757278442	0.024880802258849144	-0.4102981686592102	0.26296767592430115	-0.8891569972038269	-0.4064471125602722	-0.8063408136367798	-0.5199902057647705
L72I	0.5250501036643982	-0.46093273162841797	0.21773883700370789	-0.12616290152072906	0.1608535349369049	0.022320322692394257	0.004814721643924713	-0.3065526783466339	-0.1822756975889206	0.659440279006958	0.0514293797314167
L72K	-0.7501258850097656	-0.6898273825645447	-0.32117849588394165	-0.6917493939399719	-0.17372821271419525	-0.5444931387901306	-0.6270369291305542	-0.4632415473461151	-0.5346993803977966	-1.0160622596740723	-0.5812143087387085
L72M	-0.5030335783958435	-0.5624969005584717	-0.43566858768463135	-0.2754608988761902	0.218288853764534	-0.6685476303100586	0.10648127645254135	-0.9471070170402527	-0.49341511726379395	0.3219149708747864	-0.32390445470809937
L72N	-0.9796069264411926	-0.5911150574684143	-0.3471606373786926	-0.34354740381240845	-0.17928501963615417	-0.5292871594429016	-0.07882475107908249	-0.538564145565033	-0.9185516238212585	-0.9002670049667358	-0.5406209826469421
L72P	0.47103849053382874	-0.7496010661125183	-0.13847513496875763	-0.4607544541358948	-0.32892414927482605	-0.5988693833351135	-0.7992364764213562	-0.6749539375305176	-0.9903027415275574	-0.642097532749176	-0.49121761322021484
L72Q	-0.7717995047569275	-0.5460451245307922	-0.2829698920249939	-0.2669123411178589	-0.03690919280052185	-0.5393099784851074	-0.4064562916755676	-0.5367235541343689	-0.5368965864181519	-0.7112805247306824	-0.4635303020477295
L72R	-0.5273786783218384	-0.46575576066970825	0.21792563796043396	-0.3672342300415039	0.2012721300125122	-0.3844875693321228	-0.4293515384197235	-0.12781529128551483	-0.43621283769607544	-1.2336033582687378	-0.3552641272544861
L72S	-0.2334854006767273	-0.4521447420120239	0.38966894149780273	-0.6287230253219604	-0.13581335544586182	-0.4131312966346741	-0.5910990834236145	-0.018803346902132034	-0.7179609537124634	-0.40197980403900146	-0.32034721970558167
L72T	-0.47275298833847046	-0.2841877043247223	0.5184425115585327	-0.5758015513420105	-0.18547388911247253	-0.5764283537864685	-0.4331679344177246	-0.24612611532211304	-0.43113499879837036	-0.1776161640882492	-0.2864246964454651
L72V	0.15933987498283386	0.27392542362213135	0.47663500905036926	0.2372298538684845	0.08296423405408859	0.27290940284729004	1.0488845109939575	-0.004337888211011887	-0.4169871211051941	0.777529776096344	0.29080930352211
L72W	-0.11847683042287827	-0.752355694770813	-0.7113968133926392	-0.803301215171814	0.046833135187625885	-0.675717294216156	0.2632744610309601	-0.503603458404541	-0.33972442150115967	-0.37089526653289795	-0.39653635025024414
L72Y	-0.8146730661392212	-0.6120561957359314	-1.1524560451507568	-0.5571803450584412	-0.11268475651741028	-0.8048149347305298	0.4315255284309387	-1.0725957155227661	-0.6640657186508179	-0.32502609491348267	-0.5684027671813965
K73A	0.4193817675113678	0.2994809150695801	0.4624752104282379	-0.15198282897472382	0.45594143867492676	0.24717046320438385	0.3802574872970581	0.3818455934524536	0.1629241704940796	0.6246753931045532	0.32821694016456604
K73C	-1.1953439712524414	0.045847758650779724	0.0412527471780777	-0.31029194593429565	-0.21566316485404968	0.24991367757320404	0.15741296112537384	-0.38264405727386475	0.4094228148460388	-0.005202881991863251	-0.12052961438894272
K73D	-0.1530270278453827	0.025015778839588165	-0.20839504897594452	0.19226780533790588	-0.03254540264606476	0.20993314683437347	0.2770598828792572	0.10514265298843384	0.21372248232364655	0.12019020318984985	0.07493644952774048
K73E	-0.15969741344451904	0.3101303279399872	0.052915528416633606	-0.26849204301834106	0.3469342589378357	0.1962691843509674	0.368584543466568	0.2780870199203491	0.17307037115097046	0.5533026456832886	0.1851104348897934
K73F	-0.0019601956009864807	0.034633271396160126	-0.04498691111803055	-0.4623088836669922	0.17617331445217133	0.6137522459030151	-0.14548325538635254	-0.5311123728752136	0.3758648633956909	-0.6519213318824768	-0.06373492628335953
K73G	0.14140382409095764	0.30605340003967285	-0.03557002916932106	-0.11810225248336792	0.34416404366493225	0.2161618024110794	0.6120722889900208	-0.0037585385143756866	0.362848699092865	-0.30708837509155273	0.15181848406791687
K73H	-1.0602664947509766	0.0037496164441108704	0.28703320026397705	-0.058179911226034164	-0.21344441175460815	0.30128413438796997	0.0932716503739357	-0.2820437252521515	0.4788844585418701	0.16422897577285767	-0.02854824624955654
K73I	-0.31893059611320496	0.07972125709056854	0.5732405185699463	-0.6638298034667969	-0.06556135416030884	0.34118229150772095	0.08837734907865524	0.09801797568798065	0.5239498615264893	-0.4693187475204468	0.01868487522006035
K73L	0.4299226403236389	-0.7420679330825806	0.2928612530231476	0.7443962693214417	-0.09638378024101257	-0.7691835761070251	-0.4871508777141571	-0.018695637583732605	0.1399184763431549	-0.6991543769836426	-0.12055375427007675
K73M	-1.2251657247543335	-0.1255948543548584	0.021072983741760254	-0.16303013265132904	-0.2583325207233429	0.25124847888946533	0.15047620236873627	-0.36589276790618896	0.2957887649536133	-0.11695338785648346	-0.15363828837871552
K73N	-0.05805607885122299	0.003632746636867523	0.3115174174308777	0.06587047874927521	0.1806221902370453	0.27132999897003174	0.25855010747909546	0.20493455231189728	0.40239107608795166	0.08313288539648056	0.17239253222942352
K73P	-0.6243456602096558	0.21579492092132568	0.2525765299797058	-0.5449267625808716	0.06863676011562347	0.39228081703186035	-0.1686423122882843	-0.663735568523407	-0.04651733487844467	-0.43841421604156494	-0.155729278922081
K73Q	-0.071098692715168	0.07268524169921875	0.07193730026483536	0.18245278298854828	0.15189141035079956	0.28660833835601807	0.4087136685848236	0.15748754143714905	0.3037048578262329	0.3627608120441437	0.19271431863307953
K73R	0.3590083718299866	-0.05076371133327484	0.19095151126384735	0.25049227476119995	0.2108662724494934	0.22971992194652557	0.5749303102493286	0.375499963760376	0.14280356466770172	0.4853276014328003	0.276883602142334
K73S	0.10971394926309586	0.07558433711528778	0.11930383741855621	0.03675829619169235	0.505558967590332	0.2287643998861313	0.548601508140564	0.30269187688827515	0.16204166412353516	0.1849120557308197	0.22739307582378387
K73T	0.3172138035297394	0.12740521132946014	0.35992133617401123	0.2059316486120224	0.4609620273113251	0.40436220169067383	0.6493625044822693	0.44293245673179626	0.4894353747367859	0.4988911747932434	0.3956417441368103
K73V	0.4353290796279907	-0.0850033089518547	0.7789515256881714	0.5483870506286621	0.16643306612968445	0.10952739417552948	-0.6197933554649353	0.280964732170105	0.3836538791656494	0.13817979395389557	0.2136629819869995
K73W	-1.1551592350006104	-0.14661771059036255	-0.05368107557296753	-0.5030683279037476	-0.503527045249939	0.28287696838378906	-0.22962132096290588	-0.3982369899749756	0.10112917423248291	-0.47653728723526	-0.3082442879676819
K73Y	-0.7892846465110779	-0.018639691174030304	-0.06610704958438873	-0.26693829894065857	-0.46890291571617126	0.3581886291503906	-0.10989730805158615	-0.39275574684143066	0.4433918595314026	-0.049475833773612976	-0.13604208827018738
N74A	-0.10557820647954941	0.14115919172763824	0.17687338590621948	-0.17029449343681335	0.39455583691596985	0.03507915884256363	0.19393236935138702	0.12624378502368927	-0.06723381578922272	-0.2707805037498474	0.04539567232131958
N74C	-0.06288070231676102	0.3196839392185211	0.01721903681755066	0.28217723965644836	-0.1977727711200714	0.0457102507352829	0.3676746189594269	0.23321761190891266	0.5464746356010437	0.11145161837339401	0.16629555821418762
N74D	0.17197830975055695	0.4861292243003845	1.0428297519683838	0.269913911819458	0.4377663731575012	0.6072636842727661	0.9253926277160645	0.13523681461811066	1.0730770826339722	0.6591516137123108	0.5808739066123962
N74E	-0.13810086250305176	0.2940300405025482	0.6679189205169678	0.32279106974601746	0.7295180559158325	0.23569636046886444	0.8224512338638306	-0.15435603260993958	0.23300452530384064	0.022572308778762817	0.3035525679588318
N74F	-0.8831199407577515	-0.20190608501434326	-0.4673106372356415	-0.09023651480674744	-0.21092328429222107	-0.07938478142023087	0.024813251569867134	-0.08384732902050018	-0.08879758417606354	-0.6987866163253784	-0.2779499590396881
N74G	0.11152654886245728	0.32203006744384766	0.8731740713119507	-0.0671800822019577	0.5846211910247803	0.2880004644393921	0.5682983994483948	0.5523082613945007	0.7216342091560364	-0.09645994007587433	0.38579532504081726
N74H	0.16299620270729065	0.42558085918426514	0.4813852608203888	0.2121880203485489	0.09935601055622101	0.015556707978248596	0.7924842238426208	0.27971041202545166	0.7374024987220764	0.026978835463523865	0.32336390018463135
N74I	-0.2963412404060364	-0.13890692591667175	-0.6163638830184937	-0.22331805527210236	-0.5339081287384033	0.05062565207481384	0.27822795510292053	-0.05330148711800575	0.20569618046283722	-0.36105990409851074	-0.16886498034000397
N74K	-0.04877907782793045	0.36315178871154785	0.4399169683456421	0.275680810213089	0.4978918731212616	0.43333691358566284	0.3364999294281006	0.20989851653575897	0.5932092070579529	-0.8804025650024414	0.22204044461250305
N74L	0.6912259459495544	-1.0092061758041382	-0.49131396412849426	0.8450047373771667	-0.574468731880188	-0.6939164400100708	-1.4915919303894043	-0.12861478328704834	-0.4223666787147522	-2.1323015689849854	-0.5407549738883972
N74M	-0.2096414864063263	0.23789912462234497	-0.11700452864170074	0.21444366872310638	-0.5467329025268555	0.14973598718643188	0.6598076820373535	-0.058524247258901596	0.5836690664291382	-0.10202954709529877	0.08116228133440018
N74P	0.08761807531118393	0.3713909983634949	0.280596524477005	-0.03127193823456764	-0.5235358476638794	-0.013449877500534058	0.9016022086143494	-0.5338045358657837	0.4755467176437378	-1.1281818151474	-0.011348950676620007
N74Q	0.3813089430332184	0.4940367341041565	0.5686945915222168	0.17828261852264404	-0.15380752086639404	0.33915138244628906	0.8527820110321045	0.014699283987283707	0.7459130883216858	-0.07216188311576843	0.3348899185657501
N74R	0.1459924429655075	0.38806939125061035	0.4709624946117401	0.2715167701244354	0.3652062714099884	0.4010164141654968	0.4281144440174103	-0.601408064365387	0.5008119344711304	-1.091976523399353	0.12783056497573853
N74S	-0.2679712474346161	0.43253615498542786	0.640558123588562	0.19747795164585114	0.33640754222869873	0.46659594774246216	0.7971742749214172	-0.024736616760492325	0.5453873872756958	-0.32426905632019043	0.27991601824760437
N74T	0.22813796997070312	0.28577110171318054	0.3973560333251953	0.1364920288324356	0.3031809628009796	0.2772858738899231	0.3322296738624573	-0.003943540155887604	0.42687422037124634	-0.8863608837127686	0.14970234036445618
N74V	-0.08644821494817734	-1.335023045539856	-0.446529358625412	-0.408062607049942	-0.5590062141418457	-0.5140032172203064	-0.9630010724067688	-0.2726162374019623	-0.8156481981277466	-1.1129363775253296	-0.6513274908065796
N74W	-0.42058947682380676	0.2745245397090912	0.10135717689990997	0.062140654772520065	-0.8372659683227539	-0.13260625302791595	0.4591037929058075	-0.10792060196399689	0.43034255504608154	-0.6672751903533936	-0.08381888270378113
N74Y	0.03650647774338722	0.2583028972148895	0.06511002033948898	0.2713050842285156	-0.42909690737724304	0.05520060658454895	0.6139544248580933	-0.1538134664297104	0.5406613945960999	-0.22222499549388885	0.10359056293964386
V75A	-0.51719069480896	-0.323098748922348	0.008183375000953674	-0.050152938812971115	-0.08931295573711395	-0.5173900127410889	-1.5124484300613403	0.32453373074531555	0.1318175196647644	-1.1522679328918457	-0.36973270773887634
V75C	0.13109993934631348	0.14892157912254333	-0.09694300591945648	-0.6999486684799194	0.020305102691054344	0.42576074600219727	0.22745060920715332	0.12528499960899353	-0.16933687031269073	0.1739005446434021	0.028649497777223587
V75D	0.3924825191497803	-0.7061929702758789	-1.0114911794662476	-0.8110719323158264	-1.199358582496643	-0.629869818687439	-1.1495294570922852	-0.4608888030052185	-0.665351927280426	-1.1229982376098633	-0.7364270687103271
V75E	-0.2935546040534973	-1.885642409324646	-0.31208062171936035	-0.37887853384017944	-0.693173885345459	-1.2598787546157837	-0.9259918332099915	-0.3617040514945984	-0.31548529863357544	-1.1181796789169312	-0.7544569969177246
V75F	-0.4791591763496399	-0.19064584374427795	-0.69264817237854	-0.5800104737281799	0.07767976820468903	0.1465708464384079	-1.2568042278289795	-0.06324099004268646	-0.6571348309516907	-0.8566447496414185	-0.4552037715911865
V75G	-1.063780665397644	-1.1424602270126343	-0.5430259704589844	0.3063379228115082	-0.6358672380447388	-0.48777657747268677	-1.6067330837249756	-0.31129950284957886	-0.17091532051563263	-1.2785855531692505	-0.6934105753898621
V75H	0.17912304401397705	-0.6969964504241943	-0.916862964630127	-0.25593510270118713	-0.3944535255432129	-0.11207741498947144	-0.9422118067741394	-0.09571036696434021	-0.2090071588754654	-1.0768271684646606	-0.4520958960056305
V75I	0.5339679718017578	0.5062068104743958	0.11901259422302246	-0.8854948878288269	0.1801612377166748	0.8851901292800903	0.34761056303977966	1.018676519393921	0.09347524493932724	1.0810956954956055	0.38799017667770386
V75K	0.2916587293148041	-0.8299578428268433	-1.1099462509155273	-0.23786543309688568	-1.0561872720718384	-1.1166964769363403	-1.5999085903167725	-0.07945935428142548	-0.4390265941619873	-1.282297134399414	-0.7459686398506165
V75L	-0.008025147020816803	0.6714076399803162	0.6531105041503906	1.0848783254623413	0.05205061659216881	0.3861754536628723	0.46083223819732666	1.2321557998657227	0.30823588371276855	0.8043849468231201	0.5645206570625305
V75M	-0.3416726589202881	-0.0713418498635292	-0.3590896427631378	-0.8945908546447754	-0.2889864146709442	-0.02798934280872345	-0.33299002051353455	-0.07877981662750244	-0.21331335604190826	-0.5032151937484741	-0.311196893453598
V75N	0.7893988490104675	-1.030308485031128	-0.802829384803772	-0.46617060899734497	-0.7155413627624512	-0.4830394983291626	-1.0792630910873413	-0.35897713899612427	-0.4285566806793213	-0.829048216342926	-0.5404335856437683
V75P	-0.1102917417883873	-1.5546956062316895	-1.2349032163619995	-1.3934962749481201	-1.1934717893600464	-0.5432279706001282	-1.6672167778015137	-1.2017431259155273	-0.8503801226615906	-1.492876410484314	-1.124230146408081
V75Q	0.5420168042182922	-0.7589854598045349	-1.005827784538269	-0.6312719583511353	-0.8583452701568604	-0.3536475896835327	-0.9504902362823486	-0.04546188563108444	-0.3086591362953186	-1.110373616218567	-0.5481046438217163
V75R	0.3742733597755432	-0.5992183089256287	-0.821163535118103	0.11789864301681519	-0.26602765917778015	-0.662662923336029	-1.1158510446548462	0.15500390529632568	-0.21890442073345184	-0.8002967238426208	-0.3836948871612549
V75S	-0.4336808919906616	-0.9669408202171326	-0.8015470504760742	-0.39651209115982056	-0.01405768096446991	-0.7311825156211853	-1.7279735803604126	-0.2920764982700348	-0.13948670029640198	-1.4407775402069092	-0.6944235563278198
V75T	0.5386143326759338	-0.12080832570791245	-0.1735273152589798	0.2042602151632309	0.042015157639980316	-0.48631536960601807	-0.9088311791419983	0.10114124417304993	0.35596489906311035	-0.39992666244506836	-0.08474130928516388
V75W	-0.4709141254425049	-0.5832823514938354	-0.5743546485900879	-1.2005205154418945	-0.3198392689228058	0.020137116312980652	-0.8954553604125977	0.007446657866239548	-0.0770302265882492	-0.14833907783031464	-0.424215167760849
V75Y	-0.27764269709587097	-0.7205967307090759	-0.7781198024749756	-1.221177339553833	-0.7014648914337158	-0.36651450395584106	-1.5502538681030273	-0.3706904649734497	-0.4128400683403015	-0.43459784984588623	-0.6833897829055786
H76A	0.3233136832714081	0.6854848861694336	0.0787893533706665	0.31634360551834106	0.6039921045303345	0.07452483475208282	0.07250884920358658	0.19309230148792267	0.3206214904785156	0.4208841919898987	0.30895552039146423
H76C	0.008646883070468903	0.4774389863014221	-0.030303459614515305	0.8253538608551025	-0.08310529589653015	0.5206429362297058	0.4926173985004425	0.7324898838996887	1.11997389793396	0.5537745952606201	0.4617529809474945
H76D	0.3135146200656891	0.6848206520080566	0.5377287864685059	0.45363035798072815	0.5023373365402222	0.29962629079818726	0.5227872729301453	0.859205961227417	0.4055200219154358	0.5279207825660706	0.5107091665267944
H76E	0.254048228263855	0.5198662877082825	0.20047664642333984	0.36627092957496643	0.4427832365036011	0.2219596952199936	0.5177854299545288	0.10218821465969086	0.19512571394443512	0.3087279498577118	0.31292325258255005
H76F	-0.01969379186630249	0.42207071185112	0.2398325800895691	0.21021299064159393	0.11343575268983841	0.02552049607038498	-0.2181583195924759	0.39951831102371216	0.6391981840133667	0.08351321518421173	0.18954502046108246
H76G	0.7127145528793335	0.8228020668029785	0.4923115074634552	0.3974399268627167	0.6040853261947632	0.3754677176475525	0.544799268245697	0.4459143579006195	0.24176645278930664	0.5962969064712524	0.5233598351478577
H76I	-1.0674700736999512	-0.026397496461868286	0.0817660242319107	0.11359544098377228	0.11937132477760315	-0.5012736320495605	0.045928955078125	0.4211095869541168	0.3623564839363098	0.8541463017463684	0.04031329229474068
H76K	0.12478141486644745	1.1544362306594849	0.6820493936538696	0.01720694825053215	0.9486184120178223	0.46944963932037354	0.4481424391269684	1.2856967449188232	0.779963493347168	0.7918350100517273	0.6702179908752441
H76L	-0.43969953060150146	0.006824567914009094	-0.5165637135505676	0.5405396819114685	-0.08286942541599274	-0.7179504632949829	-0.10803092271089554	0.8634021282196045	0.18943092226982117	-0.341060996055603	-0.060597777366638184
H76M	-0.3959752023220062	0.3782140016555786	0.061003416776657104	0.5955823063850403	-0.10202795267105103	0.19748307764530182	0.6622299551963806	0.7824226021766663	0.9173214435577393	0.21381640434265137	0.3310070037841797
H76N	-0.006206251680850983	0.7161123752593994	0.15587279200553894	0.37302666902542114	0.04683417081832886	0.1421670913696289	0.3282264173030853	0.8018366694450378	0.7288686037063599	0.6067190170288086	0.3893457353115082
H76P	0.24998903274536133	-0.2739795446395874	0.26589250564575195	-0.3054577708244324	-0.04738842695951462	-0.41012048721313477	-0.6451197266578674	0.28698405623435974	0.35955286026000977	0.25063467025756836	-0.026901280507445335
H76Q	0.5821722149848938	0.6197578310966492	0.6577776670455933	0.540246844291687	0.8439959287643433	0.4738246202468872	0.5849753618240356	0.8167926669120789	0.8581299781799316	0.757688045501709	0.6735360622406006
H76R	0.16772517561912537	0.9408026933670044	0.9814591407775879	0.030577853322029114	0.9083875417709351	0.5529097318649292	0.5635894536972046	0.9007081985473633	0.5500298738479614	0.7644823789596558	0.636067271232605
H76S	0.12456963956356049	0.688239574432373	0.3676910102367401	0.1204395741224289	0.8358845710754395	0.14760614931583405	0.20453743636608124	0.5813412070274353	0.4411947727203369	0.7038826942443848	0.42153865098953247
H76T	0.0757971704006195	0.5999124050140381	0.30878427624702454	0.00758100301027298	0.9269669055938721	0.1046610027551651	0.3147069215774536	0.3130640685558319	1.0322649478912354	0.8414721488952637	0.4525211453437805
H76V	-0.026615440845489502	0.10968433320522308	-0.3454197943210602	0.5127967000007629	0.18802262842655182	-0.3396398425102234	-0.34414786100387573	0.426826536655426	-0.13806916773319244	-0.12372563779354095	-0.008028757758438587
H76W	-0.2642720639705658	0.19119247794151306	-0.07529131323099136	0.5084323883056641	-0.06853648275136948	0.5185281038284302	0.314032644033432	0.8085857629776001	0.5130417943000793	0.13714322447776794	0.25828564167022705
H76Y	0.18262043595314026	0.24504804611206055	-0.05874604731798172	0.6306959986686707	-0.6832644939422607	0.4861196279525757	0.4133632481098175	0.8353739976882935	1.1297252178192139	0.18512389063835144	0.3366059958934784
F77A	-0.9448724389076233	-0.2755579948425293	-0.8146523237228394	-0.7606709003448486	-0.4210072457790375	-0.5275381207466125	-0.7336574196815491	-0.3678225576877594	-0.4297676682472229	-0.6765295267105103	-0.5952075719833374
F77C	-0.10314016789197922	-0.6353139877319336	-1.0856297016143799	-0.5129513740539551	-0.7165513038635254	-0.37261462211608887	-0.9484894275665283	-0.3380439877510071	-0.8998634815216064	-0.5405434966087341	-0.6153141856193542
F77D	-0.2892731726169586	-0.7804283499717712	-1.3231689929962158	-1.239511489868164	-1.5770667791366577	-0.5166273713111877	-1.4299589395523071	-1.010554552078247	-0.7348796129226685	-0.7391388416290283	-0.9640607833862305
F77E	-1.119512915611267	-1.0756897926330566	-0.41729608178138733	-1.205236554145813	-1.0774949789047241	-0.9732233881950378	-0.8779136538505554	-0.6099756956100464	-0.26918405294418335	-1.1214088201522827	-0.8746935725212097
F77G	-1.074965000152588	-0.7262386679649353	-0.7194483280181885	-0.825304388999939	0.2538686990737915	-0.37106454372406006	-1.1520252227783203	-0.7559232115745544	-0.9485772252082825	-0.37453556060791016	-0.669421374797821
F77H	-0.13487330079078674	-0.7644928097724915	-1.1799615621566772	-0.6862858533859253	-0.9542707204818726	-0.734782874584198	-0.9883707165718079	-0.3668127655982971	-1.0813430547714233	-0.4958999752998352	-0.7387093901634216
F77I	-1.328291416168213	-0.7424898743629456	-0.7393196821212769	-0.6822711825370789	-0.5667291879653931	-0.4836788773536682	-0.7526300549507141	-0.737676203250885	-1.0442594289779663	-0.5259875059127808	-0.7603334188461304
F77K	-1.2477033138275146	-0.7653133869171143	-1.3802893161773682	-1.4375914335250854	-1.5458875894546509	-0.7450392246246338	-2.193195343017578	-1.0976139307022095	-0.9755627512931824	-0.8794800639152527	-1.2267677783966064
F77L	-0.9800531268119812	0.16463732719421387	-0.06395524740219116	-0.05234770104289055	0.5030030012130737	-0.6132012009620667	0.07321085780858994	-0.005724005401134491	-0.05003136396408081	-0.46384429931640625	-0.1488305777311325
F77M	-0.5265434384346008	-0.7495025992393494	-1.0673073530197144	-0.46720582246780396	-0.6059764623641968	-0.13823585212230682	-0.884303867816925	-0.15713228285312653	-0.6802747845649719	-0.6726128458976746	-0.5949094891548157
F77N	-0.029216036200523376	-0.6377825140953064	-1.364551067352295	-0.869095504283905	-1.626733660697937	-0.10752835869789124	-1.1092337369918823	-0.3486544191837311	-0.8615178465843201	-0.4771381616592407	-0.7431451082229614
F77P	-0.8064197897911072	-1.1598036289215088	-1.89308762550354	-1.0889474153518677	-1.6138689517974854	-0.626237690448761	-1.4307072162628174	-0.5553706884384155	-0.8615851998329163	-0.3447418808937073	-1.0380769968032837
F77Q	-0.5211532711982727	-0.8279345631599426	-1.251700520515442	-1.516548991203308	-1.22072434425354	-0.8001742362976074	-1.6577072143554688	-0.8333911299705505	-1.0845178365707397	-0.5966609716415405	-1.0310511589050293
F77R	-1.1837023496627808	-0.7675997614860535	-1.174153208732605	-1.5592442750930786	-1.6232914924621582	-0.7109873294830322	-1.8377301692962646	-1.5413672924041748	-1.3517197370529175	-0.8821240663528442	-1.2631919384002686
F77S	-1.135008692741394	-0.29428091645240784	-1.2537109851837158	-0.7035323977470398	-0.9998887777328491	-0.3439323306083679	-1.4546443223953247	-0.6507137417793274	-0.3178538680076599	-0.62861168384552	-0.7782177329063416
F77T	-1.332261323928833	-0.641357958316803	-0.9443713426589966	-1.1900508403778076	-1.4082697629928589	-0.556875467300415	-1.1242649555206299	-0.7001437544822693	-1.0309128761291504	-0.5839198231697083	-0.9512428045272827
F77V	-0.9547606110572815	-1.0450891256332397	-0.7588909864425659	-0.9998220205307007	-0.4775560796260834	-0.9858327507972717	-0.8911318182945251	-0.7995662689208984	-1.2908614873886108	-0.3747407793998718	-0.8578251600265503
F77W	0.4080263376235962	-0.6692132949829102	-0.9278302192687988	0.10062317550182343	-0.5425548553466797	-0.5342921018600464	-0.7305650115013123	0.1855253279209137	-0.6300494074821472	-0.72447270154953	-0.40648025274276733
F77Y	0.12205861508846283	-0.9411323666572571	-0.5384384393692017	-0.44013723731040955	-0.578726053237915	-0.14762254059314728	-0.9679721593856812	-0.24601393938064575	-0.4686512351036072	-0.6771436333656311	-0.4883778989315033
A78C	-0.24388831853866577	-0.1426990032196045	-0.27458202838897705	-0.1297316998243332	0.07382901012897491	0.2028747946023941	0.40060195326805115	-0.1034901812672615	0.06220333278179169	-0.5725913047790527	-0.07274734973907471
A78D	-0.23627418279647827	-0.6405890583992004	-0.7998918294906616	-0.48189353942871094	-0.46953800320625305	-0.783557116985321	-0.4448750615119934	-0.483356773853302	-0.5743388533592224	-0.6690627336502075	-0.5583376884460449
A78E	-0.42424821853637695	-0.5170475244522095	-0.16332070529460907	-0.5864437818527222	-0.354695588350296	-0.21099524199962616	-0.5721446871757507	-0.8490105271339417	0.10581550747156143	0.015064358711242676	-0.35570263862609863
A78F	-0.6611323356628418	-0.2581418454647064	-0.5898756980895996	-1.031854510307312	-0.2919657826423645	-0.2715778350830078	-0.9761945605278015	-0.7216122150421143	-0.9775291085243225	-0.44032514095306396	-0.6220209002494812
A78G	-0.39254727959632874	-0.5776616930961609	-0.6239256858825684	-0.6471964120864868	-0.10145875811576843	-0.8453060388565063	-0.8773564100265503	0.2595221996307373	-0.24176616966724396	-0.7426642179489136	-0.4790360927581787
A78H	-0.5015471577644348	-0.31509754061698914	-0.6832213401794434	-0.4250810146331787	-0.6639158725738525	-0.181047722697258	-0.07022647559642792	-0.1181107759475708	-0.37598055601119995	-0.8583800792694092	-0.41926082968711853
A78I	-0.43205440044403076	0.3529711961746216	-0.16304761171340942	-0.34801340103149414	0.19862979650497437	-0.26587605476379395	-0.3403087258338928	-0.13587649166584015	0.2951573133468628	-0.21566201746463776	-0.10540803521871567
A78K	-0.05939815193414688	-1.237248420715332	-0.61781907081604	-0.3577105402946472	-0.6561945676803589	-0.8750619292259216	-1.4159044027328491	-0.9460269808769226	-0.8818911910057068	-0.6067919731140137	-0.7654047608375549
A78L	-0.1836693286895752	-0.5004993677139282	0.0028485171496868134	-0.6475690007209778	-0.05883960425853729	-0.9258459806442261	-0.5376385450363159	-0.8799929618835449	0.18030844628810883	-0.9857248067855835	-0.45366230607032776
A78M	-0.3253170847892761	-0.2504969835281372	-0.784976601600647	-0.46602243185043335	0.0160665400326252	-0.11128415167331696	0.2664307951927185	-0.1005205363035202	0.014400701969861984	-0.5663020014762878	-0.23080217838287354
A78N	-0.3439183831214905	-0.3499401807785034	-1.2383860349655151	-0.9630979299545288	-0.40501031279563904	-0.4618779420852661	-0.39535486698150635	-0.2967754006385803	-0.8907241225242615	-0.8206817507743835	-0.616576611995697
A78P	-1.0512036085128784	-0.9700214266777039	-1.479585886001587	-1.1196105480194092	-0.5665996074676514	-0.44386786222457886	-0.750449001789093	-1.1900094747543335	-0.7942880988121033	-1.2002381086349487	-0.9565874338150024
A78Q	-0.0942678228020668	-0.5340896248817444	-1.1836045980453491	-0.23992539942264557	-0.7119590044021606	-0.4589293599128723	-0.5390974879264832	-0.34427231550216675	-0.3010656237602234	-0.7482472658157349	-0.5155457854270935
A78R	-0.2067081332206726	-0.5551349520683289	-0.6059147119522095	-0.27307838201522827	-0.48506972193717957	-0.40455901622772217	-0.8900676965713501	-1.2698036432266235	-0.5844933986663818	-0.6559482216835022	-0.5930777788162231
A78S	-0.5710894465446472	-0.5456827282905579	-0.2393186092376709	-0.1585770696401596	-0.13202692568302155	-1.1051111221313477	-1.224368691444397	-0.21252112090587616	-0.19882826507091522	-0.2312956601381302	-0.46188193559646606
A78T	-0.3971610963344574	-0.3205196261405945	0.30357906222343445	0.12038002908229828	-0.21961134672164917	-0.7441768050193787	-0.529241681098938	-0.4534922242164612	-0.09461511671543121	-0.277837872505188	-0.2612696588039398
A78V	-0.6734158992767334	-0.5732006430625916	0.3064489960670471	-0.5976552367210388	0.055548470467329025	-0.5429699420928955	-0.4190334379673004	-0.7754548192024231	-0.07518179714679718	-0.2818930149078369	-0.3576807379722595
A78W	-0.3857519030570984	0.014080896973609924	-0.5553315877914429	-0.8571925163269043	-0.5294704437255859	-0.18069075047969818	-0.028258131816983223	-0.44256889820098877	-0.03087155520915985	-0.2685602903366089	-0.3264614939689636
A78Y	-0.38993531465530396	-0.3563863933086395	-1.012022614479065	-1.1032782793045044	-0.3879963457584381	-0.16580325365066528	-0.17330753803253174	-0.46680110692977905	-0.07284186780452728	-0.47230422496795654	-0.4600676894187927
S79A	-0.46064841747283936	0.0755310133099556	-0.33887621760368347	-0.26593175530433655	-0.16897231340408325	-0.33274954557418823	-0.5803658366203308	-0.5134831070899963	-0.10552728176116943	0.07451368123292923	-0.2616509795188904
S79C	-0.23839211463928223	-0.0591883584856987	0.7095428705215454	-0.371474027633667	-0.3852621614933014	-0.0697634145617485	-0.37486615777015686	0.2957048714160919	0.26178914308547974	-0.11360611021518707	-0.03455154970288277
S79D	-0.05794662982225418	-0.33785945177078247	-0.5214452743530273	-0.7420742511749268	-0.7061282396316528	-0.8198056221008301	-0.41869375109672546	-0.2727813124656677	-0.6322361826896667	-0.44420796632766724	-0.49531787633895874
S79E	-0.4688153862953186	-0.3910757005214691	-0.5668253898620605	-0.4114275574684143	-0.7120461463928223	-0.5590718984603882	0.07416176795959473	-1.4326980113983154	0.22187268733978271	0.01759108155965805	-0.4228334426879883
S79F	-0.1147066131234169	-0.31460583209991455	-0.17283980548381805	-0.419718861579895	-0.41827571392059326	-0.48067182302474976	-0.6000622510910034	0.12430883944034576	-0.5867575407028198	-0.4030494689941406	-0.3386378884315491
S79G	-0.28508052229881287	-0.2431546449661255	-1.1963087320327759	-0.10822974145412445	-0.5402764081954956	-0.10707665979862213	-0.5086296796798706	-0.5609351992607117	0.105430468916893	0.24986453354358673	-0.31943970918655396
S79H	-0.23773646354675293	-0.23947659134864807	-0.06662091612815857	-0.3317958116531372	-0.5180283784866333	-0.9928766489028931	-1.0724154710769653	0.14909712970256805	-0.17281575500965118	0.08366146683692932	-0.3399007022380829
S79I	-0.7099700570106506	-0.5289031863212585	-0.4228205382823944	-0.40156739950180054	-0.6542477607727051	-0.3816067576408386	-0.6506825685501099	-0.6370686888694763	-0.38323885202407837	-0.25308501720428467	-0.5023190975189209
S79K	-0.7171971201896667	-0.11153989285230637	-0.6619805097579956	-0.5749304890632629	-0.7525368928909302	-0.7004022598266602	-0.43111005425453186	-0.4196743965148926	-0.9337366223335266	-0.9302140474319458	-0.6233322024345398
S79L	-0.7214911580085754	-0.9220117926597595	-0.16585379838943481	0.3049567937850952	-0.80873703956604	-1.050222396850586	-0.07200442254543304	-1.0672215223312378	-0.550488293170929	-0.685732364654541	-0.5738806128501892
S79M	-0.4688020348548889	-0.43466824293136597	0.14352716505527496	-0.8517125844955444	-0.45399054884910583	-0.18265369534492493	-0.4794279634952545	-0.05441465228796005	-0.030012384057044983	-0.3639530539512634	-0.31761080026626587
S79N	0.3098660409450531	-0.1571701467037201	-0.3180058002471924	-0.15361125767230988	-0.14414788782596588	-0.24758434295654297	-0.565301239490509	0.5061801671981812	-0.3990151882171631	0.09756965190172195	-0.10712198913097382
S79P	-1.30971097946167	-0.43504613637924194	-0.5443975925445557	-1.3594821691513062	-0.750808835029602	-0.7610607147216797	-0.8250347375869751	-0.3014623820781708	-0.8429020047187805	-0.5826561450958252	-0.771256148815155
S79Q	-0.47835928201675415	-0.5433947443962097	-0.5488040447235107	-0.3743145167827606	-0.7764838933944702	-0.8235827684402466	-0.8933941125869751	-0.5487553477287292	-0.9391490817070007	-1.1301376819610596	-0.7056374549865723
S79R	-0.6185566782951355	-0.14114916324615479	-0.7297106981277466	-0.18952684104442596	-0.3859271705150604	-0.5541005730628967	-0.22767487168312073	-0.5646312832832336	-0.5993703603744507	-0.08929692208766937	-0.4099944531917572
S79T	-0.12661457061767578	-0.08395744115114212	-0.4153343737125397	0.5591637492179871	-0.3795969784259796	-0.38446784019470215	-0.5495727062225342	0.26677387952804565	-0.04467956721782684	-0.3034992218017578	-0.1461784988641739
S79V	-0.42735958099365234	-0.47753578424453735	-0.1914934366941452	-0.522369384765625	0.012350503355264664	-0.4171028137207031	-0.13042709231376648	-1.2802027463912964	-0.3133331537246704	0.10421650111675262	-0.3643256723880768
S79W	-0.546876072883606	0.18733718991279602	0.2648496627807617	-0.723868727684021	0.011591494083404541	-0.40774524211883545	-0.3345629572868347	-0.010687332600355148	-0.02079431712627411	-0.15001337230205536	-0.17307695746421814
S79Y	-0.34092816710472107	-0.18036377429962158	0.3241308629512787	-0.4189337193965912	-0.32610562443733215	-0.4833207130432129	-0.3842083215713501	-0.11298656463623047	0.2514771819114685	-0.14744313061237335	-0.18186821043491364
V80A	-0.32540667057037354	-0.08049722760915756	0.3717695474624634	0.250791996717453	-0.10606147348880768	0.11628778278827667	-0.6043235659599304	-0.12463170289993286	0.7708244323730469	0.40619027614593506	0.06749434024095535
V80C	0.6372841000556946	-1.1620540618896484	-0.2547978162765503	-0.26631736755371094	0.34188663959503174	-0.007208626717329025	0.046918876469135284	-0.7748764157295227	-0.2080206722021103	-0.0629182755947113	-0.171010360121727
V80D	-0.7347694635391235	-1.3578293323516846	-0.7310422658920288	-0.8909134268760681	-1.1618984937667847	-0.14198346436023712	-1.3778945207595825	-0.6096208095550537	-0.3988480567932129	-1.1028249263763428	-0.8507624864578247
V80E	-0.5806929469108582	-1.4689362049102783	-0.21325500309467316	-0.2862280011177063	-1.2201111316680908	-0.7952358722686768	-0.6701626181602478	-1.114579200744629	-0.12292854487895966	-0.38707220554351807	-0.6859201192855835
V80F	-0.9102211594581604	-0.038661591708660126	-0.4828094244003296	-0.06632015109062195	0.059309907257556915	0.37680166959762573	0.09231526404619217	-0.28311821818351746	-0.13896583020687103	-0.9598169326782227	-0.235148623585701
V80G	-0.4317641258239746	0.23886486887931824	-0.3352987766265869	-0.11254070699214935	-0.9652255773544312	0.05670453608036041	-0.5685434937477112	-0.6606985926628113	0.07068546861410141	0.024643175303936005	-0.2683173418045044
V80H	-0.1622580587863922	-0.707771360874176	-0.7150118350982666	-0.8836073279380798	-0.40422338247299194	-0.08452366292476654	-0.8318073153495789	-0.5072494149208069	-0.41767418384552	-0.550893247127533	-0.5265020132064819
V80I	0.10862977802753448	0.046159762889146805	0.044418253004550934	0.1951410323381424	0.6484004259109497	0.07584401965141296	0.5396546125411987	0.011039074510335922	0.49806106090545654	-0.4336917996406555	0.17336562275886536
V80K	-1.0913280248641968	-0.43080559372901917	-0.25359731912612915	-0.6173180341720581	-1.2295159101486206	-0.2711346745491028	-1.3038157224655151	-0.6564677357673645	0.06487209349870682	-1.5340023040771484	-0.7323113083839417
V80L	-0.6488361358642578	0.03741442412137985	0.6032588481903076	-0.09491996467113495	0.21718448400497437	-1.0360758304595947	0.3878304064273834	-0.3371429443359375	-0.125254288315773	0.3468892574310303	-0.06496517360210419
V80M	-0.09525314718484879	-0.7365133166313171	-0.3562566339969635	-0.3786879777908325	0.07047690451145172	-0.2016667276620865	-0.5387818217277527	-0.7679826617240906	-0.42225539684295654	-0.3949880599975586	-0.38219088315963745
V80N	-0.28062930703163147	-1.4650516510009766	-0.41310542821884155	-1.1163982152938843	-0.641718864440918	-0.007535092532634735	-0.9131784439086914	-0.7459307909011841	-0.2688007950782776	-1.3166519403457642	-0.7168999910354614
V80P	-1.055375576019287	-1.0833853483200073	-0.5348146557807922	-0.8169453144073486	-0.8595151901245117	-0.8102781176567078	-0.4962223470211029	-0.5095003247261047	-0.13912174105644226	-1.2037708759307861	-0.7508929371833801
V80Q	-0.45580047369003296	-0.9781150221824646	-0.6639060974121094	-0.8032394051551819	-0.7179968357086182	-0.2986255884170532	-1.1990137100219727	-1.2380250692367554	-0.6580291390419006	-0.9632527828216553	-0.7976004481315613
V80R	-1.035083293914795	0.029865555465221405	-0.34629663825035095	-0.7613653540611267	-1.0348169803619385	-0.03823811560869217	-1.1733508110046387	-0.3804936408996582	-0.10954169929027557	-0.7361805438995361	-0.5585501790046692
V80S	-0.44594502449035645	-0.5847490429878235	-0.3704696595668793	-0.5683966279029846	-0.505921483039856	-0.2544650435447693	-1.0858455896377563	-0.6051220893859863	0.15680886805057526	-0.7378175854682922	-0.5001923441886902
V80T	-0.43865615129470825	0.10965651273727417	-0.48230254650115967	-0.25296393036842346	-0.05488865077495575	-0.1169872060418129	-0.7044695019721985	-0.02067524939775467	0.11322903633117676	0.011278226971626282	-0.18367794156074524
V80W	-0.364071786403656	-0.6734448671340942	-0.4400879740715027	-0.737543523311615	-0.43986818194389343	-0.3514118194580078	-0.49689438939094543	-0.8472954630851746	-0.8120871186256409	-1.2633678913116455	-0.6426073312759399
V80Y	-0.4469650983810425	-1.1238958835601807	-0.34236809611320496	-0.7042424082756042	-0.11105906963348389	-0.12161608040332794	-0.5792359709739685	-0.8762534260749817	-0.49982506036758423	-0.7736783027648926	-0.5579138994216919
V81A	0.7123352885246277	0.3469953238964081	0.3115048408508301	0.2635252773761749	0.6020634174346924	0.4315297603607178	0.12498925626277924	1.047911286354065	0.8276553750038147	0.6664793491363525	0.5334988832473755
V81C	0.08742725104093552	0.7548192739486694	0.5759248733520508	0.4177131950855255	0.6187335252761841	0.5198783278465271	0.5649769902229309	0.5539141893386841	0.5414028167724609	1.1467156410217285	0.5781506299972534
V81D	-0.0788671001791954	-0.31883472204208374	-0.2677103579044342	-0.1367974728345871	-0.21264591813087463	-0.11722598224878311	-1.0353329181671143	-0.10927435755729675	0.044660136103630066	-0.10277147591114044	-0.2334800511598587
V81E	-0.614841878414154	-0.22846359014511108	-0.10651834309101105	-0.5735017657279968	-0.48539772629737854	-1.398324966430664	-0.4047386348247528	-0.19478298723697662	0.2189682424068451	-0.5252377986907959	-0.43128395080566406
V81F	-0.15731346607208252	0.14701944589614868	-0.08373317122459412	-0.6846872568130493	0.10299168527126312	0.14030508697032928	1.0801293849945068	0.5152178406715393	-0.2642020583152771	0.6353333592414856	0.14310608804225922
V81G	-0.8165988326072693	-0.5026339888572693	-0.5684350728988647	-1.0761090517044067	-0.5257167816162109	-0.12928417325019836	-1.104264497756958	0.8946543335914612	0.046128205955028534	0.06316427141427994	-0.37190955877304077
V81H	0.172732412815094	-0.1213660016655922	-0.18842311203479767	0.39359962940216064	0.04452626034617424	0.21236266195774078	0.3186587989330292	0.23690320551395416	0.47494274377822876	0.4795454144477844	0.20234818756580353
V81I	0.5687234997749329	0.283162921667099	0.62748122215271	0.15201091766357422	1.0657918453216553	0.24684672057628632	1.5376777648925781	-0.19019952416419983	0.6825736165046692	0.8186164498329163	0.5792685747146606
V81K	-0.0175737664103508	-0.10251843184232712	-0.02578824758529663	-1.0681284666061401	-0.21766871213912964	0.053251445293426514	-0.7923235893249512	0.1596311628818512	0.39709436893463135	0.7446067333221436	-0.08694173395633698
V81L	0.3716360628604889	0.2922970652580261	0.40956100821495056	-0.42630690336227417	-0.13712777197360992	-0.8803899884223938	0.38510286808013916	-0.20929963886737823	0.2939329743385315	0.6375010013580322	0.07369067519903183
V81M	0.3416156768798828	0.7357780933380127	0.18911060690879822	0.10815681517124176	0.26616084575653076	0.19006691873073578	0.5105157494544983	0.7864453196525574	0.11684916913509369	0.7978109121322632	0.40425100922584534
V81N	-0.35790950059890747	-0.31647059321403503	0.17807485163211823	-0.06676405668258667	0.07903333008289337	0.33271992206573486	0.11542608588933945	-0.1637655645608902	0.806919515132904	-0.6090574860572815	-0.0001793503761291504
V81P	-0.3194371461868286	-1.046740174293518	-0.6331013441085815	-1.0238513946533203	-0.24982580542564392	-0.8922061324119568	-0.9371216297149658	-0.0023666881024837494	-0.3387078642845154	-0.40184521675109863	-0.5845203399658203
V81Q	-0.13830649852752686	0.06281144917011261	-0.16364410519599915	0.25385040044784546	-0.07670651376247406	0.1896074414253235	-0.3615230619907379	0.22169534862041473	0.36804115772247314	0.6438062787055969	0.09996318817138672
V81R	0.10733875632286072	-0.5063559412956238	0.037615880370140076	-0.4574887156486511	-0.2375783920288086	0.4882155656814575	-0.5304589867591858	-0.07743705809116364	0.08900425583124161	0.7836093902587891	-0.03035353496670723
V81S	0.10648016631603241	0.16215577721595764	0.006711825728416443	0.02688733860850334	0.00873417779803276	0.38815760612487793	-0.6978949904441833	0.553588330745697	0.14446407556533813	-0.08909270167350769	0.061019159853458405
V81T	0.5260840654373169	0.8388288021087646	0.5210740566253662	0.4647179841995239	0.7364842891693115	0.6851853132247925	0.09238576889038086	0.7232152223587036	0.35278189182281494	0.6673582792282104	0.5608115792274475
V81W	-0.42004474997520447	-0.11695732921361923	-0.502421498298645	-0.09657828509807587	-0.040727563202381134	-0.09746057540178299	-0.13997811079025269	-0.04082136228680611	-0.1075664609670639	-0.002827860414981842	-0.15653838217258453
V81Y	0.05434172973036766	0.12356476485729218	-0.12738525867462158	-0.018428262323141098	0.04848238080739975	0.1584647297859192	0.5022968649864197	-0.0841861367225647	-0.08834375441074371	0.15747205913066864	0.07262791693210602
N82A	-0.5136628746986389	-0.018866881728172302	0.318417489528656	0.19884084165096283	0.268665611743927	-0.1182636171579361	-0.638731837272644	0.4049786627292633	0.14036741852760315	-0.01864968240261078	0.0023095146752893925
N82C	-0.04648066312074661	-0.27480801939964294	-0.8046920299530029	-0.8293916583061218	-0.41254550218582153	-0.7689762115478516	-0.3481324315071106	0.27724114060401917	0.011093981564044952	-0.19461070001125336	-0.339130163192749
N82D	-0.0058820173144340515	-0.43608999252319336	-0.36634349822998047	-1.2494924068450928	0.2155633419752121	0.041745640337467194	-0.5422307848930359	-0.4135707914829254	-0.23822923004627228	-0.03410278260707855	-0.3028632700443268
N82E	-0.32626304030418396	-0.3217790126800537	-0.5222117900848389	-0.8286387324333191	-0.9178524017333984	-1.0721920728683472	-0.7406604886054993	0.24221663177013397	0.5273342132568359	-0.6102945804595947	-0.4570341110229492
N82F	-1.4027785062789917	-0.010252021253108978	-0.309777170419693	-0.7555066347122192	0.01850895956158638	0.04906512051820755	-0.7668846249580383	-0.34603893756866455	-0.1165841668844223	-1.125188946723938	-0.47654372453689575
N82G	-0.032976821064949036	-0.35397788882255554	0.4090532660484314	-0.44390368461608887	-0.4391162693500519	-0.4229835867881775	-0.9514291286468506	-0.35187292098999023	-0.3631872534751892	-1.0556647777557373	-0.4006059169769287
N82H	-0.22035297751426697	-0.05731052905321121	-0.7076904773712158	-0.9035512208938599	-0.5092052221298218	-0.771064043045044	-0.8939871191978455	-0.32635006308555603	-0.10728760063648224	-0.4653177857398987	-0.4962116777896881
N82I	-1.215914249420166	-0.2543608844280243	-0.009058218449354172	-0.9823830127716064	-0.26772889494895935	-0.02530512586236	-0.4896065890789032	-0.9407371878623962	-0.19317929446697235	-0.8229799270629883	-0.5201252698898315
N82K	-0.8754841089248657	-0.8957957625389099	-0.34104520082473755	-0.9939161539077759	-0.5826766490936279	-0.47186875343322754	-0.45386043190956116	-0.2558571398258209	-0.12340687215328217	0.0006653517484664917	-0.4993245601654053
N82L	-0.38760095834732056	0.2993538975715637	-0.0418965108692646	0.3227238357067108	-0.27188652753829956	-0.08901964128017426	-0.6089616417884827	-0.25220292806625366	-0.587228000164032	-0.7602878212928772	-0.23770062625408173
N82M	-0.34469082951545715	-0.18429023027420044	-0.767980694770813	-0.8504089713096619	-0.5525041818618774	-1.17526113986969	-0.4974157512187958	-0.27093419432640076	0.10794197022914886	-0.8635683655738831	-0.539911150932312
N82P	-1.1494204998016357	-0.5238001346588135	-0.604087233543396	-1.0121386051177979	-0.4856034219264984	-0.6351575255393982	-1.0534095764160156	-0.6933477520942688	-0.42422574758529663	-1.3611918687820435	-0.7942382097244263
N82Q	-0.22870498895645142	-0.6027638912200928	-0.5156010389328003	-1.3127083778381348	-0.30122658610343933	-0.1971697062253952	-0.684295117855072	-0.44186848402023315	-0.5303469896316528	-0.27778202295303345	-0.5092467069625854
N82R	-0.4228426218032837	-0.6498110294342041	-0.07264844328165054	-0.8828353881835938	0.011647611856460571	-0.3089396357536316	-0.18678636848926544	-0.5448044538497925	0.15167438983917236	-0.44569677114486694	-0.3351042866706848
N82S	-0.20513606071472168	-0.37160927057266235	-0.13410219550132751	0.056024231016635895	0.2251952588558197	-0.01572727970778942	-0.6225885152816772	0.17303429543972015	0.09259548783302307	-0.18906547129154205	-0.09913794696331024
N82T	-1.087842583656311	-0.5326538681983948	-0.3588917851448059	0.24141083657741547	0.14353618025779724	0.12876631319522858	-0.8258953094482422	-0.5149954557418823	0.2525637447834015	0.2543065547943115	-0.2299695461988449
N82V	-1.2959426641464233	-0.2058657705783844	-0.034212879836559296	-0.49157077074050903	-0.29695138335227966	0.11484131217002869	-0.5945889949798584	-0.4952113926410675	-0.24502341449260712	-0.37347888946533203	-0.3918004631996155
N82W	-0.586933434009552	-0.17879927158355713	-0.9726320505142212	-1.2541193962097168	-0.6999017000198364	-1.4097435474395752	-0.9758740067481995	-0.5098369121551514	-0.6931723356246948	-1.0305111408233643	-0.8311523199081421
N82Y	-0.2995379567146301	-0.2979916036128998	-0.7255386114120483	-0.932517409324646	-0.4302959144115448	-1.0784038305282593	-0.8049501180648804	-0.4938805401325226	-0.077599436044693	-1.0171030759811401	-0.6157819032669067
S83A	0.08057920634746552	0.38067618012428284	-0.056920506060123444	0.3273291289806366	0.7215125560760498	0.5341602563858032	0.9581205248832703	0.13993827998638153	0.9555650353431702	0.04221348464488983	0.4083174169063568
S83C	0.5315576195716858	0.16008546948432922	0.6048628091812134	0.24722780287265778	0.7062149047851562	0.20528079569339752	0.3512353301048279	0.21516962349414825	0.6744465827941895	0.15363579988479614	0.3849716782569885
S83D	0.9538177847862244	0.41608351469039917	0.5621256828308105	0.2771027386188507	0.411916583776474	0.20126973092556	0.0831720158457756	1.070933222770691	0.7311230897903442	0.15531422197818756	0.48628586530685425
S83E	0.5958970785140991	0.23996210098266602	-0.640889048576355	0.9172727465629578	0.12137453258037567	-0.10061798244714737	0.2405080646276474	0.011229287832975388	0.8979682326316833	0.35060447454452515	0.26333096623420715
S83F	0.2558118999004364	0.7790499925613403	1.0163347721099854	0.5651078820228577	0.7532014846801758	0.5627643465995789	0.8300829529762268	0.9084125757217407	0.6852549314498901	0.49600750207901	0.6852028369903564
S83G	0.42663902044296265	0.3864471912384033	-0.07406303286552429	1.0654431581497192	0.2762611210346222	0.9333252906799316	0.3680136203765869	0.4429491460323334	0.8418259024620056	-0.25247907638549805	0.441436231136322
S83H	0.7513734102249146	0.05151315778493881	0.43420156836509705	0.44447481632232666	0.3536321520805359	0.44115597009658813	0.9996238350868225	0.8457241058349609	0.4846193194389343	0.5929892063140869	0.5399307012557983
S83I	0.18143755197525024	0.5010346174240112	0.7228080034255981	0.8662915825843811	0.962631106376648	0.25572270154953003	0.5698170065879822	0.8025601506233215	0.7981094717979431	0.23883987963199615	0.589925229549408
S83K	0.282490611076355	0.2441023588180542	0.7257686853408813	0.3756968080997467	0.5016711950302124	0.42638474702835083	-0.2277723252773285	0.09623458981513977	0.6768099069595337	0.019426926970481873	0.31208133697509766
S83L	0.06737552583217621	0.25534588098526	0.549938440322876	0.3714836835861206	-0.46087446808815	0.46059221029281616	1.31271231174469	0.9838448166847229	0.7553360462188721	0.28108978271484375	0.4576844274997711
S83M	0.2949051856994629	0.3971254527568817	0.4934346377849579	0.3152616024017334	0.4574355483055115	0.28283965587615967	-0.020158452913165092	0.658312976360321	0.36883342266082764	0.16558268666267395	0.3413572907447815
S83N	0.942354679107666	1.0226006507873535	0.5805680751800537	0.45074689388275146	0.8368145227432251	0.49173635244369507	-0.29169824719429016	1.0550930500030518	1.0849828720092773	-0.031444430351257324	0.6141754388809204
S83P	0.32737410068511963	-0.26775914430618286	0.8733526468276978	0.16192764043807983	0.7098482847213745	0.6010819673538208	0.19157502055168152	-0.3767659068107605	0.16623295843601227	0.27779877185821533	0.2664666771888733
S83Q	0.724993884563446	0.39293450117111206	0.7248430252075195	0.43016543984413147	0.2815997302532196	0.10549475252628326	0.058078519999980927	0.5094453692436218	0.448314368724823	0.43987369537353516	0.4115743637084961
S83R	0.47903916239738464	0.3794148862361908	0.46621647477149963	0.7380761504173279	0.2070460021495819	0.2790794372558594	-0.14490991830825806	0.7885807752609253	0.4889150857925415	0.5881892442703247	0.4269647002220154
S83T	0.2980514466762543	0.2826669216156006	0.6951322555541992	0.779442310333252	0.9695992469787598	0.6394094824790955	1.174588680267334	0.6495611071586609	0.9180055856704712	0.17657214403152466	0.658302903175354
S83V	0.17485016584396362	0.1296299695968628	0.2742874026298523	0.27049434185028076	0.4439324140548706	0.7575492858886719	0.8888737559318542	0.5222610831260681	0.445027232170105	0.3485853374004364	0.42554908990859985
S83W	0.18572287261486053	0.1833454668521881	0.11293241381645203	-0.004274237900972366	0.4934097230434418	0.07279974222183228	0.1512918472290039	0.07901711761951447	0.09301161766052246	0.21626242995262146	0.15835191309452057
S83Y	0.40747004747390747	0.3103419244289398	0.21234580874443054	0.17354951798915863	0.7316749095916748	0.20437082648277283	0.6522299647331238	0.5142622590065002	0.29487788677215576	0.2958672046661377	0.3796990215778351
F84A	-0.057947106659412384	0.3695782721042633	0.4960329234600067	0.2922488749027252	-0.451081246137619	-0.058764662593603134	0.1829293668270111	-0.23643732070922852	0.2950900197029114	0.01866433024406433	0.08503134548664093
F84C	1.057483196258545	0.6142555475234985	1.0844688415527344	1.0799319744110107	0.633104681968689	0.6274079084396362	0.9152777791023254	1.187373161315918	0.9467996954917908	0.6252472996711731	0.8771349787712097
F84D	-0.373121052980423	-0.6107605695724487	-0.6465747356414795	-0.5468719005584717	-0.7647203207015991	-0.15266451239585876	0.1633148193359375	-0.43487483263015747	-0.019821591675281525	-0.9882659912109375	-0.437436044216156
F84E	-0.5378304719924927	-1.4910039901733398	-0.6277272701263428	-0.4323483109474182	-0.6829690933227539	-0.6438654661178589	-0.5928342938423157	-1.2388999462127686	-1.104033350944519	-0.48981988430023193	-0.7841331958770752
F84G	-0.1902221143245697	-0.7113454341888428	-0.43700799345970154	-0.22019685804843903	-0.41385138034820557	-0.22255218029022217	0.0318400114774704	-0.14331118762493134	-0.3082476854324341	0.7180569171905518	-0.18968379497528076
F84H	0.6265209317207336	0.47492897510528564	0.7341748476028442	0.6197845339775085	0.2392890602350235	0.19780434668064117	0.9178603887557983	0.4177137017250061	0.34012937545776367	0.7250811457633972	0.5293287038803101
F84I	0.7389046549797058	1.0584200620651245	1.2839398384094238	1.0030375719070435	0.9073808193206787	0.8124008774757385	1.3814531564712524	1.0431535243988037	0.8192229270935059	-0.22695936262607574	0.8820953369140625
F84K	0.3121159076690674	0.3282470107078552	-0.09372108429670334	-0.20634762942790985	-0.3549920618534088	-0.038127146661281586	-0.2706459164619446	-0.09385085105895996	-0.11480216681957245	-0.5579587817192078	-0.10900827497243881
F84L	-0.2696850895881653	0.40420588850975037	0.8154581785202026	0.20901347696781158	0.3328508734703064	0.1353447288274765	0.5321910977363586	-0.6464940905570984	0.5763250589370728	0.16635185480117798	0.2255561798810959
F84M	1.0750144720077515	0.8117600083351135	1.3705811500549316	1.2949050664901733	0.8425191640853882	0.7814512252807617	1.3545262813568115	1.0688350200653076	0.6795525550842285	0.8488227725028992	1.0127968788146973
F84N	0.4474591910839081	-0.1862587034702301	0.7108104228973389	0.284872442483902	0.2603369355201721	0.2667354941368103	0.8155802488327026	0.8435862064361572	0.7062856554985046	0.008578948676586151	0.4157986640930176
F84P	0.1376165747642517	-0.18670648336410522	0.43806570768356323	-0.34648096561431885	0.07668185234069824	-0.048685260117053986	0.8116187453269958	0.2250528484582901	0.21879707276821136	-0.17359967529773712	0.11523604393005371
F84Q	0.5691178441047668	0.13542187213897705	0.044642165303230286	-0.008553039282560349	-0.2506656050682068	0.36528778076171875	0.24187663197517395	-0.01958424225449562	0.2163950651884079	-0.334747314453125	0.09591910988092422
F84R	0.1653500497341156	0.2373257577419281	-0.07745063304901123	-0.016454871743917465	-0.4344749450683594	0.16076497733592987	-0.13397514820098877	-0.032085295766592026	-0.27773988246917725	-0.34322041273117065	-0.0751960426568985
F84S	0.17665910720825195	-0.36464133858680725	0.11200159788131714	-0.014923658221960068	0.030036602169275284	0.5438169240951538	0.05595697462558746	0.4401308298110962	0.02473805844783783	-0.26634013652801514	0.07374349981546402
F84T	0.5587106347084045	-0.09505163878202438	0.5938923358917236	0.5378532409667969	-0.0954078733921051	0.3642825484275818	0.9496340751647949	0.6843751668930054	0.024264231324195862	-0.026906147599220276	0.34956467151641846
F84V	-0.02824636548757553	0.3531106412410736	0.5904297828674316	0.965659499168396	0.44429853558540344	0.46171510219573975	0.7017176151275635	0.38200289011001587	0.758932888507843	0.08566408604383469	0.47152847051620483
F84W	0.5899308919906616	0.7799227237701416	1.282096266746521	0.9049018025398254	0.6698349714279175	0.5655577182769775	1.2736420631408691	1.0322206020355225	0.3872034549713135	1.0315078496932983	0.8516817092895508
F84Y	0.4481956958770752	0.5711544156074524	1.1647706031799316	1.110350251197815	0.6172040700912476	0.6201575398445129	1.3375978469848633	1.0365097522735596	1.1977282762527466	0.4691937565803528	0.8572861552238464
I85A	0.7505558133125305	0.5288936495780945	1.0324079990386963	0.8865529894828796	1.114661693572998	1.2530579566955566	0.7600871920585632	0.9495624899864197	1.0317070484161377	1.4417591094970703	0.9749245643615723
I85C	1.1592239141464233	-0.007382899522781372	0.6247835159301758	0.9103901386260986	0.3534543216228485	0.7313070297241211	0.7654293179512024	0.06635953485965729	0.6460815072059631	0.6040684580802917	0.5853714346885681
I85D	0.6750825047492981	0.8822086453437805	0.8522709608078003	0.607784628868103	0.6714351177215576	0.37882137298583984	1.0195691585540771	0.9957854151725769	1.3281149864196777	0.852330207824707	0.8263403177261353
I85E	0.025298181921243668	0.32662349939346313	1.1933300495147705	1.0858027935028076	0.7477422952651978	1.0034610033035278	0.4289509654045105	0.3782846927642822	0.6610486507415771	0.745381236076355	0.65959233045578
I85F	1.0652031898498535	0.14613841474056244	0.5921090841293335	0.7488785982131958	0.9094904661178589	0.3340163230895996	0.5888190865516663	0.5432396531105042	0.8204128742218018	0.5163079500198364	0.6264615058898926
I85G	0.31326839327812195	0.7662894129753113	1.0359883308410645	0.3567516803741455	0.8386883735656738	1.0636487007141113	0.6869668960571289	0.55058354139328	0.8723388910293579	0.9304628968238831	0.7414986491203308
I85H	0.7077206373214722	-0.06124865263700485	0.5853304862976074	0.7598118185997009	0.460438072681427	0.5626105070114136	0.7907755970954895	0.44987672567367554	0.5848903656005859	0.8422843813896179	0.5682489275932312
I85K	0.5966024398803711	0.7356981635093689	0.7746304273605347	0.6144688129425049	0.8135578632354736	0.6765272617340088	0.76795893907547	0.7448993921279907	1.1074559688568115	0.8330851793289185	0.7664884328842163
I85L	0.49164506793022156	0.9037708640098572	0.3955921232700348	0.4208378791809082	0.9354386329650879	0.3926762342453003	1.0974844694137573	1.099923014640808	0.8278064131736755	0.5508590340614319	0.7116034030914307
I85M	0.9520936608314514	0.10541447252035141	0.5565931797027588	0.9919255971908569	0.3691672384738922	0.3175017237663269	0.6908846497535706	0.0176558718085289	0.6227599382400513	0.5137076377868652	0.5137704014778137
I85N	0.4454382658004761	0.11378401517868042	0.6703613996505737	0.6146829724311829	0.6229043006896973	0.46949535608291626	1.135974407196045	0.7707812190055847	1.045634388923645	0.602554202079773	0.6491609811782837
I85P	0.1459381878376007	-1.0810675621032715	0.11944220960140228	0.4739718437194824	0.6386910676956177	0.285352885723114	0.48379015922546387	-0.36607953906059265	0.605879008769989	-0.7041599154472351	0.060175828635692596
I85Q	0.7005912065505981	0.4564480185508728	0.7382606267929077	0.6874844431877136	0.651762843132019	0.6028590202331543	0.6626352071762085	0.484680712223053	0.8122987747192383	0.3420536518096924	0.6139074563980103
I85R	0.335232675075531	0.8956376910209656	0.8633655309677124	0.874620258808136	0.5986082553863525	0.6357271671295166	0.9243291020393372	0.5966352224349976	0.8722602128982544	0.36023586988449097	0.6956652402877808
I85S	0.9182483553886414	0.6048294901847839	1.124967336654663	0.4694158434867859	1.0682286024093628	0.9996473789215088	0.6371503472328186	0.802455723285675	0.96858149766922	0.9391944408416748	0.8532719612121582
I85T	1.1202417612075806	0.44167858362197876	0.7400919198989868	0.9846681952476501	1.0043736696243286	0.780154287815094	0.7241514325141907	0.9727548956871033	1.0444468259811401	0.9219405651092529	0.8734502792358398
I85V	0.5868854522705078	0.8678988218307495	0.5695022344589233	0.9214884042739868	0.9140985012054443	0.6345634460449219	0.9649925827980042	0.9881557822227478	1.2316068410873413	0.539006233215332	0.8218199014663696
I85W	0.1599346399307251	0.12014922499656677	0.16541844606399536	0.6404745578765869	0.27297699451446533	0.21085263788700104	0.5760172009468079	-0.048074863851070404	0.13888363540172577	0.5827232599258423	0.28193554282188416
I85Y	1.0161900520324707	0.1633862853050232	0.5100953578948975	0.6886869072914124	0.32611367106437683	0.5248590707778931	1.0947082042694092	0.41659578680992126	0.5977613925933838	0.9864202737808228	0.6324816942214966
E86A	0.986474335193634	0.6512069702148438	0.6372073888778687	0.8088293075561523	0.821548581123352	0.5834269523620605	0.9944381713867188	1.2858927249908447	0.5208029747009277	0.061241354793310165	0.7351068258285522
E86C	-0.18583649396896362	-0.5096122026443481	-0.34208163619041443	0.05562790855765343	0.17570436000823975	0.4127624034881592	-0.434856116771698	0.727789044380188	0.09052931517362595	0.13481464982032776	0.012484123930335045
E86D	0.663059651851654	0.09527404606342316	0.16230709850788116	0.7324003577232361	0.13353997468948364	0.6552587151527405	0.7022848129272461	0.7807371020317078	0.47317981719970703	0.5865949988365173	0.4984636902809143
E86F	0.30491122603416443	-0.01035422831773758	-0.0698569118976593	1.145461082458496	-0.048265330493450165	0.4666447639465332	0.058897003531455994	0.6460179686546326	0.20676381886005402	-0.07314713299274445	0.2627072334289551
E86G	0.9809638857841492	0.23948150873184204	0.7311574220657349	0.21763475239276886	0.3449563980102539	0.3137238025665283	0.7247055172920227	1.231846809387207	0.7310720682144165	0.49475622177124023	0.6010298132896423
E86H	0.17452377080917358	-0.35075926780700684	0.09463685750961304	0.05637737363576889	0.07516814768314362	0.5990322232246399	0.33867183327674866	0.690902590751648	0.23329202830791473	0.14598466455936432	0.20578303933143616
E86I	0.46167120337486267	0.10049526393413544	0.2234072983264923	0.933673083782196	0.11607566475868225	0.3670172691345215	0.06916934251785278	0.8897616267204285	0.3115805983543396	0.48009276390075684	0.3952943980693817
E86K	0.8229932188987732	0.8776842355728149	0.35775089263916016	0.07783500850200653	0.5313825607299805	0.5688790678977966	0.9725997447967529	1.2017616033554077	0.693710207939148	0.1944154053926468	0.6299012303352356
E86L	-0.1650848090648651	-0.7538001537322998	-0.4018026888370514	-0.1721111685037613	0.6302481889724731	-0.12701307237148285	0.44343432784080505	0.5140392780303955	0.19276192784309387	-0.10192945599555969	0.005874240305274725
E86M	-0.0720471516251564	-0.4219687581062317	-0.1761506348848343	-0.013538550585508347	0.15906020998954773	0.600396454334259	-0.1614237129688263	0.8042210936546326	0.1231105625629425	0.2886677086353302	0.11303272098302841
E86N	0.5330506563186646	0.25905266404151917	0.3534387946128845	0.9444376230239868	0.18396222591400146	0.6613415479660034	0.46853986382484436	0.8668319582939148	0.4030842185020447	0.461828351020813	0.5135568380355835
E86P	0.2562183737754822	0.6608644127845764	0.9227603673934937	0.9155251979827881	-0.05322960019111633	0.5851609110832214	0.3969961702823639	-0.053274188190698624	0.5258291363716125	0.4083936810493469	0.45652446150779724
E86Q	0.6706576943397522	0.5731831789016724	0.4144788980484009	0.7489444017410278	0.22359195351600647	0.7841692566871643	0.6335234045982361	0.9427035450935364	0.5083456635475159	0.6570491790771484	0.6156647205352783
E86R	0.9993643164634705	0.3562774062156677	0.2794934809207916	0.775712251663208	0.2499968260526657	0.7841367721557617	0.5488317608833313	1.136800765991211	0.7749819159507751	0.3818650245666504	0.6287460327148438
E86S	1.093368411064148	0.6701503396034241	0.5545835494995117	0.3567754626274109	0.5263105630874634	0.8662719130516052	0.8521238565444946	1.6243833303451538	0.6252464056015015	-0.11938537657260895	0.7049828767776489
E86T	0.902260422706604	0.619192898273468	0.40774062275886536	0.7599299550056458	0.611208438873291	0.816094696521759	0.6427434682846069	1.349527359008789	0.5438658595085144	0.31328922510147095	0.6965852975845337
E86V	0.4873621463775635	0.3124910295009613	0.07329653948545456	0.5903233289718628	0.5785259008407593	0.5903319120407104	0.49397364258766174	0.4702965021133423	0.48501497507095337	-0.30280011892318726	0.37788158655166626
E86W	-0.2916504442691803	-0.6108061671257019	0.07095978409051895	-0.3389492630958557	0.07080462574958801	0.4482617974281311	-0.1614210307598114	0.42363837361335754	0.09801164269447327	0.060360386967659	-0.02307903580367565
E86Y	0.032395001500844955	-0.694830060005188	-0.4432127773761749	-0.003165964037179947	0.01730305701494217	0.19054028391838074	0.010602174326777458	0.5902098417282104	-0.08417107164859772	0.05428982898592949	-0.03300395607948303
K87A	0.5604866147041321	0.6070360541343689	0.21474605798721313	0.46133503317832947	0.40447673201560974	0.35693734884262085	0.7966734766960144	0.6137522459030151	0.6180673837661743	0.5307731628417969	0.5164284110069275
K87C	0.21124672889709473	0.040437765419483185	-0.2314983308315277	-0.37947878241539	-0.1387576460838318	0.05686981976032257	0.36517730355262756	-0.089690200984478	-0.06949213147163391	0.37004899978637695	0.013486349955201149
K87D	0.24812579154968262	0.3219677209854126	0.49083128571510315	0.29861950874328613	0.22187700867652893	0.24115090072155	0.5516125559806824	0.499103844165802	0.36351603269577026	0.2814663052558899	0.35182708501815796
K87E	0.5460237860679626	0.67181795835495	0.5668203830718994	0.5872035026550293	0.321220338344574	0.318043053150177	0.8096811771392822	0.936331570148468	0.8511555194854736	0.5113616585731506	0.6119658946990967
K87F	-0.11800067871809006	0.36672213673591614	-0.28047502040863037	0.6050468683242798	0.4327450394630432	0.2789387106895447	0.8367589712142944	0.026767920702695847	0.3073926866054535	0.6291540265083313	0.3085050582885742
K87G	0.23601269721984863	0.42237991094589233	0.4432779848575592	0.21441881358623505	0.39541491866111755	0.2980441451072693	0.675969660282135	0.6774607300758362	0.4258379340171814	0.6150630712509155	0.4403879642486572
K87H	0.07577544450759888	0.26736190915107727	0.19397863745689392	-0.21714015305042267	0.14968237280845642	0.42414629459381104	0.4708261489868164	0.22151969373226166	0.04869689419865608	0.40147823095321655	0.20363254845142365
K87I	0.05321803689002991	0.6707863807678223	-0.5812182426452637	0.6466389894485474	0.39107397198677063	0.15314970910549164	0.8607437610626221	0.3476724624633789	0.3471969962120056	0.8589184880256653	0.3748180568218231
K87L	0.9904854893684387	0.3692702353000641	-0.2260746955871582	0.30884072184562683	0.7061358690261841	-0.10091739147901535	0.1037982851266861	0.0014990754425525665	0.4175410270690918	0.5066531896591187	0.3077232241630554
K87M	0.017923716455698013	0.2588210105895996	-0.2529345750808716	-0.17711086571216583	-0.023076608777046204	0.13494546711444855	0.567175567150116	-0.0818474143743515	-0.16140899062156677	0.36080747842788696	0.06432948261499405
K87N	0.09644783288240433	0.3075021207332611	0.4705289304256439	-0.02546694502234459	0.28015774488449097	0.36126065254211426	0.5974143147468567	0.5475440621376038	0.23273581266403198	0.3935767412185669	0.3261701166629791
K87P	0.0813695639371872	0.27119186520576477	0.1598394215106964	0.6364529132843018	0.3205544650554657	0.4191058278083801	0.4390154182910919	0.40347519516944885	0.16856929659843445	0.3120640516281128	0.3211638033390045
K87Q	0.1741219460964203	0.3863409161567688	0.5062296390533447	0.20415730774402618	0.2414163053035736	0.28114938735961914	0.5901026129722595	0.6707722544670105	0.29190242290496826	0.308050274848938	0.3654243052005768
K87R	0.24095481634140015	0.44482719898223877	0.5144953727722168	0.5956806540489197	0.36007338762283325	0.3516020178794861	0.7531809210777283	0.38607504963874817	0.35990989208221436	0.19076555967330933	0.4197564721107483
K87S	0.32236912846565247	0.35951054096221924	0.3307288587093353	0.37091946601867676	0.33487170934677124	0.4516870379447937	0.644784152507782	0.5853185057640076	0.3834913969039917	0.3502121567726135	0.41338929533958435
K87T	0.40529200434684753	0.4074530005455017	0.3372633159160614	0.47471609711647034	0.3706418573856354	0.35078608989715576	0.6187782287597656	0.6819193959236145	0.39956676959991455	0.4874991178512573	0.4533916115760803
K87V	0.1825292706489563	0.7407028675079346	0.27681785821914673	0.7846168279647827	0.6455097198486328	0.1075659841299057	0.7439562678337097	0.3016465902328491	0.3897240161895752	1.0769739151000977	0.5250042676925659
K87W	0.05297822505235672	-0.03830154985189438	-0.26198747754096985	-0.3464943468570709	-0.11105857789516449	0.0942031592130661	0.29635873436927795	-0.4893694818019867	-0.48538362979888916	0.30888229608535767	-0.09801726043224335
K87Y	0.2975483536720276	0.14495275914669037	-0.22094187140464783	-0.34719571471214294	-0.14696824550628662	0.33924466371536255	0.4385335147380829	-0.1325564980506897	-0.260034441947937	0.3921501040458679	0.05047326162457466
E88A	0.8171144723892212	0.1236623227596283	0.37809160351753235	0.22265507280826569	0.03162361681461334	0.6894547939300537	0.6778854727745056	0.7700501084327698	0.1875450164079666	0.7747304439544678	0.4672812819480896
E88C	0.7890890836715698	0.2618909478187561	0.6737619638442993	0.5061593055725098	0.10253424942493439	0.3559681177139282	1.0529701709747314	-0.10206151008605957	0.2969958186149597	0.47266149520874023	0.4409969449043274
E88D	0.9936140179634094	0.49250859022140503	0.9857027530670166	0.9444985389709473	0.5494834184646606	0.6981784105300903	0.9228975176811218	0.8880677223205566	0.46063876152038574	0.5698543787002563	0.7505444288253784
E88F	0.5250861644744873	0.33228081464767456	0.4835052788257599	0.1313171088695526	0.33672812581062317	0.3648911118507385	-0.18940049409866333	0.6026374697685242	0.2291586846113205	0.29414087533950806	0.31103450059890747
E88G	0.5454992055892944	0.5320899486541748	0.22929280996322632	0.045497793704271317	0.03770150989294052	0.6352849006652832	0.29981526732444763	0.601279079914093	0.5125669836997986	0.959028959274292	0.4398055970668793
E88H	0.6592922806739807	0.1999833881855011	0.6155320405960083	0.7484306693077087	0.4814048707485199	0.1449505239725113	1.1162657737731934	-0.06895452737808228	0.7961229085922241	0.645487368106842	0.5338515043258667
E88I	0.6539377570152283	0.2563902735710144	0.5726009607315063	0.7008093595504761	0.5435671806335449	0.8817402720451355	0.906380832195282	0.7442843914031982	0.388547420501709	0.5098996162414551	0.6158158183097839
E88K	0.4285397529602051	0.43730148673057556	0.9810318946838379	0.4681953191757202	0.2666817903518677	1.0738520622253418	0.9691683650016785	0.86202472448349	0.0858607143163681	1.07402765750885	0.6646683812141418
E88L	0.49717116355895996	-0.2392297387123108	0.6714886426925659	1.1485573053359985	-0.16236162185668945	-0.301005482673645	0.4167029857635498	0.9585595726966858	0.27021199464797974	0.6205382943153381	0.38806331157684326
E88M	0.6418106555938721	0.2669619619846344	0.732374906539917	0.5758916139602661	0.4139060378074646	0.37188833951950073	0.8431702256202698	0.4718131422996521	0.454345166683197	0.5758352279663086	0.5347996950149536
E88N	0.8983668684959412	0.7873574495315552	0.7422035932540894	0.699521005153656	0.5364178419113159	0.5651741623878479	0.7105712294578552	0.944060742855072	0.4830356240272522	0.8866810202598572	0.7253389954566956
E88P	0.8472580313682556	0.38924163579940796	0.5715631246566772	0.6582352519035339	0.4158465564250946	0.33219003677368164	0.8657227158546448	0.8874556422233582	0.559747576713562	0.5032637715339661	0.6030524969100952
E88Q	0.9487854838371277	0.7300657033920288	1.301722526550293	0.8069337606430054	0.7125486135482788	0.5680838227272034	1.0185123682022095	1.034203290939331	0.5055775046348572	0.8898950815200806	0.8516327738761902
E88R	0.7999534010887146	0.5423303246498108	0.9963986873626709	1.0713530778884888	0.39094945788383484	0.9472735524177551	0.6958118677139282	0.8840283751487732	0.3978489637374878	1.1122504472732544	0.7838197946548462
E88S	0.5977057218551636	0.5562219023704529	0.828133225440979	0.8291459083557129	0.1977081298828125	0.5245154500007629	0.745037853717804	0.8922930359840393	0.5044039487838745	0.791358232498169	0.646652340888977
E88T	0.8302357196807861	0.5096736550331116	0.6230597496032715	1.0014678239822388	0.2164824903011322	0.6983346939086914	0.8416700959205627	1.1826010942459106	0.4610714316368103	0.7465965747833252	0.7111193537712097
E88V	0.4088314473628998	-0.0692075863480568	0.44349244236946106	1.1851694583892822	-0.15903009474277496	0.42820292711257935	0.7985225915908813	0.7869880795478821	-0.28118205070495605	0.8748956918716431	0.4416682720184326
E88W	0.4400533437728882	-0.08622560650110245	0.8128777742385864	0.45611655712127686	0.3748455345630646	0.0013555064797401428	0.5906704664230347	0.0924883782863617	0.4151642322540283	0.48959141969680786	0.3586937487125397
E88Y	0.5380560159683228	-0.18455708026885986	0.7020220756530762	0.7672516703605652	0.09651005268096924	0.11878491938114166	1.3209564685821533	-0.7347794771194458	0.48922985792160034	0.5301787853240967	0.3643653392791748
N89A	-0.18636098504066467	-0.0109691321849823	0.7444932460784912	0.3153187930583954	0.8122473955154419	1.0038111209869385	0.8435115218162537	0.7174643278121948	0.3679104447364807	0.48275935649871826	0.50901859998703
N89C	0.25079941749572754	0.5399777889251709	0.7514650821685791	-0.038329485803842545	0.4657970070838928	0.4066494107246399	-0.15739479660987854	0.117124542593956	0.19940806925296783	0.059840455651283264	0.25953373312950134
N89D	0.16978508234024048	0.393940806388855	0.8782548904418945	1.251167893409729	0.5601692199707031	0.8675892353057861	-0.5742367506027222	0.20230677723884583	0.2724981904029846	0.42617619037628174	0.4447650909423828
N89E	-0.052496038377285004	0.6310260891914368	-0.40803828835487366	0.505903959274292	1.0281035900115967	0.5888934135437012	0.8274453282356262	0.5327906012535095	0.21593311429023743	0.20361725986003876	0.4073178768157959
N89F	-0.6714717149734497	-0.011557824909687042	-0.3204929828643799	-0.21617580950260162	0.39201292395591736	0.219805046916008	-0.025971582159399986	-0.19233286380767822	-0.23953939974308014	-0.8360229730606079	-0.19017471373081207
N89G	0.5542418956756592	0.3188258409500122	-0.02403557300567627	-0.23292027413845062	0.5685365200042725	1.2804865837097168	0.44772857427597046	0.28824618458747864	1.1417686939239502	0.9175046682357788	0.5260382890701294
N89H	-0.18502578139305115	0.439684122800827	0.5702507495880127	0.4944029748439789	0.4754428565502167	0.3057176470756531	-0.9477826356887817	0.20263561606407166	0.6651010513305664	0.116248220205307	0.21366748213768005
N89I	-0.659723699092865	0.09233339875936508	-0.028981534764170647	-0.04104911908507347	0.40203261375427246	0.5468931794166565	0.4727068245410919	0.7646070718765259	-0.4014873504638672	-0.30510956048965454	0.08422218263149261
N89K	-0.11379549652338028	0.28644439578056335	0.3170432448387146	0.3685990571975708	0.5464224815368652	0.7429336905479431	0.7028788328170776	0.38600048422813416	-0.11569054424762726	0.58583664894104	0.3706672787666321
N89L	1.98566472530365	-0.3458293378353119	0.8645334243774414	0.29496708512306213	0.9882680177688599	0.8933491706848145	0.7381215691566467	1.408007025718689	0.7987131476402283	0.4557362198829651	0.8081531524658203
N89M	0.034854743629693985	0.2561809718608856	0.41316404938697815	0.16555623710155487	0.5549801588058472	0.38749033212661743	-0.40743061900138855	0.08553482592105865	0.3888091444969177	0.013073287904262543	0.1892213225364685
N89P	-0.6608464121818542	0.304386168718338	-0.1391505002975464	0.6026811003684998	0.4783117473125458	0.934380292892456	-1.0949004888534546	-0.3167007863521576	-0.4038845896720886	-0.08146269619464874	-0.03771861642599106
N89Q	0.3082066476345062	0.47303110361099243	0.5612012147903442	0.6317242980003357	0.6745915412902832	0.9766769409179688	-0.23764657974243164	0.43523406982421875	0.39364904165267944	0.3070775270462036	0.45237454771995544
N89R	0.055113762617111206	0.22718501091003418	0.259402871131897	0.8137405514717102	0.5269114375114441	1.1689680814743042	0.2402176558971405	0.2280666083097458	0.4187712073326111	0.8594506978988647	0.4797828197479248
N89S	0.24299493432044983	0.1794910430908203	0.2469533383846283	-0.005538608878850937	0.3679012954235077	1.2413934469223022	0.3676588833332062	0.382393479347229	0.3466038107872009	0.8198480010032654	0.4189699590206146
N89T	0.28645196557044983	0.10098794102668762	0.14119842648506165	-0.08789922297000885	0.2472882717847824	0.7595987319946289	0.20428931713104248	0.09566141664981842	-0.1777193695306778	-0.19243432581424713	0.1377423107624054
N89V	-0.22062763571739197	-0.8081753849983215	0.1655651181936264	0.035604048520326614	0.32674843072891235	0.47231531143188477	0.4924446642398834	0.5216423869132996	-0.5532999634742737	-0.038413867354393005	0.03938031941652298
N89W	-0.37869390845298767	-0.09041615575551987	0.09408921003341675	0.05821574479341507	-0.04384244233369827	0.14808961749076843	-0.6802152395248413	-0.12038728594779968	0.281432569026947	-0.4869835376739502	-0.12187113612890244
N89Y	-0.016287706792354584	0.36444979906082153	0.49634185433387756	0.2321263998746872	0.10451439023017883	0.30868256092071533	-0.7922219038009644	0.08377529680728912	-0.07989905774593353	-0.07812392711639404	0.06233576685190201
Y90A	0.17802301049232483	0.5388457179069519	0.2434750497341156	0.5543386936187744	0.2897600829601288	0.34211939573287964	0.605571985244751	0.8286290168762207	-0.08700497448444366	0.704107403755188	0.4197865426540375
Y90C	0.9260870218276978	0.6412178874015808	0.5039409399032593	1.4975957870483398	0.9204161167144775	0.6883987188339233	0.8746439218521118	2.1895110607147217	1.3147519826889038	0.8397191166877747	1.039628267288208
Y90D	1.145994782447815	0.5233158469200134	0.4553205668926239	1.0122658014297485	0.7256993055343628	1.0724961757659912	0.32366928458213806	1.0409820079803467	0.28959792852401733	0.481476366519928	0.7070819139480591
Y90E	0.21641403436660767	0.12816664576530457	0.5040473937988281	0.9566820859909058	-0.34441515803337097	0.623146653175354	1.5480647087097168	0.08406616747379303	0.6372925043106079	0.4874005913734436	0.4840865731239319
Y90F	0.632990300655365	0.3902811110019684	0.8604961633682251	0.0614246129989624	0.22318463027477264	-0.6765649318695068	0.16726034879684448	0.6303609013557434	-0.15808135271072388	0.9483789801597595	0.30797308683395386
Y90G	0.8511237502098083	0.5786814093589783	0.2869660258293152	-0.25295528769493103	0.02462933585047722	-0.33370542526245117	0.0918627679347992	0.5982427597045898	0.09230609238147736	0.5334534049034119	0.24706049263477325
Y90H	0.561816394329071	0.5841653943061829	0.46657630801200867	-0.16761662065982819	0.23677727580070496	0.5953556299209595	0.35802504420280457	1.4151779413223267	0.2672267556190491	0.49023497104644775	0.4807738661766052
Y90I	1.0415366888046265	0.3995194137096405	0.9270709753036499	0.7212592363357544	0.4843556582927704	-0.2693377733230591	1.2690554857254028	0.8442478775978088	0.32217937707901	1.0568783283233643	0.6796765327453613
Y90K	1.229313611984253	0.05310967564582825	0.362324595451355	0.15725688636302948	-0.06705904006958008	0.9107816219329834	0.5868777632713318	0.27538415789604187	-0.1616290956735611	0.4544823169708252	0.38008421659469604
Y90L	-0.26459118723869324	0.7029891014099121	0.33450832962989807	0.7521426677703857	1.2632006406784058	-1.085716962814331	0.6141506433486938	0.13421958684921265	-0.390536904335022	0.7840007543563843	0.2844367027282715
Y90M	1.0351600646972656	0.524242103099823	0.6995058059692383	1.532514214515686	0.790475606918335	0.43561291694641113	0.4703948199748993	1.5563756227493286	0.9378129243850708	0.8623441457748413	0.8844437599182129
Y90N	1.2829093933105469	0.5555420517921448	0.6391624212265015	1.4015700817108154	0.7432280778884888	0.7381422519683838	0.5330827832221985	1.5238196849822998	0.9578269720077515	0.6928112506866455	0.9068095088005066
Y90P	0.9872196316719055	-0.5232883095741272	0.14008334279060364	0.6802204251289368	0.23528793454170227	-0.6628221273422241	0.08769508451223373	1.3720667362213135	-0.030029676854610443	0.6719483137130737	0.2958381175994873
Y90Q	1.1634095907211304	0.9101596474647522	0.7116341590881348	1.2759400606155396	0.8797508478164673	1.015210747718811	0.5256084203720093	1.3514283895492554	1.1079260110855103	0.814335823059082	0.9755403399467468
Y90R	1.0845277309417725	0.8030120730400085	0.6331530809402466	1.1460270881652832	0.08561112731695175	1.3758209943771362	1.164100170135498	1.201859474182129	0.680045485496521	0.9119930267333984	0.908614993095398
Y90S	0.9506916999816895	0.16137894988059998	0.44615408778190613	0.06690721213817596	0.1058724895119667	-0.0810299962759018	0.18417814373970032	1.290810465812683	-0.08953607082366943	0.4219275116920471	0.34573546051979065
Y90T	0.7348327040672302	0.10192888975143433	0.17588433623313904	0.4808809161186218	0.1722293198108673	0.0647701695561409	0.30487969517707825	1.5790376663208008	-0.6942443251609802	0.6337873935699463	0.35539868474006653
Y90V	-0.39015263319015503	0.7787877917289734	0.5875681638717651	0.6000632047653198	0.7850813865661621	-0.08410227298736572	1.4468246698379517	0.821229875087738	-0.03198440372943878	0.9432967901229858	0.5456612706184387
Y90W	0.8139486908912659	-0.10236185044050217	0.10639654099941254	0.8955439925193787	0.16768212616443634	0.035870350897312164	0.39240095019340515	1.5269547700881958	0.11150342971086502	0.8375144004821777	0.4785453677177429
H91A	-0.6033533811569214	-0.3409614562988281	-0.4123477339744568	-0.689954400062561	-0.08753478527069092	-0.8668786287307739	-1.0328441858291626	-0.05573532357811928	-0.8070358633995056	-1.1978124380111694	-0.6094458103179932
H91C	-1.170043706893921	-0.761895477771759	-0.2803437113761902	-1.1806612014770508	-0.413717120885849	-1.5398800373077393	-0.7271721959114075	-0.38199129700660706	-1.3423970937728882	-0.5950322151184082	-0.8393135070800781
H91D	-0.36462926864624023	-0.34083613753318787	-0.5925991535186768	-0.9741435050964355	-0.8627456426620483	-0.8222513198852539	-0.8179575800895691	-0.9400107264518738	-1.1226402521133423	-0.6574068069458008	-0.7495220303535461
H91E	-0.8411334156990051	-1.0533061027526855	-0.5465526580810547	-0.9557466506958008	-0.5819263458251953	-0.8299655914306641	-0.7305191159248352	-1.113558292388916	-0.6979676485061646	-1.4724985361099243	-0.8823174238204956
H91F	-1.2200392484664917	-0.3065614402294159	-0.3249509334564209	-0.3643058240413666	-0.903408408164978	-1.2042990922927856	-1.251708745956421	-1.0322080850601196	-0.4706866145133972	-0.4168250560760498	-0.7494993209838867
H91G	-0.5913003087043762	-0.6245578527450562	-0.9458678960800171	-1.2107088565826416	-0.9003841876983643	0.10783103108406067	-1.039088487625122	-0.40389004349708557	-0.7137832641601562	-0.5550461411476135	-0.687679648399353
H91I	-0.6554038524627686	-0.3575131595134735	0.07649199664592743	-0.21130378544330597	-0.6940879821777344	-0.7987678050994873	-1.1754136085510254	-0.9066706299781799	-0.45445871353149414	-0.6246329545974731	-0.5801759958267212
H91K	-0.4721258878707886	-0.23678308725357056	-0.4803329110145569	-1.0664273500442505	-1.140557885169983	-0.5232617855072021	-1.0800771713256836	-0.9048495292663574	-0.7669440507888794	-0.8400185704231262	-0.7511378526687622
H91L	-0.17468717694282532	-0.05945239216089249	-0.031007006764411926	-0.12356804311275482	-0.35167941451072693	-1.0554094314575195	-0.6078575253486633	-0.42301812767982483	-0.44012075662612915	-0.4113280177116394	-0.3678128123283386
H91M	-1.3619706630706787	-0.8226104378700256	-0.593529224395752	-1.2336307764053345	-0.9861944913864136	-1.6405565738677979	-0.9746366143226624	-0.44738030433654785	-1.4076385498046875	-0.7625059485435486	-1.0230653285980225
H91N	-0.8275547623634338	-0.45787346363067627	-0.44152599573135376	-1.144423484802246	-0.4401937425136566	-0.9026628136634827	-1.006099820137024	-0.6640241146087646	-1.3728193044662476	-0.8683817982673645	-0.8125559687614441
H91P	-0.6068320274353027	0.07491617649793625	-0.267250657081604	-0.7311409115791321	-0.8754794597625732	-0.6008251309394836	-0.7044230699539185	-0.8905155658721924	-0.7970375418663025	-0.7339978218078613	-0.6132586598396301
H91Q	-0.879257321357727	-0.6219246983528137	-0.40231674909591675	-1.1382622718811035	-1.2438368797302246	-1.3109198808670044	-0.8700258135795593	-0.8434520363807678	-1.2025851011276245	-0.7108120322227478	-0.922339141368866
H91R	-0.9076678156852722	-0.8589303493499756	-0.6790848970413208	-1.2541918754577637	-1.4543086290359497	-0.8581879734992981	-1.3918668031692505	-1.1910425424575806	-1.1875817775726318	-0.7664116621017456	-1.0549274682998657
H91S	-0.5918138027191162	0.0053326040506362915	-0.21417176723480225	-0.2713620662689209	-0.1604292392730713	-0.17032380402088165	-0.8895156979560852	-0.32945191860198975	-0.6665841341018677	-0.8908668756484985	-0.4179186224937439
H91T	-0.3187970221042633	0.07698298990726471	0.07610568404197693	-0.15355941653251648	-0.3575747609138489	-0.7863611578941345	-0.6340989470481873	-0.39754751324653625	-0.6045432686805725	-0.6513779163360596	-0.37507712841033936
H91V	-0.05785825103521347	-0.22092467546463013	0.20277497172355652	-0.3287644386291504	-0.5435581207275391	-0.8130102753639221	-0.8697628378868103	-0.48635929822921753	-0.4549170136451721	-0.8783634305000305	-0.4450743794441223
H91W	-1.2852776050567627	-0.6565666198730469	-0.9222023487091064	-1.3834822177886963	-1.373530387878418	-1.6511666774749756	-1.2807193994522095	-0.6553916335105896	-1.959847092628479	-0.9695048332214355	-1.2137689590454102
H91Y	-0.9945481419563293	-0.21863627433776855	-0.2439260631799698	-0.14649364352226257	-0.029749751091003418	-1.3693171739578247	-0.657993495464325	-0.6155238151550293	-0.932901918888092	-0.5393165349960327	-0.5748406648635864
Y92A	-0.14584672451019287	-0.26902487874031067	0.8473416566848755	0.5707489252090454	0.3505939245223999	0.029317587614059448	0.191773921251297	0.16012094914913177	0.9836094975471497	-0.21600590646266937	0.25026291608810425
Y92C	0.4422045350074768	0.3175498843193054	-0.23673319816589355	1.4227596521377563	0.8564188480377197	-0.13624021410942078	0.5963726043701172	0.7076960206031799	0.33907395601272583	0.5543052554130554	0.4863407015800476
Y92D	0.03737448900938034	-0.18654558062553406	0.567549467086792	0.6942297220230103	0.8187222480773926	0.2528254985809326	-0.015396034345030785	0.3399648666381836	0.44535088539123535	-0.5162569284439087	0.24378184974193573
Y92E	0.3466421961784363	-0.18811410665512085	0.41529497504234314	0.6207512617111206	-0.32637277245521545	0.31762170791625977	-0.36944690346717834	0.011185210198163986	0.8391205668449402	-0.040054917335510254	0.16266272962093353
Y92F	0.23542076349258423	0.458686888217926	0.8473501205444336	0.12803424894809723	0.8960791826248169	1.0047357082366943	0.6082751750946045	0.5486373901367188	0.4969865679740906	0.3112980127334595	0.5535503625869751
Y92G	-0.1085042878985405	0.30795884132385254	0.7521342039108276	0.6410737037658691	0.4154081344604492	0.20627741515636444	0.3995426893234253	0.40668705105781555	0.9619172215461731	0.02121889591217041	0.40037137269973755
Y92H	0.09328781813383102	-0.07926686853170395	-0.3386002480983734	1.0471575260162354	0.7484551668167114	-0.2631821632385254	0.1487804651260376	-0.08180225640535355	0.3433697819709778	-0.3806523084640503	0.12375468015670776
Y92I	0.60378098487854	0.4389716386795044	0.9805846214294434	0.9547306895256042	0.6868562698364258	0.9648364782333374	0.9183288216590881	0.13009357452392578	0.8485497832298279	0.8752083778381348	0.7401941418647766
Y92K	-0.3059884309768677	0.0970383957028389	0.8693568706512451	0.7988886833190918	0.391457200050354	0.7414440512657166	-0.23352032899856567	-0.11557702720165253	0.7727300524711609	-0.6015115976333618	0.2414318025112152
Y92L	0.04165918380022049	0.40049514174461365	0.8403316736221313	0.00463474914431572	0.43633538484573364	-1.1096882820129395	0.5873799920082092	0.13573284447193146	0.542826771736145	0.6078407764434814	0.2487548291683197
Y92M	0.37795382738113403	0.34066399931907654	-0.21591819822788239	1.3206487894058228	0.921999454498291	0.0971655547618866	0.5519397258758545	0.6337282061576843	0.23400713503360748	0.777408242225647	0.5039597153663635
Y92N	0.5171069502830505	0.10155457258224487	0.13787983357906342	1.3578869104385376	0.8941961526870728	-0.028755268082022667	0.409140020608902	0.5165989398956299	-0.012480437755584717	0.3238728642463684	0.4217000901699066
Y92P	-0.41932401061058044	-0.24180716276168823	0.029106661677360535	0.1776062250137329	0.3252028524875641	-0.7280815839767456	-0.23772183060646057	-0.8688495755195618	0.0715094730257988	-0.27966469526290894	-0.2172023504972458
Y92Q	-0.21920567750930786	-0.41095274686813354	0.009154021739959717	1.3421754837036133	0.6945809125900269	0.007116798311471939	0.16922739148139954	-0.034467913210392	0.23266014456748962	0.125264510512352	0.19155529141426086
Y92R	-0.9429033398628235	-0.1183147057890892	0.4752452075481415	0.8895630836486816	0.5443087816238403	0.25406110286712646	-0.23557031154632568	-0.3535114824771881	0.27146732807159424	-0.3894376754760742	0.03949080780148506
Y92S	-0.07456135004758835	0.5165239572525024	0.9120175838470459	0.9711947441101074	0.9479705095291138	0.6799885034561157	0.25126397609710693	0.4755815863609314	1.030784249305725	0.4234403967857361	0.6134203672409058
Y92T	0.3807300329208374	0.5870451927185059	0.907559871673584	0.9801234006881714	0.8631061315536499	0.01552707701921463	0.27391472458839417	0.28653720021247864	0.757483184337616	0.2683945298194885	0.5320420861244202
Y92V	-0.03358916938304901	0.6715891361236572	0.9249756336212158	0.3662060499191284	0.6297966241836548	0.12918244302272797	1.319596767425537	0.5709658861160278	0.8150245547294617	0.9461347460746765	0.6339882016181946
Y92W	-0.19035738706588745	-0.27400660514831543	-0.9035108089447021	0.870509147644043	0.705041766166687	0.22083036601543427	0.3360143303871155	0.5817837715148926	-0.6718913316726685	0.6144803166389465	0.12888935208320618
V93A	-0.6956130862236023	-0.7371678948402405	0.5239413976669312	-0.3688015937805176	-0.2908097207546234	-1.2667510509490967	-0.9202273488044739	-0.17658405005931854	-0.7127851843833923	-1.1633007526397705	-0.5808098912239075
V93C	0.16250461339950562	-0.14709696173667908	-0.44565990567207336	-0.35688045620918274	-0.45931360125541687	-1.126804232597351	-0.20290513336658478	-0.338740736246109	-0.17649464309215546	-0.4148489236831665	-0.3506239950656891
V93D	-0.9116955995559692	-1.3048255443572998	-0.7664755582809448	-1.1475608348846436	-0.614700436592102	-1.3873486518859863	-1.0270538330078125	-0.38247811794281006	-0.539797842502594	-1.1834473609924316	-0.9265384674072266
V93E	-0.7516356110572815	-1.2659227848052979	-0.6415402889251709	-0.7569934129714966	-1.8867589235305786	-0.9566035270690918	-0.8606721758842468	0.18855689465999603	-0.5281574130058289	-2.06188702583313	-0.952161431312561
V93F	-0.05575927346944809	0.20012211799621582	0.08856593072414398	0.649049699306488	-0.4233282208442688	-0.13402321934700012	-0.7238508462905884	-0.6085317134857178	-0.05156923830509186	-0.6891960501670837	-0.17485208809375763
V93G	-0.9785061478614807	-0.7647505402565002	-0.8914971351623535	-1.5566223859786987	-1.4938262701034546	-1.229742169380188	-1.4253665208816528	-0.893496572971344	-0.9576382040977478	-1.0077928304672241	-1.1199238300323486
V93H	-0.3754134178161621	-0.89678955078125	-0.78813636302948	-0.5904150605201721	-0.2137148678302765	-0.8782190084457397	-0.65787273645401	-0.674892246723175	-0.9345061182975769	-0.6105120182037354	-0.6620470881462097
V93I	0.2844460606575012	0.5908462405204773	0.6553617715835571	1.2034488916397095	0.5654501914978027	0.2780962586402893	-0.023294800892472267	0.25331050157546997	0.36249762773513794	-0.17771629989147186	0.39924463629722595
V93K	-1.049821138381958	-1.6559741497039795	-0.44538453221321106	-1.2052658796310425	-1.140500783920288	-1.2658697366714478	-0.7853026390075684	-0.32601478695869446	-0.41244637966156006	-1.6624442338943481	-0.9949024319648743
V93L	0.3355441093444824	-0.0918353721499443	0.9215104579925537	0.8247439861297607	0.44538214802742004	0.10651502013206482	0.3412395417690277	0.03832588717341423	-0.23670853674411774	-0.6495123505592346	0.20352046191692352
V93M	0.20923885703086853	0.34617534279823303	-0.461014986038208	-0.3751702904701233	-0.3186159133911133	-0.7821253538131714	-0.6096658110618591	-0.20503467321395874	-0.3597312569618225	-0.07452163100242615	-0.2630465626716614
V93N	-0.4542906880378723	-0.6710519790649414	-0.7280147075653076	-0.8117104768753052	-0.45755061507225037	-0.8596220016479492	-0.7484207153320312	-0.46592310070991516	-0.6929193139076233	-0.757182240486145	-0.6646685600280762
V93P	-1.2812180519104004	-0.8592722415924072	-1.0952165126800537	-1.2205649614334106	-1.4030015468597412	-0.6478819847106934	-1.5568801164627075	-0.6255924105644226	-0.6750364899635315	-1.1844857931137085	-1.054914951324463
V93Q	-0.8615331053733826	-1.1371197700500488	-0.8208160400390625	-1.0008933544158936	-0.9814407825469971	-1.5619186162948608	-0.6033970713615417	-0.44664129614830017	-0.44733965396881104	-0.9289602041244507	-0.879006028175354
V93R	-1.1377265453338623	-1.4426968097686768	-0.7138087749481201	-1.1034696102142334	-1.128248929977417	-1.045714259147644	-0.7949666380882263	0.08034008741378784	-0.490490198135376	-1.2798019647598267	-0.9056584239006042
V93S	-0.6851019263267517	-0.48766666650772095	-0.4899761378765106	-0.8591163158416748	-0.7751820087432861	-0.6337142586708069	-0.7563146948814392	-0.8112972378730774	-0.3031911849975586	-1.6165674924850464	-0.7418128252029419
V93T	-0.4822326898574829	-0.46201300621032715	-0.04761575534939766	0.0497097447514534	-0.08454285562038422	-0.47214585542678833	-0.7849822044372559	0.045303042978048325	-0.23384599387645721	-0.5446419715881348	-0.30170074105262756
V93W	-0.4846457839012146	-0.7336294054985046	-1.3069276809692383	-1.2700666189193726	-1.1125736236572266	-1.788218379020691	-1.7878895998001099	-0.35325887799263	-1.3218179941177368	-0.8943822383880615	-1.1053411960601807
V93Y	-0.10951762646436691	-0.20215630531311035	-0.40918830037117004	-0.5856272578239441	-0.05520551651716232	-0.8329541683197021	-1.065977692604065	-0.4753098785877228	-0.6734294891357422	-0.5061160326004028	-0.49154821038246155
T94A	-0.41925036907196045	0.45920342206954956	0.40678635239601135	0.22519074380397797	0.20092026889324188	0.6633939146995544	0.02463269606232643	0.6477210521697998	0.30806079506874084	0.4664936065673828	0.29831525683403015
T94C	0.5882024168968201	0.10347551107406616	0.19116616249084473	0.8295633792877197	0.9075164794921875	-0.10125918686389923	0.5453265905380249	0.9621770977973938	-0.07212516665458679	0.2980101704597473	0.42520537972450256
T94D	-0.20691326260566711	0.06639290601015091	0.13468721508979797	-0.02697865292429924	0.08986081182956696	0.050628721714019775	-0.09123986214399338	0.49459308385849	0.21366754174232483	0.045642271637916565	0.07703407853841782
T94E	-0.5493794679641724	0.030698932707309723	-0.08527704328298569	-0.23198957741260529	-1.3094688653945923	-0.3802134394645691	-0.14173834025859833	-0.4646141231060028	-0.21079032123088837	-0.8265897631645203	-0.4169362187385559
T94F	0.3240344822406769	0.5913240909576416	1.2056230306625366	0.6440111398696899	1.0929648876190186	0.5419144630432129	0.5784415006637573	0.3262495994567871	0.6201077103614807	0.8656286597251892	0.6790299415588379
T94G	-0.6400958895683289	-0.12618738412857056	0.2708462178707123	-0.004685632884502411	-0.08917693793773651	0.6754035353660583	-0.03064923919737339	0.0660950243473053	0.23899723589420319	0.2080838680267334	0.05686308071017265
T94H	-0.004462741315364838	0.19839543104171753	-0.32156580686569214	0.479577898979187	0.5281815528869629	0.3318783640861511	0.3742624819278717	0.8709084391593933	0.3088247776031494	0.398918092250824	0.31649184226989746
T94I	0.8453605771064758	-0.025137461721897125	1.0547043085098267	0.1488991528749466	0.9461795091629028	0.99767005443573	0.5348332524299622	0.3878125250339508	0.1297600269317627	0.8594772219657898	0.5879559516906738
T94K	-0.30993571877479553	-0.3962399363517761	0.6180425882339478	-0.29958245158195496	-0.1840537190437317	0.24577467143535614	-0.05502432584762573	0.11242866516113281	0.036383580416440964	-0.14229382574558258	-0.037450045347213745
T94L	0.7148991227149963	0.7239346504211426	1.1066399812698364	-0.5585916042327881	0.7029999494552612	0.4199647307395935	-0.061602331697940826	0.48308318853378296	0.18410173058509827	0.8980405926704407	0.4613470137119293
T94M	0.7027745842933655	-0.11263292282819748	0.6060472726821899	0.7644226551055908	0.729090690612793	0.10791710019111633	1.039353370666504	0.8307235836982727	0.16589829325675964	0.4940735697746277	0.5327668190002441
T94N	0.16656142473220825	0.0031111538410186768	0.2606978714466095	0.2021603137254715	0.40649738907814026	-0.11312542110681534	0.2356419712305069	0.8807625770568848	0.14256446063518524	-0.10564528405666351	0.20792266726493835
T94P	-0.13611671328544617	-0.2867032587528229	-0.11873622238636017	-0.7969307899475098	0.35391947627067566	0.11341574788093567	-0.04853574186563492	-0.03071635216474533	-0.03680112212896347	-0.15054787695407867	-0.11377527564764023
T94Q	-0.21606102585792542	0.060079608112573624	0.4300619065761566	0.06444457918405533	0.15509453415870667	0.07323920726776123	0.22079789638519287	0.4602969288825989	0.09382671117782593	0.057294461876153946	0.13990749418735504
T94R	-0.30846506357192993	-0.288373738527298	0.49798235297203064	0.11837416887283325	0.05017060041427612	0.21026639640331268	0.18521292507648468	0.4530608654022217	0.23035569489002228	0.7007131576538086	0.1849297285079956
T94S	-0.5620025396347046	0.1362752616405487	0.8127230405807495	0.4251641035079956	0.21342498064041138	0.6470246911048889	-0.08003339916467667	0.5354650616645813	0.2932022511959076	0.4401159882545471	0.2861359417438507
T94V	1.0163350105285645	0.8574448823928833	1.3204355239868164	0.4340253472328186	0.7803007364273071	1.2623357772827148	0.49934279918670654	0.6167165040969849	0.2614450752735138	1.276068925857544	0.8324450254440308
T94W	0.04826311022043228	-0.2722862958908081	-0.06577841192483902	-0.37850522994995117	0.6540371179580688	0.42939436435699463	0.4710485339164734	0.3874739110469818	-0.23067013919353485	-0.76051926612854	0.028245771303772926
T94Y	0.7492985129356384	0.4818962812423706	-0.4798029065132141	0.0874372348189354	0.9203908443450928	0.02197939157485962	0.5840190052986145	0.6307893395423889	0.10941976308822632	0.053295984864234924	0.31587234139442444
I95A	-0.6559919714927673	-0.36527886986732483	0.3679926097393036	-1.4226237535476685	0.09710460901260376	-0.2794189453125	-1.0107455253601074	-0.7049071788787842	-0.20789988338947296	-0.7247756123542786	-0.49065446853637695
I95C	-0.08080417662858963	-0.42928463220596313	-0.3809911906719208	-0.6476241946220398	-0.5373532772064209	-0.9736701250076294	-0.637171745300293	-0.4743703603744507	-1.0899478197097778	-0.8614746928215027	-0.6112691760063171
I95D	-1.1463091373443604	-1.2163066864013672	-0.9951088428497314	-1.3495631217956543	-0.7812306880950928	-0.58943110704422	-1.1630388498306274	-0.756886899471283	-0.9657344222068787	-1.4294897317886353	-1.0393099784851074
I95E	-0.8234657049179077	-0.47053253650665283	-0.9441784620285034	-1.4427086114883423	-2.1013383865356445	-1.6468679904937744	-1.8775336742401123	-0.1284683793783188	-0.7027274966239929	-2.7373266220092773	-1.2875148057937622
I95F	-1.4715756177902222	0.02582128718495369	-0.20425184071063995	-0.36604318022727966	-0.4280354678630829	-0.812087893486023	-1.2529155015945435	-0.33301645517349243	-0.7300489544868469	-0.7972235679626465	-0.6369377374649048
I95G	-0.4416385889053345	-0.5530082583427429	-0.6798346042633057	-1.0946048498153687	-1.2924803495407104	-0.48394960165023804	-1.137033224105835	-1.35824716091156	-0.598400354385376	-0.8757539391517639	-0.8514951467514038
I95H	-0.6737595200538635	-1.0516165494918823	-0.9862987995147705	-1.1243011951446533	-0.5460389852523804	-0.738520622253418	-0.8640751242637634	-1.1424782276153564	-0.7107492089271545	-1.0890171527862549	-0.89268559217453
I95K	-1.325524926185608	-0.674720823764801	-0.8530189990997314	-1.9477185010910034	-1.4209353923797607	-1.4851070642471313	-1.3402339220046997	-0.8626542687416077	-0.6947774887084961	-2.275757074356079	-1.2880449295043945
I95L	0.8988969922065735	0.6692325472831726	0.9766719341278076	0.07789859175682068	0.17685499787330627	0.6084713935852051	0.5111584067344666	0.6440881490707397	0.5110980868339539	0.3405924439430237	0.5414963364601135
I95M	-0.7507370710372925	-0.11301936954259872	-0.4386809170246124	-1.1792372465133667	-0.781710147857666	-0.9325209259986877	-1.0692521333694458	-1.1538246870040894	-1.3567534685134888	-0.9784002304077148	-0.8754135966300964
I95N	-0.8998883962631226	-0.9520477652549744	-0.9579713344573975	-1.0450469255447388	-0.718955397605896	-0.36941683292388916	-1.0442991256713867	-0.8924372792243958	-0.7731502056121826	-1.168122410774231	-0.8821336030960083
I95P	-1.2943321466445923	-0.9763930439949036	-0.8029253482818604	-1.7214751243591309	-1.0654016733169556	-1.3133111000061035	-1.6336870193481445	-1.224535346031189	-0.2922927737236023	-1.0103576183319092	-1.133471131324768
I95Q	-1.1537063121795654	-1.0376991033554077	-1.1329090595245361	-1.3417705297470093	-0.8991736173629761	-0.9167293310165405	-0.9375598430633545	-1.029779076576233	-0.8365779519081116	-1.4533498287200928	-1.0739256143569946
I95R	-1.1277663707733154	-0.8266324996948242	-0.9474585056304932	-1.5430762767791748	-1.3290752172470093	-1.3381686210632324	-1.6204959154129028	-1.028426170349121	-0.7542309761047363	-1.9551888704299927	-1.2470519542694092
I95S	-0.6960306763648987	-0.4108385443687439	-0.5059226751327515	-0.8702430129051208	-0.8777283430099487	-0.9218113422393799	-1.3144497871398926	-0.6460513472557068	-0.25219351053237915	-1.4025888442993164	-0.7897858023643494
I95T	-0.6976034045219421	-0.4505900740623474	-0.008022531867027283	-0.5843297839164734	-0.13426683843135834	-0.7901977896690369	-0.8664191365242004	-0.00011878833174705505	-0.5369189381599426	-0.45791304111480713	-0.45263800024986267
I95V	0.6858987212181091	1.2548637390136719	1.0650874376296997	0.590536892414093	1.1059335470199585	1.5195034742355347	1.0197467803955078	1.5482640266418457	0.6291453838348389	1.1023014783859253	1.0521281957626343
I95W	-1.3057663440704346	-0.517393946647644	-1.1119306087493896	-1.584951639175415	-1.2700222730636597	-1.6270418167114258	-0.8858800530433655	-1.3214797973632812	-1.88438880443573	-1.2748967409133911	-1.278375267982483
I95Y	-0.47899073362350464	-0.5992472171783447	-0.8183612823486328	-1.0579489469528198	-0.9713404178619385	-0.7391061782836914	-0.7126381993293762	-0.8537783026695251	-0.7096678614616394	-0.9385944604873657	-0.7879673838615417
L96A	0.12925311923027039	0.6146169304847717	0.7845461368560791	0.6341627240180969	0.843461275100708	-0.2441902905702591	0.04063532501459122	-0.059397388249635696	0.7335119843482971	0.2514602541923523	0.37280601263046265
L96C	0.03967852145433426	0.09448053687810898	0.1728096604347229	-0.07077217102050781	0.6788978576660156	0.04116715490818024	0.8039276003837585	0.4059505760669708	0.635574996471405	0.7124695181846619	0.3514184355735779
L96D	-0.6269105672836304	-0.5032568573951721	-0.467372864484787	-0.7699665427207947	-0.8314632177352905	-0.9639992117881775	-0.678537905216217	-0.8217032551765442	-0.47222012281417847	-1.069787859916687	-0.720521867275238
L96E	-0.8455248475074768	-0.755001962184906	-0.4642440676689148	-1.1425617933273315	-1.3012571334838867	-1.1791014671325684	-0.7440081238746643	-1.3621190786361694	-0.7736554741859436	-1.3533098697662354	-0.992078423500061
L96F	0.7547082304954529	1.0060198307037354	1.2129818201065063	0.9711666703224182	0.7633578777313232	0.5529497265815735	1.6333088874816895	0.8185621500015259	1.3290349245071411	0.46278107166290283	0.9504871368408203
L96G	-0.6697172522544861	-0.3113739788532257	-0.32371214032173157	-0.30592408776283264	-0.06046470254659653	-0.8666692972183228	-0.2615693211555481	0.23327894508838654	0.289996862411499	0.0624796487390995	-0.2213675081729889
L96H	-0.29319363832473755	0.2814430594444275	-0.20714375376701355	-0.552449107170105	-0.08677646517753601	-0.4336196780204773	-0.16581547260284424	0.34672391414642334	-0.12254196405410767	-0.07176181674003601	-0.1305135041475296
L96I	0.7785144448280334	1.007405400276184	0.9282412528991699	1.0303268432617188	1.1939696073532104	0.8536721467971802	1.041007161140442	0.4033249020576477	0.5055120587348938	-0.5358433723449707	0.7206130623817444
L96K	-0.7639148235321045	-0.5378912687301636	-0.3556092381477356	-0.610225260257721	-0.6780306100845337	-0.6845323443412781	-0.4547201991081238	-1.0873687267303467	-0.6677328944206238	-0.8058679699897766	-0.6645893454551697
L96M	0.4483475387096405	0.5432170629501343	0.560728907585144	0.34879305958747864	0.8408596515655518	0.26601386070251465	0.9075625538825989	0.2910705506801605	0.37812912464141846	-0.3929674029350281	0.41917547583580017
L96N	-0.20212259888648987	-0.16574883460998535	-0.387247234582901	-0.34755104780197144	-0.14932730793952942	-0.5051235556602478	-0.14887316524982452	-0.1071610301733017	-0.019892066717147827	-0.32974231243133545	-0.23627892136573792
L96P	-0.6705420017242432	-0.17543289065361023	0.00011134892702102661	-0.1054011732339859	-0.018006250262260437	-0.7805536985397339	-0.028479555621743202	-0.5218245983123779	0.34076982736587524	-0.01827414333820343	-0.1977633386850357
L96Q	-0.7355548739433289	0.08415389060974121	-0.2416323572397232	-0.573067307472229	-0.4388910233974457	-0.7367833852767944	-0.37518492341041565	-0.2449791580438614	-0.27936726808547974	-0.792852520942688	-0.43341588973999023
L96R	-0.6852663159370422	-0.049371011555194855	-0.3404232859611511	-0.23083768784999847	-0.8754228353500366	-0.5881584882736206	-0.48164358735084534	-0.6508895754814148	-0.42602789402008057	-0.21402134001255035	-0.4542062282562256
L96S	-0.11469153314828873	0.28637656569480896	0.14500081539154053	0.3116075396537781	-0.06861045956611633	-0.8312322497367859	0.10260424762964249	0.0016097687184810638	0.3623095750808716	0.0008246898651123047	0.019579898566007614
L96T	0.4536393880844116	1.0597847700119019	1.011933445930481	1.248883605003357	0.48560211062431335	0.39262789487838745	0.852708637714386	0.18544189631938934	0.41640645265579224	0.3300339877605438	0.643706202507019
L96V	0.7117233872413635	1.4447492361068726	0.9544321298599243	1.1077715158462524	0.49974262714385986	0.5839802622795105	1.2259429693222046	0.8672779202461243	0.35561060905456543	0.8540497422218323	0.8605279922485352
L96W	-0.04253079742193222	0.6348230838775635	0.05171374976634979	-0.46699702739715576	0.16644930839538574	-0.42633700370788574	0.7559535503387451	0.5551865696907043	-0.14280001819133759	0.6338813900947571	0.17193429172039032
L96Y	-0.08467098325490952	0.34870073199272156	0.10921892523765564	-0.7010165452957153	-0.10120789706707001	-0.5598134398460388	0.4587274193763733	0.1790107786655426	0.0021500736474990845	0.2391064465045929	-0.010979446582496166
M97A	-0.49129319190979004	-0.5714892148971558	-0.6270124912261963	-1.6454066038131714	-0.5178972482681274	-0.6846377849578857	-1.129158854484558	-0.8221736550331116	-0.6592879891395569	-1.181463599205017	-0.832982063293457
M97C	-1.0683013200759888	-0.38316610455513	-0.6659083366394043	0.004660021513700485	-0.5617151260375977	-0.17755398154258728	-0.08702153712511063	-0.7616044878959656	-0.8680289387702942	-0.4492603540420532	-0.5017899870872498
M97D	-1.2537614107131958	-1.28437340259552	-0.9969959259033203	-0.9356327652931213	-1.1453797817230225	-0.6801937818527222	-1.2618155479431152	-1.0549410581588745	-0.786437451839447	-1.079641342163086	-1.047917127609253
M97E	-0.9002134203910828	-0.6304931044578552	-1.1121258735656738	-1.7404853105545044	-1.5206210613250732	-1.324668288230896	-1.4456394910812378	-1.1629401445388794	-0.9557533860206604	-1.828412652015686	-1.2621352672576904
M97F	-0.3246569037437439	-0.6669037342071533	-0.021094761788845062	-0.3305259346961975	-0.31747227907180786	-0.3049677014350891	-0.4752451479434967	0.5810920000076294	-0.13412438333034515	-0.23593668639659882	-0.22298355400562286
M97G	-0.564094066619873	-1.2028732299804688	-0.7263426780700684	-1.3810482025146484	-0.8886728286743164	-0.8491827845573425	-0.9451629519462585	-1.041480302810669	-0.6788920760154724	-0.8678863644599915	-0.9145635366439819
M97H	-0.9789213538169861	-0.9344996809959412	-0.884779691696167	-0.7141702175140381	-0.7416062355041504	-0.45160597562789917	-0.9309162497520447	-0.7982227206230164	-1.134067177772522	-0.38341784477233887	-0.795220673084259
M97I	-0.92253178358078	-0.1914101541042328	0.15692991018295288	-0.2560272216796875	-0.4975813329219818	-0.41973060369491577	0.44510915875434875	-0.7851811051368713	-0.8519840836524963	-0.5118834972381592	-0.38342905044555664
M97K	-0.9796822667121887	-0.8974575400352478	-0.788170576095581	-1.58219575881958	-0.7667313814163208	-0.8812485337257385	-1.1451562643051147	-1.0570178031921387	-0.38380342721939087	-1.2226260900497437	-0.9704089164733887
M97L	-0.6868813037872314	-0.0528927817940712	-0.7580264806747437	-0.8958733081817627	-0.4188050925731659	-0.05527866259217262	-0.7101958990097046	-0.9941796064376831	-0.4807705879211426	-0.8527717590332031	-0.5905675888061523
M97N	-1.2752166986465454	-1.0690006017684937	-1.0117971897125244	-0.6364016532897949	-0.7892435789108276	-0.5839672088623047	-1.1445353031158447	-0.805438220500946	-0.934271514415741	-0.6169335842132568	-0.8866806030273438
M97P	-1.4518635272979736	-0.5953104496002197	-0.9558032751083374	-1.3032138347625732	-1.2121411561965942	-0.5175692439079285	-1.1349453926086426	-0.7621564865112305	-0.5791273713111877	-0.8787104487419128	-0.9390841722488403
M97Q	-1.11717689037323	-0.7347018718719482	-0.7771145105361938	-0.7990092039108276	-0.6779507398605347	-0.7738062739372253	-1.0021511316299438	-1.0381591320037842	-0.8921986222267151	-0.9634130001068115	-0.8775681257247925
M97R	-1.0819969177246094	-0.8813914060592651	-0.8297632932662964	-1.0861036777496338	-1.058732509613037	-0.8492004871368408	-1.514172077178955	-0.8571004867553711	-0.7298457026481628	-1.071199893951416	-0.9959506988525391
M97S	-0.5273303985595703	-0.6992109417915344	-0.633337140083313	-1.4306716918945312	-0.7787001132965088	-0.5452250242233276	-1.0515365600585938	-1.055045485496521	-0.11910746991634369	-1.2554596662521362	-0.8095623850822449
M97T	-0.4397073984146118	-0.589109480381012	-0.8722782135009766	-1.567102074623108	-0.6196902990341187	-0.5977462530136108	-0.8841305375099182	-1.0712066888809204	-0.11298656463623047	-0.6963230967521667	-0.7450280785560608
M97V	-0.8696081638336182	0.012035448104143143	-0.7863501310348511	-0.6887392401695251	0.045119814574718475	-0.3171238303184509	-0.2801807224750519	-1.0675963163375854	-0.7116532325744629	-0.2774691581726074	-0.49415653944015503
M97W	-0.9361920952796936	-0.8077698945999146	-0.6006416082382202	-0.5508577227592468	-0.5245376825332642	-0.1927364617586136	-0.8243716955184937	-0.6077253818511963	-1.049984335899353	-0.3576670289039612	-0.6452483534812927
M97Y	-0.6229700446128845	-0.829481840133667	-0.8766700029373169	-0.4315337538719177	-0.6764829158782959	-0.19279953837394714	-0.27250581979751587	-1.0766212940216064	-0.678726315498352	-0.730610728263855	-0.6388402581214905
K98A	-0.5769136548042297	0.2694650888442993	-0.2194824516773224	0.4874926209449768	-0.006688844412565231	0.059398725628852844	-0.4464435279369354	0.1843198984861374	-0.4840332865715027	0.2917587459087372	-0.0441126748919487
K98C	-0.41684627532958984	0.07457053661346436	-0.1896078884601593	0.238557830452919	0.09095403552055359	0.5672619342803955	-0.33030563592910767	0.8605523109436035	-0.4667127728462219	-0.9350727796554565	-0.05066487193107605
K98D	-0.4396478533744812	-0.03259070962667465	-0.5368345975875854	0.3532361388206482	-0.3189576268196106	-0.0016604959964752197	0.10017715394496918	-0.06778238713741302	-0.5456439852714539	-0.508598268032074	-0.19983026385307312
K98E	-0.11359048634767532	-0.3734670579433441	-0.49702751636505127	-0.27784478664398193	-0.11568239331245422	-1.148608922958374	-0.45364144444465637	0.3727343678474426	-0.8549146056175232	-0.5930588841438293	-0.40551018714904785
K98F	0.047939009964466095	0.47701236605644226	0.11675426363945007	0.036030080169439316	-0.1578471064567566	0.10149511694908142	-0.975652277469635	0.4344078600406647	-0.4627450704574585	-0.2136528640985489	-0.05962587147951126
K98G	0.12811192870140076	-0.15299683809280396	-0.30286356806755066	0.14663051068782806	0.24855224788188934	0.11411957442760468	0.08980932831764221	-0.009080857038497925	-0.43597662448883057	0.09782418608665466	-0.007587009575217962
K98H	-0.03983542323112488	-0.05417840927839279	-0.14308688044548035	0.03999453783035278	-0.15066426992416382	0.6029362678527832	-0.2578187882900238	0.5285999774932861	-0.11909300088882446	-0.5799263715744019	-0.017307240515947342
K98I	0.17093828320503235	0.6886546611785889	0.3265661299228668	0.11747267842292786	0.10237672924995422	0.755562424659729	0.09709800034761429	1.0699763298034668	0.08133728802204132	-0.13258560001850128	0.3277396857738495
K98L	-0.05880749970674515	0.5808050632476807	-0.28649139404296875	-0.6524273753166199	-0.025946103036403656	-0.029895424842834473	-0.42217034101486206	-0.13027216494083405	-0.6821500062942505	-0.2505977749824524	-0.19579529762268066
K98M	0.08563736081123352	0.22081458568572998	0.23624461889266968	0.46811777353286743	0.07836296409368515	0.557765781879425	-0.8137038350105286	1.091368556022644	-0.23295877873897552	-0.6816453337669373	0.1010003536939621
K98N	-0.29449012875556946	0.3899920582771301	-0.5180367231369019	0.38761332631111145	-0.062089815735816956	0.7795572280883789	0.1337871253490448	-0.04113214090466499	0.0645335242152214	-0.17069844901561737	0.06690359860658646
K98P	-0.9380649924278259	-0.5128098130226135	-0.6952322721481323	-0.4406331777572632	-1.1810837984085083	-0.5519029498100281	-0.4760620892047882	-0.09556616842746735	-0.6495286822319031	-1.2978718280792236	-0.683875560760498
K98Q	-0.2616654634475708	0.06049817427992821	-0.10172919929027557	0.528386652469635	-0.238631010055542	0.7294097542762756	-0.002589292824268341	0.13921387493610382	0.11651034653186798	-0.20442242920398712	0.0764981359243393
K98R	0.06701605021953583	0.08873141556978226	-0.06902407109737396	0.22585253417491913	-0.15118852257728577	0.44495612382888794	0.2979719340801239	0.008824583142995834	0.105305016040802	-0.7016198635101318	0.031682513654232025
K98S	0.06777255982160568	-0.035869769752025604	-0.29519718885421753	0.34772351384162903	-0.1427370309829712	0.06348106265068054	-0.01954984851181507	0.12683461606502533	-0.023433364927768707	0.12826351821422577	0.02172880806028843
K98T	-0.15833520889282227	-0.004452027380466461	0.2722748816013336	0.49596691131591797	-0.21769371628761292	-0.1658031940460205	-0.03664660453796387	0.14138704538345337	-0.17005102336406708	-0.09288419783115387	0.006376287434250116
K98V	-0.4883412718772888	0.6466269493103027	-0.24251717329025269	-0.7433452606201172	0.45365557074546814	0.3921109437942505	0.0003074314445257187	-0.24188902974128723	-0.24168042838573456	-0.4727780818939209	-0.09378503262996674
K98W	-0.5950120091438293	0.12171769142150879	-0.347734272480011	0.3114047944545746	-0.4291134476661682	0.12506243586540222	-0.8356144428253174	0.6969034075737	-0.4246743321418762	-1.2303775548934937	-0.26074376702308655
K98Y	-0.13110405206680298	0.08904588222503662	-0.1467602252960205	-0.17992685735225677	-0.18732070922851562	0.3340316414833069	-0.6148207783699036	0.24063663184642792	-0.6502828598022461	-0.9069976806640625	-0.21534991264343262
G99A	0.02616884559392929	0.6935656070709229	0.11153428256511688	0.3067309558391571	0.6393760442733765	-0.16273543238639832	-0.0874699056148529	0.136674165725708	-0.4687899351119995	0.8949868083000183	0.20900413393974304
G99C	-0.6244674324989319	-0.4981309175491333	-1.0528162717819214	-0.5666467547416687	-0.5369832515716553	-0.639464259147644	-0.42970994114875793	-0.5701231360435486	-1.1939839124679565	-0.37119799852371216	-0.6483524441719055
G99D	-0.934867799282074	-0.5800660252571106	-0.5077952146530151	-0.8303291201591492	-0.8522255420684814	-0.8810832500457764	-0.9673287272453308	-0.7246575355529785	-0.7481785416603088	-0.6838246583938599	-0.7710355520248413
G99E	-1.293640375137329	-0.8279775381088257	-0.34878790378570557	-0.8745087385177612	-1.2881993055343628	-0.8066800832748413	-0.27164143323898315	-1.2446322441101074	-1.1771365404129028	-0.3355598449707031	-0.8468764424324036
G99F	-0.7346963286399841	-0.29831716418266296	-0.5051212310791016	-0.1988457590341568	-0.7872490882873535	-0.3406175374984741	-0.9754406809806824	0.00897873193025589	-0.9846430420875549	-0.47259342670440674	-0.5288545489311218
G99H	-0.560958981513977	-0.6426591873168945	-0.7064207792282104	-0.7701700329780579	-0.9178111553192139	-0.7969605922698975	-0.2681543529033661	-1.174081802368164	-0.9003320336341858	-0.7670979499816895	-0.7504646182060242
G99I	-0.2203136384487152	-0.22560828924179077	0.315665602684021	0.4264514446258545	-0.24471452832221985	-0.41236501932144165	-0.5265339612960815	-0.21883228421211243	-0.5231064558029175	-0.755964994430542	-0.23853221535682678
G99K	-0.77529376745224	-0.939768373966217	-0.791253924369812	-0.9885053634643555	-0.8369855880737305	-0.9820522665977478	-0.5341023802757263	-0.6185539364814758	-0.78879314661026	-0.8471757173538208	-0.8102484941482544
G99L	-0.032164014875888824	-1.0536085367202759	-0.35376742482185364	-0.39763444662094116	0.1569342315196991	-1.195387601852417	-0.502458930015564	-0.6129990816116333	-1.02989661693573	-0.7471104860305786	-0.576809287071228
G99M	-0.441684365272522	-0.7239043116569519	-0.7013115882873535	-0.35969823598861694	-1.2799004316329956	-0.5036733150482178	-0.3896062970161438	-0.6744636297225952	-1.028901219367981	-0.85976243019104	-0.6962906122207642
G99N	-0.7566416263580322	-0.5448633432388306	-0.5009461641311646	-0.8338323831558228	-0.7468953132629395	-0.7092599272727966	-0.8055016994476318	-0.8724520802497864	-0.8189789652824402	-0.9127575159072876	-0.7502129077911377
G99P	-1.0980684757232666	-0.855582594871521	-1.0770704746246338	-0.9735201597213745	-0.8828171491622925	-0.3095964789390564	-1.4654368162155151	-0.9609405398368835	-0.9742479920387268	-0.9087322950363159	-0.9506013989448547
G99Q	-0.7421069145202637	-0.7775591611862183	-0.47678884863853455	-0.9551906585693359	-0.7544962167739868	-1.0576900243759155	-0.7806645035743713	-1.0401521921157837	-0.8678427338600159	-0.7424023151397705	-0.8194893598556519
G99R	-0.6328724026679993	-1.2298413515090942	-0.6184326410293579	-0.6631990671157837	-0.6954749822616577	-1.0359835624694824	-0.6080502867698669	-0.46649929881095886	-0.9502735733985901	-0.6150092482566833	-0.7515636682510376
G99S	-0.7558445930480957	-0.18737134337425232	-0.39804738759994507	0.509421169757843	0.03812173381447792	-0.9301603436470032	-0.3499964475631714	-0.37254661321640015	-0.2755383253097534	0.010660529136657715	-0.27113017439842224
G99T	-1.1291000843048096	-0.09345217794179916	-0.11686785519123077	-0.08083361387252808	-0.1531558632850647	-0.9257857799530029	-0.4275779724121094	-0.20059716701507568	-0.7507124543190002	-0.8123154640197754	-0.46903982758522034
G99V	-0.5366175770759583	-0.59111487865448	0.23183387517929077	0.22486287355422974	0.07124803215265274	0.06290198862552643	0.4813843071460724	-0.878646194934845	-0.604544460773468	-1.3649723529815674	-0.29036644101142883
G99W	-0.45590800046920776	-0.9929308295249939	-0.5378768444061279	-0.6499998569488525	-0.8420791625976562	0.023718133568763733	-0.13963371515274048	-0.6154112219810486	-0.9572413563728333	-0.48986631631851196	-0.5657228827476501
G99Y	-0.6764213442802429	-0.7194554805755615	-0.8245874643325806	-0.9852088689804077	-0.9148054122924805	-0.7160419225692749	-0.38935387134552	-1.1157879829406738	-1.140224575996399	-0.33616429567337036	-0.781805157661438
E100A	0.4439040422439575	-0.27310699224472046	0.18321701884269714	-0.17696844041347504	-0.06119726598262787	0.15834233164787292	0.05041969567537308	0.08615805208683014	0.5286104679107666	0.137497216463089	0.10768761485815048
E100C	-0.38736867904663086	-0.04415958374738693	-0.005545884370803833	-0.045350346714258194	0.08230572938919067	-0.3426976203918457	-0.8634394407272339	0.004805266857147217	0.27998414635658264	-0.6122117042541504	-0.19336780905723572
E100D	-0.8687719702720642	-0.3131948709487915	-0.0352625846862793	0.0020281150937080383	0.27633345127105713	-0.5604649782180786	-0.6574968695640564	0.3600459098815918	-0.0502392053604126	-0.4059356451034546	-0.22529585659503937
E100F	-0.569458544254303	-0.5554288029670715	-0.19324101507663727	-1.5402023792266846	-0.3192327320575714	-0.5602276921272278	-1.6887712478637695	-0.6074085235595703	-0.3239815831184387	-0.5003122091293335	-0.6858264803886414
E100G	-0.34981289505958557	-0.5602872371673584	-0.3007974326610565	-0.34913331270217896	0.12168071419000626	0.2171654850244522	-0.03185395151376724	0.05736340954899788	0.5764670968055725	-0.8488947749137878	-0.14681029319763184
E100H	-0.538700520992279	-0.06864326447248459	-0.012075051665306091	-0.03675731644034386	-0.11698058247566223	-0.41494089365005493	-0.8589967489242554	0.23579593002796173	0.49943870306015015	-0.5400519967079163	-0.18519115447998047
E100I	-0.5349196791648865	-0.3281135857105255	0.24044540524482727	-0.8358206748962402	-0.17397578060626984	0.0017671510577201843	-0.8041964173316956	-0.09726034104824066	-0.37733709812164307	0.2256658524274826	-0.268374502658844
E100K	-0.12759360671043396	-0.5243200063705444	0.08198599517345428	0.07425997406244278	0.014539189636707306	-0.29727983474731445	-0.5176851749420166	0.14067237079143524	0.3034243583679199	-0.02491186559200287	-0.08769086748361588
E100L	0.5087083578109741	-0.3888266682624817	-0.542710542678833	0.05809671804308891	-0.08020907640457153	-0.18680962920188904	-0.9527060389518738	-0.649096667766571	-0.5613582134246826	0.11773966997861862	-0.2677172124385834
E100M	-0.5644117593765259	-0.023671776056289673	0.12270098924636841	-0.17426691949367523	-0.1752273440361023	-0.45779937505722046	-0.8881860375404358	-0.10330613702535629	0.008511058986186981	-0.4286065101623535	-0.2684263586997986
E100N	-0.41962534189224243	-0.1823486089706421	-0.03113250434398651	-0.006372280418872833	0.17011600732803345	-0.2880626916885376	-0.8732455372810364	0.23945288360118866	0.3638768196105957	-0.7242634892463684	-0.1751604825258255
E100P	-0.8049905896186829	-0.9245637059211731	-0.7008827924728394	-0.873358964920044	-0.2521815001964569	-1.0545203685760498	-1.0751081705093384	-0.11663202941417694	-0.4477861523628235	-1.3801530599594116	-0.7630177736282349
E100Q	-0.5808321237564087	-0.11945245414972305	-0.07061567157506943	0.08979121595621109	0.15021125972270966	-0.39589017629623413	-0.32914525270462036	0.3246084451675415	0.09238330274820328	0.08271535485982895	-0.07562260329723358
E100R	-0.4182320535182953	-0.37694236636161804	0.05013786256313324	-0.009350061416625977	0.025964507833123207	-0.34233272075653076	-0.6048873662948608	0.18144764006137848	0.05074039846658707	0.05045376718044281	-0.13930003345012665
E100S	-0.0855121985077858	-0.4482056498527527	-0.03985605016350746	-0.027180198580026627	0.05535629019141197	0.18278871476650238	0.100566565990448	0.2772001028060913	0.42339879274368286	-0.24726594984531403	0.019129035994410515
E100T	-0.07053821533918381	-0.3507177233695984	0.2563468813896179	-0.07222865521907806	-0.039496175944805145	0.13801784813404083	-0.2965325117111206	0.04091918095946312	0.2627605199813843	0.07744592428207397	-0.005402290727943182
E100V	0.27852335572242737	-0.304728627204895	0.014251023530960083	-0.5906949639320374	-0.19306696951389313	0.45951688289642334	-0.6168675422668457	-0.42795035243034363	-0.14940735697746277	0.108360156416893	-0.14220644533634186
E100W	-0.6971400380134583	-0.4516681432723999	-0.31118011474609375	-0.6916801929473877	-0.24906417727470398	-0.5400793552398682	-1.3180702924728394	-0.14139911532402039	-0.2747277617454529	-0.9846479892730713	-0.5659657716751099
E100Y	-0.590009331703186	-0.15533879399299622	-0.4483824670314789	-0.257393479347229	-0.21695008873939514	-0.7657346725463867	-1.1931601762771606	-0.16496901214122772	0.18486922979354858	-0.8712413311004639	-0.4478309750556946
V101A	-0.4113695025444031	0.13541147112846375	0.8977905511856079	-0.37374770641326904	0.18931758403778076	0.023190103471279144	0.1429855078458786	0.7148936986923218	0.22175893187522888	-0.34644949436187744	0.11937811225652695
V101C	-0.07037187367677689	-0.8883615732192993	-0.8131099939346313	-0.0699390172958374	-1.0098005533218384	-1.024298071861267	-0.744853138923645	-0.12640289962291718	-0.5213397145271301	-0.017957955598831177	-0.5286434888839722
V101D	0.07969899475574493	-0.7350066304206848	-0.4786502718925476	-0.19759827852249146	-0.9454046487808228	-1.1643012762069702	-0.1913214474916458	-0.8785997033119202	-0.43774306774139404	-0.4073904752731323	-0.5356317162513733
V101E	-0.48927152156829834	-0.005412355065345764	0.19070814549922943	0.03663087636232376	-0.793976902961731	0.37697893381118774	0.4873136878013611	0.6820923686027527	-0.01837010681629181	0.28008562326431274	0.07467787712812424
V101F	-0.8827410340309143	0.3113247752189636	0.13154613971710205	-0.46563607454299927	-0.36461639404296875	-0.8347637057304382	-0.3808920979499817	0.14310923218727112	-0.849266529083252	-0.3172628879547119	-0.35091984272003174
V101G	0.27578461170196533	0.4945809841156006	-0.16492587327957153	-0.5630779266357422	-0.7000198364257812	-1.2687041759490967	0.08930467069149017	0.7604294419288635	-0.5733575224876404	-0.7374011874198914	-0.23873870074748993
V101H	-0.3263271749019623	-0.9807695746421814	-0.6316269636154175	-0.2604653537273407	-1.1514694690704346	-0.8841346502304077	-0.6800927519798279	-0.7839895486831665	-0.6524296402931213	-0.44819754362106323	-0.6799502372741699
V101I	-0.46183568239212036	0.19716495275497437	0.5299677848815918	0.44863060116767883	-0.14709334075450897	-0.790058970451355	0.10373995453119278	-0.2632962763309479	-0.13363157212734222	0.23333337903022766	-0.028307924047112465
V101K	-0.9043477177619934	-0.2770124673843384	0.20859548449516296	-0.09510225057601929	-0.9929336309432983	-0.44277423620224	0.5656073093414307	0.14304105937480927	-0.10565486550331116	-0.4139523506164551	-0.23145337402820587
V101L	-0.2343800663948059	0.03289889544248581	0.17927604913711548	-0.7668898105621338	-0.01915079355239868	-0.10356098413467407	-0.443440318107605	-0.7393447160720825	-0.36983758211135864	0.1362724006175995	-0.2328156679868698
V101M	0.012570269405841827	-0.8031564354896545	-0.6661373376846313	-0.08343027532100677	-1.0224974155426025	-1.5259835720062256	-1.0141412019729614	-0.5748746395111084	-0.5386160016059875	-0.02578313648700714	-0.6242049932479858
V101N	0.1602713167667389	-0.20355913043022156	-0.12314822524785995	-0.26906919479370117	-0.755236029624939	-1.279999017715454	-0.7383096814155579	-0.6633806228637695	-0.9375049471855164	-0.4732215404510498	-0.5283157229423523
V101P	-0.5182846188545227	-0.5680886507034302	-0.5306961536407471	-0.18103225529193878	-1.825400948524475	-0.6582387685775757	-0.3817729949951172	-0.6259984970092773	-0.3931264281272888	-0.6569857597351074	-0.6339625120162964
V101Q	-0.42060840129852295	-0.7140703201293945	-0.7021600008010864	-0.4435821771621704	-1.2766900062561035	-1.3862106800079346	-0.5099120140075684	-0.9190263748168945	-1.0285886526107788	-0.8599765300750732	-0.8260825276374817
V101R	-0.5824431777000427	-0.1300661563873291	-0.027491820976138115	0.24337656795978546	-0.8646727800369263	-0.699367880821228	0.26934581995010376	-0.41996991634368896	-0.10885721445083618	-0.42293453216552734	-0.27430811524391174
V101S	-0.4247063994407654	0.07205703854560852	-0.12022019922733307	-0.10029314458370209	-0.34475773572921753	-0.6310875415802002	-0.3936445713043213	0.34743374586105347	-0.47724902629852295	-0.32908958196640015	-0.24015574157238007
V101T	-0.49939781427383423	0.4023958146572113	0.48631200194358826	-0.04128697142004967	-0.16136759519577026	-0.8963825702667236	-0.1747027486562729	0.6996714472770691	-0.3928185701370239	-0.24663709104061127	-0.08242141455411911
V101W	-0.2884945869445801	-0.8886028528213501	-1.2571791410446167	-0.5137127041816711	-1.0298160314559937	-1.1273002624511719	-1.3983738422393799	-0.507892370223999	-0.7481046319007874	-0.39632928371429443	-0.8155805468559265
V101Y	-0.30661478638648987	-1.3475545644760132	-0.880157470703125	-0.38982895016670227	-1.1759008169174194	-0.9643456339836121	-0.6931862235069275	-0.7481971979141235	-0.9994516968727112	-0.07445825636386871	-0.7579694986343384
D102A	0.4513118863105774	-0.16147515177726746	0.08347728848457336	-0.8104807138442993	-0.11138312518596649	-0.03336593508720398	-0.3826683759689331	-1.052337646484375	0.31606847047805786	0.1098785400390625	-0.15909747779369354
D102C	-1.5364289283752441	-1.0593953132629395	-0.9822409152984619	-1.3615399599075317	-0.3420502841472626	-0.23440656065940857	-0.6529010534286499	-0.8683602213859558	-0.3533107042312622	-0.14115633070468903	-0.7531789541244507
D102E	-0.12458927184343338	0.25952214002609253	-0.1080717146396637	-0.3987170457839966	-0.15008248388767242	0.21423234045505524	0.17260286211967468	-0.011395860463380814	0.34640854597091675	0.499409556388855	0.06993190944194794
D102F	-1.176005244255066	-0.6253951191902161	-0.9641669988632202	-1.134516954421997	-0.19765755534172058	-0.7233912944793701	-0.31925472617149353	-1.253392219543457	-0.7586356997489929	-1.042920708656311	-0.81953364610672
D102G	0.2763296365737915	0.1307336390018463	-0.34726575016975403	-0.8373305201530457	0.13499516248703003	0.007440987974405289	-0.3718140721321106	-1.126821756362915	0.06938613951206207	-0.7781411409378052	-0.2842487692832947
D102H	-1.0020396709442139	-0.7690372467041016	-0.8948131799697876	-1.2876510620117188	-0.21685495972633362	-0.33336955308914185	-0.3057871460914612	-0.44104111194610596	-0.4599840044975281	-0.4792209267616272	-0.6189798712730408
D102I	-0.48229312896728516	-0.615492045879364	-0.44422340393066406	-0.4272001087665558	0.1373521089553833	-0.4783744215965271	-0.10139008611440659	-0.7739378809928894	-0.35300856828689575	-0.41836631298065186	-0.3956933915615082
D102K	0.08499662578105927	0.0010582953691482544	-0.3470357656478882	-0.9693887233734131	-0.18046259880065918	-0.5437171459197998	-0.48931798338890076	-0.827588677406311	-0.06895631551742554	-0.04210160672664642	-0.33825138211250305
D102L	-0.08439994603395462	-0.9635230898857117	-0.1697632521390915	0.7175492644309998	0.3162910044193268	-0.6731387972831726	-0.6506194472312927	-1.262166976928711	0.0769999697804451	-0.06026969850063324	-0.2753041088581085
D102M	-1.2943055629730225	-0.5788001418113708	-0.9745943546295166	-1.3661082983016968	-0.38200271129608154	-0.07235164940357208	-0.3180980682373047	-0.47904127836227417	-0.34556418657302856	-0.28537946939468384	-0.6096245646476746
D102N	-0.578177809715271	-0.35560986399650574	-0.7832444906234741	-0.9333822131156921	-0.08115613460540771	-0.30465269088745117	-0.6646814942359924	-0.5873376727104187	-0.4033830761909485	-0.6682389378547668	-0.5359864830970764
D102P	-0.10223958641290665	-0.051219694316387177	-0.03294255584478378	-0.40264958143234253	-0.07095395028591156	-0.4622507691383362	-0.3045441210269928	-0.4773039221763611	-0.5577594637870789	-0.35115331411361694	-0.28130170702934265
D102Q	-0.43760770559310913	-0.15964862704277039	-0.5384998321533203	-1.0303757190704346	-0.1294102668762207	-0.15840888023376465	-0.34586501121520996	-0.042283181101083755	-0.4070761203765869	-0.06201009452342987	-0.33111855387687683
D102R	-0.1341942846775055	-0.1136980876326561	-0.5089657306671143	-0.7830336689949036	-0.14630699157714844	-0.10784783959388733	-0.506702721118927	-0.6577437520027161	-0.5782159566879272	0.0037990063428878784	-0.35329097509384155
D102S	0.3079303503036499	0.021983541548252106	-0.2816552519798279	-0.9457764029502869	-0.02901814877986908	-0.24182343482971191	-0.5643889904022217	-0.9339017271995544	0.029882259666919708	-0.6334124803543091	-0.32701802253723145
D102T	0.12978065013885498	-0.3000596761703491	-0.21325989067554474	-0.7778628468513489	0.06674907356500626	-0.13497130572795868	-0.5481796264648438	-0.7628821730613708	-0.13204915821552277	-0.25334155559539795	-0.2926076352596283
D102V	0.2721891403198242	-0.5764925479888916	0.2619144320487976	0.57962566614151	0.1928071528673172	-0.5515295267105103	-0.3432001769542694	-1.0965360403060913	-0.0040702372789382935	-0.496845543384552	-0.17621377110481262
D102W	-2.1946957111358643	-0.6941644549369812	-0.5625240802764893	-1.3907324075698853	-0.6558260917663574	-0.30096137523651123	-0.3404048979282379	-0.856889545917511	-0.5685443878173828	-0.2036975473165512	-0.7768441438674927
D102Y	-1.6108916997909546	-0.933315098285675	-0.8468271493911743	-1.4836922883987427	-0.5173860788345337	-0.24025173485279083	-0.4937644898891449	-0.9933245778083801	-0.48326557874679565	-0.3365919589996338	-0.7939310073852539
V103A	0.45515191555023193	0.31257325410842896	-0.3296250104904175	0.246280238032341	0.13719363510608673	0.18617446720600128	-0.45838263630867004	-0.4069468379020691	0.4442576766014099	-0.24570302665233612	0.03409736603498459
V103C	0.7243683338165283	0.7408028244972229	0.9827711582183838	0.4425853490829468	0.39119216799736023	0.6455385088920593	0.15630657970905304	0.8891130089759827	0.334065318107605	0.9026713371276855	0.6209415197372437
V103D	0.5941804647445679	0.42983517050743103	0.8806215524673462	0.3936886489391327	0.632337212562561	0.8220722675323486	0.20602750778198242	0.6606796383857727	0.32061827182769775	0.02920190989971161	0.4969262480735779
V103E	0.37999215722084045	0.1037617027759552	-0.5220335125923157	0.05733149126172066	-0.005790971219539642	-0.10559505224227905	-0.14282144606113434	0.4481706917285919	-0.023776009678840637	0.4940817356109619	0.06833207607269287
V103F	0.7661401033401489	0.4848354458808899	0.21520426869392395	-0.202985480427742	0.3710230886936188	0.8193572163581848	-0.7766367793083191	0.1150132268667221	0.36258137226104736	0.27718523144721985	0.24317176640033722
V103G	0.33757859468460083	0.16633599996566772	0.27300864458084106	0.27791786193847656	-0.02687397599220276	-0.24292431771755219	0.11163108795881271	0.09936791658401489	0.3689684271812439	-0.3778197169303894	0.0987190529704094
V103H	0.7532038688659668	0.8019955158233643	1.26315176486969	0.5016342997550964	0.593817949295044	0.5215666890144348	0.3403588831424713	0.7523708343505859	0.3599376678466797	0.6440001726150513	0.6532037854194641
V103I	0.6086500883102417	0.60468989610672	0.5342534780502319	-0.023885603994131088	0.33090662956237793	0.654665470123291	-0.3961329758167267	0.5459924936294556	0.5039670467376709	0.691556453704834	0.4054662585258484
V103K	0.5286601185798645	0.49720245599746704	0.23910894989967346	0.26310330629348755	0.2454099953174591	0.28114891052246094	0.022851185873150826	0.4900595545768738	0.21761511266231537	0.5572948455810547	0.3342454433441162
V103L	1.1188634634017944	0.3070073425769806	0.49513599276542664	0.11605805158615112	0.2705705165863037	0.2495703250169754	-0.25853028893470764	-0.34345608949661255	0.55608731508255	-0.12933266162872314	0.23819737136363983
V103M	0.935382604598999	0.812402069568634	0.9394171237945557	0.35029667615890503	0.42362019419670105	0.5417988896369934	0.03583025932312012	0.6332579255104065	0.4496119022369385	0.9997020959854126	0.6121319532394409
V103N	0.8215252757072449	0.6143893599510193	1.0505739450454712	0.4010173976421356	0.8250699043273926	0.5526860356330872	0.2665690779685974	0.8075927495956421	0.4253842234611511	0.5741995573043823	0.6339007616043091
V103P	0.5869067907333374	0.5560550093650818	0.6239817142486572	0.4883829951286316	0.5633149147033691	0.701219916343689	-0.24948975443840027	0.6364490985870361	0.5729158520698547	-0.24558274447917938	0.4234153628349304
V103Q	0.951998770236969	0.720562219619751	0.9292235374450684	0.41820526123046875	0.5754251480102539	0.468389093875885	0.23769508302211761	0.685019314289093	0.3732360601425171	0.6301798224449158	0.5989934802055359
V103R	0.6281017065048218	0.5114348530769348	0.2876254916191101	0.3575960397720337	0.4162495732307434	0.4201563596725464	0.1947331577539444	0.25130096077919006	0.23502008616924286	0.14695408940315247	0.34491726756095886
V103S	0.49937495589256287	0.2703445553779602	0.12103919684886932	0.21901069581508636	0.1589631587266922	0.2674962878227234	-0.3088648021221161	-0.05078427121043205	0.23933184146881104	-0.19417591392993927	0.12217357009649277
V103T	0.6284067630767822	0.4743695855140686	0.21789684891700745	0.08377568423748016	0.2441999763250351	0.6658530831336975	-0.5866789817810059	0.40312454104423523	0.3439444303512573	0.15535621345043182	0.26302477717399597
V103W	0.6490821242332458	0.6738834977149963	0.8938428163528442	0.42717280983924866	0.3186279535293579	0.44606053829193115	0.21466724574565887	0.3214194178581238	0.3105698823928833	0.4138972759246826	0.4669223725795746
V103Y	0.6155202388763428	0.7232370376586914	0.9457882642745972	0.5341463685035706	0.44386789202690125	0.6457186341285706	0.21451109647750854	0.7645990252494812	0.30543333292007446	0.8895978927612305	0.6082419157028198
T104A	0.35529419779777527	0.6318003535270691	0.7677218914031982	-0.19268549978733063	0.017114296555519104	0.22965668141841888	0.38733914494514465	1.0143649578094482	0.438801646232605	0.45279979705810547	0.41022077202796936
T104C	0.014417670667171478	0.000325523316860199	-0.22792744636535645	0.1982329934835434	-0.4652186334133148	0.3185030221939087	0.345024049282074	0.33347707986831665	0.11937519907951355	-0.30390071868896484	0.03323087841272354
T104D	0.4069736897945404	0.4364181160926819	0.645269513130188	0.40377646684646606	-0.318558007478714	0.031091392040252686	0.5533663630485535	0.8315041661262512	0.24541118741035461	-0.42817139625549316	0.2807081341743469
T104E	0.469704270362854	0.6550631523132324	0.6865973472595215	0.3484490215778351	-0.13809499144554138	0.6013715863227844	0.6532405018806458	0.5668335556983948	0.5113928318023682	0.5078904032707214	0.48624473810195923
T104F	-0.09466735273599625	0.2518836259841919	-0.3270473778247833	0.07927892357110977	-0.14718928933143616	0.13662438094615936	-0.3990418612957001	0.6049091219902039	0.31331929564476013	-0.1550818830728531	0.026298755779862404
T104G	0.7618363499641418	0.47669947147369385	0.6868782043457031	0.3286816477775574	0.17883262038230896	0.33869248628616333	0.9123237729072571	0.626587450504303	0.49357032775878906	0.34182360768318176	0.5145925879478455
T104H	0.045343201607465744	0.31351715326309204	0.03365152329206467	0.16608327627182007	-0.6526693105697632	0.16560092568397522	0.162308469414711	0.5749306678771973	0.13680429756641388	-0.47708070278167725	0.046848952770233154
T104I	-0.03494793921709061	0.0007713213562965393	0.061619654297828674	0.16665451228618622	-0.16964755952358246	0.02359437197446823	-0.10382623225450516	0.7180873155593872	0.4615808129310608	0.21132880449295044	0.13352151215076447
T104K	0.5529833436012268	0.5479182600975037	0.7011668682098389	0.26046186685562134	-0.02369847148656845	0.20115061104297638	0.13526427745819092	0.9578066468238831	0.433662474155426	0.2840976119041443	0.4050813317298889
T104L	0.2192104160785675	-0.12046743184328079	0.02690502256155014	0.018531542271375656	0.17401638627052307	-0.904213547706604	-1.1333109140396118	0.7719019651412964	0.15546102821826935	-0.3673121929168701	-0.11592777073383331
T104M	0.049293652176856995	-0.21485430002212524	-0.06472086161375046	0.125181183218956	-0.5304844379425049	0.26040154695510864	0.575777530670166	0.5611596703529358	0.2336447685956955	-0.49855101108551025	0.04968477413058281
T104N	0.33955118060112	0.509595513343811	0.5270695686340332	0.2807789742946625	-0.4255147874355316	0.11885547637939453	0.30894964933395386	0.7293323874473572	0.2733383774757385	-0.25257885456085205	0.2409377545118332
T104P	-0.09826115518808365	-0.0074049606919288635	-0.08339519798755646	0.15773151814937592	-0.40017732977867126	-0.25254619121551514	-0.17341047525405884	0.5946016311645508	0.18151099979877472	-0.9327541589736938	-0.10141053050756454
T104Q	0.12118770182132721	0.32932984828948975	0.6946126222610474	0.30648186802864075	-0.465854674577713	0.08855319023132324	0.07930426299571991	0.8833503127098083	0.09735006093978882	-0.21369554102420807	0.19206197559833527
T104R	0.5952742695808411	0.35063838958740234	0.6168621778488159	0.5617060661315918	-0.18382832407951355	0.2571157217025757	0.33593401312828064	0.8862085342407227	0.5082316398620605	0.2475029081106186	0.4175645411014557
T104S	0.6361698508262634	0.4973355233669281	0.3948096036911011	0.184383362531662	0.164584219455719	0.31455230712890625	0.4461407959461212	1.0696775913238525	0.668731153011322	0.427068829536438	0.48034530878067017
T104V	0.22645995020866394	0.2671012878417969	0.3129764795303345	-0.1890469491481781	-0.2110251486301422	-0.5926392078399658	-0.8688262701034546	0.45897459983825684	0.5722284317016602	-0.007894448935985565	-0.0031691244803369045
T104W	-0.30217885971069336	-0.34324946999549866	-0.08805263787508011	0.11473163962364197	-0.7013581991195679	-0.1839570850133896	0.24654103815555573	0.21813853085041046	-0.06956356763839722	-1.2037526369094849	-0.23127011954784393
T104Y	-0.008568152785301208	-0.05953036993741989	-0.031136009842157364	0.15669217705726624	-0.6354479789733887	0.10288883745670319	0.2498781979084015	0.40696632862091064	0.13310256600379944	-0.698962926864624	-0.038411736488342285
H105A	0.640480637550354	0.4239409565925598	0.11804473400115967	0.19148074090480804	0.1311197131872177	0.4031628966331482	0.5677674412727356	0.11554272472858429	0.19519130885601044	0.11376003921031952	0.29004913568496704
H105C	0.239166259765625	0.013690292835235596	0.42890530824661255	0.04816235974431038	0.4155310094356537	0.6790012717247009	0.32073453068733215	0.3739279508590698	0.09976515173912048	0.48180651664733887	0.3100690245628357
H105D	0.014598049223423004	-0.33308494091033936	0.6626451015472412	0.5481624007225037	0.09147267043590546	0.5650614500045776	-0.017654022201895714	0.10206654667854309	-0.11258794367313385	0.7310806512832642	0.22517600655555725
H105E	0.3318377733230591	0.5813713073730469	-0.045051299035549164	0.15507866442203522	-0.053194835782051086	0.02950531244277954	0.4575817584991455	0.27270936965942383	0.7977027893066406	0.754207193851471	0.32817479968070984
H105F	0.4096122086048126	0.18665292859077454	0.6193935871124268	-0.3996943235397339	-0.12039592862129211	0.4092979431152344	0.2465459257364273	0.15950189530849457	0.21126477420330048	0.604664146900177	0.23268429934978485
H105G	0.361133337020874	0.21355143189430237	0.8971731662750244	0.6125936508178711	0.4523409903049469	0.26090413331985474	0.14898346364498138	0.4932301640510559	0.5984799861907959	-0.3843344449996948	0.3654055595397949
H105I	0.5730340480804443	0.16765794157981873	0.5158179998397827	-0.03961576148867607	0.01715778559446335	0.30117887258529663	0.5153798460960388	0.34844183921813965	0.007974870502948761	0.5053719878196716	0.2912399470806122
H105K	0.7697439193725586	0.07957825064659119	0.41642138361930847	0.9417827129364014	0.01156570017337799	0.1830430030822754	0.28260529041290283	-0.41178780794143677	0.8574245572090149	0.2160331904888153	0.3346410095691681
H105L	-0.017366550862789154	0.22069904208183289	0.5636534690856934	0.06438829749822617	-0.47884806990623474	-0.4579801559448242	0.5397093296051025	0.14159104228019714	0.05723541975021362	-0.18154199421405792	0.04515398293733597
H105M	0.10324415564537048	-0.053233593702316284	0.5128719806671143	0.06018446758389473	0.40033823251724243	0.6908692121505737	0.3847275674343109	0.31034934520721436	0.07415314018726349	0.7078711986541748	0.3191375732421875
H105N	0.19503365457057953	-0.14128726720809937	0.6916326284408569	0.3947105407714844	0.4307449162006378	0.7159270644187927	0.31798723340034485	0.41249534487724304	0.24120481312274933	0.7782458662986755	0.40366944670677185
H105P	-0.549572765827179	-0.044949471950531006	0.18161289393901825	0.05546214058995247	-0.23651912808418274	0.0689590647816658	-0.06547942757606506	0.21332396566867828	-0.8234184384346008	0.5906082987785339	-0.06099727749824524
H105Q	0.15057885646820068	-0.23203864693641663	0.14467285573482513	0.39635759592056274	0.07389404624700546	0.5509389042854309	-0.015284331515431404	0.43318766355514526	-0.06910845637321472	0.844607949256897	0.22778062522411346
H105R	0.9478528499603271	0.09467942267656326	0.426069051027298	0.5557250380516052	0.2984505295753479	0.3540833592414856	0.08197196573019028	0.32761216163635254	0.5628263354301453	0.40603893995285034	0.4055309295654297
H105S	0.26171427965164185	0.00929943472146988	0.6136752367019653	0.6617051362991333	0.07224493473768234	0.10810475051403046	-0.30980485677719116	0.03910446539521217	0.34644418954849243	0.0858621895313263	0.18883495032787323
H105T	0.28300029039382935	0.19818180799484253	0.3799743950366974	0.3182521164417267	-0.04771523177623749	-0.036114223301410675	-0.0940469279885292	0.4325074553489685	-0.1346188634634018	0.28803494572639465	0.15874555706977844
H105V	0.2460571825504303	0.09050889313220978	0.07744623720645905	-0.6467615962028503	0.03401818126440048	-0.4340495467185974	-0.35197198390960693	-0.36298081278800964	0.22724583745002747	-0.21798889338970184	-0.1338476538658142
H105W	0.2667195498943329	-0.08246078342199326	0.3833378255367279	-0.1210511177778244	0.24034100770950317	0.5089007019996643	0.3714243769645691	0.12240388989448547	-0.10026948153972626	0.6131493449211121	0.22024953365325928
H105Y	0.09356579184532166	0.011769339442253113	0.5871415138244629	-0.05072665587067604	0.5428780317306519	0.6863989233970642	0.40421196818351746	0.3444892466068268	0.24052737653255463	0.5801904797554016	0.34404462575912476
D106A	0.276751846075058	0.16980618238449097	-0.4217650592327118	0.003529667854309082	0.23706135153770447	-0.15805800259113312	-0.05773758888244629	0.4116341769695282	-0.12381379306316376	0.4442098140716553	0.07816185802221298
D106C	0.45383310317993164	-0.3598174452781677	-0.461654394865036	-0.18370509147644043	0.15399304032325745	0.5094812512397766	-0.057262785732746124	0.40042373538017273	0.06751027703285217	0.5296437740325928	0.10524455457925797
D106E	0.1361403465270996	0.12121578305959702	0.1293589174747467	-0.3755425214767456	-0.05444866418838501	0.025246620178222656	0.310092031955719	0.21989189088344574	0.33193403482437134	0.375518262386322	0.12194067239761353
D106F	-0.060320787131786346	0.03945866972208023	-0.6025464534759521	0.28299131989479065	-0.014772206544876099	0.09930172562599182	0.15905976295471191	-0.16642175614833832	-0.3202359676361084	-0.5611989498138428	-0.11446845531463623
D106G	-0.11627966910600662	-0.07112162560224533	0.06655250489711761	0.19453291594982147	-0.12862014770507812	-0.42511218786239624	-0.030746834352612495	-0.31918254494667053	0.16666901111602783	0.33467888832092285	-0.03286297246813774
D106H	0.5822751522064209	-0.26515093445777893	0.03922656178474426	0.044959906488657	0.0722140297293663	0.438823938369751	0.10677280277013779	0.3032315671443939	0.19084574282169342	0.3865087032318115	0.18997074663639069
D106I	-0.15524446964263916	-0.06353845447301865	-0.738654375076294	-0.27738115191459656	0.16050882637500763	-0.013499334454536438	0.14776486158370972	0.04984981194138527	-0.3250195384025574	-0.5238214731216431	-0.17390352487564087
D106K	0.2874230146408081	-0.01943635195493698	-0.10441606491804123	-0.2660077214241028	0.11374789476394653	-0.34501928091049194	0.0891062542796135	-0.06511317193508148	-0.3160906434059143	0.0025992393493652344	-0.062320686876773834
D106L	0.3474966883659363	-0.10953042656183243	0.20335248112678528	0.26862969994544983	0.3163827955722809	0.006415367126464844	-0.6588817238807678	0.4720011353492737	0.5051830410957336	-0.11261540651321411	0.12384335696697235
D106M	0.3461712598800659	-0.24924609065055847	-0.39050787687301636	-0.10230426490306854	0.16096867620944977	0.4465906023979187	-0.20594362914562225	0.3930965065956116	0.04720934480428696	0.18806453049182892	0.06340990960597992
D106N	0.26324936747550964	-0.022691845893859863	0.22293683886528015	-0.09448173642158508	0.2010137438774109	0.02378562092781067	-0.1015549823641777	-0.0980958640575409	0.10638286173343658	0.018655046820640564	0.051919907331466675
D106P	-0.25328361988067627	-0.2306888997554779	-0.4873492121696472	0.2331126183271408	0.06434617936611176	0.33963537216186523	0.06303074210882187	0.2180289775133133	0.026870034635066986	-0.4319037199020386	-0.045820146799087524
D106Q	0.3607017397880554	-0.2398042380809784	0.08344723284244537	-0.07347854971885681	0.2706140875816345	0.11745522916316986	0.10233238339424133	0.18938331305980682	0.21337202191352844	-0.014263838529586792	0.10097594559192657
D106R	-0.3947097957134247	-0.23162466287612915	0.003914188593626022	-0.0006236247718334198	0.16280581057071686	-0.16959428787231445	-0.13971084356307983	-0.05403757467865944	-0.1903630644083023	0.08589582145214081	-0.09280480444431305
D106S	0.06415665149688721	-0.0069073885679244995	0.023199155926704407	-0.13516880571842194	0.14626596868038177	-0.39736950397491455	0.201915442943573	-0.12009158730506897	-0.03144808113574982	0.024547085165977478	-0.02309010736644268
D106T	0.1852715015411377	-0.3096199035644531	-0.2925368845462799	-0.2756860554218292	0.1130511611700058	-0.4825468063354492	-0.11789564043283463	-0.18640172481536865	-0.030249767005443573	-0.014181897044181824	-0.1410795897245407
D106V	0.0614703930914402	-0.21263515949249268	-0.06805482506752014	0.689181387424469	0.2105376273393631	-0.018576689064502716	-0.35350364446640015	0.1985708475112915	0.10270316898822784	-0.1859992891550064	0.042369384318590164
D106W	0.0703822448849678	-0.5299588441848755	-0.6489591598510742	-0.25112950801849365	-0.1389642059803009	0.3520042896270752	-0.18726062774658203	0.12420396506786346	-0.2651331424713135	-0.5462584495544434	-0.20210734009742737
D106Y	0.6388230919837952	-0.24407881498336792	-0.318471759557724	0.12483659386634827	0.1574886441230774	0.5042942762374878	-0.11568816751241684	0.4144013524055481	0.08548584580421448	0.6561952829360962	0.19032862782478333
S107A	0.7468103766441345	0.7022984623908997	0.002286527305841446	0.8242400884628296	0.7808259725570679	0.4251518249511719	0.79749596118927	0.6177418828010559	0.46355926990509033	0.8286751508712769	0.6189085245132446
S107C	0.9733072519302368	0.7702239155769348	0.4138730466365814	0.4220917522907257	0.5599331855773926	0.6154686808586121	0.6086491346359253	1.1792110204696655	0.6186565160751343	0.47637003660202026	0.6637784242630005
S107D	0.45536068081855774	0.5365676283836365	0.6053433418273926	0.298470139503479	0.517395555973053	0.3083823323249817	0.6293426752090454	0.7732293009757996	0.4438233971595764	0.673158586025238	0.5241073369979858
S107E	0.8971118330955505	0.6807452440261841	0.6702640056610107	0.5577609539031982	0.28066039085388184	0.29470670223236084	0.8819901347160339	0.506975531578064	0.33602601289749146	0.5197625160217285	0.562600314617157
S107F	0.9619095921516418	0.40488776564598083	-0.12076355516910553	0.37421080470085144	0.47360479831695557	0.204120472073555	0.035998810082674026	0.7294065356254578	0.28282445669174194	0.30051273107528687	0.3646712601184845
S107G	0.24724417924880981	0.6898021697998047	0.25070831179618835	0.25640976428985596	0.5403009653091431	0.34432780742645264	0.38600483536720276	0.4807961583137512	0.28359949588775635	0.5343514680862427	0.40135449171066284
S107H	0.6005615592002869	0.607164204120636	0.5180916786193848	0.41161346435546875	0.6222282648086548	0.433107852935791	0.648800253868103	0.9214335083961487	0.6145175099372864	0.43589431047439575	0.5813413262367249
S107I	1.079957127571106	0.29711246490478516	0.1150522232055664	0.6905016899108887	0.517268180847168	0.6255091428756714	0.48506519198417664	0.7554360032081604	0.23437288403511047	0.5765870809555054	0.5376862287521362
S107K	0.838319718837738	0.6553455591201782	0.6746659278869629	0.9588271379470825	0.65250563621521	0.6009621024131775	0.6308484673500061	0.7968692183494568	0.465851366519928	0.7307032346725464	0.7004898190498352
S107L	0.42621415853500366	-0.3900398015975952	-0.12413159757852554	0.18028010427951813	0.44413843750953674	0.03542351722717285	0.2788880169391632	-0.6064829230308533	0.6253442168235779	0.535514235496521	0.14051483571529388
S107M	0.7983328104019165	0.6235286593437195	0.3393571078777313	0.530438244342804	0.5202484130859375	0.5847906470298767	0.6327171921730042	1.176296591758728	0.6230380535125732	0.30892372131347656	0.613767147064209
S107N	0.9602744579315186	0.6280766129493713	0.652416467666626	0.26633650064468384	0.6689586639404297	0.5288935899734497	0.6370375752449036	0.9880172610282898	0.748722493648529	0.40982311964035034	0.6488556265830994
S107P	0.44145917892456055	0.3615274131298065	0.5228345394134521	0.5884963870048523	0.7382895946502686	0.41509050130844116	0.49193671345710754	0.7134459018707275	0.6293798089027405	0.12240893393754959	0.5024868845939636
S107Q	0.7052351832389832	0.5635551810264587	0.6091076135635376	0.7391390204429626	0.8788268566131592	0.34744513034820557	0.6319339275360107	0.7115465402603149	0.43625736236572266	0.713802695274353	0.6336849331855774
S107R	0.7902371883392334	0.6752416491508484	0.6207485198974609	0.3929760754108429	0.6398177146911621	0.4955969452857971	0.5111234784126282	0.8774545788764954	0.4323025345802307	0.8035231828689575	0.6239022016525269
S107T	0.8230019211769104	0.7982330918312073	0.22452738881111145	0.5798178911209106	0.806503176689148	0.4549139738082886	0.6799402832984924	1.095852017402649	0.4697052836418152	0.8712457418441772	0.680374026298523
S107V	0.5069308876991272	-0.11793648451566696	0.14480642974376678	0.7120073437690735	0.5998742580413818	0.35513031482696533	0.5235145688056946	-0.5111530423164368	0.15977203845977783	0.8023885488510132	0.3175334930419922
S107W	0.48565053939819336	0.6170409917831421	0.1928594410419464	0.3976425528526306	0.31827473640441895	0.15485087037086487	0.5898880958557129	0.8542175889015198	0.4936627745628357	0.021112531423568726	0.41251999139785767
S107Y	0.7310904860496521	0.6242329478263855	0.35891953110694885	0.3376365900039673	0.49690744280815125	0.33653581142425537	0.5703792572021484	0.8850118517875671	0.8288383483886719	0.46192997694015503	0.5631481409072876
E108A	0.05162518471479416	0.12991462647914886	0.30472174286842346	-0.33583489060401917	-0.05023852735757828	-0.2311958223581314	0.3579148054122925	0.32492387294769287	0.4373142123222351	-0.17537821829319	0.08137670159339905
E108C	-0.006196029484272003	-0.2749399244785309	0.08041338622570038	-0.7259092330932617	-0.5294185876846313	-0.1863837093114853	-0.7561210989952087	-0.16660118103027344	0.17581988871097565	-0.00359402596950531	-0.23929305374622345
E108D	-0.5497832894325256	-0.17683711647987366	-0.11071175336837769	-0.20715703070163727	0.020733537152409554	-0.1561480313539505	0.18321391940116882	0.6275269389152527	0.32997745275497437	0.8475767970085144	0.080839142203331
E108F	-0.1304333209991455	0.062580406665802	-0.5149821639060974	-0.865586519241333	-0.2233373522758484	-0.49422770738601685	0.05259999632835388	-0.17553605139255524	-0.4570515751838684	-0.1520436853170395	-0.28980177640914917
E108G	0.012985102832317352	0.5694270133972168	0.4412555694580078	0.1596507430076599	0.36030247807502747	-0.49748367071151733	0.27761319279670715	0.7582855820655823	0.963922381401062	0.4779976010322571	0.35239556431770325
E108H	-0.1577587127685547	0.007122557610273361	-0.24539309740066528	-0.14670953154563904	0.0004625394940376282	-0.05320754647254944	-0.08412356674671173	0.5793487429618835	0.1778745949268341	0.3339138329029083	0.04115298390388489
E108I	-0.5862950682640076	-0.4716275930404663	-0.19406484067440033	-0.5028420686721802	-0.20123547315597534	-0.10384718328714371	-0.010550158098340034	-0.09436602890491486	-0.25400155782699585	-0.002498641610145569	-0.24213287234306335
E108K	-0.3347761332988739	-0.026058152318000793	-0.04629461467266083	-0.36081457138061523	-0.01793360710144043	-0.11210942268371582	-0.11822914332151413	-0.31719064712524414	0.2512381672859192	0.22325865924358368	-0.08589094132184982
E108L	0.6590952277183533	-0.4063626527786255	-0.34681928157806396	0.21093635261058807	0.024986308068037033	-0.031133651733398438	0.08398906141519547	0.049263011664152145	0.5429328680038452	0.04990033805370331	0.08367875963449478
E108M	-0.857361912727356	-0.4015737771987915	-0.504650354385376	-0.933047354221344	-0.36902916431427	-0.07048866152763367	-0.4108574390411377	-0.13604320585727692	-0.04559948295354843	0.05469647794961929	-0.36739546060562134
E108N	-0.08522827178239822	-0.041017256677150726	-0.013944175094366074	-0.063996821641922	-0.0659988522529602	-0.016404032707214355	-0.2287585437297821	0.019285783171653748	0.19959673285484314	0.5008707642555237	0.020440533757209778
E108P	-0.3422091603279114	-0.30773425102233887	-0.5745871067047119	-0.05032483860850334	-0.6183363199234009	-0.49850648641586304	0.2874322533607483	-0.9088964462280273	0.031869515776634216	0.327686071395874	-0.26536068320274353
E108Q	-0.16802889108657837	0.133541077375412	0.4823535978794098	0.06741127371788025	-0.13365627825260162	-0.08026092499494553	0.3339936435222626	0.5451706647872925	0.1281614601612091	0.7717715501785278	0.20804572105407715
E108R	-0.24892497062683105	0.20963355898857117	0.0467802956700325	-0.23705662786960602	-0.16424018144607544	0.0015784502029418945	0.16827665269374847	-0.2378041297197342	0.2643645405769348	0.008204743266105652	-0.01891876570880413
E108S	-0.3137199580669403	0.08863431215286255	0.37104374170303345	-0.13714216649532318	-0.006888456642627716	-0.3345046639442444	-0.1563572883605957	-0.041952285915613174	0.4604290723800659	0.4607464671134949	0.03902887552976608
E108T	-0.9279343485832214	-0.2204855978488922	0.2188117802143097	-0.7860263586044312	0.09701204299926758	-0.08191026747226715	-0.002329522743821144	0.45965898036956787	0.26070237159729004	0.5345126986503601	-0.044798821210861206
E108V	0.02504342794418335	-0.02846122533082962	-0.298331618309021	0.873104989528656	0.0014690235257148743	-0.189667209982872	-0.20691059529781342	0.7387288808822632	0.04670330137014389	0.016388580203056335	0.09780675172805786
E108W	-0.17292243242263794	-0.07102780789136887	-0.3513871431350708	-0.7801200151443481	-0.4695764482021332	-0.16999314725399017	-0.8877802491188049	-0.5487328767776489	0.08329862356185913	-0.4965416193008423	-0.3864782750606537
E108Y	0.0549113005399704	-0.06445395201444626	-0.38751867413520813	-0.9839417934417725	-0.31568965315818787	-0.2447887808084488	-0.761932373046875	0.126946821808815	-0.1257346123456955	0.07997241616249084	-0.26222291588783264
P109A	-0.9115710854530334	0.12090052664279938	-0.42031505703926086	0.350355863571167	0.040329307317733765	-0.40135037899017334	0.3177774250507355	-0.33853569626808167	0.1773100197315216	-0.03304138779640198	-0.10981404781341553
P109C	0.25060588121414185	-0.45290255546569824	0.06823688745498657	0.008677005767822266	0.12354546785354614	0.06203898787498474	-0.5901124477386475	0.03273051604628563	-0.3316130042076111	-0.41002732515335083	-0.12388205528259277
P109D	0.6028448343276978	0.12602932751178741	0.20022934675216675	0.16505728662014008	0.008126825094223022	-0.15731436014175415	0.3892486095428467	0.19118274748325348	0.09748565405607224	0.09053754061460495	0.17134277522563934
P109E	-0.3533965051174164	-0.39450934529304504	-0.7669838666915894	-0.20765049755573273	-0.38502955436706543	-0.482952356338501	-0.04631625860929489	-0.4489474892616272	-0.16225409507751465	-0.34367501735687256	-0.35917147994041443
P109F	0.12153362482786179	0.5236625671386719	-0.2717897295951843	0.027136892080307007	-0.18158379197120667	0.19218435883522034	0.4546619653701782	-0.0031901150941848755	-0.445259690284729	0.29363805055618286	0.0710994154214859
P109G	0.27716970443725586	-0.19561517238616943	-0.3489605486392975	0.23183171451091766	0.17446862161159515	0.32676440477371216	0.49975889921188354	-0.24360527098178864	0.3317071199417114	0.33827292919158936	0.13917924463748932
P109H	0.3689993619918823	0.12954312562942505	0.4244234263896942	0.2643517255783081	0.0871884822845459	-0.16748085618019104	-0.0050451550632715225	0.4987108111381531	0.337382972240448	0.2557195723056793	0.21937935054302216
P109I	0.5097315907478333	0.3410376012325287	0.609495997428894	0.6888865232467651	0.09646984189748764	0.5210992097854614	0.4438514709472656	0.12123559415340424	0.20426426827907562	0.14016593992710114	0.36762380599975586
P109K	-0.12737712264060974	-0.13326138257980347	0.02073752135038376	0.27520236372947693	0.23530350625514984	-0.18137425184249878	0.29357948899269104	0.03893565759062767	0.33013445138931274	0.07133691757917404	0.08232171833515167
P109L	-0.7673322558403015	0.10144567489624023	-0.41565027832984924	-0.1537657529115677	-0.3092343509197235	-0.14156201481819153	-0.12296377867460251	0.049833741039037704	0.4310951828956604	-0.2954533100128174	-0.16235871613025665
P109M	0.3332511782646179	-0.03956785798072815	-0.06272667646408081	0.3488718867301941	0.02332073263823986	0.10747683048248291	-0.1562279313802719	-0.03151782229542732	-0.4301939606666565	0.27021801471710205	0.03629043698310852
P109N	0.4677126705646515	0.2253408133983612	0.33997347950935364	0.3794953525066376	0.3966818153858185	0.277171790599823	0.23722389340400696	0.6486559510231018	0.4419817328453064	0.3865426778793335	0.3800780177116394
P109Q	0.11463788896799088	0.4177294671535492	0.32993263006210327	0.47813019156455994	0.18068960309028625	-0.015713859349489212	0.437857449054718	0.96184903383255	0.3532487750053406	0.48650890588760376	0.3744869828224182
P109R	0.4724670946598053	-0.07538188248872757	0.00034717097878456116	0.3103770911693573	0.5104116201400757	0.2845526337623596	0.5513426661491394	0.40413522720336914	0.18646883964538574	0.2088204324245453	0.2853540778160095
P109S	-0.16393983364105225	-0.49346548318862915	-0.6729422807693481	0.13120213150978088	0.06840769201517105	0.17889253795146942	0.4601847231388092	-0.06370065361261368	0.1462976485490799	-0.3798016309738159	-0.07888651639223099
P109T	0.5954195261001587	-0.09384780377149582	-0.250186562538147	0.7763562798500061	-0.1518557071685791	0.09298638999462128	0.1512652188539505	-0.002542354166507721	-0.059524163603782654	0.19021107256412506	0.12482818216085434
P109V	-0.417196124792099	-0.20003533363342285	-0.44056567549705505	-0.12087972462177277	-0.20514103770256042	0.33704674243927	-0.2370365858078003	-0.20911963284015656	0.3524630069732666	-0.10083815455436707	-0.12413027137517929
P109W	-0.05922732502222061	-0.34349238872528076	-0.5695146322250366	0.2316712588071823	-0.13847944140434265	-0.018316417932510376	-0.1570594310760498	0.39544469118118286	-0.36294853687286377	-0.9068784713745117	-0.1928800642490387
P109Y	0.1989549994468689	-0.21486520767211914	0.006528548896312714	0.1362951397895813	-0.05617654323577881	-0.03322344645857811	0.2975139617919922	0.20963312685489655	-0.2594723105430603	0.0723060891032219	0.03574943542480469
K110A	0.01284509152173996	0.28749194741249084	0.3254837989807129	0.22451242804527283	0.10148674249649048	0.2666861414909363	-0.39166492223739624	0.671646237373352	0.6591211557388306	0.5703107714653015	0.27279192209243774
K110C	-0.25379401445388794	-0.32490766048431396	0.25825658440589905	0.06132979691028595	-0.5061399936676025	0.05930192023515701	-0.3112669289112091	0.7162851095199585	0.44326096773147583	0.007073596119880676	0.014939941465854645
K110D	-0.5501312613487244	0.16970351338386536	0.0985867828130722	0.18198604881763458	0.4033253490924835	0.5881158709526062	0.22865793108940125	0.07153661549091339	0.2832489609718323	0.6202412843704224	0.20952710509300232
K110E	0.15723967552185059	0.36444899439811707	0.22536584734916687	0.42776861786842346	0.07635316252708435	0.13565553724765778	0.19380144774913788	0.3228275179862976	0.38886791467666626	0.4743186831474304	0.27666473388671875
K110F	-0.2967197597026825	-0.15497159957885742	0.42009302973747253	-0.0013922154903411865	-0.651260256767273	0.9013961553573608	0.27086928486824036	-0.08068358898162842	0.6100735068321228	0.03184632211923599	0.10492508113384247
K110G	0.2936052680015564	0.7317942976951599	0.3813779354095459	0.881515622138977	0.36507168412208557	0.6533991694450378	0.4842820167541504	0.8922974467277527	0.47199976444244385	1.1260353326797485	0.6281378269195557
K110H	-0.35006362199783325	-0.14369907975196838	0.09230212867259979	0.6424866318702698	-0.11344006657600403	0.5714001655578613	0.5421739220619202	0.48208141326904297	0.4905046224594116	0.5871067047119141	0.2800852656364441
K110I	-0.20854729413986206	0.27942824363708496	0.5808638334274292	0.19312170147895813	-0.8587859869003296	0.4250026345252991	-0.6843002438545227	0.5429955124855042	0.33957529067993164	0.16915367543697357	0.07785074412822723
K110L	-0.3752943277359009	-0.4713231921195984	-0.551709771156311	0.4709618091583252	-0.15352457761764526	-0.15038588643074036	-0.5854352712631226	0.6765852570533752	-0.36954063177108765	-0.08622772991657257	-0.15958943963050842
K110M	-0.44831782579421997	-0.05522703379392624	0.6104331016540527	0.7073639631271362	-0.7515705823898315	0.03757770359516144	-0.3632866144180298	0.6561374664306641	0.5575118660926819	-0.9289039373397827	0.002171808388084173
K110N	0.05427457019686699	0.11896201968193054	0.17812983691692352	0.6834757328033447	0.10837358236312866	0.6895861029624939	0.6202400326728821	0.3524988889694214	0.26548463106155396	0.4700731039047241	0.35410982370376587
K110P	0.19745028018951416	0.24001821875572205	0.10830900073051453	-0.2342328280210495	-0.602211594581604	0.21533875167369843	-0.4691384732723236	0.0885542780160904	0.603052020072937	-0.14234261214733124	0.00047969966544769704
K110Q	-0.1205652579665184	0.062313370406627655	0.5123790502548218	1.0135053396224976	0.10012039542198181	0.7286005020141602	0.2976463735103607	0.6099629998207092	0.5657442212104797	0.1692560464143753	0.39389628171920776
K110R	0.3941667675971985	0.28465306758880615	0.16089093685150146	0.6084074378013611	0.4766300916671753	0.5662816166877747	0.9437384605407715	0.9025419354438782	0.574138343334198	0.4787617325782776	0.5390210151672363
K110S	-0.4271433353424072	0.1774899661540985	0.011741921305656433	0.4654634892940521	0.3176618218421936	0.37405335903167725	0.11547151207923889	-0.19354870915412903	0.6107419729232788	0.5909484028816223	0.204288050532341
K110T	0.33997011184692383	0.15276041626930237	0.3637067973613739	0.19475094974040985	-0.03546634316444397	0.3853852152824402	0.0012274403125047684	-0.03396730497479439	0.7484527230262756	0.6903895735740662	0.280720978975296
K110V	0.2799857258796692	-0.17406371235847473	-0.3514538109302521	0.8267391920089722	-0.5042463541030884	0.3281605839729309	-0.6279642581939697	1.1656116247177124	-0.09346406161785126	0.12226700782775879	0.09715719521045685
K110W	-0.9877646565437317	-0.1610235869884491	0.15181298553943634	-0.4880366325378418	-0.8218541145324707	0.1030704528093338	-0.35598814487457275	0.009015373885631561	-0.054831042885780334	-0.6196956038475037	-0.32252949476242065
K110Y	-0.6464726328849792	-0.27706584334373474	-0.04893922060728073	0.2712379992008209	-0.5443013906478882	0.1364591419696808	0.24249903857707977	0.0870276689529419	0.04683026671409607	-0.2819923758506775	-0.10147173702716827
N111A	-0.1444820761680603	0.07821312546730042	-0.0925443023443222	0.6359642744064331	0.9294372797012329	0.5680412650108337	-0.08515604585409164	0.15872745215892792	0.4673517942428589	0.19148632884025574	0.2707039415836334
N111C	0.1763230562210083	0.26386672258377075	-0.416413813829422	0.09289955347776413	0.5776753425598145	-0.1456182897090912	-0.3495841920375824	0.4429643154144287	0.06311316043138504	0.2975319027900696	0.10027576982975006
N111D	0.32692328095436096	-0.4038282036781311	0.011400237679481506	0.07077105343341827	0.16683979332447052	0.2110188752412796	0.18593142926692963	-0.05108018219470978	-0.41566312313079834	-0.7785308361053467	-0.06762176752090454
N111E	-0.06841177493333817	-1.3233519792556763	-0.3506247401237488	-0.6710370779037476	-0.15913350880146027	-0.4407768249511719	-0.2285054624080658	-0.2911045253276825	0.7519276142120361	-0.34450048208236694	-0.3125518560409546
N111F	0.11843354254961014	0.06776614487171173	0.11021837592124939	-0.2251625508069992	0.48335158824920654	1.020308017730713	-0.2719145119190216	-0.20073135197162628	0.4612540602684021	-0.7435624599456787	0.08199608325958252
N111G	-0.14753225445747375	-0.3121550679206848	0.48336389660835266	0.9633615016937256	0.6059476137161255	0.9611200094223022	0.033804766833782196	-0.2744418680667877	0.5357590913772583	0.006600573658943176	0.2855828106403351
N111H	0.3098006248474121	-0.09752648323774338	-0.4677520990371704	0.14413867890834808	0.31981003284454346	0.5550928115844727	-0.09198368340730667	0.23534797132015228	0.044716134667396545	0.4868907928466797	0.14385347068309784
N111I	-0.6273245215415955	-0.1910073459148407	0.06740786880254745	0.631272554397583	0.16561251878738403	0.7270486354827881	-0.06918454170227051	-0.4062776565551758	0.5406392216682434	-0.6595305800437927	0.0178656168282032
N111K	0.36306872963905334	-0.43261057138442993	-0.2894895076751709	0.6768055558204651	0.05765753984451294	0.7996288537979126	-0.07929594814777374	0.3468794822692871	-0.07360009849071503	-0.33148473501205444	0.10375592857599258
N111L	0.2217167317867279	1.0279436111450195	0.08268484473228455	-0.006882455199956894	0.9042984247207642	0.24295924603939056	0.22112730145454407	0.8950580954551697	0.2854827642440796	-0.13920308649539948	0.37351855635643005
N111M	-0.7722769379615784	0.574812114238739	-0.7460402250289917	0.19284839928150177	0.19145657122135162	0.18251918256282806	-0.3942762315273285	0.046751443296670914	0.19924618303775787	0.41058987379074097	-0.011436963453888893
N111P	-0.546097457408905	-0.8142818212509155	-0.44237789511680603	0.07550990581512451	-1.024720311164856	-0.5177105665206909	-0.159504234790802	-0.0238917488604784	-0.0390416756272316	-0.7001223564147949	-0.4192237854003906
N111Q	0.10120886564254761	-0.08819069713354111	-0.06927367299795151	0.4934436082839966	0.10636615753173828	0.6556861996650696	-0.1440819501876831	-0.01845165342092514	-0.2589028477668762	-0.19921381771564484	0.057859014719724655
N111R	0.7514536380767822	-0.4908967614173889	0.04454014450311661	0.515162467956543	-0.202773779630661	0.7375986576080322	0.07148950546979904	0.20474280416965485	0.12305785715579987	-0.803659975528717	0.09507144242525101
N111S	0.49038416147232056	0.12078341841697693	0.047602251172065735	0.9013159871101379	0.33174365758895874	1.269139051437378	-0.0448208823800087	0.09374263882637024	0.5722787380218506	-0.38271141052246094	0.3399457633495331
N111T	0.45709073543548584	-0.04650825262069702	-0.16826575994491577	0.7908579111099243	0.22196367383003235	1.3360648155212402	0.06956924498081207	0.27551305294036865	0.38368725776672363	-0.745593249797821	0.25743794441223145
N111V	0.0037645697593688965	0.8573783040046692	0.32501447200775146	0.5825242400169373	0.8206835985183716	0.6120361089706421	0.4103430211544037	1.556232213973999	0.339332640171051	-0.39024484157562256	0.5117064118385315
N111W	-0.2753775715827942	0.14014750719070435	-1.1510448455810547	-0.4297408163547516	0.2396959811449051	-1.1406011581420898	-0.06968774646520615	0.2708934545516968	-0.2817927598953247	0.09684248268604279	-0.26006653904914856
N111Y	-0.5201950073242188	-0.006488576531410217	-0.9155611991882324	-0.37417665123939514	0.3267359137535095	-0.7349250316619873	-0.2692289650440216	0.19594481587409973	-0.20420564711093903	0.6167458295822144	-0.18853546679019928
V112A	0.9116092920303345	0.4058561623096466	0.4855237305164337	0.13095730543136597	0.7004849910736084	0.5205913186073303	0.7739264965057373	0.40831923484802246	0.5078975558280945	0.810086727142334	0.565525233745575
V112C	0.5296504497528076	0.6762934923171997	0.3923170864582062	0.25172221660614014	-0.0007074400782585144	0.3754228949546814	0.6997123956680298	0.6495192050933838	0.3772878646850586	0.7187458276748657	0.466996431350708
V112D	0.7974724173545837	1.4437638521194458	0.8778454065322876	0.6538429856300354	0.9674524068832397	0.6453157067298889	0.6654173135757446	0.37897923588752747	0.6173674464225769	1.0842245817184448	0.8131680488586426
V112E	0.4581843614578247	-0.5903714895248413	0.3414345681667328	-0.19791348278522491	-0.008045896887779236	0.021544791758060455	0.20304057002067566	0.012632086873054504	-0.23864586651325226	0.3998726010322571	0.04017322510480881
V112F	0.39611580967903137	0.5804433822631836	0.2970791757106781	0.41677770018577576	1.125354290008545	0.252302885055542	0.20042726397514343	-0.004200536757707596	0.4370940327644348	0.9407764077186584	0.46421703696250916
V112G	0.745739758014679	1.1813818216323853	0.9379503726959229	0.5061434507369995	0.730262041091919	0.2924680709838867	0.8631750345230103	0.6287932991981506	0.8266746997833252	1.2507383823394775	0.7963326573371887
V112H	0.4346502423286438	0.7000871896743774	0.5651971101760864	0.4638192653656006	0.4893313944339752	0.2767770290374756	0.10915950685739517	0.5076506733894348	0.7890361547470093	0.620468020439148	0.49561768770217896
V112I	1.0008684396743774	0.24600836634635925	1.0297837257385254	0.5570091009140015	1.2260645627975464	1.1062312126159668	1.4325873851776123	0.9685867428779602	0.796780526638031	0.8320884108543396	0.9196008443832397
V112K	-0.13359567523002625	0.7314041256904602	0.7141448259353638	-0.006149332970380783	0.8444851636886597	0.8263287544250488	0.9167802333831787	1.1996283531188965	0.494145929813385	0.990300178527832	0.657747209072113
V112L	1.2323857545852661	0.3877146542072296	0.6315929889678955	0.04867691174149513	0.8969035148620605	0.7991558313369751	0.6662812232971191	0.5462808012962341	0.864814281463623	0.4424264430999756	0.6516232490539551
V112M	0.3082980513572693	0.3931731581687927	0.419277161359787	0.011791195720434189	-0.3345901668071747	0.3761729598045349	0.9727931618690491	0.7170789837837219	0.9113351106643677	1.0041401386260986	0.477946937084198
V112N	0.8685091137886047	1.374408483505249	0.9678031206130981	0.5392940044403076	0.6711153984069824	0.8654702305793762	0.8122826218605042	0.5602474212646484	1.196381688117981	1.1690677404403687	0.9024580121040344
V112P	-0.010767713189125061	-0.4672624468803406	0.21418780088424683	-0.6846426725387573	0.30028486251831055	0.3896602392196655	0.07603693008422852	1.252048134803772	0.574612557888031	0.1679641455411911	0.1812121719121933
V112Q	0.5496214628219604	0.8278674483299255	0.8330107927322388	0.582426130771637	0.7732830047607422	0.9146627187728882	1.13530695438385	1.6081591844558716	1.0458369255065918	1.1496031284332275	0.9419776797294617
V112R	0.5854324698448181	0.9375850558280945	1.1818536520004272	0.45412248373031616	1.3121757507324219	0.7424779534339905	0.7302410006523132	0.6040182709693909	0.8755406141281128	1.0204805135726929	0.8443927764892578
V112S	0.8580122590065002	1.3916953802108765	0.5835870504379272	0.42768141627311707	1.22735595703125	0.7059376835823059	0.652775228023529	0.25332438945770264	0.4435940384864807	1.0975639820098877	0.7641528248786926
V112T	1.027703046798706	0.8890299797058105	1.0812355279922485	0.42338207364082336	1.1126537322998047	1.0639678239822388	0.8139665722846985	0.4803308844566345	0.7271991968154907	0.9699573516845703	0.8589426279067993
V112W	-0.3754355013370514	-0.2165490984916687	-0.42747896909713745	-0.6482927203178406	-0.4892086684703827	0.05577465891838074	0.09805334359407425	1.0760396718978882	0.2965877652168274	0.35478466749191284	-0.027572477236390114
V112Y	0.013132795691490173	0.4442770183086395	-0.028635675087571144	0.004787754267454147	0.05358269065618515	-0.035479579120874405	0.36882349848747253	0.2624223232269287	0.3516170382499695	0.25788843631744385	0.16924163699150085
E113A	0.9970481991767883	0.9732282757759094	0.4832777678966522	1.1214452981948853	1.0348830223083496	0.7947299480438232	1.3010680675506592	0.3126257658004761	1.263924479484558	0.6824034452438354	0.8964635133743286
E113C	0.46884870529174805	0.7789258360862732	0.9830366373062134	0.904252827167511	0.05452282726764679	0.6660559177398682	0.74885094165802	0.3394922912120819	0.07933151721954346	0.705439567565918	0.5728756785392761
E113D	0.7625144124031067	0.08729773014783859	0.688308835029602	0.21288079023361206	0.7328139543533325	0.7439156174659729	0.5860198140144348	0.5786888003349304	0.3892214298248291	0.6525696516036987	0.543423056602478
E113F	0.5382320880889893	0.5942060351371765	1.2529141902923584	1.082554817199707	0.7130357027053833	0.7132903337478638	0.5888735055923462	0.5528498291969299	0.7807502150535583	0.3687516450881958	0.7185457944869995
E113G	0.9033294916152954	1.0430089235305786	0.8790445327758789	1.200657844543457	0.7550598382949829	1.1373491287231445	1.3901259899139404	0.09922604262828827	0.8717842698097229	0.49190765619277954	0.8771494030952454
E113H	0.8228506445884705	0.5168713927268982	0.7691670656204224	0.5506730079650879	0.18450242280960083	0.9394940137863159	0.5974533557891846	0.8166448473930359	0.836641788482666	0.5381259322166443	0.6572424173355103
E113I	0.8437601327896118	0.9665014147758484	1.43863844871521	1.3185670375823975	0.5781021118164062	0.9430423378944397	0.669021725654602	1.1106051206588745	0.9677784442901611	0.9310965538024902	0.9767112731933594
E113K	0.6507294178009033	-0.13501399755477905	0.3761688768863678	0.6650478839874268	0.828675389289856	0.8753216862678528	0.37863221764564514	0.2858113646507263	0.6197865009307861	0.08634160459041595	0.4631500840187073
E113L	0.6185286045074463	0.5251838564872742	1.1412981748580933	1.7082524299621582	0.36146363615989685	0.3549284338951111	0.1454852968454361	0.5969797372817993	0.8006808161735535	-0.05001898109912872	0.6202782392501831
E113M	0.672003984451294	0.36087408661842346	0.8250541687011719	1.0872684717178345	0.48744967579841614	0.5287389159202576	0.24654163420200348	0.8039416670799255	0.10021081566810608	0.5362221002578735	0.5648305416107178
E113N	0.6586235165596008	0.5580986142158508	0.6982295513153076	0.8683241009712219	0.4272606372833252	0.9056732058525085	0.39510229229927063	0.6089819073677063	0.9794750213623047	0.2210356891155243	0.6320804357528687
E113P	0.6598993539810181	0.2386968433856964	0.593425989151001	0.5656941533088684	0.47386783361434937	0.5206172466278076	-0.1866147667169571	0.5330188274383545	-0.07430632412433624	0.48886895179748535	0.3813168406486511
E113Q	0.8108587861061096	0.45990222692489624	1.0649542808532715	0.9195403456687927	0.6009631156921387	0.9764289855957031	0.6488733887672424	0.8320598006248474	0.4748317003250122	0.24226658046245575	0.7030678987503052
E113R	0.26317092776298523	0.06179921329021454	0.4997386038303375	0.8747902512550354	0.2814926505088806	1.0976108312606812	0.5454434156417847	0.481906533241272	0.9381795525550842	0.2975788116455078	0.5341710448265076
E113S	1.1210092306137085	0.699955403804779	0.9568535089492798	1.0644043684005737	0.8205657005310059	0.9168944358825684	1.1089582443237305	0.43096718192100525	0.9948579668998718	0.591339647769928	0.8705806732177734
E113T	1.0886894464492798	1.072110891342163	1.0395864248275757	1.2454047203063965	0.5893335342407227	1.0734108686447144	1.152536153793335	0.4243732988834381	0.8702540397644043	0.7863331437110901	0.9342032670974731
E113V	0.7529617547988892	0.9295310378074646	1.2691389322280884	1.2235385179519653	0.44162824749946594	1.0642719268798828	0.7801488041877747	0.4756620526313782	1.3236013650894165	0.8416748046875	0.9102157354354858
E113W	0.558097779750824	0.14426392316818237	1.1433695554733276	0.7941606044769287	0.04833915829658508	0.6650598645210266	0.38468030095100403	1.5744174718856812	0.4874897599220276	0.41931235790252686	0.6219190359115601
E113Y	0.22149822115898132	0.22262075543403625	0.7049355506896973	0.40751907229423523	0.24607741832733154	0.48752498626708984	0.5025540590286255	0.7137501239776611	0.26796334981918335	0.47239863872528076	0.42468419671058655
P114A	-0.018107272684574127	-0.23855876922607422	0.39798784255981445	0.4525061249732971	0.6586019992828369	0.9476593732833862	0.7923062443733215	1.771927833557129	0.5506543517112732	1.0114738941192627	0.6326451301574707
P114C	0.31518542766571045	0.24301379919052124	0.08534325659275055	0.8581460118293762	0.5452444553375244	0.9501731395721436	0.6731721758842468	0.9638280272483826	0.5815719962120056	0.7898811101913452	0.600555956363678
P114D	0.6691704392433167	0.7961425185203552	1.081851840019226	0.8727741837501526	0.28575605154037476	1.2153844833374023	1.0025091171264648	0.6488803625106812	0.5179610848426819	0.11742797493934631	0.7207857966423035
P114E	-0.09638675302267075	-0.00998213142156601	0.19270817935466766	1.098791480064392	0.7687829732894897	-0.03858637437224388	0.5916439294815063	0.9775014519691467	0.4570518136024475	0.2055218517780304	0.41470465064048767
P114F	-0.25884103775024414	1.2177729606628418	1.1194918155670166	1.0908211469650269	0.9900548458099365	1.2859442234039307	0.6399165391921997	1.462724208831787	0.6491358876228333	0.4861733317375183	0.8683193922042847
P114G	-0.11246075481176376	0.8573632836341858	0.21427682042121887	1.0145576000213623	0.40360698103904724	0.520814061164856	0.503337562084198	1.714556336402893	0.5278491377830505	0.55821692943573	0.6202118396759033
P114H	0.13076671957969666	0.017769642174243927	0.8573081493377686	0.6708964705467224	0.45813092589378357	0.773957371711731	1.147611379623413	0.5077800750732422	0.3241967558860779	0.5805476307868958	0.5468965172767639
P114I	0.6870043873786926	1.2785940170288086	0.7938673496246338	1.2346547842025757	0.8502806425094604	1.255836009979248	0.8474007844924927	0.8879420757293701	0.9211320877075195	0.7832472920417786	0.9539958834648132
P114K	0.5331582427024841	1.1580454111099243	0.5251625776290894	1.2087101936340332	0.40339770913124084	0.9912455081939697	0.5137203931808472	0.7958388924598694	0.38249677419662476	0.378279447555542	0.6890055537223816
P114L	-0.29179635643959045	0.03755415603518486	0.3276739716529846	-0.22695539891719818	0.8941398859024048	0.6403520107269287	0.464542418718338	1.6687496900558472	0.9008449912071228	1.071270227432251	0.5486375689506531
P114M	0.3723514974117279	0.3995358347892761	0.2962774634361267	0.6056153178215027	0.35706815123558044	0.753657341003418	0.5928522944450378	0.8418787717819214	0.7026961445808411	0.8018801212310791	0.572381317615509
P114N	0.543239414691925	0.8744217157363892	0.48591986298561096	0.7333844304084778	0.4012165665626526	0.9306455850601196	0.7352367639541626	1.5461649894714355	0.7548462748527527	0.48970717191696167	0.7494782209396362
P114Q	0.5561680197715759	0.5909281969070435	0.9831249713897705	0.7216537594795227	0.3122658431529999	1.1982858180999756	1.2298775911331177	0.5535972118377686	0.7682412266731262	0.6976447105407715	0.7611787915229797
P114R	0.23672673106193542	1.100041389465332	0.734980583190918	1.495737075805664	0.4590393304824829	1.1499043703079224	0.9905820488929749	0.5001154541969299	0.6667531132698059	0.5634149312973022	0.7897294759750366
P114S	0.1638849675655365	0.6614243984222412	0.5253121852874756	1.1289465427398682	0.6587914228439331	1.2361016273498535	0.6919845938682556	1.7060084342956543	0.6580280065536499	0.6312991380691528	0.8061782121658325
P114T	0.3704434633255005	0.8391989469528198	0.48731502890586853	1.3834228515625	0.8488298654556274	1.018062949180603	0.8337539434432983	1.5420644283294678	0.6874404549598694	0.5684717893600464	0.8579004406929016
P114V	-0.05259076505899429	0.41056445240974426	0.055134885013103485	0.21976478397846222	0.6717733144760132	0.938230037689209	0.3959474265575409	1.4461749792099	0.8849624991416931	0.7703551650047302	0.5740317106246948
P114W	0.2603619396686554	0.3687732219696045	0.49060359597206116	0.3036022186279297	0.4682978689670563	1.0918437242507935	0.23797941207885742	0.5704013705253601	0.6553504467010498	0.6043320298194885	0.505154550075531
P114Y	0.21281486749649048	0.19306829571723938	0.6646487712860107	0.6693642139434814	0.5041199922561646	0.9818754196166992	0.8155761361122131	0.3844900131225586	0.43922877311706543	0.8257635235786438	0.5690950155258179
E115A	-0.009208187460899353	0.7076112627983093	0.5048011541366577	-0.2660057544708252	0.7100261449813843	0.34757381677627563	1.0484981536865234	0.6043291687965393	0.474415123462677	0.5660036206245422	0.4688044488430023
E115C	-0.2221926748752594	0.23973822593688965	0.21276095509529114	-0.050739314407110214	-0.11437785625457764	0.3204229474067688	-0.09178353101015091	0.3555915057659149	-0.49292194843292236	-0.47208571434020996	-0.03155874088406563
E115D	-0.1076338067650795	0.735196053981781	0.21097391843795776	0.5625236630439758	0.3558373749256134	0.41024458408355713	0.5117668509483337	1.4323608875274658	1.0225989818572998	0.8172102570533752	0.595107913017273
E115F	-0.9929152131080627	0.3548761308193207	0.3065921664237976	0.11869411170482635	1.0029586553573608	-0.32315516471862793	0.800949215888977	0.49899721145629883	0.3926005959510803	0.5098415017127991	0.26694390177726746
E115G	0.014573223888874054	0.5768817067146301	0.6772229671478271	-0.2924923002719879	0.19822955131530762	0.9414528012275696	0.7520241737365723	1.0538064241409302	0.1543090045452118	0.21217453479766846	0.4288181662559509
E115H	-0.26578694581985474	0.020994193851947784	-0.011023998260498047	0.1756015419960022	0.2313915342092514	0.28660374879837036	-0.012676233425736427	0.6783779263496399	0.038400813937187195	0.2974088788032532	0.1439291536808014
E115I	-0.49244755506515503	0.4161359369754791	0.5773791074752808	0.710039496421814	1.1363364458084106	0.19434142112731934	0.668952226638794	0.8230026364326477	0.47907179594039917	0.6482515931129456	0.5161063075065613
E115K	-0.16093546152114868	0.9394096732139587	0.4544583261013031	0.41628414392471313	0.24006181955337524	0.4541155695915222	0.7101094126701355	0.7756728529930115	0.8921417593955994	1.0130581855773926	0.5734376311302185
E115L	-0.033835090696811676	-0.030651934444904327	0.4691513478755951	-0.7001255750656128	2.2655868530273438	-0.19103039801120758	0.28570762276649475	0.6753120422363281	1.1421364545822144	0.3029989004135132	0.4185250401496887
E115M	0.1229463443160057	0.1813543736934662	0.47581151127815247	0.20793099701404572	0.050452761352062225	0.3254086971282959	0.11873006075620651	0.37572723627090454	0.022255465388298035	0.2585998773574829	0.21392174065113068
E115N	-0.08214271813631058	0.3687465488910675	0.2021748125553131	0.7820117473602295	0.3380967378616333	0.39305049180984497	0.24323995411396027	0.8308380246162415	0.857668399810791	0.37362730503082275	0.4307311177253723
E115P	-1.3836349248886108	-0.1438755989074707	-0.030579641461372375	-1.333876609802246	-0.16087813675403595	-0.473629355430603	0.027600741013884544	0.3394881784915924	0.39715808629989624	0.2955869436264038	-0.24666404724121094
E115Q	0.25832849740982056	0.688548743724823	0.46314355731010437	0.5537068247795105	0.41683831810951233	0.43021106719970703	0.34595587849617004	0.8604853749275208	0.8872597217559814	0.7239096760749817	0.5628387928009033
E115R	-0.35016483068466187	0.9037588238716125	0.3364830017089844	1.0722943544387817	0.42686954140663147	0.6701348423957825	0.5614111423492432	1.0345311164855957	0.5205667614936829	0.3368450403213501	0.551272988319397
E115S	-0.32772278785705566	0.9710248112678528	0.7691245079040527	0.5699266791343689	0.2903093695640564	0.5145964622497559	0.9985201954841614	1.3133432865142822	0.9249438643455505	0.7006601691246033	0.6724726557731628
E115T	0.12070699036121368	0.6492449641227722	0.28210532665252686	0.6092445850372314	0.5598609447479248	0.3636178970336914	0.8034294843673706	1.2136245965957642	0.9864736795425415	0.6089755296707153	0.6197283864021301
E115V	0.35522446036338806	0.04820805415511131	0.16788163781166077	-0.5653454065322876	1.1349952220916748	0.24136511981487274	0.7045280933380127	1.1584298610687256	0.8508495092391968	0.33742108941078186	0.4433557391166687
E115W	-0.5033843517303467	0.09509638696908951	0.016084089875221252	-1.1067360639572144	-0.5632642507553101	-0.08818534761667252	-0.04948810487985611	0.17084886133670807	-1.2138633728027344	-0.2203431874513626	-0.34632354974746704
E115Y	-0.2570576071739197	-0.19987869262695312	0.19571885466575623	-0.701151967048645	-0.08810095489025116	0.1778399646282196	-0.031110702082514763	0.2681770324707031	-0.44226717948913574	0.3087756037712097	-0.07690556347370148
K116A	0.7601539492607117	0.6323546171188354	0.5239062309265137	1.557305932044983	0.9491541385650635	0.3971192240715027	0.5934922099113464	0.6358610391616821	0.4038570523262024	1.0315818786621094	0.7484785318374634
K116C	0.7783088088035583	0.5096867084503174	0.21970102190971375	0.6903005838394165	0.7473822832107544	0.4837357997894287	-0.32064545154571533	-0.07921046018600464	0.900559663772583	0.5764164924621582	0.4506235122680664
K116D	1.1809080839157104	0.7730441689491272	0.601547360420227	0.948583722114563	-0.1590716689825058	0.6832337379455566	0.4578399062156677	1.527291178703308	0.22992590069770813	0.6954008936882019	0.6938703060150146
K116E	0.6034083962440491	0.25812146067619324	0.41471418738365173	0.014976948499679565	0.44843509793281555	0.5282471776008606	0.4029812812805176	0.08730614185333252	0.437563955783844	0.11963124573230743	0.331538587808609
K116F	0.12488365173339844	0.7459681630134583	0.8465191125869751	1.1051993370056152	-0.09955489635467529	0.8679779767990112	0.5418685674667358	0.5199015736579895	0.4008849859237671	1.0596545934677124	0.6113303899765015
K116G	0.9687361121177673	0.8714786767959595	0.6174970865249634	1.7157721519470215	0.5283159017562866	0.7086659669876099	0.7666312456130981	0.9505019783973694	0.3813543915748596	1.0995641946792603	0.8608517646789551
K116H	0.7445095181465149	0.4510650634765625	0.8818352222442627	0.7668217420578003	0.5761373043060303	0.8976790308952332	0.4041122496128082	0.2890753448009491	0.3703586459159851	0.9322408437728882	0.6313835382461548
K116I	0.5941941738128662	0.6075513958930969	0.8436802625656128	1.070944905281067	0.33141806721687317	0.8037046790122986	0.3818685710430145	0.22705431282520294	0.933706521987915	0.9915627837181091	0.6785685420036316
K116L	0.23894774913787842	0.21771526336669922	0.2339494824409485	1.0659804344177246	0.6777305603027344	-0.8775096535682678	0.10466635227203369	0.7978676557540894	0.6743280291557312	0.7103509306907654	0.38440269231796265
K116M	0.36717551946640015	0.6351916790008545	0.8026604652404785	0.36731547117233276	1.2308509349822998	0.7381617426872253	-0.23474735021591187	0.5189079642295837	0.47155940532684326	0.5540083050727844	0.545108437538147
K116N	0.7593257427215576	0.4150240421295166	0.5472557544708252	0.6967455148696899	0.44447991251945496	0.976675271987915	0.24341659247875214	1.3270913362503052	0.6186832785606384	0.9151252508163452	0.6943823099136353
K116P	0.7644415497779846	0.3678762912750244	0.0005825087428092957	0.5010162591934204	-0.18911519646644592	0.1552347093820572	-0.24612826108932495	0.2658878564834595	0.6388819813728333	0.17427125573158264	0.24329490959644318
K116Q	0.7803335785865784	0.7542509436607361	0.46015724539756775	0.2545072138309479	-0.009898856282234192	0.5039925575256348	0.190902441740036	0.1239912360906601	0.45316219329833984	0.3592525124549866	0.3870651125907898
K116R	0.9702592492103577	0.9308221340179443	0.39586520195007324	1.105831265449524	0.3492429852485657	0.40338772535324097	0.6243025660514832	0.7466665506362915	0.7685912847518921	0.7401448488235474	0.7035113573074341
K116S	0.5846290588378906	0.583180844783783	0.25347286462783813	1.038743257522583	0.3540232181549072	0.4814941883087158	0.33877843618392944	0.7981142401695251	0.35489749908447266	0.8260165452957153	0.5613349676132202
K116T	0.7697111368179321	0.4557422995567322	0.041815221309661865	0.6549575924873352	0.38270193338394165	0.2197253555059433	0.2568977177143097	0.6529568433761597	0.4348974823951721	0.5798898935317993	0.4449295103549957
K116V	0.396095871925354	0.6269465088844299	0.2804749608039856	1.4418569803237915	0.7787201404571533	0.8215797543525696	0.4923613667488098	1.2535884380340576	0.7568825483322144	0.7545642256736755	0.7603071331977844
K116W	0.5705680251121521	0.5584628582000732	-0.015357889235019684	0.34276267886161804	0.19928866624832153	0.04448052495718002	-0.5051715970039368	-0.16543659567832947	0.30465224385261536	-0.15125174820423126	0.11829973757266998
K116Y	0.6606901288032532	0.6267562508583069	0.8451966047286987	0.15646040439605713	1.0898512601852417	0.6091148853302002	0.014289064332842827	0.23232059180736542	0.35407233238220215	1.0977555513381958	0.5686507225036621
N117A	0.13692030310630798	0.8630689382553101	0.771222710609436	1.0739949941635132	0.8289073705673218	0.7273823618888855	0.24355633556842804	0.4765649437904358	1.4233373403549194	0.07274329662322998	0.6617698669433594
N117C	0.9805814623832703	0.6363113522529602	0.31584301590919495	0.8654148578643799	0.8066998720169067	1.125391960144043	1.0030994415283203	1.1216994524002075	1.0950829982757568	0.8217983841896057	0.8771921992301941
N117D	0.8122478723526001	0.5111492276191711	0.1200953871011734	0.5039037466049194	0.37238091230392456	0.1363852173089981	-0.011640185490250587	0.5250962376594543	0.5503811836242676	0.0859132930636406	0.3605912923812866
N117E	0.5244537591934204	0.5253024101257324	0.09027893841266632	0.43953073024749756	0.170393705368042	-0.3178977370262146	-0.0305952038615942	-0.5010100603103638	0.7660369873046875	-0.19563435018062592	0.14708593487739563
N117F	0.7604653239250183	0.9375458359718323	0.7869396209716797	1.0557670593261719	0.7585517168045044	0.32186776399612427	0.3153736889362335	0.7922433018684387	0.5023870468139648	0.5412498116493225	0.677239179611206
N117G	0.6205722689628601	0.5918976664543152	0.8225803375244141	0.6680927872657776	0.5149291753768921	0.8857797384262085	0.5579451322555542	0.2975643575191498	1.1962547302246094	0.2767331004142761	0.6432349681854248
N117H	0.6766546368598938	0.06551819294691086	-0.001003764569759369	0.6412079930305481	0.1757962554693222	0.42890363931655884	0.43116313219070435	0.9398284554481506	0.6943961977958679	0.6326297521591187	0.4685094356536865
N117I	1.1313620805740356	1.162760615348816	1.0372825860977173	1.2566112279891968	1.0565961599349976	0.5280312299728394	0.39515388011932373	0.8975856304168701	0.9099116325378418	0.5057884454727173	0.8881084322929382
N117K	0.1605113446712494	0.6116178631782532	1.0078500509262085	0.8726034760475159	0.6090404987335205	0.6562615633010864	0.06690020859241486	-0.011066112667322159	0.7203628420829773	0.5310203433036804	0.5225101709365845
N117L	1.254461407661438	0.8354262709617615	0.5204933881759644	0.36752185225486755	0.7564738988876343	0.6284576058387756	-0.009681249037384987	0.09363202750682831	0.5165959000587463	0.445124089717865	0.5408505201339722
N117M	0.37037912011146545	0.19485744833946228	-0.029250603169202805	0.5930104851722717	0.5968472957611084	0.3509593605995178	0.4360247254371643	1.0454384088516235	0.5710362792015076	0.830872654914856	0.4960175156593323
N117P	1.0932530164718628	0.292210191488266	0.6364227533340454	0.7574601769447327	0.8197335004806519	-0.20219364762306213	0.030456917360424995	0.8250808119773865	0.43622541427612305	0.534209132194519	0.5222858190536499
N117Q	0.8875860571861267	0.4722784757614136	0.15301358699798584	0.849204957485199	0.31916993856430054	0.9316889047622681	0.5121229887008667	0.6836252212524414	0.6666944622993469	0.7128207683563232	0.6188205480575562
N117R	0.8095675706863403	0.7407984733581543	0.6630260944366455	1.4009196758270264	0.5553454160690308	0.6099950075149536	0.16222703456878662	0.4126700460910797	0.8332774639129639	-0.052912384271621704	0.6134914755821228
N117S	0.6918142437934875	0.9843473434448242	1.144775152206421	1.1720082759857178	0.8554103374481201	0.8255541324615479	0.4193834364414215	0.6804831027984619	1.2569173574447632	0.4452213644981384	0.8475914001464844
N117T	1.2035337686538696	1.1602519750595093	1.2046902179718018	1.7323806285858154	1.0002522468566895	0.9909186363220215	0.39005473256111145	0.797025740146637	1.1870490312576294	0.30821752548217773	0.9974374771118164
N117V	0.6727525591850281	1.1965633630752563	0.7614426612854004	0.5697281956672668	1.3184998035430908	0.7936292886734009	-0.15324658155441284	0.4723969101905823	0.5401059985160828	0.6060568690299988	0.6777929067611694
N117W	0.6772679686546326	0.08267360925674438	0.11803826689720154	0.1749894917011261	0.18038234114646912	0.0011643022298812866	0.2802899479866028	1.1745665073394775	0.47194355726242065	1.0318281650543213	0.419314444065094
N117Y	0.4707850217819214	0.16023807227611542	-0.19271136820316315	0.5259777903556824	0.2448790967464447	0.10036011040210724	0.23404327034950256	1.0254334211349487	0.33039915561676025	0.42487412691116333	0.33242785930633545
E118A	0.6614627242088318	0.4925602376461029	0.644296407699585	0.16740192472934723	0.3217621147632599	0.3968825936317444	0.5638167262077332	0.7684460282325745	0.39619624614715576	0.416970431804657	0.48297953605651855
E118C	0.5885347723960876	0.18255501985549927	0.1933424472808838	0.7725874781608582	-0.005040343850851059	0.5575938820838928	0.5740153193473816	-0.29890912771224976	0.2894168794155121	-0.05719061195850372	0.27969056367874146
E118D	0.7385420799255371	1.0881770849227905	0.907977819442749	0.8882864117622375	0.5603035688400269	0.668382465839386	0.8873263001441956	0.8761136531829834	0.5935032367706299	0.8247234225273132	0.803333580493927
E118F	-0.4323980212211609	-0.43839025497436523	0.5821496248245239	-0.12388305366039276	-0.19694164395332336	-0.22693823277950287	-1.3882646560668945	-0.22925390303134918	-1.0131574869155884	0.5749050378799438	-0.2892172932624817
E118G	0.7791358828544617	0.4856839179992676	0.8764777183532715	-0.14173150062561035	0.22011908888816833	0.2927343249320984	0.687255859375	0.42261019349098206	0.48573094606399536	0.1567818820476532	0.4264798164367676
E118H	0.7375856637954712	0.5274282693862915	0.7031738758087158	0.9105465412139893	0.5270126461982727	0.7105501890182495	0.9467102289199829	0.28287243843078613	0.39493870735168457	0.5086327195167542	0.6249450445175171
E118I	-0.15282106399536133	-0.7226399183273315	-0.059723902493715286	-0.1828911304473877	-0.3054460883140564	0.3822811245918274	-1.9791247844696045	-0.020530935376882553	-1.5602784156799316	0.4304242730140686	-0.41707509756088257
E118K	0.692339301109314	0.2735893726348877	0.5193997621536255	0.7837387919425964	0.38969260454177856	0.3352246880531311	0.1543128937482834	0.3643748164176941	-0.2893162965774536	0.9484368562698364	0.41717925667762756
E118L	0.17616063356399536	0.7227151989936829	0.3091502785682678	-0.13476382195949554	0.11815854161977768	-0.29363688826560974	0.1134532168507576	0.7836178541183472	1.018604040145874	0.1665601134300232	0.2980019450187683
E118M	0.11270994693040848	0.06360150128602982	-0.7470587491989136	-0.42158931493759155	-0.45707955956459045	0.37878626585006714	-0.04364436864852905	-0.9376723170280457	-1.222109317779541	-0.15156085789203644	-0.34256166219711304
E118N	0.8786960244178772	0.5794976353645325	1.2508373260498047	1.2273948192596436	0.5680171251296997	0.9441097378730774	0.7933375835418701	0.7470689415931702	0.542353630065918	0.966589093208313	0.8497902750968933
E118P	0.04147017374634743	-0.20525747537612915	0.17900189757347107	0.03858790174126625	0.009621664881706238	0.01869817078113556	-0.5573413372039795	-0.5652549862861633	-1.1751326322555542	-0.2389136701822281	-0.24545204639434814
E118Q	0.6956834197044373	0.7193463444709778	0.7897417545318604	0.8460752964019775	0.5752235651016235	0.9378183484077454	0.9666640162467957	0.47780317068099976	0.3233409523963928	0.8403334617614746	0.7172030210494995
E118R	0.6446451544761658	0.3411082923412323	0.5040193796157837	0.32698625326156616	0.5300188064575195	0.5312985777854919	0.20767459273338318	0.6390882730484009	-0.025253258645534515	0.2725716233253479	0.39721575379371643
E118S	0.8126389980316162	0.7650632858276367	1.0256266593933105	0.7599338293075562	0.3502456545829773	0.6967148184776306	0.6089814901351929	0.6286323070526123	0.47103530168533325	0.532492458820343	0.665136456489563
E118T	0.730684220790863	0.43321123719215393	1.0557465553283691	0.6627508997917175	-0.0063877105712890625	0.8306259512901306	0.14951708912849426	0.9773637652397156	0.2766653299331665	0.8652195334434509	0.5975397229194641
E118V	0.10711745172739029	0.10918249189853668	0.4349132180213928	0.08387196063995361	-0.18879324197769165	0.14333496987819672	-0.5604950189590454	0.833236038684845	0.3114827573299408	0.5865642428398132	0.18604150414466858
E118W	0.08476701378822327	0.1416495442390442	-0.4872269034385681	-1.0064010620117188	-0.39278262853622437	0.02869705855846405	-0.20968696475028992	-0.641544759273529	-1.0337196588516235	-0.05513910949230194	-0.3571387827396393
E118Y	0.009968578815460205	0.15759646892547607	-0.2577311098575592	-0.4165761470794678	-0.3337787091732025	0.06840503215789795	0.5810136795043945	-0.9006890654563904	-0.7686488032341003	0.08400553464889526	-0.17764346301555634
S119A	0.6227289438247681	0.5457592606544495	0.48171427845954895	0.5964259505271912	0.02011028677225113	0.35537487268447876	0.8410854339599609	0.5293862223625183	0.22657600045204163	0.2399004101753235	0.44590622186660767
S119C	-0.7375224828720093	-0.2065279483795166	-0.11397040635347366	0.36746346950531006	0.22593888640403748	0.06990678608417511	0.06445182114839554	0.6150201559066772	0.37871742248535156	-0.23803682625293732	0.04254408925771713
S119D	0.13352538645267487	0.5277541875839233	1.0089585781097412	0.03040744736790657	0.04930255562067032	0.7098029255867004	0.12244002521038055	0.7427371144294739	0.3357846736907959	0.3625302314758301	0.40232428908348083
S119E	0.13617722690105438	0.7011734247207642	0.9243813753128052	0.3138245642185211	0.0943731814622879	0.4038655161857605	0.5523737072944641	0.45916587114334106	0.4319310188293457	0.15540772676467896	0.41726741194725037
S119F	0.3320637345314026	-0.04206111282110214	0.13774704933166504	-0.47308915853500366	-0.038765862584114075	-0.36691033840179443	0.07895831763744354	-0.2679823338985443	-0.5404631495475769	0.003838472068309784	-0.11766644567251205
S119G	0.6025097966194153	0.5392904877662659	0.819415807723999	0.4866969585418701	-0.25765010714530945	0.20941035449504852	0.47925350069999695	0.2582959532737732	-0.2434016913175583	-0.06615658104419708	0.2827664613723755
S119H	-0.33170080184936523	-0.0895167663693428	0.6073694229125977	0.2143094390630722	0.22641468048095703	0.5456748008728027	0.11868403851985931	-0.22614416480064392	0.39293456077575684	-0.013575628399848938	0.14444495737552643
S119I	0.33176547288894653	0.0604667104780674	0.3761930763721466	0.4120442271232605	0.376350462436676	-0.1930503249168396	0.2344038188457489	0.3684859871864319	-0.4876628518104553	0.10639163851737976	0.158538818359375
S119K	0.5420308113098145	0.3137626051902771	0.5550627708435059	0.2512032985687256	0.045051075518131256	0.31269747018814087	0.10438338667154312	0.09919215738773346	-0.0501561313867569	0.45404213666915894	0.26272696256637573
S119L	1.4741759300231934	0.6893361806869507	0.5300626754760742	0.5715360045433044	0.056114982813596725	-0.057571616023778915	0.7608429789543152	1.1509455442428589	0.4239891767501831	0.03793132305145264	0.5637363195419312
S119M	-0.6129694581031799	-0.25173240900039673	-0.1008889451622963	0.5682374238967896	0.39785081148147583	0.05439861863851547	-0.24144232273101807	0.11825664341449738	0.007509693503379822	-0.15285541117191315	-0.02136353775858879
S119N	0.35740500688552856	0.16700664162635803	0.8601220846176147	0.16333582997322083	0.2375183254480362	0.5238346457481384	-0.0175576563924551	0.41967281699180603	0.32303720712661743	0.422889769077301	0.3457264304161072
S119P	0.09359905868768692	0.271018385887146	0.2578815519809723	-0.27029240131378174	0.3461771309375763	0.5662991404533386	-0.16049952805042267	0.6300220489501953	-0.0672508031129837	0.3864533305168152	0.20534077286720276
S119Q	0.3019271790981293	0.691053569316864	0.9261168241500854	0.2675062417984009	0.35795724391937256	0.8296190500259399	0.26110079884529114	0.824413001537323	0.5621376037597656	0.3023794889450073	0.5324210524559021
S119R	0.19761969149112701	0.3152376413345337	0.5305190086364746	0.08142560720443726	0.09107702970504761	0.4209531545639038	-0.12208112329244614	0.4176205098628998	0.03498522937297821	0.22976794838905334	0.21971246600151062
S119T	0.41870927810668945	0.5922008156776428	0.4388412833213806	0.4472880959510803	0.3463049829006195	0.39557987451553345	0.7394527196884155	0.5262567400932312	0.3326900005340576	0.37072044610977173	0.46080440282821655
S119V	0.7943170070648193	0.22115185856819153	0.814261794090271	0.6261420249938965	-0.00888729840517044	-0.03464014083147049	0.7331610321998596	0.38814061880111694	0.20634526014328003	0.3351901173591614	0.4075182378292084
S119W	-0.05980578809976578	0.03281303495168686	0.4900291860103607	0.8188064098358154	-0.0259791761636734	0.5282819271087646	-0.10176920145750046	0.1702026128768921	0.11938802897930145	-0.030754834413528442	0.19412121176719666
S119Y	-0.9174808263778687	-0.5301562547683716	0.13235920667648315	0.11406610906124115	0.1754765510559082	-0.22461239993572235	-0.2222745716571808	-0.11908543109893799	0.1858348846435547	0.07478462159633636	-0.13310879468917847
W120A	-0.6696456074714661	-1.0667723417282104	-1.358413815498352	-1.0904138088226318	-0.7821776866912842	-1.3668277263641357	-1.4793134927749634	-1.2200822830200195	-0.6976858973503113	-0.8676891922950745	-1.059902310371399
W120C	0.05564897507429123	-0.06919112056493759	-0.5818494558334351	0.305139422416687	-0.16778220236301422	-0.6989116668701172	0.10902369767427444	-0.31648486852645874	-0.5721294283866882	-0.20154626667499542	-0.21380829811096191
W120D	-0.5818390250205994	-0.6812423467636108	-0.6654744148254395	-0.7865232229232788	-1.013614535331726	-0.45488083362579346	-1.4595623016357422	-1.6320326328277588	-0.8927393555641174	-1.0351470708847046	-0.9203055500984192
W120E	-0.9062120318412781	-0.8469114303588867	-1.0217901468276978	-1.2854753732681274	-1.3884333372116089	-1.17887544631958	-1.9931869506835938	-1.5705715417861938	-0.7766309380531311	-1.0537539720535278	-1.2021842002868652
W120F	0.25415799021720886	-0.13855987787246704	-0.32328107953071594	0.7846845984458923	-0.737322211265564	-0.2073376625776291	-0.09019459038972855	-0.5245818495750427	-0.12315180897712708	-0.10845106840133667	-0.121403768658638
W120G	-0.7716708183288574	-1.4443854093551636	-1.1583819389343262	-0.8214505910873413	-1.1902170181274414	-1.2116315364837646	-2.0763790607452393	-0.868491530418396	-0.9492139220237732	-1.5951591730117798	-1.208698034286499
W120H	-0.120850570499897	-0.3844008445739746	-0.5011545419692993	-0.22658462822437286	-0.8857219219207764	-0.34054291248321533	-0.5693837404251099	-0.6594323515892029	-0.7807350754737854	-0.4320226311683655	-0.49008288979530334
W120I	0.3832774758338928	0.1310441941022873	-0.6896951198577881	0.22653040289878845	-0.8839205503463745	-0.11022590845823288	-0.14864583313465118	-0.8701086640357971	0.01598408818244934	0.5501099228858948	-0.13956502079963684
W120K	-1.2493252754211426	-0.6976290941238403	-0.8776634931564331	-1.1453461647033691	-1.1478557586669922	-1.789790153503418	-0.9987322688102722	-1.9337310791015625	-1.1178537607192993	-1.4412893056869507	-1.2399215698242188
W120L	-0.10883153229951859	-0.2141495645046234	-0.36297091841697693	-0.9471979737281799	-0.37822282314300537	-1.0451608896255493	0.15594471991062164	-0.48959821462631226	0.35218507051467896	-0.6272744536399841	-0.3665276765823364
W120M	0.18309733271598816	0.024391978979110718	-0.592987060546875	0.11445306241512299	-0.2745053470134735	-0.3719923496246338	-0.3535183370113373	0.054002296179533005	-0.2315344661474228	0.19607457518577576	-0.12525182962417603
W120N	-0.11352431029081345	-0.5890777111053467	-0.43818604946136475	-0.048418108373880386	-1.045915961265564	-0.5742380619049072	-0.8612480759620667	-0.9187536239624023	-1.1718640327453613	-0.8469139933586121	-0.6608139872550964
W120P	-0.46088486909866333	-0.46582263708114624	-0.842638373374939	0.02686503902077675	-1.0556303262710571	-0.926765501499176	-1.0868096351623535	-0.9008329510688782	-0.42767661809921265	-1.262561559677124	-0.7402757406234741
W120Q	-0.8087972402572632	-0.4216655492782593	-0.7788718938827515	-0.7268121838569641	-0.9501422643661499	-0.6965078115463257	-1.0214086771011353	-0.9699267745018005	-1.1536959409713745	-0.8233541250228882	-0.8351181745529175
W120R	-1.0838745832443237	-0.8016618490219116	-0.8350024223327637	-0.7290151119232178	-1.497206687927246	-1.2897366285324097	-0.550955593585968	-1.5420911312103271	-1.001135230064392	-0.935091495513916	-1.0265769958496094
W120S	-1.1612499952316284	-1.011323094367981	-1.0131919384002686	-0.8474803566932678	-1.353587031364441	-1.2596700191497803	-1.1234502792358398	-1.1404597759246826	-0.5453414916992188	-1.3121353387832642	-1.0767890214920044
W120T	-0.5045668482780457	-0.8420584797859192	-1.0457452535629272	-0.4561586380004883	-1.0973871946334839	-0.7254524230957031	-0.9624480605125427	-0.7676436305046082	-0.2595258355140686	-0.7237712144851685	-0.7384757399559021
W120V	0.03501838445663452	-0.4729495644569397	-0.4863637387752533	-0.9825128316879272	-0.41777297854423523	-0.38656187057495117	-0.2027585804462433	-0.8942527174949646	0.014523398131132126	-0.5983365774154663	-0.4391966760158539
W120Y	0.226727694272995	-0.15410298109054565	-0.5181872248649597	0.5251477956771851	-0.9456323385238647	-0.3981902003288269	-0.462085098028183	-0.5965174436569214	0.020617134869098663	-0.2539014220237732	-0.25561240315437317
E121A	0.39629673957824707	-0.06302841752767563	0.565916895866394	-0.16113053262233734	0.6004973649978638	-0.007192809134721756	-0.412869930267334	0.29136455059051514	0.3705969452857971	0.6598101854324341	0.22402611374855042
E121C	1.051576018333435	0.44739818572998047	0.5191103219985962	0.3612147271633148	0.46159592270851135	0.4948822259902954	0.8926871418952942	0.8041064143180847	0.0741095244884491	0.6232188940048218	0.5729899406433105
E121D	0.6012008190155029	0.3694003224372864	0.3582262396812439	-0.06205175444483757	0.1474853903055191	0.5796451568603516	0.0047763194888830185	0.05540826544165611	0.6391937732696533	0.5920795798301697	0.32853642106056213
E121F	0.3512803614139557	0.3623308837413788	0.9101989269256592	0.5197377800941467	0.7293254137039185	0.28984779119491577	0.21241270005702972	0.9865302443504333	0.353681743144989	1.5104243755340576	0.6225770115852356
E121G	0.7587090134620667	0.3592526316642761	1.038662075996399	-0.4869970679283142	0.37344813346862793	0.4602815508842468	0.4498549997806549	0.5173017978668213	0.38564813137054443	0.5284481048583984	0.43846097588539124
E121H	0.792100727558136	0.6526616215705872	0.5555198192596436	0.8527017831802368	0.874703049659729	0.874101996421814	0.8776183724403381	0.3135117292404175	0.7006969451904297	0.8764345645904541	0.7370050549507141
E121I	0.5216483473777771	0.09063061326742172	0.6923191547393799	0.7424176931381226	0.6454329490661621	0.29346126317977905	0.30178102850914	1.1328163146972656	0.4579409956932068	0.9001554250717163	0.577860414981842
E121K	0.4430473744869232	0.4676387906074524	0.5643442869186401	0.48008716106414795	0.3660612404346466	0.56927889585495	-0.04969695955514908	0.29851508140563965	0.44827473163604736	0.5353376269340515	0.4122888147830963
E121L	0.04829283058643341	-0.07009261101484299	-0.67061448097229	1.0163114070892334	0.3982292115688324	-0.12424921989440918	0.6325845122337341	1.4885162115097046	0.7350624203681946	0.5513491034507751	0.40053892135620117
E121M	0.7695788741111755	0.12020737677812576	-0.001400526612997055	0.28035596013069153	0.38548365235328674	0.3144722580909729	0.59514981508255	0.8897690176963806	-0.0276067852973938	0.7690640687942505	0.4095073640346527
E121N	0.5934686064720154	0.2998189330101013	0.6243761777877808	0.08068697154521942	0.6616008281707764	0.7983571887016296	0.6289913654327393	0.6512871384620667	0.3978655934333801	0.6153078675270081	0.5351760983467102
E121P	-0.13544762134552002	-1.1765202283859253	0.16598202288150787	-0.7438427209854126	-0.2638169229030609	-0.36471354961395264	-0.0733681321144104	-0.07966922223567963	-0.6564398407936096	0.4866529703140259	-0.28411832451820374
E121Q	0.3012196123600006	0.05533209443092346	0.36118102073669434	-0.06403930485248566	0.4305526912212372	0.6479990482330322	0.5976892709732056	0.63188236951828	0.759089469909668	0.6246932744979858	0.43455997109413147
E121R	0.7028405070304871	0.39826303720474243	0.2754197418689728	0.3286614418029785	0.48987868428230286	0.6728949546813965	0.3285108208656311	0.34507209062576294	0.9032064080238342	0.448986291885376	0.4893733859062195
E121S	0.6348299980163574	-0.010281465947628021	0.757514238357544	-0.32858794927597046	0.48075515031814575	0.2565324902534485	-0.045812033116817474	0.3715990483760834	0.13241124153137207	0.7406186461448669	0.2989579439163208
E121T	0.5139864683151245	-0.1069757267832756	0.7329455614089966	0.5218330025672913	0.7187680006027222	0.20580638945102692	0.19258758425712585	1.1084765195846558	0.27003294229507446	0.7484172582626343	0.4905878007411957
E121V	0.30801671743392944	0.5071290135383606	0.4121271073818207	1.1330900192260742	0.44979700446128845	0.28487223386764526	0.9014080762863159	1.5300559997558594	1.0160783529281616	0.6579984426498413	0.7200573682785034
E121W	-0.7548697590827942	-0.03306956589221954	0.14887635409832	-0.5850082635879517	0.2707749903202057	-0.30787599086761475	-0.6373125910758972	0.13301974534988403	0.44423168897628784	-0.5695693492889404	-0.18908028304576874
E121Y	1.0881062746047974	1.0539233684539795	0.7129898071289062	0.9031298160552979	0.26335394382476807	0.2752935290336609	0.8898912072181702	0.8440977931022644	-0.06715469062328339	0.6172764897346497	0.6580907106399536
W122A	-1.0814857482910156	-0.4716777801513672	-0.36313024163246155	-1.1459490060806274	-0.18803608417510986	-0.6550222635269165	-0.16275958716869354	0.007745612412691116	-0.1593041718006134	-0.7638022303581238	-0.4983421266078949
W122C	-0.702279269695282	-1.4861949682235718	-0.8556382656097412	-0.7949022054672241	-1.2990056276321411	-0.5548880696296692	-0.3815348148345947	-1.1378655433654785	-1.5487393140792847	-0.2969215512275696	-0.9057968854904175
W122D	-0.7724789381027222	-0.9820083975791931	-0.8725236654281616	-0.8149240612983704	-0.7110364437103271	-0.8414019346237183	-0.7883160710334778	-1.0207430124282837	-1.153147578239441	-0.7118150591850281	-0.8668395280838013
W122E	-0.8985868096351624	-0.753061056137085	-0.4189416766166687	-0.6636030673980713	-0.45695993304252625	-0.2522174119949341	-1.0138649940490723	-0.22874554991722107	-0.08544529974460602	-0.9683083295822144	-0.5739734172821045
W122F	-0.44739365577697754	-0.821850597858429	0.07521617412567139	-0.5338289737701416	-0.16357913613319397	-0.4683430790901184	-0.447360098361969	-0.14935998618602753	-0.27292174100875854	-0.37047702074050903	-0.35998979210853577
W122G	-0.4971451759338379	-0.5194898247718811	-0.9532501697540283	-1.2301523685455322	-0.9391276836395264	-0.9104714393615723	-0.6003585457801819	-0.6360610127449036	0.03795155510306358	-1.2328517436981201	-0.7480956315994263
W122H	-0.5729284882545471	-1.3894329071044922	-0.8676631450653076	-0.5574614405632019	-1.0656801462173462	-0.5607625246047974	-1.0058304071426392	-1.1624764204025269	-2.0903100967407227	-0.559406578540802	-0.9831951260566711
W122I	-0.27162668108940125	-0.9587880969047546	-0.6262693405151367	-0.6557133793830872	-0.9344922304153442	-0.6195935606956482	-0.8211109042167664	-0.27793920040130615	-0.7986833453178406	-1.0796657800674438	-0.7043882608413696
W122K	-0.9781420826911926	-1.0833033323287964	-0.8558975458145142	-0.9172594547271729	-0.4072099030017853	-0.8030768036842346	-0.7230542302131653	-0.7159226536750793	-0.620273232460022	-1.3641470670700073	-0.8468286395072937
W122L	-1.4618653059005737	-0.28487449884414673	-0.28977933526039124	0.18554922938346863	-0.34013184905052185	-0.5645511150360107	0.3336094915866852	-0.10828898847103119	0.1607198268175125	-0.8110235929489136	-0.3180635869503021
W122M	-0.5555822253227234	-1.3067909479141235	-0.6955721378326416	-0.9979777336120605	-0.9283380508422852	-0.637356698513031	-1.0358190536499023	-0.934087872505188	-1.4403281211853027	-0.21351586282253265	-0.8745368719100952
W122N	-0.3801265358924866	-1.103209376335144	-0.7720922231674194	-0.7702125310897827	-1.0136975049972534	-0.6686856150627136	-0.8783998489379883	-1.2174193859100342	-1.3085659742355347	-0.8483527302742004	-0.8960762023925781
W122P	-1.3450918197631836	-1.369771957397461	-0.8200970888137817	-0.6353366374969482	-0.8641345500946045	-0.725269079208374	-1.0404826402664185	-1.0206972360610962	-0.819736897945404	-1.6868171691894531	-1.0327435731887817
W122Q	-0.7511963248252869	-1.0239368677139282	-0.8801523447036743	-0.47049665451049805	-0.8077312707901001	-0.6184629797935486	-0.8725711703300476	-1.0157455205917358	-1.8322526216506958	-0.8849103450775146	-0.9157456159591675
W122R	-0.8146221041679382	-1.1937321424484253	-0.8398942947387695	-1.0091228485107422	-0.7233116626739502	-0.9705492258071899	-0.9931856989860535	-1.0994174480438232	-1.324508786201477	-1.3037992715835571	-1.0272142887115479
W122S	-0.5837215781211853	-0.3293086588382721	-0.6605273485183716	-0.7686891555786133	-0.6360400915145874	-0.8257317543029785	-0.46055716276168823	-0.3294903337955475	-0.2811673879623413	-1.1476194858551025	-0.6022852659225464
W122T	-0.6488626003265381	-0.4889233112335205	-0.4741552770137787	-0.4822847843170166	-0.5493496656417847	-0.8054785132408142	-0.5045660138130188	-0.2948613464832306	-0.21565575897693634	-0.9959232807159424	-0.5460060834884644
W122V	-0.7690622806549072	-0.9025144577026367	-0.8203331232070923	-0.9642525911331177	-0.469769686460495	0.1353638470172882	-0.05174730718135834	0.13234256207942963	-0.21252761781215668	-1.261612057685852	-0.5184112787246704
W122Y	-0.23257222771644592	-1.6650453805923462	-0.8267745971679688	-0.8407944440841675	-1.3051252365112305	-0.6591861248016357	-1.0286506414413452	-0.7936137318611145	-2.0282061100006104	-0.08258844912052155	-0.9462556838989258
V123A	-0.19826221466064453	-1.0505878925323486	-0.35862210392951965	-0.6352680921554565	-0.35727986693382263	-0.5767227411270142	-0.6758074164390564	0.24393309652805328	-0.13279883563518524	0.2493947595357895	-0.34920209646224976
V123C	0.7523479461669922	0.46409618854522705	1.2320448160171509	0.5353299379348755	0.08622698485851288	0.5905716419219971	1.47690749168396	0.42676135897636414	0.32224446535110474	0.5951250195503235	0.6481655836105347
V123D	-0.3794515132904053	-0.5674093961715698	-0.027733035385608673	0.42680010199546814	-0.4501410722732544	0.35871243476867676	-0.3473389148712158	0.5258387327194214	-0.6934443116188049	-0.14500115811824799	-0.12991681694984436
V123E	-0.3107662796974182	-0.6796340942382812	0.039285801351070404	-0.49142539501190186	-0.3654862940311432	0.1273988038301468	-0.09670835733413696	-0.34801897406578064	-0.17425595223903656	-0.23216228187084198	-0.2531772553920746
V123F	0.5938292145729065	-0.5640262961387634	-0.30195438861846924	0.6774064302444458	0.2029108703136444	-0.07287846505641937	0.51885586977005	0.3130558729171753	0.751954197883606	0.5721325278282166	0.26912859082221985
V123G	-1.2271687984466553	-1.4534896612167358	-0.5016056299209595	-1.0525883436203003	-1.1012353897094727	-1.2517929077148438	-1.1509788036346436	-1.0098425149917603	-0.9608543515205383	-0.6331340074539185	-1.034269094467163
V123H	1.077981948852539	-0.14916613698005676	0.44010594487190247	0.3244898319244385	-0.32105961441993713	0.8083884716033936	0.42185571789741516	0.6027640104293823	0.27313506603240967	0.2978057265281677	0.3776300847530365
V123I	0.7589014172554016	-0.35569119453430176	0.08750766515731812	1.1514195203781128	0.6487398147583008	-0.016344845294952393	1.0500303506851196	0.8247221112251282	0.548258900642395	0.6997339129447937	0.5397278070449829
V123K	-0.19524776935577393	-0.9251213669776917	-0.5200437307357788	0.16208244860172272	0.12463992089033127	0.34926939010620117	-0.7765249013900757	0.6274456977844238	0.4794502258300781	-0.07346954941749573	-0.07475197315216064
V123L	-0.5404059290885925	0.29028987884521484	-0.41566863656044006	0.7162096500396729	0.15272513031959534	-0.2883395552635193	0.37029924988746643	-0.5008822679519653	0.40662622451782227	0.7975040078163147	0.0988357737660408
V123M	0.6231912970542908	0.3649071455001831	0.716649055480957	0.9877487421035767	0.4412756562232971	0.764106273651123	1.5616499185562134	0.46878015995025635	0.4621802568435669	0.9649828672409058	0.7355471253395081
V123N	0.3928054869174957	-0.4651143550872803	0.3820568025112152	0.17126166820526123	-0.3440764844417572	-0.22073258459568024	-0.08539732545614243	-0.10651642084121704	-0.9675553441047668	-0.028855517506599426	-0.12721240520477295
V123P	-0.03158626705408096	-0.9991039633750916	-0.4694354236125946	-0.38645878434181213	-0.3846924304962158	-0.9084437489509583	-0.7530267238616943	0.07729503512382507	-0.5362718105316162	0.13453689217567444	-0.4257187247276306
V123Q	0.5034633874893188	-0.496226966381073	0.630497932434082	0.6493847370147705	-0.049226388335227966	0.49815744161605835	0.02221553958952427	0.5300104022026062	-0.21786104142665863	0.43506842851638794	0.2505483329296112
V123R	-0.44549524784088135	-0.6319009065628052	0.05256110429763794	0.7802397608757019	0.006575770676136017	-0.22102800011634827	-0.17710894346237183	0.7393209338188171	0.04446685314178467	-0.026122689247131348	0.012150853872299194
V123S	-0.7066677808761597	-1.1735002994537354	-0.17912305891513824	-0.5415936708450317	-0.39731284976005554	-0.8444398641586304	-0.7972654104232788	-0.10470925271511078	-0.5982591509819031	0.08816203474998474	-0.5254709124565125
V123T	-0.1265116035938263	-0.3686538338661194	-0.5197242498397827	0.1953364908695221	0.2583017647266388	-0.9481796026229858	-0.22101369500160217	0.5105344653129578	-0.34523600339889526	-0.023055538535118103	-0.15882019698619843
V123W	0.7379131317138672	0.22965994477272034	0.369442880153656	1.4249290227890015	0.1907823532819748	0.7313627600669861	0.7420918345451355	1.1312650442123413	-0.03509595990180969	0.37346023321151733	0.5895811319351196
V123Y	0.6378450393676758	0.3251684606075287	0.5633538961410522	0.7763542532920837	-0.21754613518714905	1.052096962928772	0.8643390536308289	0.03700501099228859	0.6152978539466858	0.27625513076782227	0.49301689863204956
P124A	0.7030082941055298	0.2095641791820526	0.47643622756004333	0.08540751039981842	0.40015679597854614	0.5701746940612793	0.08921752125024796	0.49350112676620483	0.911812424659729	-0.039710983633995056	0.3899567723274231
P124C	-1.0075339078903198	0.448466420173645	0.22902825474739075	-0.0676083117723465	0.7193188667297363	-0.3490820527076721	-0.32495856285095215	-0.42164260149002075	0.20464129745960236	0.45220255851745605	-0.011716807261109352
P124D	0.5513389706611633	0.4218480587005615	0.7916349172592163	0.33940020203590393	0.6805717945098877	0.8106170296669006	0.47927233576774597	0.48212242126464844	0.03847899287939072	0.5885746479034424	0.5183858871459961
P124E	0.36564570665359497	0.6359301209449768	0.5829685926437378	0.264102578163147	0.5479848384857178	0.16584689915180206	0.39764103293418884	0.8610115051269531	0.11324145644903183	0.4400053024291992	0.4374377727508545
P124F	-0.10758758336305618	0.1820933073759079	-0.3009291887283325	-0.4140263497829437	-0.0635981485247612	0.39233648777008057	-0.9824458956718445	0.33769145607948303	-0.42283034324645996	-0.31292885541915894	-0.16922251880168915
P124G	0.5599172115325928	0.7656193971633911	0.5808669328689575	0.3966575860977173	0.26198631525039673	0.16397063434123993	-0.0431499183177948	0.2514537572860718	0.17889733612537384	0.281160831451416	0.33973798155784607
P124H	-0.20444926619529724	0.29417985677719116	0.6719815731048584	0.25138187408447266	0.8213485479354858	0.198917418718338	0.20893636345863342	-0.04261140897870064	0.3833785057067871	0.36378908157348633	0.2946852743625641
P124I	-0.20481634140014648	-0.06981084495782852	0.0696541965007782	-0.32480913400650024	0.08509042859077454	0.1513342410326004	-0.1526036113500595	0.1882828176021576	-0.21012453734874725	-0.11624471843242645	-0.05840475112199783
P124K	0.5280246734619141	0.561591625213623	0.08703741431236267	0.2852414548397064	0.7016963958740234	0.498005211353302	0.1657221019268036	0.3516969084739685	0.11137985438108444	0.0014129504561424255	0.32918086647987366
P124L	0.1551896333694458	-0.16868555545806885	-0.43375906348228455	1.0397498607635498	0.3992812931537628	0.07407030463218689	0.11752470582723618	-1.2824122905731201	0.28045088052749634	-0.4830271005630493	-0.03016173280775547
P124M	-0.4064514636993408	0.3005504906177521	0.4403022527694702	-0.16883136332035065	0.3507148027420044	-0.06723658740520477	0.13666553795337677	-0.14357617497444153	0.044858843088150024	0.19148850440979004	0.06784848123788834
P124N	0.34751394391059875	0.3535324037075043	0.7157168388366699	0.49116629362106323	0.8515198230743408	0.6635813117027283	0.29646116495132446	0.21929945051670074	0.15783613920211792	0.354372501373291	0.44509997963905334
P124Q	0.42813998460769653	0.31541380286216736	0.7220494747161865	0.5208455324172974	0.7837698459625244	0.7906089425086975	0.190081387758255	0.30355697870254517	0.23416785895824432	0.33604657649993896	0.46246805787086487
P124R	0.5508098602294922	0.4754860997200012	0.20274004340171814	0.3145906329154968	0.6437996625900269	0.6747556328773499	-0.32640624046325684	0.1446949690580368	-0.025191396474838257	0.2099294513463974	0.2865208685398102
P124S	0.7164880633354187	0.5046692490577698	0.3407743275165558	0.23042169213294983	0.5654387474060059	0.5962099432945251	0.18244493007659912	0.15731780230998993	0.3203563094139099	0.24091750383377075	0.3855038583278656
P124T	0.49784567952156067	0.39617007970809937	0.5735218524932861	0.2422439306974411	0.5560399293899536	0.7465730905532837	0.033112384378910065	0.2112249881029129	0.3345159888267517	0.4759216904640198	0.4067169725894928
P124V	0.5243209004402161	-0.08323008567094803	-0.03246355056762695	0.9842179417610168	0.13698020577430725	0.2680155038833618	0.3199503421783447	-0.5554022789001465	0.9764474034309387	0.2697920799255371	0.28086283802986145
P124W	-1.8985397815704346	0.3001285195350647	0.07619941234588623	-0.8044188022613525	-0.6130164861679077	-0.3871920704841614	-0.5632550120353699	-1.1353626251220703	-0.7924554347991943	0.28429096937179565	-0.5533621311187744
P124Y	-0.8582802414894104	0.28520897030830383	0.1371709257364273	-0.8320630788803101	0.18273814022541046	-0.3303755521774292	-0.20331862568855286	-0.23371575772762299	-0.011683806777000427	0.20460796356201172	-0.16597110033035278
W125A	-1.0497740507125854	-1.2302637100219727	-1.2633761167526245	-0.9850072860717773	-1.103293538093567	-0.9578559398651123	-1.493112325668335	-1.313671350479126	-1.101202368736267	-0.6901663541793823	-1.118772268295288
W125C	-0.7605136632919312	-1.288299322128296	-1.0710761547088623	-1.0169979333877563	-1.3360334634780884	-0.9903863072395325	-1.4714316129684448	-1.4222300052642822	-1.1279419660568237	0.045921921730041504	-1.0438988208770752
W125D	-1.2342267036437988	-1.273547649383545	-1.3398386240005493	-0.5195289254188538	-0.6842907667160034	-1.4102486371994019	-1.6417359113693237	-1.2613234519958496	-1.9157482385635376	-0.30952829122543335	-1.1590017080307007
W125E	-0.7027443647384644	-0.5724541544914246	-1.1228002309799194	-0.6273177266120911	-0.9138860702514648	-0.7817944288253784	-0.7325697541236877	-0.3844282627105713	-0.6268967390060425	-0.6898492574691772	-0.7154740691184998
W125F	-1.0459926128387451	-0.9536722302436829	-0.6256685256958008	-1.7336173057556152	-0.10670746862888336	-0.8126967549324036	-0.7264280915260315	-1.4563541412353516	-0.9040220975875854	-0.5357856750488281	-0.8900944590568542
W125G	-0.37319856882095337	-0.842316746711731	-0.925244927406311	-1.3668683767318726	-1.0811946392059326	-0.5099950432777405	-1.4082341194152832	-0.6996020674705505	-0.8650744557380676	-0.3458282947540283	-0.8417556881904602
W125H	-0.9270613789558411	-1.5715512037277222	-1.3098769187927246	-0.7518541216850281	-1.388670802116394	-1.2178815603256226	-1.635203242301941	-1.5729315280914307	-1.7485359907150269	-0.158660426735878	-1.2282227277755737
W125I	-0.898574948310852	-1.2681106328964233	-0.2835675776004791	-1.3949381113052368	-0.6367779970169067	-0.9461959004402161	-0.9060813188552856	-0.9160314798355103	-0.5440003275871277	-0.9151462316513062	-0.8709424138069153
W125K	-0.817047655582428	-1.267822504043579	-0.9220244884490967	-0.564451277256012	-0.5707223415374756	-1.035677433013916	-1.7174885272979736	-1.2805492877960205	-1.119195580482483	-0.5975498557090759	-0.9892528653144836
W125L	0.18457263708114624	-0.06561344116926193	-0.14452144503593445	0.01276211068034172	-1.0845682621002197	-0.7401036024093628	-0.6951224207878113	-0.37821102142333984	0.4448474645614624	-0.35166090726852417	-0.28176191449165344
W125M	-1.0167601108551025	-0.9956821799278259	-1.1711411476135254	-0.7908445596694946	-1.4177396297454834	-1.0483232736587524	-1.1237932443618774	-1.6682775020599365	-0.9897335171699524	-0.27171480655670166	-1.049401044845581
W125N	-0.9253276586532593	-1.3168455362319946	-1.4152730703353882	-0.5920016169548035	-1.1613781452178955	-0.9334495067596436	-1.4658249616622925	-1.4547704458236694	-0.9545096755027771	-0.5475302338600159	-1.0766910314559937
W125P	-0.8983731269836426	-1.160860300064087	-1.1356840133666992	-0.5261939167976379	-1.4423011541366577	-1.059639811515808	-1.1225863695144653	-1.242879867553711	-1.4558581113815308	-0.27035826444625854	-1.0314733982086182
W125Q	-1.19003164768219	-1.4304730892181396	-1.1259149312973022	-0.7271009683609009	-1.3105311393737793	-1.0302417278289795	-1.6275602579116821	-1.6528420448303223	-1.7191824913024902	-0.582912802696228	-1.2396790981292725
W125R	-1.1697736978530884	-1.3693242073059082	-1.0120264291763306	-1.0314269065856934	-0.7232195138931274	-1.4954081773757935	-1.7449461221694946	-1.1671582460403442	-1.3451400995254517	-0.6632911562919617	-1.1721713542938232
W125S	-0.9021103978157043	-1.4570659399032593	-0.9370423555374146	-0.8613899946212769	-0.8916424512863159	-1.0309882164001465	-1.6327214241027832	-1.1687595844268799	-1.0266180038452148	-0.37513935565948486	-1.0283477306365967
W125T	-1.2217689752578735	-1.5931950807571411	-0.8264909982681274	-1.3377372026443481	-0.7422194480895996	-0.9499689936637878	-1.6378141641616821	-1.052148461341858	-0.6397092938423157	-0.5162264704704285	-1.0517280101776123
W125V	-1.588263750076294	-0.8385809659957886	-0.5992363691329956	-1.3044432401657104	-0.9245795011520386	-1.0856376886367798	-1.0791749954223633	-1.0226637125015259	0.31997179985046387	-0.7043823003768921	-0.8826990127563477
W125Y	-1.0066686868667603	-1.22116219997406	-1.3736820220947266	-1.19749915599823	-1.4425313472747803	-1.3488121032714844	-1.3354995250701904	-1.6474586725234985	-1.830994963645935	0.07583130896091461	-1.232847809791565
E126A	-0.29510796070098877	0.20791813731193542	-0.1849207580089569	-0.10722936689853668	0.2532169222831726	0.47186869382858276	0.5229932069778442	0.7094659805297852	0.3212672173976898	0.5584906339645386	0.24579627811908722
E126C	-0.1894407868385315	0.3157091438770294	-0.08476798236370087	-0.3535733222961426	-0.10494086146354675	-0.10773199796676636	-0.11219728738069534	-0.25183895230293274	0.1977301985025406	-0.6353464126586914	-0.1326398253440857
E126D	0.6039416193962097	0.20727074146270752	0.5048333406448364	-0.026915039867162704	0.6750962734222412	0.19490449130535126	0.6083984971046448	0.8169309496879578	0.3550344705581665	0.39271122217178345	0.43322068452835083
E126F	0.16206303238868713	0.2909913957118988	0.35523122549057007	0.20639768242835999	0.12901271879673004	0.29684579372406006	0.3558473289012909	0.28138959407806396	0.2077033668756485	0.7962368726730347	0.3081718981266022
E126G	-0.11389913409948349	1.021479606628418	0.5132089853286743	0.2219889909029007	0.46059003472328186	0.6541938185691833	0.46575722098350525	0.7251750230789185	0.7074258923530579	0.5250576138496399	0.5180978178977966
E126H	0.10036595165729523	-0.003235660493373871	0.25923624634742737	-0.13400746881961823	0.12723973393440247	-0.06468108296394348	0.43923255801200867	-0.20575769245624542	0.20401813089847565	0.16934938728809357	0.08917601406574249
E126I	-0.041012927889823914	0.014514036476612091	-0.04680684953927994	0.26559731364250183	-0.09271951019763947	0.3485472798347473	0.41806066036224365	0.06292901933193207	0.2719944417476654	0.25277143716812134	0.14538748562335968
E126K	0.5848388075828552	0.32404375076293945	0.5178160667419434	-0.18098889291286469	0.5665503740310669	0.426177442073822	0.16481435298919678	0.5127785205841064	0.4870414137840271	0.5693723559379578	0.3972444534301758
E126L	-0.2610166668891907	-0.11314473301172256	0.08822888135910034	0.03901337459683418	0.11011338233947754	-0.15511511266231537	0.2837662696838379	0.2188028246164322	0.18734046816825867	0.1422666311264038	0.05402553081512451
E126M	-0.16627269983291626	0.17534828186035156	0.151558518409729	-0.5629638433456421	-0.184377521276474	-0.16556356847286224	0.22418774664402008	-0.16250798106193542	0.3984742760658264	-0.2388174682855606	-0.053093425929546356
E126N	0.145684152841568	0.2652459442615509	0.4844345152378082	0.20412570238113403	0.34614983201026917	0.23920314013957977	0.5367680191993713	0.523658812046051	0.4812900424003601	0.286323219537735	0.3512883484363556
E126P	0.4543971121311188	-0.5836631059646606	0.07393500208854675	-0.6949307918548584	-0.10955029726028442	-0.2354009598493576	0.21617916226387024	-0.045513782650232315	-0.4413180947303772	-0.09653116762638092	-0.14623969793319702
E126Q	0.33819374442100525	0.353807657957077	0.36214330792427063	-0.06499239802360535	0.5038443803787231	0.31961506605148315	0.6647267937660217	0.3438540995121002	0.45423775911331177	0.5006805658340454	0.37761110067367554
E126R	0.5609980225563049	0.6527379155158997	0.5481834411621094	0.20653976500034332	0.693962574005127	0.46884703636169434	0.3557285666465759	0.6668880581855774	0.4473235607147217	0.544991135597229	0.5146199464797974
E126S	0.2788773775100708	0.3464255928993225	0.36443379521369934	0.19850580394268036	0.6238821744918823	0.5510064363479614	0.3384733498096466	0.9061246514320374	0.4195437431335449	0.7019513249397278	0.4729224145412445
E126T	0.30765780806541443	0.5570631623268127	0.07887190580368042	0.4279009997844696	0.4900480806827545	0.3628947138786316	0.41063055396080017	0.81035977602005	0.2978052794933319	0.6129385232925415	0.435617059469223
E126V	-0.1532292366027832	-0.08916177600622177	-0.10376071184873581	0.5084648728370667	-0.1791614443063736	0.06534889340400696	0.22117242217063904	0.7762908339500427	0.43915677070617676	0.32539594173431396	0.18105164170265198
E126W	-0.14429444074630737	-0.6332914233207703	-0.0362037792801857	-0.8866080045700073	-0.08245939016342163	-0.2695768475532532	0.14717040956020355	-0.5885476469993591	-0.14301015436649323	-0.9445253610610962	-0.3581346571445465
E126Y	0.022192873060703278	-0.23133376240730286	-0.24951833486557007	-0.8955943584442139	-0.04944021254777908	-0.4618447422981262	0.19311323761940002	-0.7390210032463074	-0.3788166642189026	-0.2529821991920471	-0.30432450771331787
E127A	0.8207773566246033	0.846113920211792	0.33005309104919434	0.6870446801185608	0.19733460247516632	0.3693119287490845	0.6104775071144104	0.9404515624046326	0.32326140999794006	0.5773866176605225	0.5702212452888489
E127C	-0.1279984414577484	0.3534104824066162	0.06463761627674103	-0.141566202044487	-0.08273202180862427	-0.40167510509490967	0.3098032772541046	0.08779792487621307	0.08534087240695953	-0.9284145832061768	-0.07813961803913116
E127D	0.8872932195663452	0.4482300877571106	0.7417265176773071	-0.003868158906698227	0.760977029800415	0.4568837881088257	0.6803303360939026	0.6849930882453918	0.04087596759200096	0.3666110038757324	0.5064052939414978
E127F	-0.629898726940155	0.008802369236946106	0.122435063123703	0.540363609790802	-0.28949716687202454	0.4894092082977295	0.06551367789506912	0.4543255567550659	-0.20269154012203217	-0.8251352310180664	-0.026637321338057518
E127G	0.9893709421157837	0.8023526668548584	0.31951355934143066	0.6084615588188171	0.15310998260974884	0.47384774684906006	0.17497944831848145	0.643206775188446	0.45064401626586914	0.41098666191101074	0.5026472806930542
E127H	0.42098087072372437	0.21920493245124817	0.02626083791255951	0.22441990673542023	0.40564826130867004	0.21011565625667572	0.21167953312397003	0.3172990381717682	0.05871386080980301	0.1751503199338913	0.2269473522901535
E127I	-0.013269118964672089	-0.35932645201683044	0.013399690389633179	0.5081449151039124	0.1967676430940628	0.1514253169298172	0.8044754266738892	0.237832710146904	-0.15672321617603302	-0.03977467119693756	0.13429521024227142
E127K	0.7223266363143921	0.7388339042663574	0.3036680519580841	0.5240942239761353	0.6729933023452759	0.42871254682540894	0.5047061443328857	0.9595203995704651	0.33291274309158325	0.37849920988082886	0.5566266775131226
E127L	-0.7119775414466858	0.4572641849517822	-0.7608557939529419	-0.3476482927799225	-0.23155832290649414	0.5611649751663208	-0.055848196148872375	0.22429205477237701	0.22390367090702057	0.1657424420118332	-0.047552090138196945
E127M	-0.302053302526474	0.04100049287080765	-0.0010221228003501892	-0.22043849527835846	-0.059125155210494995	-0.27179116010665894	0.30644214153289795	0.030829284340143204	-0.1467084139585495	-0.5273836255073547	-0.11502504348754883
E127N	0.7459630370140076	0.4855145812034607	0.5753432512283325	0.32058343291282654	0.837049126625061	0.35877323150634766	0.49731239676475525	0.8642748594284058	0.25185513496398926	0.7005959153175354	0.5637264251708984
E127P	-1.5406982898712158	-0.48924607038497925	-0.39516180753707886	-0.72048419713974	-0.25837332010269165	-0.5299040675163269	-0.1201593354344368	-0.03790128603577614	-1.293324589729309	-1.054395079612732	-0.6439648270606995
E127Q	0.7968803644180298	0.6026561260223389	0.6946266889572144	0.8358696103096008	0.6618314981460571	0.44247138500213623	0.528254508972168	0.8362093567848206	0.2180923968553543	0.5784094333648682	0.6195300817489624
E127R	0.6322036981582642	0.6661236882209778	0.5989209413528442	0.6438496708869934	0.6460670232772827	0.4686506986618042	0.3471802771091461	0.6719605326652527	0.34616774320602417	0.07485367357730865	0.5095978379249573
E127S	0.8403058052062988	1.0738664865493774	0.5285859107971191	0.5464074611663818	0.4093257188796997	0.5846288204193115	0.6231566071510315	0.965269148349762	0.6339697241783142	0.6795423030853271	0.6885058283805847
E127T	0.6824718713760376	0.5199923515319824	0.40922918915748596	0.5657436847686768	0.5041291117668152	0.4600587487220764	0.5549490451812744	0.98167484998703	0.5482155680656433	0.6792553067207336	0.5905719995498657
E127V	0.1098063588142395	-0.30478712916374207	0.05667080730199814	0.2515074610710144	-0.004570554941892624	0.496407687664032	0.26032888889312744	0.7210486531257629	-0.13843069970607758	-0.3634585738182068	0.10845229774713516
E127W	-0.8078522086143494	0.08137216418981552	-0.10859502851963043	-1.4113383293151855	-0.25124430656433105	-0.22436648607254028	0.012992209754884243	0.36593154072761536	0.13098764419555664	-0.32074570655822754	-0.25328585505485535
E127Y	-0.2968102991580963	0.08319360762834549	-0.3870251476764679	-0.4724106788635254	-0.1899823695421219	-0.16007059812545776	0.19641606509685516	0.1943320482969284	-0.4448627829551697	-0.7359883785247803	-0.22132086753845215
L128A	-0.08990878611803055	0.33207499980926514	-0.1914122998714447	-0.1397141069173813	-0.5918029546737671	1.0402238368988037	-0.1958232820034027	-0.26367315649986267	0.6628435254096985	-0.5077493786811829	0.0055058421567082405
L128C	-0.1492409110069275	-0.33894214034080505	-0.14443926513195038	0.5536590814590454	-0.005501396954059601	0.5479945540428162	0.09723063558340073	0.040666501969099045	-0.19251005351543427	-0.08566761016845703	0.03232493996620178
L128D	-0.7570016980171204	-0.6568596959114075	-0.9062689542770386	-0.5163021087646484	-0.6837226152420044	-0.8075978755950928	-0.7529405951499939	-0.9947364926338196	-0.47785282135009766	-0.5046716332435608	-0.7057954668998718
L128E	-0.5196860432624817	-0.9125325679779053	-0.8102191686630249	-0.09758543968200684	-0.9920281171798706	0.29256701469421387	-1.4834210872650146	-0.14318211376667023	-0.35656481981277466	-1.1161386966705322	-0.6138790845870972
L128F	0.7451941967010498	0.10763636976480484	0.5406893491744995	1.228182077407837	0.37083131074905396	0.5335805416107178	0.994319498538971	0.4089098572731018	1.079681396484375	0.14786820113658905	0.6156892776489258
L128G	-0.11850550025701523	0.21990561485290527	0.19536034762859344	0.023659978061914444	-0.6922955513000488	0.17085401713848114	-0.6650164723396301	-0.40786993503570557	0.1948922723531723	-0.446488618850708	-0.1525503695011139
L128H	-0.016963891685009003	-0.5397143959999084	-0.3861100971698761	0.14289510250091553	-0.6096946001052856	0.007762260735034943	-0.30993184447288513	-0.4304780066013336	-0.3389083743095398	-0.14407004415988922	-0.2625214159488678
L128I	0.46875566244125366	0.14979204535484314	0.3542807996273041	1.0842857360839844	0.43702131509780884	0.30920177698135376	0.5856716632843018	0.27727779746055603	0.5880557894706726	0.41942310333251953	0.4673765301704407
L128K	-0.7790147066116333	-0.5828983187675476	-0.959658145904541	-0.9779038429260254	-0.6456003189086914	-0.2979646921157837	-0.5676069855690002	-0.846418559551239	-0.07885277271270752	-1.168927788734436	-0.6904845833778381
L128M	-0.5021782517433167	-0.2826842665672302	-0.22534984350204468	0.3708841800689697	-0.051019132137298584	0.5151134133338928	0.29368856549263	0.3745235502719879	-0.40479522943496704	0.18105655908584595	0.026923948898911476
L128N	-0.1804698407649994	-0.6794033050537109	-0.2524181306362152	-0.008494026958942413	-0.6634248495101929	-0.580810546875	-0.5830056071281433	-0.5507617592811584	-0.08638499677181244	-0.37560731172561646	-0.39607805013656616
L128P	-0.607973575592041	-0.5730510950088501	-0.5135341882705688	-0.6963186860084534	-0.76641845703125	-0.5173623561859131	0.47117888927459717	-0.5608105063438416	-0.257540225982666	-0.4398566484451294	-0.4461686611175537
L128Q	-0.4069366753101349	-0.6348540782928467	-0.4295560419559479	0.03640597313642502	-0.5435327291488647	-0.7810152173042297	-0.37965473532676697	-0.5113658905029297	-0.24657432734966278	-0.1293037086725235	-0.4026387631893158
L128R	-0.39625200629234314	-0.6723344922065735	-0.6458753347396851	0.04919029772281647	-0.7465648651123047	-0.15482452511787415	-0.40557754039764404	-0.4069463312625885	-0.17040689289569855	-0.4221042990684509	-0.3971696197986603
L128S	-0.29212403297424316	0.06348103284835815	0.41039615869522095	0.113069549202919	-0.04858386516571045	0.5792396068572998	-0.6879010796546936	-0.12201789021492004	0.4445253610610962	-0.35412245988845825	0.01059623621404171
L128T	0.176032155752182	0.06653427332639694	0.8785021305084229	0.24626068770885468	0.06812097132205963	0.6942296624183655	-0.4040582478046417	0.10081009566783905	0.6586615443229675	0.05540796369314194	0.2540501356124878
L128V	0.39580971002578735	0.3968813121318817	0.7017639875411987	0.41996920108795166	0.35561713576316833	0.9667253494262695	0.21665304899215698	0.11585412919521332	0.7347307205200195	0.5010416507720947	0.4805046021938324
L128W	-0.66452956199646	-0.4523763060569763	-0.28196629881858826	0.28763845562934875	0.19755631685256958	0.23917697370052338	0.15829607844352722	0.5796321034431458	-0.4609416723251343	0.19226865470409393	-0.020524539053440094
L128Y	-0.10383256524801254	-0.6994680166244507	-0.3669188916683197	0.10840030014514923	-0.41913142800331116	0.2281368225812912	0.4508674442768097	0.09109453856945038	-0.6511237025260925	-0.20994429290294647	-0.15719196200370789
P129A	0.7629640698432922	-0.22645926475524902	0.5007373094558716	0.5318663120269775	0.4486639201641083	-0.508326530456543	-0.2435755431652069	-1.1569942235946655	0.1299617886543274	-0.43788260221481323	-0.019904470071196556
P129C	-0.850629448890686	-0.520983099937439	-0.43938156962394714	-0.7299898266792297	-0.3878549635410309	-1.0437761545181274	-0.8460818529129028	-0.21013428270816803	-0.5023314952850342	-0.7284269332885742	-0.625959038734436
P129D	-0.6906182169914246	-0.875787615776062	0.2367859184741974	-0.894662082195282	0.20916534960269928	-0.2839784622192383	-0.5060373544692993	-0.16165190935134888	-0.092131108045578	-0.48892462253570557	-0.3547840118408203
P129E	0.44060271978378296	0.08314777910709381	0.130850687623024	0.42304137349128723	0.9115447998046875	-0.25177839398384094	-0.07706993073225021	0.31050798296928406	0.6398773193359375	0.03811392933130264	0.264883816242218
P129F	-0.10096246749162674	-1.2440651655197144	-0.21029755473136902	-0.9119668006896973	-0.31327110528945923	-0.47544580698013306	-0.8493982553482056	-0.8926715850830078	0.03156602755188942	-2.2183196544647217	-0.7184832692146301
P129G	1.0130500793457031	-0.08957309275865555	0.3357507586479187	0.38871851563453674	0.23728598654270172	-0.6871849894523621	0.07984252274036407	-0.3070874810218811	-0.030059412121772766	0.10769767314195633	0.10484405606985092
P129H	-0.7985879182815552	-0.625741183757782	-0.3879605233669281	-0.6238055229187012	-0.10859128832817078	-1.0095714330673218	-1.0738016366958618	-0.41642630100250244	-0.4679192304611206	-0.492783784866333	-0.6005188822746277
P129I	0.5465448498725891	-1.3758500814437866	0.3430580794811249	-1.1198962926864624	-0.5596979856491089	-0.33074259757995605	-0.7196275591850281	-0.5241303443908691	-0.16930018365383148	-1.608195185661316	-0.5517837405204773
P129K	0.29355090856552124	-0.2227115035057068	0.779261589050293	0.0684787780046463	0.12923789024353027	-0.44435179233551025	0.06246689707040787	0.0007371790707111359	-0.1269558072090149	-0.46171170473098755	0.007800251245498657
P129L	0.30931738018989563	-0.905383825302124	0.3992645740509033	-0.28798580169677734	0.14787212014198303	-0.5037319660186768	-0.4327635169029236	-0.8610177636146545	-0.9530554413795471	-0.5031520128250122	-0.35906362533569336
P129M	-0.7559459805488586	-0.6390224695205688	-0.45795512199401855	-0.7812756896018982	-0.3518616259098053	-0.9283810257911682	-0.7391591668128967	-0.1516197919845581	-0.234037384390831	-0.7935025691986084	-0.583276093006134
P129N	-0.6632466912269592	-0.9565991759300232	0.1276431828737259	-1.3727219104766846	-0.07397718727588654	-0.7243433594703674	-0.5894591212272644	-0.8080957531929016	-0.09317784011363983	-0.783758282661438	-0.593773603439331
P129Q	-1.230141520500183	-0.7200585007667542	0.20326626300811768	-0.6612470149993896	0.04266779124736786	-0.6096101403236389	-0.32029205560684204	-0.1819300502538681	-0.2040555626153946	-0.4075968265533447	-0.40889972448349
P129R	-0.7454947829246521	-0.4944677948951721	0.4644419848918915	-0.7020543813705444	0.22308853268623352	-0.6876040697097778	-0.2699507772922516	-0.27310997247695923	-0.05997881293296814	-1.2655380964279175	-0.38106679916381836
P129S	0.5520702600479126	-0.3288329541683197	0.32656314969062805	-0.35376039147377014	0.3815572261810303	-0.5600752830505371	-0.2962512969970703	-1.217148780822754	0.39502203464508057	-1.0122904777526855	-0.21131464838981628
P129T	0.20713263750076294	-0.6224091649055481	0.09828424453735352	-0.9317346811294556	0.019616417586803436	-0.5334115624427795	-0.32934194803237915	-1.0944727659225464	-0.0867999941110611	-1.4267367124557495	-0.4699873924255371
P129V	1.0835129022598267	-1.0403119325637817	0.12385359406471252	-0.9085693359375	-0.7124999761581421	-0.42297762632369995	-0.48984047770500183	-0.9959449172019958	-1.2319972515106201	-1.2713987827301025	-0.5866173505783081
P129W	-1.155104637145996	-0.19793713092803955	-0.26180407404899597	-0.6911569833755493	0.11067621409893036	-0.6907318830490112	-0.5255718231201172	-0.22092024981975555	-0.5420211553573608	-0.9010303020477295	-0.507560133934021
P129Y	-0.7589337229728699	-0.3917388916015625	-0.26432162523269653	-0.8329676389694214	-0.3198360204696655	-0.8920286893844604	-0.97019362449646	-0.379165917634964	-0.5756223797798157	-0.5610281229019165	-0.5945836901664734
P130A	0.5969898104667664	0.4356285333633423	0.5205340385437012	-0.5609975457191467	0.39822888374328613	0.32689476013183594	0.08848530799150467	0.2638658285140991	0.3120470643043518	0.45157498121261597	0.2833251655101776
P130C	-0.4068360924720764	0.502033531665802	-0.4065178632736206	0.2796820104122162	-0.16074660420417786	0.18865977227687836	-0.7457553744316101	0.11752451956272125	-0.2677319645881653	-0.42323732376098633	-0.13229253888130188
P130D	0.3781433701515198	0.6527251601219177	0.2711491286754608	0.4528641402721405	0.777647852897644	0.4907710552215576	0.2439233362674713	0.5055708885192871	0.07697107642889023	0.7553650140762329	0.4605131149291992
P130E	0.6623804569244385	0.47238731384277344	0.8992074728012085	0.2265324592590332	0.02556026726961136	0.28146010637283325	0.37095344066619873	0.4357597827911377	0.5508996844291687	0.24629445374011993	0.4171435236930847
P130F	-0.24011677503585815	0.1213371679186821	-0.7541900873184204	-0.7643699049949646	-0.08008846640586853	-0.3384363651275635	-0.6763525605201721	0.12788806855678558	-0.12379463016986847	-0.6990318298339844	-0.3427155315876007
P130G	0.6211417317390442	0.3842445909976959	0.6842725276947021	-0.22992999851703644	0.11579397320747375	0.43919360637664795	0.22925038635730743	0.5185683369636536	0.29059064388275146	0.273024320602417	0.3326150178909302
P130H	-0.5670691132545471	0.5947626233100891	-0.1570490151643753	0.28274887800216675	0.12796440720558167	0.23035649955272675	-0.2536894381046295	-0.02847367897629738	-0.16521482169628143	-0.11953172087669373	-0.005519537720829248
P130I	0.11489373445510864	0.2849891781806946	-0.5970065593719482	-0.46245133876800537	-0.03368167579174042	-0.48758387565612793	-0.490033894777298	0.16294614970684052	-0.035392969846725464	-0.5266896486282349	-0.20700109004974365
P130K	0.28907087445259094	0.2892388701438904	0.07312849909067154	0.038549214601516724	0.7511229515075684	0.2625378370285034	0.27416014671325684	0.4059823155403137	0.1351475715637207	0.6037482023239136	0.3122686445713043
P130L	0.023147542029619217	-0.27348044514656067	-0.5182260870933533	-0.31588563323020935	-0.017208799719810486	-0.6988327503204346	-0.6958757638931274	-0.0816546082496643	0.21380645036697388	-0.8582992553710938	-0.32225093245506287
P130M	-0.5869703888893127	0.44053947925567627	-0.6444573402404785	0.12020169198513031	-0.184205561876297	0.08211104571819305	-0.5996732115745544	-0.07575669884681702	-0.09790894389152527	-0.5282962322235107	-0.20744161307811737
P130N	-0.17970439791679382	0.6913488507270813	0.22140827775001526	0.3200188875198364	0.40186601877212524	0.2369668036699295	0.29928895831108093	0.29343974590301514	-0.14052635431289673	0.6886296272277832	0.2832736372947693
P130Q	-0.20649152994155884	0.6104578375816345	-0.009818010032176971	0.38787561655044556	0.37950965762138367	0.25959938764572144	0.1711224615573883	0.23258928954601288	-0.08963368833065033	0.5586346983909607	0.22938457131385803
P130R	0.04739976301789284	0.2907753884792328	-0.06521168351173401	-0.11311595141887665	0.6880947351455688	0.1035040020942688	0.5160470008850098	0.5577182173728943	-0.06230834126472473	0.4505060315132141	0.24134092032909393
P130S	0.6101516485214233	0.4385611116886139	0.3768436312675476	-0.012547601014375687	0.47715261578559875	0.4794837236404419	0.16324380040168762	0.43658512830734253	0.13572373986244202	0.7994978427886963	0.39046958088874817
P130T	0.4487961530685425	0.526501476764679	-0.17558202147483826	-0.06282278895378113	0.438442200422287	0.1677432507276535	-0.22111459076404572	0.362773060798645	0.05809257924556732	0.5518322587013245	0.2094661444425583
P130V	-0.05763859301805496	-0.11156442016363144	-0.23558703064918518	-1.1527576446533203	0.10619700700044632	-0.15954303741455078	-0.7785208821296692	-0.08654387295246124	0.05136938765645027	0.24729643762111664	-0.21772925555706024
P130W	-0.9739506840705872	0.5807692408561707	-0.3479337692260742	0.23623192310333252	-0.03720703721046448	0.2263849526643753	-0.649768054485321	0.008952382951974869	-0.37512028217315674	-0.4479292631149292	-0.17795705795288086
P130Y	-0.7428880929946899	0.46270644664764404	-0.44836312532424927	0.2082468420267105	-0.11219091713428497	0.16778650879859924	-0.704423725605011	-0.08701533079147339	-0.44762474298477173	-0.6072643399238586	-0.23110303282737732
L131A	0.8149945139884949	0.5934735536575317	0.5688230991363525	0.8580041527748108	0.585193395614624	0.855327844619751	1.1464099884033203	0.5310336947441101	1.0468668937683105	0.4308921694755554	0.7431018948554993
L131C	0.15977685153484344	0.6207270622253418	0.5501796007156372	0.2802329361438751	0.8324621915817261	0.4679139256477356	0.2431819587945938	1.1077964305877686	0.7596275806427002	0.27245742082595825	0.5294355750083923
L131D	0.1327066421508789	0.9804598689079285	0.8554239273071289	0.6657004356384277	0.7152301073074341	0.5145984888076782	0.5783293843269348	1.0419797897338867	1.1134777069091797	0.4978128671646118	0.7095719575881958
L131E	0.6429980397224426	0.3890390992164612	0.5375220775604248	0.6069294214248657	0.15690761804580688	0.49073296785354614	0.5797123908996582	0.10272784531116486	0.5243203639984131	0.4013952612876892	0.44322848320007324
L131F	0.3221633732318878	0.42126673460006714	-0.11781841516494751	0.6121631860733032	0.5081367492675781	0.17715342342853546	-0.432885080575943	0.9535478949546814	0.897337794303894	0.7013126611709595	0.40423783659935
L131G	0.4776255488395691	0.695367157459259	0.879663348197937	0.8828460574150085	-0.001878008246421814	0.5979410409927368	0.8638386130332947	0.5302793383598328	1.022924542427063	0.47718513011932373	0.6425792574882507
L131H	0.21578800678253174	0.7453258633613586	0.5083900690078735	0.41962045431137085	0.844916582107544	0.5836936235427856	0.38297852873802185	1.0913646221160889	0.8624074459075928	0.3573286235332489	0.6011813879013062
L131I	0.215008944272995	0.5077815055847168	0.05179842561483383	0.49524369835853577	0.6960517168045044	0.31322234869003296	-0.031527817249298096	0.7129155993461609	0.9730812907218933	0.6011086702346802	0.4534684717655182
L131K	0.573810875415802	0.8244892954826355	0.6553021669387817	0.46549999713897705	0.5949933528900146	0.9896281957626343	0.3508998453617096	0.5911116003990173	1.0237699747085571	0.5288446545600891	0.6598349809646606
L131M	-0.06802880018949509	0.7588167786598206	0.37875649333000183	0.2839997410774231	0.6585339307785034	0.552693784236908	0.014462169259786606	0.9168940186500549	0.756604790687561	0.4324151277542114	0.4685148298740387
L131N	0.27103009819984436	0.7175931334495544	0.839931845664978	0.45472872257232666	0.8066911697387695	0.3788866400718689	-0.03591645509004593	1.0465381145477295	0.6812341809272766	0.4677709937095642	0.5628488659858704
L131P	0.1125321239233017	0.22264590859413147	0.8046871423721313	0.29240337014198303	0.5874125957489014	0.15221825242042542	0.3581741452217102	0.6964390277862549	0.7506884336471558	0.640177845954895	0.46173787117004395
L131Q	0.2892988622188568	0.8451041579246521	0.5804070234298706	0.5099862813949585	0.8439754247665405	0.5141019821166992	0.19464479386806488	1.0167245864868164	0.7712873220443726	0.6051498055458069	0.6170679926872253
L131R	0.6633803248405457	0.5018024444580078	0.2593853771686554	0.4590759873390198	0.753633975982666	0.6131881475448608	0.05786195397377014	0.42405927181243896	0.8055726289749146	0.5541932582855225	0.5092153549194336
L131S	0.4544183015823364	0.595268189907074	0.4916999638080597	0.7715801000595093	0.5608036518096924	0.8190104961395264	0.45446959137916565	0.7067574262619019	1.1573562622070312	0.6844562292098999	0.6695820093154907
L131T	0.44793468713760376	0.7640507221221924	0.42984846234321594	0.8005234003067017	0.7127983570098877	0.8953110575675964	0.3161945343017578	0.9594002366065979	1.2895722389221191	0.8184157013893127	0.7434049248695374
L131V	0.8461851477622986	0.6085283160209656	0.5543326139450073	0.9945386648178101	0.5871047973632812	0.728227972984314	0.774167537689209	0.664631724357605	1.2564446926116943	1.0234822034835815	0.8037644624710083
L131W	0.08333403617143631	0.5431146621704102	0.5292425155639648	0.2380063533782959	0.8743305206298828	0.4158223271369934	0.48164063692092896	0.880001962184906	0.7650877237319946	0.4191792607307434	0.5229759812355042
L131Y	0.05208741873502731	0.5779561400413513	0.48298755288124084	0.3016618490219116	0.8330675363540649	0.5181323289871216	0.6610773801803589	0.8360368609428406	0.6611717939376831	0.30712080001831055	0.5231299996376038
D132A	0.26004496216773987	0.23102468252182007	0.06410343945026398	-0.18749062716960907	-0.33206042647361755	0.5145456790924072	0.5434837937355042	0.394347608089447	0.6518758535385132	0.4501890540122986	0.25900641083717346
D132C	-0.5617505311965942	0.004456385970115662	-0.023840323090553284	0.1515284776687622	0.14677266776561737	0.14850623905658722	0.03195783495903015	0.16801688075065613	-0.5362792611122131	-0.15920592844486237	-0.06298375129699707
D132E	0.1071164458990097	0.47179168462753296	0.5014090538024902	-0.13721658289432526	0.11588813364505768	0.485736608505249	0.48556336760520935	0.6213233470916748	0.3619016408920288	0.46662604808807373	0.3480139672756195
D132F	-0.7531028389930725	-0.19681262969970703	-0.43270549178123474	-0.4268277585506439	-0.06622781604528427	-0.30750107765197754	-0.8252415060997009	0.6680677533149719	-0.5932175517082214	-0.17149825394153595	-0.3105067312717438
D132G	0.3982250392436981	0.5501910448074341	0.21652376651763916	0.5194237232208252	-0.1686677634716034	0.8145879507064819	0.47228899598121643	0.30423086881637573	0.46860361099243164	0.3850529193878174	0.3960460126399994
D132H	-0.22674551606178284	0.215244859457016	-0.14742937684059143	-0.18957270681858063	-0.03463934361934662	0.03927098214626312	0.24633020162582397	-0.3006938695907593	-0.4983900785446167	-0.029905512928962708	-0.09265303611755371
D132I	-0.36353012919425964	-0.1264088749885559	-0.9099832773208618	0.2691207528114319	0.032815612852573395	-0.24450553953647614	-0.907527506351471	0.33022287487983704	0.0186319537460804	-0.17027725279331207	-0.2071441411972046
D132K	0.24186667799949646	0.35775893926620483	-0.11795167624950409	-0.2680346369743347	0.28221917152404785	0.24406392872333527	0.21465957164764404	0.370674729347229	0.5044019818305969	0.4591190814971924	0.22887775301933289
D132L	-0.7846640348434448	-0.12091406434774399	-0.25556057691574097	-0.5696592330932617	-0.6216057538986206	-0.8722020387649536	-0.06010653078556061	-0.009510215371847153	0.4157259464263916	-0.20900662243366241	-0.30875030159950256
D132M	-0.6473900079727173	-0.3196353316307068	-0.1723531037569046	-0.017363186925649643	0.026647135615348816	-0.18088029325008392	-0.4788444936275482	-0.08110398054122925	-0.8223304152488708	-0.2487659901380539	-0.29420197010040283
D132N	0.12450198829174042	0.6534575819969177	-0.33481156826019287	-0.007616762071847916	0.28469425439834595	0.11623634397983551	0.7104161977767944	-0.24746398627758026	0.02796674147248268	0.24796666204929352	0.15753474831581116
D132P	0.23052307963371277	-0.15879303216934204	-0.02562015689909458	-0.03891417011618614	0.17526771128177643	-0.07643931359052658	0.2559012770652771	0.09212644398212433	0.12275475263595581	0.3803010582923889	0.09571076929569244
D132Q	0.06379473209381104	0.5518403053283691	-0.3932301700115204	0.04667937010526657	0.25725966691970825	0.1583220213651657	0.4211362898349762	-0.02909434214234352	0.20237217843532562	0.409994900226593	0.16890749335289001
D132R	0.054496146738529205	0.3148828148841858	-0.3907148241996765	-0.007778700441122055	-0.025409244000911713	0.20497635006904602	0.1590939611196518	0.43164125084877014	0.3928259015083313	0.3325515687465668	0.14665652811527252
D132S	0.5302547216415405	0.5442559719085693	-0.18118320405483246	-0.16377809643745422	0.011207684874534607	0.5151360630989075	0.2962433993816376	0.27738362550735474	0.5621181726455688	0.45577144622802734	0.28474098443984985
D132T	0.32746005058288574	0.3626783490180969	-0.4974181056022644	0.22646871209144592	0.3599517345428467	0.4081087112426758	-0.0065748486667871475	0.44211646914482117	0.44299280643463135	0.2678702771663666	0.23336541652679443
D132V	-0.21121278405189514	-0.3177969455718994	-0.39707687497138977	-0.19460563361644745	-0.36941954493522644	-0.5353684425354004	-0.20625580847263336	-0.36855456233024597	0.5843320488929749	0.10590322315692902	-0.19100555777549744
D132W	-0.8314993381500244	-0.5282936096191406	-0.023342642933130264	-0.07348990440368652	0.04196174815297127	-0.008159663528203964	-0.04985927790403366	-0.12202905118465424	-0.5728402137756348	-0.43454498052597046	-0.26020970940589905
D132Y	-0.5838196873664856	-0.5089021325111389	-0.024929892271757126	-0.09140926599502563	-0.18462079763412476	0.021092697978019714	-0.06686447560787201	-0.10750269889831543	-0.6623479127883911	-0.32999664545059204	-0.25393009185791016
Q133A	0.03244393318891525	-0.10142917186021805	0.8462090492248535	0.7502404451370239	0.17132771015167236	0.33287036418914795	0.38554444909095764	0.27090317010879517	0.2958438992500305	0.7619892358779907	0.3745943009853363
Q133C	0.34075573086738586	0.5699902772903442	-0.014437790960073471	0.5012302398681641	0.5075609087944031	0.2978857159614563	1.3869867324829102	0.4492396116256714	-0.28836947679519653	0.6904440522193909	0.4441286027431488
Q133D	0.24622827768325806	0.08200830966234207	0.5240054130554199	0.4484388530254364	0.41679564118385315	0.6608843803405762	0.13139764964580536	0.3352460265159607	0.04301922023296356	0.8096297979354858	0.36976537108421326
Q133E	0.382416307926178	0.0536985918879509	0.6956906318664551	0.41641882061958313	0.41478660702705383	0.4841524362564087	0.17882515490055084	0.17420081794261932	0.027301814407110214	0.24472251534461975	0.30722135305404663
Q133F	0.2534424960613251	0.021402619779109955	-0.1938820779323578	-0.15775485336780548	1.0613301992416382	0.22473113238811493	0.811052143573761	0.42195379734039307	0.09156214445829391	0.4568905234336853	0.299072802066803
Q133G	-0.12185093015432358	0.09537619352340698	0.26770997047424316	-0.34015482664108276	0.015544097870588303	0.03298432379961014	0.025008786469697952	0.21238242089748383	0.14133280515670776	-0.12173432111740112	0.020659852772951126
Q133H	0.35225650668144226	0.2263413965702057	0.3110583424568176	0.21941326558589935	0.7259019613265991	0.5976302623748779	0.9353755712509155	0.664823055267334	0.06614242494106293	0.9374353289604187	0.5036377906799316
Q133I	0.809149444103241	0.3225291967391968	0.32758668065071106	0.4667501747608185	0.6642147302627563	0.5740808844566345	0.5701831579208374	0.7010485529899597	-0.19803737103939056	-0.05181311070919037	0.4185692369937897
Q133K	1.0808905363082886	0.40304940938949585	0.6067006587982178	0.7389563918113708	0.5533437728881836	1.1034095287322998	0.14140646159648895	-0.22818760573863983	0.4503971338272095	-0.30331605672836304	0.45466500520706177
Q133L	0.5302175879478455	0.09852679818868637	1.2105381488800049	0.7718653678894043	0.0219480711966753	-0.06695056706666946	1.0940687656402588	0.6434206962585449	0.318472683429718	0.8195074200630188	0.5441614985466003
Q133M	0.8076133131980896	0.42005813121795654	0.4151681661605835	0.37091657519340515	0.43219485878944397	0.5370994210243225	1.397744059562683	0.772731602191925	-0.536307156085968	0.9042248725891113	0.5521444082260132
Q133N	0.1371246576309204	-0.2716032564640045	0.20949962735176086	-0.13911278545856476	0.4665180444717407	0.5443791151046753	-0.391970157623291	0.30838990211486816	-0.18237338960170746	0.43553030490875244	0.11163821071386337
Q133P	-0.29547014832496643	-0.5699172019958496	-0.25679314136505127	-0.09227792918682098	0.6005713939666748	0.23830263316631317	0.08094987273216248	0.5995301008224487	-0.8704120516777039	0.10352380573749542	-0.0461992546916008
Q133R	0.7929193377494812	0.7236256003379822	1.0494420528411865	0.3557492196559906	0.9327162504196167	0.7055131196975708	0.29809510707855225	0.29789838194847107	0.12634173035621643	0.5192607045173645	0.5801562070846558
Q133S	0.17170171439647675	0.3761877119541168	0.6059503555297852	0.5706401467323303	0.30894139409065247	0.5535722374916077	0.00881144218146801	0.502864420413971	0.7108123302459717	0.6849269270896912	0.4494408667087555
Q133T	-0.26794350147247314	0.44825461506843567	0.2750961482524872	0.5218121409416199	0.3164138197898865	0.6812230944633484	0.08915995061397552	-0.561381459236145	0.2617452144622803	0.28002360463142395	0.2044403851032257
Q133V	-0.1196289137005806	0.23749974370002747	0.19583889842033386	0.358572781085968	0.24579066038131714	0.023484498262405396	0.18392561376094818	0.015998046845197678	-0.35337120294570923	0.10039103031158447	0.08885011076927185
Q133W	0.6229605078697205	0.32012441754341125	0.025634855031967163	0.02493887022137642	0.6207069158554077	0.7774503827095032	1.184086561203003	0.37698638439178467	-0.6563589572906494	0.9061667919158936	0.4202696681022644
Q133Y	0.28909996151924133	0.5481730103492737	-0.3131168782711029	0.12792539596557617	0.5376335382461548	0.5152690410614014	1.2791619300842285	0.2623876631259918	-0.16312818229198456	0.7831758260726929	0.3866581320762634
L134A	-0.5215265154838562	-0.486763060092926	-0.7641278505325317	-0.8519914746284485	-0.594077467918396	-1.4603110551834106	0.016750851646065712	-0.2520099878311157	-0.19705866277217865	-0.17540164291858673	-0.5286516547203064
L134C	0.09132540225982666	0.2096865475177765	-0.489187628030777	-0.06567060947418213	0.06562192738056183	-0.12654653191566467	0.4445410668849945	-0.12714000046253204	0.22162067890167236	-0.3393615484237671	-0.011511067859828472
L134D	-0.3952201306819916	-0.6928403973579407	-0.9158293008804321	-0.35586243867874146	-0.3416595757007599	-0.2191278636455536	-0.2899895906448364	-0.050251856446266174	0.20069986581802368	-0.2482062429189682	-0.3308287560939789
L134E	-0.17687949538230896	-2.119560956954956	-0.9559382200241089	-1.1929928064346313	-0.887633204460144	-1.594001293182373	-0.6851052045822144	-0.4739263951778412	-0.10245101153850555	-0.9915310144424438	-0.9180020093917847
L134F	-0.5920358300209045	0.3711145222187042	-0.4429467022418976	-0.5258409976959229	0.16372156143188477	0.14588208496570587	-0.20540566742420197	0.3609983026981354	-0.07785044610500336	-0.1505606323480606	-0.09529237449169159
L134G	-0.23565071821212769	-0.06204139441251755	-0.35809507966041565	-1.1014723777770996	-0.22701844573020935	-1.1709237098693848	0.1269177943468094	-0.029091835021972656	-0.4046320915222168	-0.3127421736717224	-0.3774750232696533
L134H	0.04006211459636688	-0.024734750390052795	-0.7121211290359497	-0.2037784308195114	-0.1020602285861969	-0.4093104600906372	0.23021285235881805	-0.11357741057872772	-0.09867626428604126	-0.7240708470344543	-0.21180546283721924
L134I	-1.1953699588775635	0.5626592636108398	-0.7331504821777344	-0.2797141671180725	0.20073255896568298	-0.148752361536026	-0.010717513039708138	0.25834861397743225	-0.034555986523628235	-0.2161668986082077	-0.1596686840057373
L134K	-0.7062947154045105	-0.5399457812309265	-0.8146326541900635	-0.8709506988525391	-0.04157617688179016	-0.6885616779327393	-0.8367021679878235	-0.08626372367143631	0.22604010999202728	-1.0529990196228027	-0.541188657283783
L134M	-0.30474233627319336	0.07029668986797333	-0.859337329864502	-0.39890938997268677	-0.14486370980739594	-0.49127811193466187	0.27716025710105896	0.15005706250667572	-0.12915463745594025	-0.7213744521141052	-0.2552146017551422
L134N	0.1653086245059967	0.14100810885429382	-0.9097763299942017	-0.2840062081813812	-0.053686223924160004	0.18922683596611023	0.1843726933002472	0.11997303366661072	0.40018022060394287	-0.40768003463745117	-0.04550793394446373
L134P	-0.5217887759208679	-0.2197359800338745	-0.646728515625	-0.48133736848831177	0.2803288996219635	-0.01576119102537632	-0.3985235393047333	-0.1754826009273529	0.22424370050430298	-0.3108798861503601	-0.22656650841236115
L134Q	-0.057182617485523224	-0.08173371106386185	-0.6130378246307373	-0.298435777425766	-0.09905380010604858	0.29158085584640503	-0.5362802743911743	-0.0539066344499588	-0.045786336064338684	-0.49314916133880615	-0.19869853556156158
L134R	0.03765038773417473	-0.37166133522987366	-0.8595373630523682	-0.7516984939575195	-0.0931110680103302	-0.28427356481552124	-0.5981748700141907	-0.15372610092163086	-0.013780668377876282	-1.0269747972488403	-0.4115287661552429
L134S	-0.3789410889148712	-0.02851470559835434	-0.46532681584358215	-1.2321394681930542	-0.19207417964935303	-0.9150406718254089	0.1902523636817932	0.1216980367898941	-0.003591373562812805	0.051528871059417725	-0.2852148711681366
L134T	-0.17031261324882507	0.22802206873893738	-0.5767030715942383	-0.7632485628128052	-0.15944167971611023	-0.7898119688034058	0.2831646502017975	-0.21119044721126556	0.05598960071802139	-0.2052987664937973	-0.23088307678699493
L134V	-0.9626744389533997	0.22606778144836426	-0.1363392472267151	-0.7272953987121582	-0.8916364908218384	-0.7560521364212036	-0.42113909125328064	0.038730163127183914	0.27694258093833923	0.05277349799871445	-0.33006229996681213
L134W	-0.3342178463935852	-0.029273204505443573	-0.8992536067962646	-0.08662259578704834	-0.6295067071914673	-0.9424827098846436	-0.20768167078495026	-0.3423430323600769	-0.49657827615737915	-0.7575478553771973	-0.47255077958106995
L134Y	-0.7218729853630066	-0.11938678473234177	-1.0488677024841309	-0.2861024737358093	-0.28621071577072144	-1.3251655101776123	0.2753757834434509	-0.07842016965150833	-0.3472973704338074	-1.0169315338134766	-0.4954879879951477
F135A	1.2549961805343628	1.171333909034729	0.590212345123291	0.8220477104187012	1.5476038455963135	0.5178909301757812	0.5647881627082825	1.0926681756973267	0.6282649040222168	-0.07757219672203064	0.8112233877182007
F135C	1.0228536128997803	1.2392343282699585	0.505297064781189	1.5743807554244995	1.0409947633743286	0.6692184209823608	0.8075181841850281	0.6083263754844666	0.9235058426856995	0.9109450578689575	0.9302274584770203
F135D	1.2718534469604492	0.7785407304763794	0.5672292709350586	0.9119229316711426	1.2257249355316162	1.0088133811950684	0.5359630584716797	0.36586254835128784	0.5997331142425537	0.22150668501853943	0.7487149834632874
F135E	1.025810956954956	0.6270002722740173	0.59177565574646	1.054484248161316	0.4035719633102417	-0.47014421224594116	-0.254933625459671	1.3513535261154175	0.07980974018573761	-0.7069274187088013	0.3701801300048828
F135G	0.8934056162834167	0.5460556149482727	0.5672560930252075	0.8046672344207764	1.1180565357208252	0.6382683515548706	0.6289259791374207	0.6605709195137024	0.29738718271255493	0.3859449625015259	0.654053807258606
F135H	1.233848214149475	1.0230685472488403	0.47632256150245667	1.381230354309082	1.0674759149551392	0.5481360554695129	1.03434419631958	0.9546793103218079	0.7967696785926819	0.8869026303291321	0.9402777552604675
F135I	1.00430166721344	0.7789379358291626	0.5227452516555786	1.5774401426315308	0.9542946815490723	1.161208987236023	1.0381476879119873	0.21762420237064362	0.9033325910568237	1.2020596265792847	0.9360092878341675
F135K	1.4435254335403442	1.2227272987365723	0.44312241673469543	0.8938028812408447	1.031516432762146	1.3667163848876953	0.5808113813400269	0.7420439720153809	0.805590033531189	0.14158688485622406	0.8671442866325378
F135L	-0.04112914204597473	1.4139931201934814	0.5258134603500366	0.7236011028289795	0.40763628482818604	0.5963643789291382	1.426419734954834	0.6074991226196289	0.7732051610946655	0.49246805906295776	0.69258713722229
F135M	1.0095287561416626	1.1956802606582642	0.5383507013320923	1.5423375368118286	0.8683508634567261	0.653876543045044	1.0014686584472656	0.8051882982254028	0.9667217135429382	0.9467965960502625	0.9528299570083618
F135N	1.0464717149734497	0.9163280725479126	0.42093154788017273	1.2851359844207764	1.326076865196228	1.2305737733840942	1.1727005243301392	0.5544942617416382	0.6881982684135437	0.8622855544090271	0.9503196477890015
F135P	0.8293426632881165	0.6769148111343384	-0.0973191037774086	1.2849541902542114	0.6898958683013916	1.093085765838623	0.37230098247528076	0.39401015639305115	0.6220853328704834	-0.3757137060165405	0.5489556789398193
F135Q	1.036213755607605	0.617595911026001	0.2936646640300751	1.1789231300354004	1.0340672731399536	1.0133819580078125	0.949953019618988	0.48239582777023315	0.7731210589408875	0.2944188714027405	0.7673735022544861
F135R	1.7547698020935059	1.0121601819992065	0.5531806945800781	1.3142266273498535	1.0725599527359009	1.4969288110733032	0.8698127269744873	0.703458309173584	0.8971124291419983	0.4916583299636841	1.0165868997573853
F135S	1.2087482213974	1.3305848836898804	0.6873288154602051	0.9520909786224365	1.4238834381103516	1.032360553741455	0.8130802512168884	1.1925599575042725	0.7713508009910583	0.6744410395622253	1.0086429119110107
F135T	1.1978561878204346	1.053574800491333	0.5948926210403442	1.0561097860336304	1.4280003309249878	0.9295201897621155	0.7298039197921753	0.6369931697845459	0.7440143823623657	0.5205829739570618	0.8891348838806152
F135V	0.5230678915977478	1.2061127424240112	0.655309796333313	1.3579931259155273	0.7478463649749756	0.714491069316864	0.8337298631668091	0.6574530005455017	0.6452603936195374	0.4755544662475586	0.7816818356513977
F135W	0.559115469455719	0.9874933362007141	0.10548506677150726	1.5504088401794434	0.825468897819519	0.5276903510093689	0.7363932132720947	0.6026676893234253	0.2806408405303955	0.6282765865325928	0.6803640127182007
F135Y	1.018610954284668	1.2202222347259521	0.4827829897403717	1.3763271570205688	0.8564275503158569	0.5478788614273071	1.078555941581726	1.0340306758880615	0.7275983691215515	0.755180299282074	0.9097615480422974
W136A	0.7623618245124817	0.8540394902229309	0.36032360792160034	0.5554412603378296	1.0331445932388306	0.6926953792572021	1.3488900661468506	0.5913572907447815	0.7660405039787292	0.2552986145019531	0.7219592332839966
W136C	0.3212229311466217	0.49086081981658936	0.41407689452171326	0.5893402099609375	0.6670870780944824	0.13616439700126648	0.6117208003997803	0.9456675052642822	0.7205788493156433	-0.1771215945482254	0.47195976972579956
W136D	0.6148320436477661	0.373171865940094	0.8793736696243286	0.2619827091693878	0.7306464910507202	0.6547945737838745	0.4214124381542206	0.5467730760574341	0.5870476365089417	0.7662368416786194	0.5836271047592163
W136E	0.9344610571861267	0.7148736715316772	0.1842765212059021	1.0004923343658447	0.7998216152191162	1.1563975811004639	0.4211237132549286	0.4124257564544678	0.4892624616622925	0.9530386924743652	0.7066172957420349
W136F	1.0228972434997559	1.0247327089309692	0.7171565294265747	0.6559802293777466	0.6214185953140259	1.1389394998550415	0.868431568145752	0.7202497720718384	1.1602060794830322	0.20871207118034363	0.8138723373413086
W136G	0.33933666348457336	0.9059942960739136	0.35036370158195496	0.5155246257781982	0.8386130332946777	0.8880438804626465	0.7820210456848145	1.0947189331054688	1.10464346408844	0.7534642815589905	0.7572723627090454
W136H	0.7737187743186951	0.5774762630462646	0.5447379350662231	0.8208281993865967	0.8774433135986328	0.43845343589782715	0.9187955260276794	0.9637975096702576	0.7522712349891663	0.2907465696334839	0.6958268880844116
W136I	1.0640531778335571	0.4491901993751526	0.9868186712265015	0.3517967164516449	0.6176818609237671	0.5524989366531372	0.7879893183708191	0.20069552958011627	0.7089840769767761	0.23764194548130035	0.5957349538803101
W136K	1.0187633037567139	0.5978981852531433	0.612970232963562	0.6534838080406189	0.9754174947738647	0.9229709506034851	0.8474851250648499	0.324463427066803	0.7086977958679199	0.6642739176750183	0.732642412185669
W136L	1.1531262397766113	0.5285246968269348	0.9667307138442993	-0.08845104277133942	0.7236111164093018	0.05297008156776428	1.0267350673675537	0.6698315143585205	0.9739997386932373	0.3798114061355591	0.6386889219284058
W136M	0.6334002614021301	0.4357999563217163	0.5598706007003784	0.5798584222793579	0.5432596206665039	0.5714942812919617	0.2901819944381714	0.8426466584205627	0.6855058670043945	0.5411871671676636	0.5683205127716064
W136N	0.6968517899513245	0.5831418037414551	0.9422833919525146	0.22103503346443176	0.6592544317245483	0.4377899765968323	0.5970097780227661	0.9163171648979187	0.6225374937057495	0.9824573397636414	0.6658677458763123
W136P	1.0488240718841553	1.0425142049789429	1.0363613367080688	0.9135869741439819	0.6453760862350464	0.35881978273391724	1.0016226768493652	0.5584139227867126	0.8102001547813416	1.199222207069397	0.8614941835403442
W136Q	0.7420808672904968	0.7984439730644226	1.239780306816101	0.7954255938529968	0.5044105648994446	1.2634639739990234	0.5654358267784119	1.1077375411987305	0.8533579111099243	1.26255202293396	0.9132688641548157
W136R	0.7636504769325256	0.5665506720542908	0.9765857458114624	0.3321163058280945	0.7145100831985474	0.9749190807342529	0.9282342791557312	0.115241140127182	0.6946765780448914	1.1923316717147827	0.7258816361427307
W136S	1.0008163452148438	0.6969141364097595	0.7916738986968994	0.5293599963188171	0.7418667078018188	0.9240946769714355	1.1501250267028809	0.764589786529541	0.6215705275535583	0.8701621890068054	0.809117317199707
W136T	0.9320936799049377	0.539421558380127	0.679284930229187	0.500244140625	0.7308133840560913	0.7184535264968872	0.8342685103416443	0.5263857841491699	0.6588966846466064	0.5327385663986206	0.6652601361274719
W136V	0.6358680725097656	0.4608535170555115	0.07470369338989258	0.038924042135477066	0.5899186134338379	-0.05082063004374504	0.5625905394554138	-0.34404847025871277	0.8758808970451355	0.1292465329170227	0.2973116934299469
W136Y	0.18997251987457275	0.568413496017456	0.3982757329940796	0.6389622688293457	0.693457841873169	0.11791573464870453	0.6722288131713867	0.6885741949081421	0.7236405611038208	0.5001320838928223	0.5191572904586792
G137A	0.4662880599498749	0.7463366389274597	0.8896628618240356	0.29040706157684326	0.15811824798583984	-0.32036423683166504	0.007466224953532219	1.40217125415802	1.4315446615219116	0.7642362713813782	0.5835867524147034
G137C	0.4385944604873657	0.31689825654029846	0.49757662415504456	0.36686763167381287	0.662690281867981	0.3553435802459717	1.2721517086029053	1.0227769613265991	1.0708491802215576	0.5082951188087463	0.6512044072151184
G137D	0.1960752308368683	0.4338908791542053	-0.026244938373565674	-0.14572025835514069	0.3216646909713745	0.5453982353210449	0.33317816257476807	0.6426449418067932	0.3860066533088684	-0.12777921557426453	0.2559114396572113
G137E	-0.06048790365457535	-0.02303370088338852	-0.41038286685943604	1.1988961696624756	-0.3942573368549347	-0.9243385195732117	-0.2779039442539215	0.7948589324951172	0.8428128361701965	0.2545360326766968	0.10006997734308243
G137F	0.4795437455177307	0.6243090629577637	0.999618411064148	0.6640616655349731	0.48316892981529236	1.0422921180725098	0.7427940964698792	1.0827299356460571	0.5179728865623474	0.29663071036338806	0.6933121085166931
G137H	0.22938930988311768	0.3809812664985657	0.46038731932640076	0.5156528353691101	0.6462560892105103	0.29308241605758667	0.714645504951477	0.9449246525764465	0.4812144637107849	0.8411099314689636	0.5507644414901733
G137I	0.39952975511550903	0.6484957933425903	0.596896767616272	0.34173381328582764	0.7216068506240845	0.4914367198944092	0.6179013848304749	0.1462891846895218	0.6202735304832458	0.1989801675081253	0.4783143997192383
G137K	-0.7650392055511475	0.4376155138015747	-0.33579206466674805	0.02878420427441597	-0.12447357177734375	0.34445375204086304	0.004408417269587517	0.4134161174297333	0.5616270899772644	0.2775561213493347	0.0842556431889534
G137L	-0.21304425597190857	0.49451327323913574	0.327393501996994	-0.25168609619140625	-0.25914403796195984	-0.5163910984992981	0.30237916111946106	1.017513632774353	0.6045462489128113	0.606751561164856	0.21128320693969727
G137M	0.19982174038887024	0.206508606672287	0.43052515387535095	0.4010482132434845	0.8370171785354614	0.21638719737529755	1.19161856174469	1.0625892877578735	0.5245065689086914	0.4312489628791809	0.5501271486282349
G137N	0.28224337100982666	0.7044109106063843	0.5756644010543823	0.2540011703968048	0.5967882871627808	1.0229910612106323	0.476248562335968	1.089404821395874	0.45787185430526733	0.8227035999298096	0.6282327771186829
G137P	0.7923741936683655	1.007041096687317	0.9996334314346313	0.46249011158943176	0.48929402232170105	0.8088530898094177	1.0761908292770386	0.7196093201637268	0.5218939781188965	0.5549171566963196	0.7432297468185425
G137Q	0.0904431939125061	0.4757107198238373	0.3226749300956726	0.27247583866119385	0.5961511135101318	0.4233931303024292	0.4385651648044586	1.1452722549438477	0.3846054673194885	0.4931294322013855	0.4642421305179596
G137R	-0.430144727230072	0.4325626492500305	0.036132559180259705	0.10158112645149231	0.1661001443862915	0.9857234954833984	-0.05880022048950195	0.6637713313102722	0.48987799882888794	0.5414897203445435	0.2928294241428375
G137S	0.4159789979457855	0.3612718880176544	0.6354745626449585	0.4948021471500397	0.4545260965824127	0.3006793260574341	0.5374573469161987	0.8662205934524536	0.8175944685935974	0.0819069892168045	0.4965912401676178
G137T	0.9413513541221619	-0.2252247929573059	0.5893040895462036	-0.24894334375858307	0.7358932495117188	0.46753382682800293	0.8281068205833435	0.5111849904060364	0.36277467012405396	-0.007102996110916138	0.39548778533935547
G137V	0.6336056590080261	0.7392382025718689	0.754196286201477	-0.20044131577014923	0.24446257948875427	0.18282783031463623	-0.34623149037361145	0.5736059546470642	0.7816388010978699	1.1029231548309326	0.446582555770874
G137W	0.5824863314628601	0.04317130148410797	0.25249651074409485	0.3150025010108948	0.7747966051101685	-0.15999828279018402	1.2697710990905762	0.595668613910675	0.4754273295402527	0.6349643468856812	0.47837862372398376
G137Y	0.3193143308162689	0.36815986037254333	0.4001832604408264	0.4043770432472229	0.5724719762802124	0.12431968748569489	0.995344877243042	0.8883070945739746	0.8522273898124695	0.6569939255714417	0.558169960975647
L138A	-1.2642521858215332	-0.09914910048246384	-0.28999823331832886	-0.526517391204834	-0.0262872576713562	-0.7713927030563354	-0.8122671246528625	0.516781210899353	-0.5584409236907959	-0.6966872215270996	-0.4528210759162903
L138C	0.1421678364276886	-0.7542283535003662	-0.4590896666049957	-0.2486390620470047	-0.13557448983192444	-0.3685110807418823	-0.39708074927330017	-0.07768625020980835	-0.152105450630188	-0.9540190696716309	-0.3404766619205475
L138D	-0.7923896312713623	-1.0217138528823853	-1.0345431566238403	-0.49159789085388184	-1.0778803825378418	-0.6490336060523987	-1.2347792387008667	-0.7879868745803833	-0.5948692560195923	-1.6657688617706299	-0.9350563287734985
L138E	-0.532271146774292	-0.37728145718574524	-0.5561572313308716	-0.5475786328315735	-1.562310814857483	-1.1517937183380127	-1.1064544916152954	-0.19675540924072266	-0.7393495440483093	-1.4298309087753296	-0.8199783563613892
L138F	0.8093462586402893	-0.4451866149902344	-0.09611544758081436	0.7634062170982361	1.0454566478729248	0.4148518443107605	0.4490649402141571	1.09940505027771	0.3992212414741516	-0.8001042604446411	0.36393460631370544
L138G	-0.90809166431427	-0.2669265866279602	-0.5279490351676941	-0.8576847314834595	-0.4361765682697296	-0.3308703303337097	-0.402696818113327	-0.491645485162735	-0.7188354134559631	-0.5884074568748474	-0.5529284477233887
L138H	-0.4555741548538208	-0.8543630242347717	-0.7487529516220093	-0.26532527804374695	-0.5439542531967163	-0.4508642554283142	-1.072615385055542	-0.4979788661003113	-0.3363216519355774	-0.8281778693199158	-0.6053927540779114
L138I	0.36888885498046875	0.007855914533138275	0.002169370651245117	0.81725013256073	1.1288918256759644	0.3921753168106079	-0.008958892896771431	0.2902248501777649	0.5246356129646301	0.42127519845962524	0.39444079995155334
L138K	-1.1107416152954102	-0.5822381973266602	-0.8336766958236694	-0.3370547294616699	-0.43579691648483276	-0.6033318042755127	-1.124678134918213	-0.1462153047323227	-0.5189023017883301	-1.314802646636963	-0.7007438540458679
L138M	-0.21758317947387695	-0.5848966240882874	-0.2480134218931198	-0.4628952145576477	0.010945625603199005	-0.45495837926864624	-0.4411473274230957	-0.37199416756629944	-0.19158171117305756	-0.9532550573348999	-0.39153796434402466
L138N	-0.5525677800178528	-0.8388891816139221	-0.8276835680007935	-0.35771241784095764	-0.8055554628372192	-0.38113272190093994	-1.0509840250015259	-0.6246406435966492	-0.5211519002914429	-1.1211570501327515	-0.7081474661827087
L138P	-1.0382624864578247	-0.9270883798599243	-0.7170851230621338	-0.23038847744464874	-0.17309871315956116	-0.33506643772125244	-1.31545090675354	-1.4239964485168457	-0.37332820892333984	-1.1026182174682617	-0.7636383771896362
L138Q	-0.681249737739563	-0.8709321618080139	-0.9115575551986694	-0.6238324046134949	-0.6643521785736084	-0.5744634866714478	-1.4330781698226929	-0.9017233848571777	-0.43095862865448	-1.435689926147461	-0.8527837991714478
L138R	-0.9485504031181335	-0.6578754186630249	-0.7831950187683105	-0.42613109946250916	-0.24217507243156433	-0.5368658304214478	-1.0792354345321655	-0.3566230237483978	-0.31571710109710693	-1.0130864381790161	-0.6359454989433289
L138S	-0.9722868800163269	-0.1679583191871643	-0.7331585884094238	-0.2973684072494507	-0.15174520015716553	-0.6905163526535034	-0.6405665874481201	-0.1320665180683136	-0.5675137042999268	-0.7973576784133911	-0.5150538682937622
L138T	-0.593543529510498	-0.5988702178001404	-0.5773783922195435	-0.2491898089647293	0.06088785454630852	-0.44386202096939087	-1.0112327337265015	-0.3862020969390869	-0.2438993901014328	-0.7255507111549377	-0.476884126663208
L138V	0.5113019943237305	0.2141047716140747	0.666178822517395	0.6804747581481934	0.7132112979888916	0.5798588395118713	0.18555696308612823	0.8854271769523621	0.6724742650985718	1.501866340637207	0.661045491695404
L138W	-0.23515987396240234	-0.9599162936210632	-0.4142591059207916	-0.7166725993156433	-0.47547826170921326	-0.581921398639679	-0.507257342338562	-0.5306652784347534	-0.1466795951128006	-0.510782778263092	-0.5078791975975037
L138Y	-0.08061598986387253	-0.7597610950469971	-0.44646233320236206	-0.49065685272216797	-0.44772958755493164	-0.5228729844093323	-0.8446237444877625	-0.38581588864326477	-0.5798015594482422	-0.8240411877632141	-0.5382381677627563
R139A	0.46361589431762695	0.026195865124464035	-0.09501676261425018	0.15951023995876312	-0.4253339469432831	-0.2629311680793762	0.2591550350189209	0.7328010201454163	0.31840357184410095	-0.6217093467712402	0.05546904727816582
R139C	-0.4124167263507843	-0.41753846406936646	-0.3250827491283417	-0.03542583808302879	-0.6214194297790527	-0.349967896938324	0.06068754196166992	-1.0110236406326294	0.2643721103668213	-0.4965667128562927	-0.3344382047653198
R139D	-0.19088119268417358	-0.08247173577547073	-0.3529212474822998	-0.05180453881621361	0.5800360441207886	-0.26892173290252686	0.29548996686935425	-0.08080975711345673	-0.5184918642044067	0.2551390528678894	-0.04156370088458061
R139E	-0.7075232267379761	-0.3103750944137573	-0.526619553565979	-0.4723314642906189	-0.5014435052871704	-0.21020814776420593	-0.11016393452882767	-0.8691728115081787	-0.04064921289682388	-0.6820271015167236	-0.44305142760276794
R139F	-0.04281209409236908	-0.03887048363685608	-0.5571000576019287	-0.25187498331069946	-0.3420248329639435	-0.6217266917228699	-1.2559212446212769	-0.4290684461593628	-0.6994087100028992	-0.2673465609550476	-0.45061540603637695
R139G	-0.2637772262096405	0.13775929808616638	0.7883152961730957	0.4319067597389221	-0.04518976807594299	0.5142108798027039	0.09607017785310745	0.7591493725776672	-0.1193760484457016	0.7382031679153442	0.3037272095680237
R139H	-0.32671457529067993	-0.007768705487251282	-0.2847279906272888	-0.17719794809818268	0.029409855604171753	-0.4674645662307739	0.06736453622579575	-0.7872139811515808	0.03020608425140381	-0.10146366059780121	-0.20255708694458008
R139I	-1.1544986963272095	-0.2889675796031952	-0.4628409445285797	-0.029341671615839005	-0.246310293674469	0.14517207443714142	-1.2602115869522095	-0.7972028851509094	-0.7777990102767944	-1.156517505645752	-0.6028518080711365
R139K	0.08943746984004974	-0.6247655153274536	-0.4869014322757721	-0.0519026480615139	-0.2663573920726776	0.4213249087333679	0.08455785363912582	0.04305335506796837	-1.150007963180542	-0.4720442295074463	-0.24136057496070862
R139L	-1.0587843656539917	-0.7427527904510498	-0.4191959798336029	0.0867161899805069	-0.32694071531295776	-1.417206048965454	-1.1343578100204468	-0.5935787558555603	-0.3763379454612732	-1.8580026626586914	-0.7840441465377808
R139M	-0.5668618083000183	-0.5967234373092651	-0.5616484880447388	-0.3110119700431824	-0.525672435760498	-0.5812758207321167	-0.06895143538713455	-1.2896608114242554	0.16451703011989594	-0.9325982332229614	-0.526988685131073
R139N	-0.24606594443321228	-0.24320709705352783	-0.6249271631240845	-0.28463828563690186	0.20827549695968628	-0.48137158155441284	0.2387373149394989	-0.34152334928512573	-0.31288468837738037	0.09460604935884476	-0.19929994642734528
R139P	-1.1407861709594727	-1.1349294185638428	-1.0122150182724	-1.0544620752334595	-0.734372615814209	-0.714810311794281	-1.1049836874008179	-1.4806257486343384	-1.4622142314910889	-1.6542936563491821	-1.1493693590164185
R139Q	0.029183432459831238	0.05684146285057068	-0.20761342346668243	0.2748556137084961	0.8150548934936523	-0.32708656787872314	0.43177223205566406	0.06346240639686584	-0.11034588515758514	0.04452924430370331	0.10706533491611481
R139S	0.0323236919939518	0.13056959211826324	-0.5548959970474243	-0.13994762301445007	-0.5126699209213257	-0.19813914597034454	0.1106061115860939	-0.135992169380188	-0.18330226838588715	-0.32133543491363525	-0.1772783249616623
R139T	0.009387575089931488	-0.12619706988334656	-0.5644015073776245	-0.1261133998632431	-0.031182236969470978	-0.3759942650794983	0.09697223454713821	-0.18317659199237823	-0.3416311740875244	-0.2061251848936081	-0.1848461627960205
R139V	-1.565008282661438	-0.85865718126297	-0.46267956495285034	0.22430820763111115	-0.056758321821689606	-0.5463453531265259	-1.7335644960403442	-0.9454012513160706	-0.920240044593811	-1.3423995971679688	-0.8206745386123657
R139W	-1.049546241760254	-0.7298499941825867	-0.44465067982673645	-1.0780143737792969	-0.7939286231994629	-1.1357061862945557	-0.8703656792640686	-1.2244118452072144	-0.5821853876113892	-1.4185329675674438	-0.9327192306518555
R139Y	-0.6320722699165344	-0.39827680587768555	-0.7484028339385986	-1.0216424465179443	-0.5655567646026611	-0.8310750126838684	-0.07931350916624069	-1.6071268320083618	-0.18103523552417755	-0.999130129814148	-0.7063631415367126
C140A	0.8751655220985413	0.9167001247406006	0.8640609979629517	0.4201357066631317	0.7454296350479126	0.9933269023895264	0.7675091624259949	0.6336257457733154	0.8439931869506836	-0.1735938936471939	0.6886352896690369
C140D	0.682327926158905	0.7001107931137085	0.846264123916626	0.9124297499656677	0.6954678297042847	0.8578922748565674	0.9020853638648987	0.7827786207199097	0.6227039694786072	0.7199731469154358	0.7722033262252808
C140E	0.46872851252555847	0.48599016666412354	0.09903295338153839	0.8883859515190125	0.6329195499420166	0.5818136930465698	0.38698822259902954	1.2473684549331665	0.5873279571533203	0.07308050990104675	0.5451635718345642
C140F	1.1062513589859009	1.0305625200271606	0.7962186336517334	0.4145711660385132	0.7612472772598267	0.6299707889556885	0.9349536299705505	0.9154337644577026	0.9829531311988831	0.8234574794769287	0.8395620584487915
C140G	0.5672341585159302	0.9110749959945679	-0.14819365739822388	0.2877542972564697	0.6919509172439575	1.1670396327972412	0.7750040888786316	0.9653392434120178	1.0293298959732056	0.8696733117103577	0.7116206884384155
C140H	0.7115569114685059	0.6129677891731262	0.9409884214401245	1.0807609558105469	0.4267376661300659	1.1264535188674927	1.1428321599960327	0.7924701571464539	0.9687089323997498	0.5926447510719299	0.8396121263504028
C140I	1.0936014652252197	0.8424465656280518	1.0325983762741089	0.6055487394332886	0.8617374897003174	0.6724607944488525	0.9068265557289124	0.48196107149124146	1.0295993089675903	0.4423200488090515	0.7969100475311279
C140K	1.1692960262298584	0.991832435131073	1.243114709854126	0.6667481660842896	1.0507971048355103	0.7477073073387146	0.780612051486969	0.6841426491737366	0.4670369029045105	0.24554528295993805	0.8046832084655762
C140L	0.4900623857975006	0.48750340938568115	0.35549870133399963	-0.01193627342581749	0.512273907661438	-0.3979005217552185	0.862579345703125	0.8914299011230469	0.48078352212905884	0.33057159185409546	0.40008658170700073
C140M	0.741566002368927	0.7768285870552063	0.93373703956604	0.6558395624160767	0.8635309934616089	0.742300808429718	0.6497455835342407	0.4718366265296936	1.0532808303833008	0.5351059436798096	0.7423771619796753
C140N	1.0602978467941284	0.9010323286056519	0.9604282379150391	1.0267874002456665	0.7736897468566895	1.1077189445495605	1.1092933416366577	0.9356580376625061	0.8072549104690552	1.114175796508789	0.9796336889266968
C140P	0.34538161754608154	0.831912636756897	1.3270528316497803	0.8674318790435791	0.729106068611145	0.4005102515220642	0.6521592140197754	1.3805902004241943	0.7278344631195068	0.3538491129875183	0.7615827918052673
C140Q	0.560323178768158	0.6285179257392883	0.8530516624450684	0.5262596011161804	0.7357425689697266	0.94950270652771	0.7146376371383667	0.44124168157577515	0.6796114444732666	0.7619749307632446	0.6850863695144653
C140R	1.2699981927871704	0.9135394096374512	0.5382471084594727	0.4072745740413666	0.6054718494415283	0.954542875289917	0.7731374502182007	0.6807056069374084	0.624559223651886	0.3562661111354828	0.712374210357666
C140S	1.1119129657745361	0.7029955983161926	0.6230719089508057	0.30819687247276306	0.7629976272583008	1.34080970287323	0.9035562872886658	0.7107915282249451	0.5528990626335144	0.28761956095695496	0.7304850816726685
C140T	0.8227242231369019	0.6333473324775696	0.4722537100315094	0.21260413527488708	0.6202259063720703	1.1250252723693848	0.6464990973472595	0.3876728117465973	0.39705878496170044	0.45005905628204346	0.5767470598220825
C140V	0.672480046749115	0.6600946187973022	0.710835337638855	0.42055127024650574	0.8287466764450073	0.2801440954208374	0.8618173003196716	0.0856078714132309	0.828322172164917	0.3043285310268402	0.5652927756309509
C140W	0.6358305811882019	0.5600926280021667	1.1636297702789307	0.9901361465454102	0.5924781560897827	0.8435664772987366	0.5249365568161011	0.45449888706207275	1.1193240880966187	0.404538631439209	0.7289031744003296
C140Y	0.4937383532524109	0.5129116773605347	1.104370355606079	0.8262353539466858	0.7178783416748047	0.7912684679031372	0.9174505472183228	0.32239505648612976	1.1478333473205566	-0.03631983697414398	0.679776132106781
L141A	0.35551297664642334	-0.26097771525382996	-0.46074816584587097	-0.6846965551376343	0.09589588642120361	-0.7965651750564575	-0.40556836128234863	-0.5048381686210632	-0.6085377335548401	-0.47474849224090576	-0.3745271563529968
L141C	0.38752222061157227	0.13303905725479126	-0.06074066460132599	0.38793033361434937	0.10050550103187561	0.14706751704216003	-0.15444444119930267	-1.078069806098938	-0.2032308429479599	0.7429026365280151	0.04024815559387207
L141D	-0.9953382611274719	-0.8901835680007935	-0.769843578338623	-0.7662016749382019	-1.2677863836288452	-1.1084498167037964	-0.6800380349159241	-0.5645104646682739	-0.8092527389526367	-1.1026183366775513	-0.8954222798347473
L141E	-0.7654584646224976	-0.8661223649978638	-0.7902748584747314	-1.4286803007125854	-1.9595476388931274	-0.8518871665000916	-1.1254808902740479	-0.8392437100410461	-0.8910305500030518	-1.5238686800003052	-1.1041594743728638
L141F	0.5557201504707336	0.15017127990722656	-0.32898035645484924	0.4508640170097351	0.007436882704496384	0.41542190313339233	0.3288992941379547	0.13518546521663666	0.23301582038402557	-0.27345025539398193	0.1674284189939499
L141G	-0.763462483882904	-0.8867791295051575	-1.0573517084121704	-0.5970719456672668	-0.7495893239974976	-0.6830625534057617	-0.2642062306404114	-0.36153632402420044	-0.7153443098068237	-0.5558446645736694	-0.6634249091148376
L141H	-0.6489335298538208	-0.421750545501709	-0.5780508518218994	-0.7096858620643616	-0.4722631275653839	-0.5954834818840027	-0.7184198498725891	-0.6531962752342224	-0.3437652587890625	-0.6220146417617798	-0.5763563513755798
L141I	0.43207958340644836	0.16963478922843933	-0.0997157171368599	0.3272499442100525	0.4418565034866333	0.014934495091438293	0.46057674288749695	0.19128556549549103	-0.05548982322216034	-0.04077547788619995	0.1841636598110199
L141K	-0.8780827522277832	-1.473897933959961	-1.349078893661499	-1.3007903099060059	-1.3010327816009521	-1.0473562479019165	-1.0386292934417725	-0.6704983711242676	-0.8639950156211853	-1.6479288339614868	-1.1571290493011475
L141M	0.1436549723148346	0.26297953724861145	-0.2883071005344391	-0.15016955137252808	-0.09954710304737091	-0.3489621877670288	-0.4176183044910431	-0.051840949803590775	-0.019817501306533813	0.05476920306682587	-0.0914859026670456
L141N	-0.6265422701835632	-1.0039174556732178	-0.6992051601409912	-0.4046485424041748	-0.7819116115570068	-0.8713907599449158	-0.4735569357872009	-0.5717671513557434	-0.6601101756095886	-1.0164133310317993	-0.7109463214874268
L141P	-0.7198031544685364	-0.9508159756660461	-0.6446787118911743	-0.5748814344406128	-1.010798454284668	-0.6539596319198608	-0.9044909477233887	-0.4622868299484253	-0.3282049298286438	-0.7620738744735718	-0.7011994123458862
L141Q	-0.8552213311195374	-0.9166197776794434	-0.5075722932815552	-0.591395378112793	-0.7828035354614258	-0.8021809458732605	-0.5126641392707825	-0.158128559589386	-0.4482470154762268	-1.4039844274520874	-0.6978817582130432
L141R	-0.9055428504943848	-1.0710768699645996	-1.049604892730713	-0.9322201013565063	-0.7856528759002686	-0.8424715399742126	-0.6490125060081482	-0.4658665657043457	-0.7700263857841492	-1.2576247453689575	-0.8729099035263062
L141S	-0.5369938015937805	-0.4081974923610687	-0.729560375213623	-0.5457664728164673	-0.6940910816192627	-0.5616565942764282	-0.3959675431251526	-0.2720262408256531	-0.6353399753570557	-1.1286277770996094	-0.590822696685791
L141T	0.28353115916252136	0.40956830978393555	-0.262717068195343	-0.0888490229845047	-0.08251076936721802	-0.11506550759077072	-0.15989790856838226	-0.10017500817775726	-0.04118357598781586	-0.6409353613853455	-0.07982347160577774
L141V	0.9522356986999512	0.167048841714859	0.22393199801445007	0.586073637008667	0.3767293691635132	-0.4971122145652771	0.4277825653553009	-0.07164159417152405	-0.29126858711242676	0.1793665587902069	0.20531460642814636
L141W	-0.28310880064964294	0.07772640883922577	-0.4021710157394409	-0.29956376552581787	-0.4090801775455475	-0.2704541087150574	-0.6391205191612244	-0.9828979969024658	-0.2893257737159729	0.176740825176239	-0.3321254849433899
L141Y	-0.5131798386573792	0.20910850167274475	-0.2872284948825836	-0.2952043414115906	-0.18040359020233154	-0.4148820638656616	-0.669635534286499	-0.712726354598999	-0.12867356836795807	0.08413415402173996	-0.2908691167831421
K142A	-0.49608486890792847	-0.5608139038085938	-0.5276933908462524	0.22263120114803314	0.20692670345306396	-0.3793981671333313	0.23616449534893036	1.0282635688781738	-0.3990638256072998	0.6396776437759399	-0.0029390573035925627
K142C	1.295607566833496	-0.0917820855975151	0.33554139733314514	0.2632565200328827	0.23697921633720398	0.054442957043647766	-0.05607404559850693	-0.6881397366523743	0.34763574600219727	0.34709078073501587	0.20445580780506134
K142D	0.24586135149002075	-0.6323398947715759	-0.7938728332519531	-0.9956715106964111	-0.036621421575546265	-0.23083806037902832	-0.017653705552220345	-0.7957167029380798	-0.18863020837306976	-0.13944722712039948	-0.35849303007125854
K142E	-0.45372164249420166	0.0018092915415763855	0.23809251189231873	-1.510266900062561	-0.4545213282108307	-0.5674410462379456	-0.5457099676132202	-1.1588715314865112	-0.728659451007843	-0.06515173614025116	-0.5244442224502563
K142F	-0.015947751700878143	-0.10798778384923935	0.322661429643631	-0.32686442136764526	-0.20364105701446533	-0.03333153575658798	0.23253953456878662	-0.03846093267202377	-0.23933731019496918	-0.08904509246349335	-0.049941498786211014
K142G	-0.043800756335258484	-0.717623770236969	-0.562402606010437	-0.5176114439964294	0.059408217668533325	-0.7924947142601013	-0.22461986541748047	-0.029535647481679916	-1.2698051929473877	-0.030491098761558533	-0.41289767622947693
K142H	1.3337377309799194	-0.20431014895439148	0.28265607357025146	0.23634539544582367	0.26895755529403687	0.5228550434112549	0.05570782348513603	-0.08942319452762604	0.2944067120552063	0.2530341148376465	0.29539671540260315
K142I	0.49608948826789856	0.45280885696411133	0.2785634696483612	-0.059386033564805984	-0.5687952041625977	0.36836308240890503	0.07233887910842896	0.13171033561229706	-0.24135826528072357	0.7497842907905579	0.168011873960495
K142L	-0.4591829180717468	0.6513393521308899	-0.16986313462257385	-0.5358208417892456	0.115055151283741	-0.47493642568588257	0.09107884764671326	-0.7256196737289429	-0.0780828595161438	-0.17607803642749786	-0.17621104419231415
K142M	1.0645756721496582	-0.2391880452632904	0.028764881193637848	-0.3308871388435364	-0.22486832737922668	-0.05003789812326431	-0.4523334801197052	0.053416553884744644	0.11608341336250305	-0.27058154344558716	-0.0305055920034647
K142N	0.5107406377792358	-0.32354557514190674	-0.10504740476608276	-0.358162522315979	-0.0020732805132865906	0.06927385181188583	-0.2964479625225067	-0.8756616115570068	-0.1468759924173355	-0.2003038078546524	-0.172810360789299
K142P	-0.19038084149360657	-0.9587072730064392	-0.7258625030517578	-1.5940173864364624	-0.5653725862503052	-0.5945116281509399	-0.9821036458015442	-1.8195010423660278	-0.9377289414405823	-0.7822074890136719	-0.9150393605232239
K142Q	0.7090536952018738	-0.5842955708503723	-0.6101518869400024	-0.5572905540466309	-0.07165016233921051	0.41015034914016724	-1.2406818866729736	-0.40496811270713806	-0.1846695989370346	-0.27962058782577515	-0.28141242265701294
K142R	0.7082176208496094	0.09984035789966583	0.4855375587940216	0.016983255743980408	0.24854183197021484	0.0814170092344284	-0.6133526563644409	0.5383266806602478	-0.1860828548669815	0.4170335531234741	0.17964623868465424
K142S	-0.1403036117553711	-0.528968095779419	-0.8329918384552002	0.03184095770120621	0.18318873643875122	-0.34793394804000854	0.014687035232782364	-0.24714359641075134	-0.8719608187675476	0.46669334173202515	-0.22728917002677917
K142T	1.0284385681152344	0.14711129665374756	-0.2399226427078247	0.5964769124984741	-0.13002416491508484	0.05740895867347717	0.4291912615299225	-0.16350692510604858	-0.6783882975578308	1.0234062671661377	0.2070191204547882
K142V	-0.744032084941864	0.6237490773200989	-0.42155662178993225	-0.3796391487121582	0.3743304908275604	0.06329090148210526	0.23650158941745758	-0.01819053664803505	-0.01495373249053955	0.3766324520111084	0.00961324293166399
K142W	0.7390778660774231	-0.2501715421676636	-0.24300383031368256	-0.4310076832771301	-0.09811201691627502	-0.3422476649284363	-0.09256540983915329	-0.8796504735946655	-0.36836451292037964	-0.5900688171386719	-0.2556114196777344
K142Y	0.9379246830940247	-0.5154874920845032	-0.01679333671927452	-0.46703052520751953	-0.13056141138076782	0.014009267091751099	-0.03016517125070095	0.008558567613363266	0.009288713335990906	-0.17276804149150848	-0.03630247339606285
E143A	0.6312485337257385	0.7169846296310425	0.01783508062362671	0.4951460361480713	-0.06551849842071533	0.5534461736679077	0.20665612816810608	0.5440787672996521	0.7387495636940002	0.24164751172065735	0.40802741050720215
E143C	0.08948837220668793	0.26115137338638306	0.2728646695613861	-0.1814447045326233	0.4752102494239807	0.8756716847419739	0.34084004163742065	0.2080739587545395	0.4187201261520386	0.46419429779052734	0.3224770128726959
E143D	0.4177793860435486	0.4656890034675598	0.5672223567962646	0.0177445150911808	0.6741456985473633	0.766406238079071	0.29035404324531555	1.0293234586715698	0.39910054206848145	0.265971302986145	0.48937368392944336
E143F	0.32654011249542236	0.446347713470459	0.05461328476667404	0.511262834072113	0.28518927097320557	1.5464246273040771	0.1064968854188919	0.5273467302322388	0.5222336649894714	0.19069109857082367	0.45171457529067993
E143G	0.4584560990333557	0.4060046970844269	0.35908713936805725	0.02766113355755806	0.23475205898284912	0.23008258640766144	0.6309369802474976	0.35830193758010864	0.5600152611732483	0.3698863983154297	0.3635184168815613
E143H	0.13833677768707275	0.12639808654785156	0.2473703920841217	0.21552856266498566	0.4527556598186493	1.1708669662475586	0.4009341895580292	0.03342696651816368	0.49348175525665283	-0.09494692087173462	0.31841525435447693
E143I	0.3962182104587555	-0.0919351652264595	0.5733524560928345	0.6567456722259521	0.4082445502281189	1.0538021326065063	-0.24393710494041443	0.2711627185344696	0.5847649574279785	-0.289609432220459	0.33188092708587646
E143K	0.6714938282966614	0.4997512102127075	0.3938769996166229	0.004674199968576431	0.3413797914981842	0.5209140777587891	0.07304948568344116	0.6992799639701843	0.20846110582351685	0.19617056846618652	0.36090514063835144
E143L	0.5171672701835632	-0.10295557230710983	-0.036783017218112946	0.9133695363998413	0.30747294425964355	0.5737400650978088	0.6558467149734497	0.821844220161438	0.2596820890903473	-0.5331064462661743	0.3376277983188629
E143M	-0.4175124764442444	-0.14280468225479126	0.18383342027664185	-0.012791171669960022	0.5136218070983887	0.9794689416885376	0.4327206313610077	0.3802449107170105	0.45039230585098267	0.012946009635925293	0.23801198601722717
E143N	0.5129901766777039	0.24157807230949402	0.4856592118740082	-0.13327868282794952	0.5265311598777771	1.1068387031555176	0.24893313646316528	0.855258047580719	0.5226564407348633	0.2703690528869629	0.46375352144241333
E143P	-0.35144564509391785	-0.5762573480606079	-0.009747259318828583	-0.3390961289405823	-0.12028016149997711	0.4237836003303528	-0.5187596678733826	-0.7768441438674927	-0.4159599542617798	0.4348657727241516	-0.22497408092021942
E143Q	0.3465445935726166	0.4196949303150177	0.7093859910964966	0.5671082735061646	0.5369043946266174	0.6245957612991333	0.6337422728538513	0.9217445254325867	0.5028863549232483	-0.09845541417598724	0.5164151191711426
E143R	0.5561378598213196	0.13085000216960907	0.36398184299468994	0.5477315783500671	0.3166678845882416	0.6441597938537598	0.4809907376766205	0.828694760799408	0.4504753351211548	0.2995706796646118	0.46192604303359985
E143S	0.7633780837059021	0.6204478144645691	0.2100694179534912	0.25724899768829346	0.40926092863082886	0.7103763818740845	0.1842227280139923	0.7520912289619446	0.5565498471260071	0.22183164954185486	0.4685477316379547
E143T	0.6250290870666504	0.3901757001876831	0.1730756163597107	0.7018263936042786	0.45886141061782837	0.9611952304840088	0.17044515907764435	0.6767995953559875	0.658530056476593	0.08140424638986588	0.4897342622280121
E143V	0.6776034235954285	0.573727548122406	0.2720426917076111	1.0894131660461426	0.41675880551338196	1.0715844631195068	0.555142343044281	0.24552889168262482	0.7032086253166199	-0.20313645899295807	0.5401872992515564
E143W	-0.5475980043411255	-0.3604786992073059	0.06854430586099625	-0.5057212114334106	0.33525705337524414	0.8317437171936035	0.28713279962539673	0.0779053270816803	-0.02796543389558792	0.2670690417289734	0.042588893324136734
E143Y	-0.22355514764785767	-0.20203080773353577	0.09083999693393707	-0.2348373383283615	0.28229081630706787	1.1095032691955566	0.3735048174858093	-0.026841212064027786	0.37240368127822876	0.08137752115726471	0.1622655689716339
Q144A	-0.04786539822816849	-0.2882843017578125	-0.022494105622172356	0.3833477795124054	-0.20987489819526672	-0.08014687895774841	-0.7437269687652588	0.2195127159357071	-0.014219075441360474	-0.18471850454807281	-0.09884695708751678
Q144C	-0.36422592401504517	-0.3255375623703003	-0.028068795800209045	-0.23336438834667206	-0.12361812591552734	-0.7086089849472046	-0.5825039148330688	0.07253040373325348	0.36390942335128784	0.16676664352416992	-0.17627210915088654
Q144D	0.37282562255859375	-1.01429283618927	0.07541324198246002	-0.6842436194419861	-0.24616596102714539	-0.6379032731056213	-0.5726158022880554	-0.11144238710403442	0.2005680352449417	-0.4691150188446045	-0.3086971938610077
Q144E	-0.6128147840499878	-0.3856208324432373	-1.0475609302520752	0.11911435425281525	-1.193077802658081	-0.11274079233407974	0.3662542402744293	-0.6709560751914978	-0.3530784845352173	0.2378893494606018	-0.36525917053222656
Q144F	-0.33318737149238586	-0.5569820404052734	-0.5138682126998901	0.0876537561416626	-0.6522294282913208	-0.6487995982170105	-1.6176522970199585	-0.8268892168998718	0.3844616413116455	-0.6894586086273193	-0.536695122718811
Q144G	0.41764014959335327	0.23466315865516663	-0.33713141083717346	0.5027619004249573	0.5277220010757446	0.06004779785871506	-0.43918684124946594	-0.16329480707645416	-0.2824822664260864	-0.1443786770105362	0.03763610124588013
Q144H	-0.1066938266158104	-0.5343482494354248	-0.08338306099176407	-0.1546386480331421	-0.17915457487106323	-0.925560712814331	-0.804008960723877	-0.24101968109607697	0.36914026737213135	-0.011277064681053162	-0.2670944333076477
Q144I	0.25992605090141296	0.017288945615291595	-0.2670721411705017	0.22543738782405853	-0.032605111598968506	-0.1940487027168274	-0.39011242985725403	-0.6530640721321106	0.3047586679458618	0.4446181654930115	-0.028487319126725197
Q144K	0.18378248810768127	-0.2607136368751526	0.0047966837882995605	0.16018442809581757	0.38900259137153625	0.04813031852245331	-0.5598545670509338	0.40734919905662537	-0.45319199562072754	-0.25411564111709595	-0.0334630087018013
Q144L	0.13929599523544312	-0.5929028987884521	-0.4317539632320404	-0.5395530462265015	-0.3453921377658844	-0.4977284073829651	-0.7019315361976624	-0.7995279431343079	-0.14634902775287628	-0.3639596700668335	-0.4279802441596985
Q144M	0.41827213764190674	-0.16519230604171753	-0.33663395047187805	-0.09105296432971954	-0.10531653463840485	-0.8836904764175415	-0.7836081385612488	0.4575367569923401	0.3853566646575928	0.20506753027439117	-0.08992613852024078
Q144N	0.06858735531568527	-0.9611571431159973	-0.22617560625076294	-0.3333902060985565	-0.6833505630493164	-0.6122590899467468	-0.8866281509399414	0.08994945883750916	0.3664241433143616	-0.003458552062511444	-0.31814584136009216
Q144P	-0.20264887809753418	-1.091585397720337	-0.3314346671104431	-1.4655287265777588	-1.2221853733062744	-1.2277686595916748	-1.6495321989059448	-0.4962642788887024	-0.24982236325740814	-0.965226411819458	-0.8901997804641724
Q144R	0.3920862078666687	0.23297959566116333	0.06791748851537704	0.4834446609020233	0.37823763489723206	-0.04504957050085068	0.48330503702163696	0.7869384288787842	0.030209243297576904	0.15257380902767181	0.29626426100730896
Q144S	0.2824433445930481	-0.38206884264945984	-0.21076485514640808	0.10637854784727097	-0.10962741076946259	-0.08112487941980362	-0.5215545296669006	0.6424516439437866	-0.14210839569568634	-0.032787442207336426	-0.04487628489732742
Q144T	-0.07525195926427841	-0.4393520951271057	-0.23554202914237976	-0.038616906851530075	0.27490219473838806	-0.530459463596344	-0.6977258920669556	0.01959783211350441	0.010585591197013855	-0.7503648400306702	-0.24622273445129395
Q144V	0.6510091423988342	-0.9075577259063721	-0.33484742045402527	-0.12354885041713715	-0.18947407603263855	-0.29307013750076294	-0.5701946020126343	-0.5311241745948792	-0.3344331979751587	-0.7621710300445557	-0.3395412266254425
Q144W	-0.09396231919527054	-0.2387879490852356	-0.8156437873840332	-0.1734646111726761	-0.17326267063617706	-0.9664998054504395	-1.2383335828781128	-0.1293017864227295	0.11648744344711304	-0.7824339866638184	-0.4495202898979187
Q144Y	-0.5024777054786682	-0.5506368279457092	-0.5930650234222412	-0.3355802297592163	-0.26623380184173584	-1.3039897680282593	-0.7999679446220398	-0.659119725227356	0.22733533382415771	-0.3032788634300232	-0.5087014436721802
G145A	-0.03886710852384567	0.2806904911994934	-0.6005196571350098	0.42921650409698486	-0.11903423070907593	-0.3571723699569702	0.3195425271987915	0.43749329447746277	0.1287173628807068	0.3631475567817688	0.08432143926620483
G145C	-0.7458308339118958	-0.1968647837638855	-0.20867860317230225	0.15435665845870972	0.15639227628707886	0.019064396619796753	-0.339445024728775	0.050985079258680344	0.15246842801570892	0.004820287227630615	-0.0952732041478157
G145D	0.3783160150051117	0.33220282196998596	0.10074199736118317	0.31012263894081116	0.6369211673736572	0.2237955778837204	0.15619993209838867	0.0006926655769348145	0.08684563636779785	0.1053483635187149	0.23311865329742432
G145E	0.28392529487609863	0.25585904717445374	0.6542069911956787	0.14604172110557556	0.189287468791008	-0.015766490250825882	0.10346996784210205	0.7594068050384521	0.6650725603103638	0.2990299463272095	0.3340533375740051
G145F	-0.5574168562889099	-0.768410861492157	-0.6841349601745605	0.15763452649116516	-0.5312861204147339	-0.8616636395454407	-0.5864362120628357	-0.9534009695053101	-0.32357531785964966	-0.484386146068573	-0.5593076348304749
G145H	0.1832452118396759	-0.24985194206237793	-0.2817995548248291	0.10919450223445892	0.3103979527950287	0.2484375387430191	-0.17341554164886475	-0.007407423108816147	0.17593859136104584	0.18409472703933716	0.0498834066092968
G145I	-0.5118707418441772	-0.3717765212059021	-0.22446571290493011	0.09407865256071091	0.14053532481193542	-0.47746706008911133	-0.34133225679397583	-0.2444698065519333	0.14480111002922058	-0.4016616940498352	-0.21936285495758057
G145K	-0.008820109069347382	0.2932587265968323	0.08235535025596619	0.6546736359596252	0.051006533205509186	0.0015170574188232422	0.05678807199001312	0.6383317112922668	0.11166659742593765	0.1518673598766327	0.20326447486877441
G145L	-0.16709774732589722	-0.7107982635498047	-1.0797346830368042	0.23889178037643433	-0.9846616983413696	-0.9415198564529419	-0.5943443179130554	-0.5375252366065979	-0.16272355616092682	-0.6111129522323608	-0.5550626516342163
G145M	-0.8531038165092468	-0.2950075566768646	-0.302205353975296	0.13709843158721924	0.18663270771503448	0.035771116614341736	-0.20457011461257935	0.03357620909810066	0.12886613607406616	0.09298922121524811	-0.10399527847766876
G145N	0.13947704434394836	-0.16924411058425903	-0.20556138455867767	0.11604349315166473	0.34253576397895813	0.011961180716753006	-0.04688785970211029	0.010754287242889404	-0.12982939183712006	-0.07589834928512573	-0.0006649330025538802
G145P	-0.4580475687980652	-0.433357834815979	-0.5363662242889404	-0.24871082603931427	0.1045134961605072	-0.204141765832901	-0.11947215348482132	-1.0092573165893555	-0.06807045638561249	-0.4374576210975647	-0.3410367965698242
G145Q	0.18179398775100708	0.16399864852428436	0.030757926404476166	0.22094285488128662	0.505713164806366	0.5682355761528015	0.18206995725631714	-0.029824789613485336	0.19930008053779602	0.2260204553604126	0.22490081191062927
G145R	-0.15748432278633118	-0.17536482214927673	-0.17901936173439026	0.6231178045272827	0.2726648449897766	0.17164246737957	-0.0022684577852487564	0.07202737033367157	0.21684522926807404	-0.21953852474689484	0.06226222962141037
G145S	-0.1721876561641693	0.16835106909275055	-0.3673158884048462	0.5731571316719055	0.2403610646724701	-0.3498800992965698	0.10686085373163223	0.10374346375465393	-0.10812646150588989	-0.09004989266395569	0.010491359047591686
G145T	-0.5478239059448242	-0.21146032214164734	-0.49504420161247253	0.3338671028614044	0.2152363806962967	-0.43423473834991455	0.08972179889678955	-0.5840254426002502	-0.22192777693271637	-0.1879025250673294	-0.20435938239097595
G145V	-0.47102582454681396	-0.20242369174957275	-1.1495420932769775	0.4659474790096283	-0.5809081792831421	-0.7007942199707031	-0.7780500054359436	-0.7173638343811035	-0.10306602716445923	-0.2733311653137207	-0.45105570554733276
G145W	-0.4598512649536133	-0.47838133573532104	-0.4222855269908905	0.022860128432512283	0.010271735489368439	0.04962523281574249	-0.4442458748817444	0.010402563959360123	-0.036126695573329926	-0.6255192160606384	-0.2373250275850296
G145Y	-0.7001853585243225	-0.4591143727302551	-0.46928414702415466	0.08913987874984741	0.09219453483819962	0.07384523749351501	-0.25538474321365356	-0.028677623718976974	0.065513476729393	-0.07489289343357086	-0.1666845977306366
Y146A	-1.3287701606750488	-0.6070254445075989	-0.9982821941375732	-1.1684051752090454	-0.6758723258972168	-1.4246058464050293	-0.3955484926700592	-0.6677387952804565	-0.8170198798179626	0.13791537284851074	-0.7945352792739868
Y146C	0.22065696120262146	-0.4834235906600952	-0.5942288637161255	0.07248013466596603	-0.21142569184303284	-0.14974471926689148	-0.5142900943756104	-0.000422697514295578	-0.467048704624176	-1.1580156087875366	-0.32854628562927246
Y146D	-1.3038917779922485	-0.9192306995391846	-0.9308192729949951	-1.2855571508407593	-0.9974538087844849	-1.4993247985839844	-1.606773853302002	-1.1774897575378418	-0.6594956517219543	-0.9190617799758911	-1.1299097537994385
Y146E	-1.244126558303833	-1.186781406402588	-0.956395149230957	-0.8048940300941467	-1.0976336002349854	-1.594276785850525	-1.4548364877700806	-1.0822640657424927	-0.4279400706291199	0.1685868352651596	-0.9680562019348145
Y146F	0.03440304845571518	0.10357217490673065	-0.0636955201625824	0.4672566056251526	-0.07864406704902649	-0.0364498570561409	0.0799805074930191	0.5494568943977356	-0.3152810335159302	0.6980032324790955	0.14386019110679626
Y146G	-1.205960750579834	-0.7983582019805908	-0.85512375831604	-1.4288272857666016	-0.7218064069747925	-1.338473916053772	-0.7909854054450989	-0.7331333756446838	-1.083992600440979	0.1139272004365921	-0.8842735290527344
Y146H	0.3113749027252197	-0.49838221073150635	-0.577727198600769	-0.24978937208652496	-0.27379390597343445	-0.5144222378730774	-0.5512791275978088	-0.39192306995391846	-0.13557149469852448	-1.4577549695968628	-0.43392688035964966
Y146I	-0.6082038879394531	-0.26164722442626953	-0.3675401210784912	0.252456933259964	-0.0015873238444328308	-0.07031113654375076	0.008194589987397194	-0.08434228599071503	-1.1720396280288696	0.06951762735843658	-0.2235502451658249
Y146K	-1.187781810760498	-1.3709615468978882	-0.7839239835739136	-1.5647920370101929	-0.7861263751983643	-1.9168624877929688	-1.0946261882781982	-1.1189743280410767	-1.6771923303604126	-0.6668234467506409	-1.2168066501617432
Y146L	-0.7672612071037292	-0.2952227294445038	-0.42101582884788513	-0.5408623218536377	-0.41114646196365356	0.09275875985622406	-0.2792043387889862	-0.07064351439476013	-0.7984210252761841	0.00256936252117157	-0.3488449454307556
Y146M	0.2306857705116272	-0.5420875549316406	-0.5883002281188965	0.09504742175340652	-0.1325874775648117	-0.4573551416397095	-0.40322011709213257	0.17997674643993378	-0.3241245746612549	-0.6736834049224854	-0.26156488060951233
Y146N	-0.48082178831100464	-0.7226409316062927	-0.443846732378006	-1.1673130989074707	-0.6299946308135986	-0.8053395748138428	-1.1727278232574463	-0.3720330595970154	-0.3697519898414612	-0.852411150932312	-0.7016881108283997
Y146P	-0.2007555067539215	-0.8976162672042847	-0.598333477973938	-0.9548325538635254	-0.9863661527633667	-0.8394774198532104	-1.7663830518722534	-0.8202081322669983	-1.0392369031906128	-0.76596999168396	-0.8869179487228394
Y146Q	-0.48816442489624023	-0.6807379722595215	-0.7688295841217041	-1.1301287412643433	-0.8741034269332886	-1.3892182111740112	-1.7236273288726807	-0.7510262727737427	-0.6801971197128296	-1.1262271404266357	-0.9612259864807129
Y146R	-0.8476153612136841	-0.8995791077613831	-0.7740892171859741	-1.6564973592758179	-0.8544418811798096	-1.409223198890686	-1.3082494735717773	-0.6727930903434753	-1.2584246397018433	-1.1623821258544922	-1.0843294858932495
Y146S	-1.049641489982605	-0.9389395117759705	-0.46391990780830383	-1.4444619417190552	-0.8137130737304688	-1.4705393314361572	-1.0472882986068726	-0.5147917866706848	-0.7039652466773987	0.1492469757795334	-0.8298013806343079
Y146T	-0.4102938771247864	-0.6015241146087646	-0.25321099162101746	-0.668535053730011	-0.4230346977710724	-0.6970908045768738	-0.6355088949203491	-0.2710668444633484	-0.8086433410644531	-0.2888612747192383	-0.5057770013809204
Y146V	-0.9964523911476135	0.09910102188587189	-0.3558899462223053	-0.9158682227134705	-0.9132378101348877	-0.14051009714603424	-0.14541944861412048	0.15317146480083466	-0.7110767960548401	-0.14161919057369232	-0.40678009390830994
Y146W	-0.30819734930992126	-0.17259636521339417	-0.557528018951416	0.0036684609949588776	-0.08232298493385315	-0.3186253309249878	-0.6614683270454407	0.3881734609603882	-0.05597519874572754	-0.3158380389213562	-0.20807096362113953
D147A	-0.3779750168323517	-0.260905385017395	-0.3400523364543915	-0.3491554856300354	-0.0974980890750885	-0.8900160789489746	-0.26350754499435425	0.4184059798717499	0.03743397444486618	-0.3096768260002136	-0.24329468607902527
D147C	-0.20651775598526	0.13523466885089874	-0.02096766233444214	0.05740479752421379	-0.19294878840446472	0.2635401487350464	-0.34424132108688354	-0.27347531914711	-0.5221750736236572	0.31404024362564087	-0.07901059836149216
D147E	0.5175567865371704	-0.10667962580919266	0.16164103150367737	0.3205130100250244	0.70467209815979	-1.3540594577789307	0.44227334856987	-0.44466620683670044	0.34239983558654785	0.3283032178878784	0.09119541198015213
D147F	-1.15437650680542	-0.6552299857139587	-0.2723393440246582	-1.38275146484375	-0.22411587834358215	-0.9976063370704651	-0.7459704875946045	-0.2307886928319931	-0.5967438817024231	-0.02889646589756012	-0.6288819313049316
D147G	0.011342525482177734	-0.6163735389709473	0.02704235166311264	-0.5327930450439453	-0.09297674894332886	-0.5259367823600769	-0.11244488507509232	0.8689162135124207	-0.21460770070552826	-0.17158158123493195	-0.13594132661819458
D147H	-0.08134470134973526	0.09919624030590057	0.19385334849357605	-0.007212106138467789	-0.20272991061210632	0.293653666973114	-0.2648371160030365	0.17836087942123413	-0.2932214140892029	0.02998686581850052	-0.005429425276815891
D147I	-0.983797013759613	-0.9102538228034973	-0.2127961367368698	-0.7877846956253052	0.0763738751411438	-0.8612980842590332	-0.40553197264671326	-0.7405633330345154	-0.32243412733078003	-0.18629683554172516	-0.5334382653236389
D147K	-0.8138550519943237	-0.442537784576416	-0.3514460623264313	-0.7352245450019836	-0.2323819100856781	-0.7560818195343018	-0.09664111584424973	-0.21158766746520996	-0.6325381398200989	0.025498434901237488	-0.42467957735061646
D147L	-0.4034031629562378	-0.6618386507034302	-0.6288127899169922	0.3681129813194275	-0.006551504135131836	-1.3511954545974731	-1.001235842704773	0.07929635047912598	0.8336117267608643	-0.11733587086200714	-0.28893524408340454
D147M	-0.34646672010421753	-0.13188683986663818	-0.062417563050985336	-0.1939818263053894	-0.30627310276031494	0.035333164036273956	-0.3746596872806549	-0.17018438875675201	-0.6881213188171387	0.29068344831466675	-0.19479748606681824
D147N	0.04968993365764618	0.2745932340621948	0.13324084877967834	-0.10418646037578583	-0.5253473520278931	-0.04508950188755989	-0.781965970993042	0.14917810261249542	-0.12203465402126312	-0.0742155909538269	-0.10461373627185822
D147P	-0.6925656199455261	-0.2770062983036041	0.0863584578037262	-1.1416213512420654	-0.07874594628810883	0.0470636785030365	-0.2248367965221405	-1.0724824666976929	-0.16026468575000763	-0.32428067922592163	-0.3838382065296173
D147Q	-0.47155022621154785	-0.2934696078300476	-0.2838234603404999	-0.5901156663894653	-0.2832608222961426	-0.4548368453979492	-0.4669921100139618	0.09806685149669647	-0.7110755443572998	-0.02694670855998993	-0.34840041399002075
D147R	-1.3285139799118042	-0.06569977849721909	-0.18575184047222137	-0.13435490429401398	-0.025019779801368713	-0.2662535607814789	0.12373810261487961	-0.2777285873889923	-0.553322970867157	-0.2498031109571457	-0.29627102613449097
D147S	-0.3416392207145691	0.018953483551740646	-0.2167607843875885	-0.5793763399124146	-0.3724709451198578	-0.6577978730201721	0.4262100160121918	-0.312590628862381	-0.5748199820518494	-0.05354396998882294	-0.26638364791870117
D147T	-0.41803446412086487	-0.10355091840028763	0.18450625240802765	-0.5976959466934204	-0.06948862969875336	-0.23558185994625092	0.4204552173614502	-0.2485651820898056	-0.24369366466999054	0.3325112462043762	-0.09791380912065506
D147V	-0.33273282647132874	-0.854971706867218	-0.41910403966903687	-0.10266968607902527	-0.3875548541545868	-1.404463768005371	-1.2037309408187866	-0.4995853304862976	0.23865987360477448	-0.8091626167297363	-0.5775315761566162
D147W	-1.2339000701904297	0.16012278199195862	-0.4129747748374939	-0.11418114602565765	-0.09885101020336151	-0.27153539657592773	-0.3247048556804657	-0.5061254501342773	-0.6349071264266968	0.17140868306159973	-0.32656484842300415
D147Y	-0.6920539736747742	-0.14465802907943726	0.028403937816619873	-0.19103603065013885	-0.17378129065036774	0.08108584582805634	-0.22780564427375793	-0.16127364337444305	-0.4324198365211487	0.3207646608352661	-0.15927740931510925
P148A	0.20163944363594055	-0.8925858736038208	-0.9353222846984863	-1.734549641609192	-0.5504411458969116	-0.7208123207092285	-0.18307623267173767	-0.48789456486701965	-1.0572941303253174	0.1836785525083542	-0.6176658868789673
P148C	-0.6854490637779236	-1.1847482919692993	-1.0553982257843018	-0.5932786464691162	-0.5127512216567993	-0.5721463561058044	-0.38734039664268494	-1.1767324209213257	-0.528963029384613	-0.40568673610687256	-0.7102494835853577
P148D	-1.452858805656433	-1.0536102056503296	-1.1989407539367676	-0.5834989547729492	-0.649224042892456	-1.2354449033737183	-1.3208742141723633	-0.6641026735305786	-0.5021970868110657	-0.1758417934179306	-0.8836593627929688
P148E	-0.46475428342819214	-1.142669677734375	-1.7623964548110962	-1.150863528251648	0.04771321266889572	-1.0033552646636963	-0.5882293581962585	-0.27882081270217896	0.8308178186416626	0.06535719335079193	-0.5447201132774353
P148F	-1.629272222518921	-1.3025752305984497	-1.1005518436431885	-0.7601681351661682	-0.49853774905204773	-1.2525429725646973	-0.9618204236030579	-1.2614597082138062	-1.695867896080017	-0.6837461590766907	-1.1146541833877563
P148G	0.02644795924425125	0.06584338843822479	-1.2328728437423706	-1.1055850982666016	-0.38588860630989075	-0.3937273621559143	-0.07950366288423538	0.16708418726921082	0.3299005627632141	0.195440411567688	-0.24128612875938416
P148H	-0.8959516882896423	-1.0502058267593384	-1.0723545551300049	-0.5729190707206726	-0.6745916604995728	-0.6127908825874329	-0.771225094795227	-0.7707321643829346	-0.653239905834198	-0.34386497735977173	-0.7417875528335571
P148I	-1.3973519802093506	-0.9399591088294983	-1.1176605224609375	-0.5818052291870117	-0.22560521960258484	-1.486706018447876	-0.772384762763977	-0.8227483034133911	-1.2924445867538452	-0.32215195894241333	-0.8958816528320312
P148K	-1.8992422819137573	-1.5211504697799683	-1.383762001991272	-1.329537272453308	-0.7484337091445923	-1.31537926197052	-1.2970569133758545	-1.4689325094223022	-0.8806662559509277	-0.8499584794044495	-1.2694118022918701
P148L	-0.25978875160217285	-0.6022512316703796	-0.7747106552124023	-1.2936457395553589	-0.536017656326294	-0.9082491993904114	-0.2658687233924866	-1.779232144355774	-0.8009392023086548	0.5457208156585693	-0.6674982309341431
P148M	-1.0546921491622925	-0.9940682053565979	-1.1526131629943848	-0.6454600095748901	-0.6373425722122192	-0.4696308374404907	-0.46414411067962646	-0.6925236582756042	-0.6481103897094727	-0.37648236751556396	-0.7135067582130432
P148N	-1.1432514190673828	-0.6984382271766663	-0.7557710409164429	-0.6293481588363647	-0.6486718654632568	-0.9346202611923218	-1.1509288549423218	-0.45839637517929077	-0.1644066572189331	-1.0318595170974731	-0.7615692615509033
P148Q	-1.6573508977890015	-1.1020915508270264	-1.1433407068252563	-0.6370162963867188	-0.826073408126831	-1.6687297821044922	-0.8147026300430298	-0.7686982750892639	-0.9535333514213562	-0.772813081741333	-1.0344349145889282
P148R	-1.779023289680481	-1.127339243888855	-1.3981369733810425	-1.0275084972381592	-0.373221755027771	-1.0543107986450195	-1.3435591459274292	-0.5925077199935913	-0.9789451956748962	-0.6078055500984192	-1.028235673904419
P148S	-1.1112245321273804	-1.1291145086288452	-1.2298122644424438	-1.2856334447860718	-0.5817930698394775	-0.9600843787193298	-0.5355239510536194	-1.0119256973266602	-1.316870093345642	-0.3378453850746155	-0.949982762336731
P148T	-1.0326294898986816	-1.3111144304275513	-1.1061153411865234	-0.3077685236930847	-0.4676383435726166	-1.4475072622299194	-0.5374652743339539	-1.0788567066192627	-1.1828076839447021	-0.5439558625221252	-0.9015858769416809
P148V	0.29876431822776794	-0.614740252494812	-0.7001763582229614	-1.3176312446594238	-0.4640394151210785	-1.34532630443573	-0.5018636584281921	-1.1722095012664795	-1.510831594467163	-0.13123385608196259	-0.7459288239479065
P148W	-1.2449843883514404	-0.6068388819694519	-0.7583650350570679	-0.9855146408081055	-0.5233451128005981	-0.520786464214325	-0.5947675108909607	-1.0460494756698608	-0.8507194519042969	-0.6513645648956299	-0.7782735824584961
P148Y	-0.9916933178901672	-1.0514994859695435	-1.0778998136520386	-1.070109486579895	-0.4631992280483246	-0.6654698848724365	-0.7698520421981812	-0.8519603610038757	-0.9476304650306702	-0.16523467004299164	-0.8054548501968384
F149A	0.11598540097475052	0.46503376960754395	0.5055547952651978	0.8601872324943542	0.026176802814006805	-0.24776746332645416	0.8058680891990662	0.6573267579078674	0.865880012512207	0.31502121686935425	0.43692660331726074
F149C	-0.009857885539531708	0.4144483804702759	0.16129444539546967	-0.03317957744002342	0.19002379477024078	0.03979457914829254	0.6819406747817993	-0.0855453610420227	0.38345837593078613	-0.1737036257982254	0.1568673849105835
F149D	-0.4005526900291443	0.32082682847976685	0.24886226654052734	-0.16969004273414612	-0.11534368991851807	-0.31537312269210815	-0.8038085699081421	-0.35839128494262695	-0.03244420886039734	-0.052000537514686584	-0.16779151558876038
F149E	0.3390386700630188	0.219998300075531	-0.1323312371969223	0.5142245292663574	-0.2334873080253601	0.02764245867729187	0.9145879745483398	1.606334924697876	0.47999107837677	0.17263174057006836	0.3908630907535553
F149G	-0.012870892882347107	0.041069790720939636	0.9212617874145508	0.518685519695282	0.22374999523162842	0.1253703236579895	0.8406835794448853	1.0723936557769775	0.49578481912612915	0.4159047603607178	0.4642033576965332
F149H	-0.13833418488502502	0.22833865880966187	0.14923882484436035	-0.021909665316343307	0.18752196431159973	-0.07082396000623703	0.47358742356300354	-0.1599418669939041	0.14437848329544067	0.1932271271944046	0.09852828085422516
F149I	-0.5227991938591003	0.02185799926519394	-0.008760850876569748	0.12359261512756348	-0.08554747700691223	0.18422070145606995	0.32582202553749084	-0.24000084400177002	-0.391868531703949	0.057140376418828964	-0.05363432317972183
F149K	0.019709184765815735	0.6520336270332336	0.03180532157421112	0.3462844491004944	-0.4887256324291229	0.05213652551174164	-0.1069413349032402	-0.08978159725666046	0.014868400990962982	0.23466071486473083	0.06660496443510056
F149L	-0.24756848812103271	0.0873950868844986	0.3442554175853729	-0.31640222668647766	0.22616109251976013	0.07404668629169464	0.4759572148323059	0.43391457200050354	-0.6265947818756104	0.05529578775167465	0.050646036863327026
F149M	0.03683914244174957	0.33359020948410034	0.14371027052402496	-0.11346681416034698	0.13347981870174408	0.11721085011959076	0.9890130162239075	-0.021987900137901306	0.2632795572280884	0.19795824587345123	0.20796266198158264
F149N	-0.5930008292198181	0.24462488293647766	0.22903189063072205	-0.03674020245671272	-0.14075793325901031	0.013049378991127014	0.12143001705408096	-0.09906695783138275	0.12938597798347473	0.017891518771648407	-0.01141522265970707
F149P	-0.3387528657913208	0.24937066435813904	-0.015518292784690857	0.13860073685646057	-0.33572065830230713	-0.4000476002693176	-0.17956958711147308	-0.5228056311607361	0.2114168256521225	-0.8726797103881836	-0.20657062530517578
F149Q	-0.2576361298561096	0.33912307024002075	0.1422853022813797	-0.360078364610672	-0.31248438358306885	-0.07328027486801147	-0.37182870507240295	-0.47199779748916626	-0.24039451777935028	0.08797618746757507	-0.15183153748512268
F149R	-0.3747574985027313	0.42592301964759827	0.09675073623657227	-0.03648091480135918	-0.5596495866775513	-0.35118305683135986	-0.2125033438205719	-0.5991623997688293	-0.28999972343444824	-0.0709167867898941	-0.19719794392585754
F149S	-0.08558327704668045	0.3757370114326477	0.2796781659126282	0.4582661986351013	-0.2211417257785797	0.08057691156864166	0.252473384141922	0.3750706911087036	0.3927801251411438	0.15028882026672363	0.20581462979316711
F149T	-0.30279695987701416	0.37677907943725586	0.0858483612537384	0.41116973757743835	-0.2624039053916931	0.31312793493270874	-0.33765503764152527	-0.4575146436691284	-0.046518564224243164	0.11625827848911285	-0.010370572097599506
F149V	-0.36172956228256226	0.10710577666759491	-0.1817987710237503	-0.29166409373283386	0.02916840650141239	-0.4918188452720642	0.10304415971040726	0.23519964516162872	-0.7999251484870911	-0.09424832463264465	-0.17466667294502258
F149W	-0.2066103219985962	0.35491707921028137	0.05831065773963928	-0.045451853424310684	-0.05898023396730423	-0.007194101810455322	0.9363266825675964	-0.29731056094169617	0.5737610459327698	-0.20483748614788055	0.11029309034347534
F149Y	-0.10147256404161453	0.46733003854751587	0.06708455085754395	0.04378742724657059	0.29875504970550537	0.038578689098358154	0.7311620116233826	-0.16015352308750153	0.32070183753967285	0.06698834896087646	0.17727617919445038
K150A	0.5327081084251404	0.5348958969116211	0.2832351624965668	0.47011423110961914	0.40318796038627625	0.5110200643539429	0.48169374465942383	0.5215731859207153	0.3964182138442993	0.5616944432258606	0.4696540832519531
K150C	-0.20270401239395142	-0.0006823837757110596	-0.17222514748573303	0.09674623608589172	0.13575008511543274	0.16571679711341858	-0.10838869959115982	0.7994585633277893	0.23867613077163696	-0.11764325201511383	0.0834704339504242
K150D	0.07269210368394852	0.2147682011127472	0.19067004323005676	0.029515523463487625	0.04833471402525902	0.40611112117767334	0.15135304629802704	0.34055328369140625	0.34274429082870483	0.05067329853773117	0.1847415417432785
K150E	0.5213986039161682	0.40068045258522034	0.3289090692996979	0.15995536744594574	0.17583617568016052	0.4753881096839905	0.6867327094078064	0.21124540269374847	0.43135976791381836	0.3834463357925415	0.3774951994419098
K150F	0.2127421498298645	0.23297858238220215	0.11964209377765656	0.28782105445861816	0.13214412331581116	0.039820365607738495	-0.21178323030471802	0.6089826226234436	0.47083890438079834	0.015596151351928711	0.1908782720565796
K150G	0.9623282551765442	0.4604890048503876	-0.09600270539522171	0.4319300055503845	0.35023465752601624	0.4662100076675415	0.386555939912796	0.5825878977775574	0.643303394317627	0.10228493064641953	0.4289921224117279
K150H	0.08215060830116272	0.04883779585361481	-0.02872169017791748	-0.16522538661956787	0.14534571766853333	0.29071587324142456	-0.04897114634513855	0.616386353969574	0.20563577115535736	3.867596387863159e-05	0.11461925506591797
K150I	0.11182340234518051	0.10246694087982178	0.28758934140205383	0.4184040427207947	0.265686959028244	0.22964559495449066	0.21682363748550415	1.027284026145935	0.4117194414138794	0.42039257287979126	0.3491835594177246
K150L	0.21347537636756897	0.08097785711288452	0.22444960474967957	0.3990659713745117	-0.4274483919143677	0.2657618522644043	-0.7205095887184143	-0.4754163920879364	-0.26866912841796875	0.1431344449520111	-0.056517839431762695
K150M	-0.01721813529729843	-0.2866203486919403	-0.07283356785774231	0.11639849841594696	0.0761653482913971	0.1646638810634613	-0.22446313500404358	0.8934997916221619	0.1582745611667633	0.13541179895401	0.09432785958051682
K150N	-0.1473795771598816	0.25005316734313965	0.0034800544381141663	-0.045817311853170395	-0.048474423587322235	0.25407642126083374	0.01833786629140377	0.41405025124549866	0.218868225812912	-0.10694722831249237	0.08102475106716156
K150P	-0.22234517335891724	0.034970883280038834	0.04607541859149933	-0.1798093169927597	-0.01536664366722107	-0.24819622933864594	-0.3140118420124054	0.24808402359485626	-0.03077281266450882	-0.3275585174560547	-0.10089302062988281
K150Q	0.22686293721199036	0.2077813744544983	0.2988445460796356	0.17720632255077362	0.06282158195972443	0.41972553730010986	0.04337599501013756	0.34062352776527405	0.27836912870407104	0.23443064093589783	0.2290041446685791
K150R	0.21957096457481384	0.42687803506851196	0.32592836022377014	-0.07473695278167725	0.017278771847486496	0.44703274965286255	-0.06089497357606888	0.16217194497585297	0.3943644165992737	0.16755452752113342	0.20251479744911194
K150S	0.5634049773216248	0.5460268259048462	0.03112567961215973	0.3269006907939911	0.28187018632888794	0.4170958995819092	0.2753497362136841	0.3816092610359192	0.48435550928115845	0.41311192512512207	0.3720850348472595
K150T	0.3687843680381775	0.5188152194023132	0.3285222053527832	0.31167566776275635	0.21648374199867249	0.19671562314033508	0.3869878053665161	0.6260960102081299	0.5223864316940308	0.5304540991783142	0.4006921350955963
K150V	0.40278685092926025	0.3295378088951111	0.5140135288238525	0.817381739616394	0.131694495677948	0.3766710162162781	0.1541854441165924	0.507066547870636	0.28558242321014404	0.451840341091156	0.3970760405063629
K150W	-0.3639982044696808	-0.2797412872314453	0.019435107707977295	-0.3413768410682678	0.012299768626689911	-0.15362904965877533	-0.6467165946960449	0.7162433862686157	0.025165781378746033	-0.4291003346443176	-0.14414182305335999
K150Y	-0.0769573375582695	-0.002119287848472595	-0.16311931610107422	-0.10887765884399414	0.11720458418130875	0.12383666634559631	-0.13956232368946075	0.8406229019165039	0.18300841748714447	-0.22489984333515167	0.054913681000471115
E151A	0.3226691484451294	0.46594440937042236	-0.33124175667762756	-0.07863737642765045	0.01550523191690445	0.3015786409378052	-0.13717976212501526	0.8160693645477295	0.4160027503967285	0.18474701046943665	0.19754576683044434
E151C	-0.5586543679237366	-0.13615190982818604	-0.18352635204792023	-0.31559279561042786	0.08047306537628174	0.1891784369945526	-0.3038882911205292	-0.29318341612815857	0.2082226276397705	0.5199558138847351	-0.07931672036647797
E151D	-0.15819132328033447	0.04426019638776779	0.3132300078868866	-0.24679256975650787	0.3017606735229492	0.3293551206588745	0.2122211456298828	0.6147202849388123	0.2240680605173111	0.8022806644439697	0.24369120597839355
E151F	-0.2625476121902466	0.2618561089038849	-0.7277519702911377	-0.08207617700099945	0.0016461797058582306	-0.0849519819021225	-0.5754683613777161	-0.8935613632202148	-0.29309678077697754	-0.18333522975444794	-0.2839287221431732
E151G	0.6899858117103577	0.24407383799552917	-0.3970072865486145	-0.44525524973869324	0.30080392956733704	0.27420544624328613	0.5872074365615845	0.5882480144500732	0.6465762853622437	0.6221839785575867	0.3111022114753723
E151H	-0.5253015756607056	-0.09395783394575119	-0.23861388862133026	-0.1820448786020279	0.2152494639158249	0.217266246676445	-0.3008650839328766	-0.21021424233913422	0.2226819396018982	0.4798707365989685	-0.041592907160520554
E151I	-0.34451478719711304	0.2853558361530304	-0.35639503598213196	0.5479416251182556	0.23566043376922607	0.01908612996339798	-0.7739022374153137	-0.6945415139198303	-0.024602338671684265	0.7212879657745361	-0.03846238926053047
E151K	-0.4681372046470642	0.2145628035068512	-0.21081219613552094	0.048488322645425797	0.11363253742456436	0.23810578882694244	-0.40164387226104736	0.023620452731847763	0.5246787667274475	0.12786270678043365	0.0210358127951622
E151L	-0.09656385332345963	0.10932184010744095	-0.49482107162475586	0.47921833395957947	-0.26427748799324036	0.019921191036701202	-0.8104037046432495	-0.2410976141691208	-0.4813002943992615	-0.3840290307998657	-0.21640315651893616
E151M	-0.7754652500152588	-0.1788773238658905	0.004297841340303421	-0.44239428639411926	0.10026802122592926	0.17213518917560577	-0.4097142815589905	-0.08219820261001587	0.19063445925712585	0.6067355871200562	-0.08145781606435776
E151N	-0.6552439332008362	-0.04867393523454666	-0.27277082204818726	-0.029764700680971146	0.26030609011650085	0.18115533888339996	-0.21258701384067535	-0.18806496262550354	0.0517941489815712	0.4491463303565979	-0.046470336616039276
E151P	-0.14313223958015442	0.07231441885232925	-0.17178913950920105	0.030569300055503845	-0.003459591418504715	0.07927648723125458	-0.21580347418785095	-0.22383500635623932	0.20238429307937622	0.4161088466644287	0.004263388924300671
E151Q	-0.567747950553894	-0.09571006149053574	-0.1130296066403389	-0.0950193703174591	0.27803611755371094	0.36677247285842896	-0.2542997896671295	0.1698860377073288	0.1782052367925644	0.6142589449882507	0.04813520982861519
E151R	-0.4286750555038452	0.003505691885948181	-0.4016023874282837	-0.08380824327468872	0.12120965868234634	0.32314181327819824	-0.45853525400161743	-0.16810832917690277	0.04464162141084671	0.05827834829688072	-0.09899520874023438
E151S	-0.17359906435012817	0.4783930778503418	-0.6891297101974487	-0.20082905888557434	0.24799363315105438	0.31597042083740234	0.11045143753290176	0.5863981246948242	0.5595682859420776	0.2381877303123474	0.14734049141407013
E151T	-0.43092918395996094	0.3791976571083069	-0.6288518905639648	0.22260278463363647	0.13770951330661774	0.16822072863578796	-0.3583854138851166	0.036282289773225784	-0.09991131722927094	0.3729499578475952	-0.020111490041017532
E151V	0.1819952130317688	0.2992115020751953	0.07733115553855896	0.5771108865737915	0.11129951477050781	-0.060702528804540634	-0.8665497303009033	-0.6088817715644836	-0.393806517124176	-0.05874784290790558	-0.07417401671409607
E151W	-0.49390465021133423	-0.19097614288330078	-0.360929399728775	-0.44398146867752075	-0.09525780379772186	-0.3147946000099182	-0.32455703616142273	-0.7237686514854431	0.20815470814704895	0.27331438660621643	-0.24667005240917206
E151Y	-0.40685245394706726	-0.1588629186153412	0.08329920470714569	-0.46812188625335693	0.09439972043037415	-0.029911868274211884	-0.22943025827407837	-0.529896080493927	0.2089570164680481	0.483356237411499	-0.09530632197856903
D152A	0.392240434885025	-0.17271730303764343	-0.36261382699012756	-0.8798906803131104	0.3536364436149597	0.3669664263725281	-0.610402524471283	-0.057537991553545	0.17159640789031982	0.22031345963478088	-0.057840920984745026
D152C	-0.5644693970680237	-0.480501651763916	-0.6218452453613281	-0.4069674611091614	-0.01783241331577301	0.11513493955135345	-0.1662219613790512	-0.19728749990463257	0.01157236099243164	-0.2643888592720032	-0.2592807114124298
D152E	0.36625412106513977	0.4287171959877014	-0.2626070976257324	-1.2405024766921997	0.27413392066955566	0.09551987051963806	-0.010780444368720055	0.1697014570236206	-0.24459217488765717	0.6464765071868896	0.022232091054320335
D152F	-0.298747181892395	0.13770800828933716	-0.0797957181930542	-0.8719961643218994	-0.2702009975910187	-0.5095545053482056	-0.9946650862693787	-0.8318886160850525	-0.5561476349830627	-0.5255497694015503	-0.48008379340171814
D152G	0.8904876708984375	-0.03299001604318619	0.2960105538368225	-0.7917900681495667	0.48763835430145264	0.06389251351356506	-0.5868427753448486	-0.18300998210906982	-0.07746990025043488	0.3677942752838135	0.04337206482887268
D152H	-0.14091232419013977	-0.1834830641746521	-0.21201618015766144	0.04833078756928444	-0.0150609090924263	0.24383781850337982	0.22346238791942596	0.01928410306572914	0.14787597954273224	0.35019946098327637	0.048151805996894836
D152I	0.10117237269878387	0.054121702909469604	-0.5915863513946533	-0.4200456738471985	0.14387062191963196	0.258861780166626	-0.5127992630004883	-0.06272168457508087	-0.30998748540878296	0.039946526288986206	-0.1299167424440384
D152K	0.2559193968772888	0.1765759289264679	-0.40174752473831177	-0.18319205939769745	-0.0036942772567272186	-0.1441665142774582	-0.7176936268806458	-0.36187392473220825	-0.03153408318758011	0.04893767833709717	-0.13624688982963562
D152L	0.0795399472117424	-0.4601302742958069	0.03648313879966736	0.16726264357566833	-0.26958003640174866	0.22638271749019623	-0.8305180668830872	0.3537827134132385	-0.23447184264659882	-0.24272562563419342	-0.11739746481180191
D152M	-0.4947802424430847	-0.415210485458374	-0.7172634601593018	-0.2789602279663086	-0.09948764741420746	-0.034856438636779785	-0.07965607196092606	-0.2702890932559967	-0.11453571915626526	-0.3930450677871704	-0.289808452129364
D152N	-0.1871771514415741	-0.32859933376312256	0.1694209724664688	0.15189634263515472	-0.06079401820898056	-0.4228428602218628	-0.0028759557753801346	0.35776782035827637	-0.19961081445217133	-0.11713790893554688	-0.06399529427289963
D152P	-0.05333166569471359	-0.13365519046783447	0.15164116024971008	0.09538121521472931	-0.08045412600040436	-0.6145814657211304	-0.18636605143547058	-0.6396600008010864	-0.1480565071105957	-0.6269620060920715	-0.2236044704914093
D152Q	0.31167739629745483	0.034249402582645416	0.11234821379184723	0.12811250984668732	-0.09155024588108063	0.15864592790603638	-0.0302936602383852	0.5799516439437866	-0.08801616728305817	-0.05801759660243988	0.10571074485778809
D152R	0.01078759878873825	-0.3089616894721985	0.050274476408958435	0.08548595011234283	0.0998140424489975	-0.35444897413253784	-0.5910070538520813	0.18187497556209564	-0.30975717306137085	0.0012099146842956543	-0.11347279697656631
D152S	0.5605552196502686	0.023574944585561752	0.0068068429827690125	-0.16658876836299896	0.31180429458618164	0.015044856816530228	-0.7202430367469788	-0.2583130896091461	-0.08330067992210388	0.12429441511631012	-0.018636498600244522
D152T	0.4570852220058441	-0.008534736931324005	0.07860393822193146	-0.40304234623908997	0.12828999757766724	0.1889619380235672	-0.6577923893928528	-0.17345844209194183	-0.15722540020942688	0.2593519687652588	-0.028776025399565697
D152V	0.1358502358198166	-0.09054892510175705	0.07189370691776276	-0.057536374777555466	0.1318577527999878	0.28414297103881836	-0.6305357813835144	-0.42804065346717834	-0.3303214907646179	0.16506162285804749	-0.07481769472360611
D152W	-1.038709282875061	-0.47574496269226074	-0.9037420749664307	-0.1120893806219101	-0.19846206903457642	-0.25594544410705566	-0.33731818199157715	-0.6661428809165955	-0.2923729419708252	-0.745059072971344	-0.5025585889816284
D152Y	-0.39735984802246094	-0.40420737862586975	-0.603548526763916	-0.23001821339130402	-0.13098540902137756	-0.1376606822013855	-0.08512809127569199	-0.4490886330604553	0.02726428210735321	-0.39026355743408203	-0.2800995707511902
L153A	0.3265320658683777	-0.0912080630660057	0.0793006420135498	-0.16191481053829193	0.3246809244155884	0.38425737619400024	-0.05544814467430115	0.11670355498790741	-0.06175541877746582	0.2585519254207611	0.11197000741958618
L153C	0.18948429822921753	0.42368385195732117	0.10078871250152588	0.2105773389339447	0.3311528265476227	0.11848697066307068	0.18979984521865845	0.04566312953829765	0.3053727149963379	-0.9883776903152466	0.09266320616006851
L153D	-0.23260077834129333	0.3175492584705353	0.22099050879478455	0.4013373553752899	0.14127406477928162	0.24722672998905182	0.3267490565776825	-0.14094805717468262	0.17503157258033752	-0.5195057392120361	0.09371040016412735
L153E	-0.9131796360015869	0.3750147223472595	-0.11298619210720062	0.03219641372561455	-0.2514699697494507	-0.5172916650772095	-0.2732735574245453	-0.29503971338272095	-1.1078991889953613	-0.5313531756401062	-0.35952821373939514
L153F	0.22680950164794922	0.25123921036720276	-0.17250171303749084	-0.6853741407394409	0.2459062933921814	0.10798086225986481	-0.030285248532891273	-0.03686049208045006	0.35493600368499756	0.1874527633190155	0.04493030533194542
L153G	-0.0077123865485191345	0.25463706254959106	0.09554427862167358	-0.11161710321903229	0.3861753046512604	0.09672132134437561	-0.2364499866962433	0.02798662707209587	-0.35097986459732056	-0.5554505586624146	-0.04011453315615654
L153H	0.11220965534448624	0.3299306631088257	0.07866668701171875	0.4220680296421051	0.1315067708492279	0.0659179836511612	0.1496073454618454	-0.08278468251228333	0.22119563817977905	-0.7539916038513184	0.06743264198303223
L153I	0.3623000681400299	0.15377205610275269	-0.1367681324481964	-0.7368720173835754	0.2602315843105316	0.19772343337535858	-0.11850955337285995	0.06181630864739418	0.4191858172416687	0.3179522752761841	0.07808318734169006
L153K	0.29614245891571045	0.1772439032793045	0.27718043327331543	0.01889977604150772	0.260390043258667	0.35252153873443604	0.10710587352514267	0.06543993949890137	0.12525632977485657	0.2714667320251465	0.19516471028327942
L153M	0.2951398491859436	0.3165108561515808	0.09622418880462646	0.31012287735939026	0.24477580189704895	0.057328395545482635	0.2953140139579773	-0.2047315388917923	0.3326721787452698	-0.8617871403694153	0.08815693110227585
L153N	0.043361764401197433	0.23165088891983032	0.1353621780872345	0.3627915680408478	0.2506721317768097	0.19297613203525543	0.22148095071315765	-0.08754980564117432	0.19917035102844238	-0.3980523943901062	0.11518637835979462
L153P	0.24599096179008484	0.2883589565753937	0.15199017524719238	0.2942563593387604	0.017924560233950615	0.17320121824741364	0.23154431581497192	-0.4969314932823181	0.3424645662307739	-0.34879469871520996	0.09000048786401749
L153Q	-0.02772866189479828	0.08780348300933838	0.09809133410453796	0.367404580116272	0.09692826867103577	0.21567131578922272	0.19118615984916687	-0.28154483437538147	0.26697951555252075	-0.5501373410224915	0.04646538943052292
L153R	0.1577458679676056	-0.014870956540107727	0.04624008387327194	-0.02251337096095085	0.23459270596504211	0.11455860733985901	0.04109334200620651	0.0778612494468689	0.051784809678792953	-0.22602905333042145	0.04604632779955864
L153S	0.0705806165933609	0.04525306075811386	0.19243885576725006	0.09564930200576782	0.4841230809688568	0.2787564992904663	-0.03986867517232895	-0.04884558543562889	0.2197537124156952	0.01888987421989441	0.13167308270931244
L153T	0.18457075953483582	-0.031499288976192474	0.04938511550426483	-0.2990967035293579	0.27688533067703247	0.21587739884853363	-0.2086278200149536	0.07350006699562073	0.31347471475601196	0.0842616856098175	0.06587312370538712
L153V	0.4328675866127014	-0.19022047519683838	-0.35693269968032837	-0.8278917670249939	0.14358392357826233	0.08148430287837982	-0.2367941439151764	0.3397311866283417	0.34717434644699097	0.3773787021636963	0.011038106866180897
L153W	0.10707298666238785	0.24684804677963257	0.08524981141090393	0.29447171092033386	0.13810385763645172	-0.05014759302139282	0.29403871297836304	-0.1720123589038849	0.31817924976348877	-0.6931289434432983	0.05686755105853081
L153Y	0.2562606930732727	0.3654293715953827	0.10381661355495453	0.28857648372650146	0.23196941614151	0.017525557428598404	0.20429077744483948	-0.0034509114921092987	0.36289316415786743	-0.7041430473327637	0.1123168021440506
N154A	0.7100928425788879	0.588079035282135	0.5834585428237915	-0.11752495169639587	0.30416738986968994	0.4472343921661377	-0.016789698973298073	0.7053782939910889	0.5093663930892944	0.5930323600769043	0.43064945936203003
N154C	0.38337287306785583	0.5332611799240112	0.29618462920188904	0.5414019227027893	0.24505940079689026	0.3537440299987793	0.7449241876602173	0.5668968558311462	-0.17346380650997162	0.5193168520927429	0.4010697901248932
N154D	0.6027924418449402	0.48966696858406067	0.4583521783351898	0.3411274254322052	0.2956879138946533	0.3492717146873474	0.8423503637313843	0.6619645953178406	0.32018983364105225	0.719809889793396	0.5081213712692261
N154E	0.5493637919425964	0.5594030618667603	0.5989676713943481	-0.040689367800951004	0.36308273673057556	0.6457220315933228	0.3834969401359558	0.06556366384029388	0.44321006536483765	0.6620477437973022	0.42301684617996216
N154F	0.2511729598045349	0.4061770737171173	0.599585771560669	0.5955014824867249	0.2922726571559906	0.3495560884475708	-0.33708781003952026	0.5408337712287903	0.5093337893486023	0.3403371572494507	0.3547682762145996
N154G	0.9669172167778015	0.3077854812145233	0.4809964597225189	0.5996811985969543	0.4508979320526123	0.5042948722839355	0.48482564091682434	0.8120073080062866	0.43207627534866333	0.7518513202667236	0.5791333913803101
N154H	0.4119848906993866	0.4304916262626648	0.29539164900779724	0.6051114201545715	0.22505679726600647	0.37637895345687866	0.7362488508224487	0.5123804211616516	-0.0711643397808075	0.500426709651947	0.4022306799888611
N154I	0.44951674342155457	0.07384650409221649	0.22906020283699036	0.3193681836128235	0.1618870496749878	0.26743030548095703	-0.33137163519859314	0.4063783288002014	0.40769433975219727	0.47214215993881226	0.24559521675109863
N154K	0.5979142785072327	0.5464612245559692	0.839099645614624	0.27957457304000854	0.2781871557235718	0.31756436824798584	0.015570951625704765	0.616855800151825	0.6104351878166199	0.670470118522644	0.4772133231163025
N154L	-0.02462112158536911	0.28568920493125916	0.4438755512237549	0.15463079512119293	-0.5094766616821289	0.32956820726394653	-0.5046306252479553	-0.19278663396835327	-0.17477349936962128	-0.9980095624923706	-0.1190534383058548
N154M	0.5614697337150574	0.38586315512657166	0.28254738450050354	0.47365787625312805	0.29476842284202576	0.4337378144264221	0.620030403137207	0.603123128414154	-0.23394684493541718	0.5511556267738342	0.39724066853523254
N154P	0.7333431839942932	0.45192503929138184	0.8016581535339355	0.5909595489501953	0.31102654337882996	0.3432696461677551	0.24116872251033783	1.0033538341522217	0.32224762439727783	0.5157904028892517	0.531474232673645
N154Q	0.734298825263977	0.4354916512966156	0.4849204123020172	0.4418359696865082	0.32503533363342285	0.45092034339904785	0.6549556255340576	0.7604354619979858	0.2237619012594223	0.621328592300415	0.5132983922958374
N154R	0.5199038982391357	0.30599603056907654	0.4142250716686249	0.23948028683662415	0.20310941338539124	0.23528535664081573	0.0715528279542923	0.4404047727584839	0.4506382346153259	0.6165592670440674	0.34971553087234497
N154S	0.7665669322013855	0.43002092838287354	0.6371473073959351	0.2022721767425537	0.33368223905563354	0.3964701294898987	0.08733786642551422	0.8410381078720093	0.5052821040153503	0.6375433206558228	0.4837360978126526
N154T	0.5208553671836853	0.43742993474006653	0.6302883625030518	0.349324494600296	0.19970327615737915	0.310644268989563	-0.2601636052131653	0.6517960429191589	0.43784546852111816	0.5229933261871338	0.3800716996192932
N154V	0.21543318033218384	0.0351502001285553	0.5360751152038574	0.09970833361148834	0.1583911031484604	0.5107707381248474	-0.26784199476242065	0.30612871050834656	0.44552284479141235	-0.22539155185222626	0.18139466643333435
N154W	0.3614856004714966	0.3081670105457306	0.5130407810211182	0.7493972182273865	0.20343604683876038	0.25463980436325073	0.7063021659851074	0.4944828748703003	-0.28469449281692505	0.39215826988220215	0.3698415160179138
N154Y	0.3474199175834656	0.4692230224609375	0.4253678023815155	0.7048565745353699	0.2521800398826599	0.37965285778045654	0.7743396759033203	0.4923044443130493	-0.2004740685224533	0.5142083764076233	0.4159078598022461
H155A	0.05585920438170433	0.1382075846195221	-0.04672010615468025	0.22947309911251068	0.06139235943555832	-0.034481193870306015	-0.5470082759857178	0.17203441262245178	-0.06812527775764465	-0.8697541356086731	-0.09091223776340485
H155C	-0.5165339112281799	-0.12121876329183578	-0.29226863384246826	-0.3179146945476532	-0.3565415143966675	-0.16830100119113922	-0.1177995577454567	-0.1782371699810028	-0.23011602461338043	-0.33027219772338867	-0.2629203498363495
H155D	-0.30917659401893616	-0.39866015315055847	0.1193903386592865	-0.02208855375647545	-0.23395904898643494	-0.13806426525115967	-0.024569744244217873	0.4659063220024109	-0.33982592821121216	-0.5938544273376465	-0.14749020338058472
H155E	0.12821711599826813	0.41630682349205017	-0.31934893131256104	-0.4053717255592346	-0.24160051345825195	-0.0477997250854969	-0.14633823931217194	0.25192466378211975	-0.02132071554660797	-0.16255788505077362	-0.05478891730308533
H155F	-0.710533082485199	-0.2421005368232727	0.18526366353034973	0.009133413434028625	0.08995167165994644	-0.23586593568325043	-0.12440494447946548	-0.09652912616729736	0.023355182260274887	-0.6268131732940674	-0.17285428941249847
H155G	0.40311580896377563	0.27683210372924805	0.2280053198337555	0.28551578521728516	0.127742201089859	0.08762812614440918	-0.19543051719665527	0.14145351946353912	0.12023217976093292	-0.7193253636360168	0.07557691633701324
H155I	-0.6077609658241272	-0.00024238228797912598	-0.10618755966424942	-0.21749092638492584	-0.1946869194507599	-0.27636516094207764	-0.37065163254737854	0.1353500336408615	-0.14147228002548218	-0.4076651334762573	-0.2187172919511795
H155K	0.11501328647136688	-0.19906800985336304	-0.029260924085974693	-0.1443779617547989	-0.3184764087200165	-0.2682484984397888	-0.5519059896469116	0.0861283391714096	-0.09795548021793365	-1.0430041551589966	-0.24511556327342987
H155L	-0.41474226117134094	-0.7455366849899292	-0.5058572292327881	-0.17044346034526825	-0.019357383251190186	-0.39174044132232666	-0.6626423001289368	-0.4942082166671753	-0.5496364831924438	-0.7296757698059082	-0.4683839678764343
H155M	-0.5017910599708557	-0.17707645893096924	-0.1369185447692871	-0.35878896713256836	-0.30600112676620483	-0.14844325184822083	-0.20851558446884155	0.0037682875990867615	-0.360798180103302	-0.19103281199932098	-0.2385597974061966
H155N	-0.7670794725418091	-0.5145272016525269	-0.018546290695667267	0.10766732692718506	-0.28373223543167114	-0.17771531641483307	-0.09107909351587296	0.1382482647895813	-0.31631773710250854	-0.7917388081550598	-0.27148205041885376
H155P	-0.48459911346435547	-0.29333561658859253	-0.13826529681682587	0.11276184022426605	-0.2922484874725342	-0.21976573765277863	0.05694493651390076	0.1792907863855362	-0.44211262464523315	-0.8756343722343445	-0.23969638347625732
H155Q	-0.49802064895629883	-0.5470221042633057	0.11167119443416595	0.04469751566648483	-0.5075541734695435	-0.04895482957363129	-0.25120046734809875	0.2816728949546814	-0.34556156396865845	-0.5625699758529663	-0.23228421807289124
H155R	-0.018702037632465363	-0.249212384223938	0.015897847712039948	-0.012815158814191818	-0.28116753697395325	-0.30185264348983765	-0.23677527904510498	-0.02686864137649536	-0.1787591427564621	-1.0909779071807861	-0.23812326788902283
H155S	0.1378418207168579	-0.007708445191383362	0.12566930055618286	0.17956343293190002	-0.004556961357593536	-0.19516031444072723	-0.4373999536037445	0.23050154745578766	-0.03534157574176788	-0.8826230764389038	-0.08892142027616501
H155T	-0.4284335970878601	-0.5213853120803833	0.10280600190162659	0.006541136652231216	-0.32750365138053894	-0.21374467015266418	-0.4518987834453583	0.09542697668075562	-0.0935857892036438	-1.1253482103347778	-0.29571256041526794
H155V	-0.4830811619758606	-0.4443214535713196	-0.34445133805274963	-0.26490074396133423	-0.1634182333946228	-0.3557508587837219	-0.6289463639259338	-0.8607283234596252	-0.22390486299991608	-0.531035304069519	-0.43005385994911194
H155W	-0.6690656542778015	-0.4126863479614258	-0.1649116575717926	-0.23908580839633942	-0.4269711673259735	-0.2706944942474365	-0.16786819696426392	-0.09754657745361328	-0.34843575954437256	-0.5450600385665894	-0.3342325687408447
H155Y	-0.4657288193702698	-0.24555400013923645	-0.13648049533367157	-0.3177085518836975	-0.2716914713382721	-0.3067677617073059	-0.1567273736000061	-0.14507490396499634	-0.3688816428184509	-0.47769999504089355	-0.28923147916793823
L156A	0.10237137973308563	-0.29438328742980957	0.0582926869392395	0.09219744801521301	-0.10242035984992981	0.04656189680099487	-0.1779346466064453	0.5326862335205078	-0.056991830468177795	-0.7374447584152222	-0.053706519305706024
L156C	0.0002167150378227234	0.14081765711307526	0.03735104203224182	0.26565638184547424	0.08731101453304291	0.23235057294368744	-0.3229081928730011	-0.36889973282814026	0.3420681357383728	-0.2158602625131607	0.019810335710644722
L156D	-0.27176135778427124	-0.1421642303466797	0.018489614129066467	-0.24629388749599457	0.05559071898460388	-0.0942067950963974	0.09976611286401749	-0.3815142810344696	0.4424433708190918	-0.327339768409729	-0.08469905704259872
L156E	-0.5249084830284119	0.7785431146621704	0.0005870535969734192	0.0440882183611393	-0.9025017023086548	-0.5739339590072632	0.0931573286652565	0.24546407163143158	-0.19647638499736786	-1.2624720335006714	-0.22984528541564941
L156F	0.25497162342071533	-0.13367372751235962	0.08173522353172302	0.2749316394329071	0.29194632172584534	0.20502881705760956	-0.2877659499645233	0.38663187623023987	0.31032073497772217	-0.04355786740779877	0.13405686616897583
L156G	-0.06824740022420883	-0.13358226418495178	-0.0821877270936966	0.22331079840660095	0.2210848033428192	0.03514348715543747	-0.03677412122488022	-0.08099702000617981	-0.20577464997768402	-0.8223427534103394	-0.09503668546676636
L156H	-0.16196012496948242	-0.008472539484500885	-0.02155064046382904	0.05802041292190552	-0.08854156732559204	-0.07024219632148743	-0.23923757672309875	-0.6085332036018372	0.4374605417251587	-0.10192856192588806	-0.08049855381250381
L156I	0.4750688076019287	-0.18471843004226685	0.06121635437011719	0.1540653109550476	0.17225214838981628	0.3279576897621155	-0.22657224535942078	0.5441432595252991	0.4861130118370056	0.2710754871368408	0.2080601453781128
L156K	0.08929149061441422	-0.20419642329216003	0.29366135597229004	-0.4494587779045105	0.09094440191984177	-0.015438094735145569	-0.189803808927536	0.2105242758989334	0.36417680978775024	-0.35373973846435547	-0.01640385203063488
L156M	0.18920248746871948	-0.03510887175798416	-0.006425134837627411	0.2596510946750641	0.03992968425154686	0.1456664353609085	-0.25814661383628845	-0.2044961303472519	0.43412500619888306	-0.19534386694431305	0.03690541535615921
L156N	-0.3164401948451996	-0.2881206274032593	0.004829674959182739	0.19629764556884766	-0.007255949079990387	-0.03589259088039398	-0.08541262149810791	-0.48241451382637024	0.3489847183227539	0.0591849610209465	-0.06062395125627518
L156P	0.05352235585451126	-0.2871091961860657	-0.07510987669229507	0.226063534617424	-0.25871068239212036	-0.3067772388458252	0.011812342330813408	-0.261287659406662	0.3444514274597168	-0.2040146142244339	-0.07571596652269363
L156Q	-0.2950545847415924	-0.3330893814563751	-0.015392284840345383	-0.07891133427619934	-0.011936075985431671	0.016447417438030243	0.04001125693321228	-0.482254296541214	0.40316927433013916	-0.3111749291419983	-0.10681848227977753
L156R	0.031644001603126526	-0.17419031262397766	0.08776696026325226	0.10701315104961395	0.0962928980588913	-0.004217296838760376	-0.11757879704236984	0.10874302685260773	0.3331484794616699	-0.3634207248687744	0.010520139709115028
L156S	-0.11722362786531448	-0.42909055948257446	-0.05696602910757065	0.09146789461374283	-0.10093170404434204	0.012853629887104034	-0.3344423770904541	0.09217715263366699	0.07105758041143417	-0.3119853138923645	-0.1083083376288414
L156T	-0.08300764113664627	-0.6785339117050171	0.03691551089286804	0.0025432072579860687	-0.04163739085197449	0.06652785837650299	-0.23838505148887634	0.25335878133773804	0.1869860291481018	-0.19714440405368805	-0.06923770904541016
L156V	0.08582966774702072	-0.27414190769195557	0.08022509515285492	-0.2590963840484619	0.1049359068274498	0.11564618349075317	-0.3303590714931488	0.39687836170196533	0.3743482232093811	0.010944008827209473	0.030521010980010033
L156W	-0.20443865656852722	-0.06776469200849533	-0.0619918629527092	-0.01618921384215355	-0.05345982313156128	-0.10550154745578766	-0.34861528873443604	-0.3305995762348175	0.29858630895614624	-0.15785248577594757	-0.10478268563747406
L156Y	-0.0347134992480278	-0.02188713103532791	-0.04555279016494751	0.11998288333415985	-0.015424735844135284	0.03356081247329712	-0.3708227276802063	-0.5079688429832458	0.353212833404541	-0.22927768528461456	-0.07188908755779266
V157A	0.4342089593410492	0.4942890405654907	0.16496463119983673	0.002438873052597046	0.2535944879055023	0.2061505764722824	0.35556748509407043	0.5712388157844543	0.5340675711631775	0.37594789266586304	0.33924683928489685
V157C	0.31526583433151245	-0.1619681715965271	0.3416808545589447	0.11719563603401184	0.191579669713974	0.08123938739299774	-0.2601524293422699	-0.010250072926282883	0.10743840783834457	0.0077056437730789185	0.07297347486019135
V157D	0.41194695234298706	0.4515639543533325	0.2493419647216797	-0.20118190348148346	0.18335264921188354	0.04606647044420242	0.06708288937807083	0.3314649760723114	0.1506875902414322	-0.44459259510040283	0.12457330524921417
V157E	0.43432700634002686	0.323635995388031	0.2547326683998108	0.10898737609386444	-0.08440572023391724	0.25762587785720825	0.3361223638057709	0.17831513285636902	0.4350394010543823	0.5056184530258179	0.27499985694885254
V157F	0.3196926712989807	0.37573671340942383	0.27246347069740295	-0.07148033380508423	0.27662456035614014	0.12908945977687836	-0.03244695067405701	0.5851877331733704	0.565415620803833	0.10105203092098236	0.25213348865509033
V157G	0.5061122179031372	0.388822466135025	-0.001690991222858429	-0.656050980091095	0.2722667455673218	0.08579468727111816	0.2664991617202759	0.07558339834213257	0.43813198804855347	-0.03406311571598053	0.13414056599140167
V157H	0.2956685721874237	-0.22413769364356995	0.3264037072658539	0.010269887745380402	0.20449048280715942	-0.016520969569683075	-0.16143889725208282	0.11504368484020233	0.01220240443944931	-0.23558266460895538	0.03263985365629196
V157I	0.39317870140075684	0.5195870399475098	0.2925727963447571	0.0550302229821682	0.255402147769928	0.2049371749162674	0.08264990895986557	0.5680049061775208	0.6716375946998596	0.3734589219093323	0.3416459262371063
V157K	0.4104078412055969	0.6267838478088379	0.26965609192848206	-0.1321193128824234	0.15682455897331238	0.1566714197397232	0.5383680462837219	0.4169767498970032	0.43373024463653564	-0.0500166118144989	0.28272825479507446
V157L	0.5160396695137024	0.638847291469574	0.4517280161380768	0.3037077784538269	0.007164124399423599	0.32150590419769287	0.608565092086792	0.4891970753669739	0.5651386976242065	0.4826105833053589	0.438450425863266
V157M	0.32672756910324097	-0.11821509152650833	0.1889406442642212	0.028956791386008263	0.13912758231163025	0.10983777046203613	-0.20064300298690796	0.09914436936378479	0.15055030584335327	0.08677766472101212	0.08112046122550964
V157N	0.2715122103691101	0.1331629455089569	0.291105180978775	-0.08100247383117676	0.2457011193037033	0.05911361426115036	-0.08680267632007599	0.2534520924091339	0.11326620727777481	-0.2693788409233093	0.09301294386386871
V157P	0.3334439694881439	0.3775380849838257	0.45712658762931824	-0.5521563291549683	0.04776821658015251	0.04622287303209305	0.012861890718340874	0.20250599086284637	0.26361632347106934	-0.22660239040851593	0.09623252600431442
V157Q	0.38065871596336365	0.36573266983032227	0.28079479932785034	-0.0940353125333786	0.20939825475215912	0.15758615732192993	-0.0863632783293724	0.3568148910999298	0.052727408707141876	-0.310638427734375	0.13126757740974426
V157R	0.3603854477405548	0.5038725733757019	0.2431846559047699	-0.20803336799144745	0.16702191531658173	0.13063962757587433	0.20816829800605774	0.3490769863128662	0.36810213327407837	-0.05217772722244263	0.20702406764030457
V157S	0.4670046865940094	0.6056289076805115	0.25141164660453796	-0.2803247272968292	0.3147580325603485	0.15111036598682404	0.12123463302850723	0.5117419958114624	0.4909525513648987	0.08837519586086273	0.27218931913375854
V157T	0.4435361325740814	0.5805147886276245	0.2858763337135315	-0.05409420654177666	0.19914689660072327	0.12256242334842682	0.10599369555711746	0.5095588564872742	0.5877819061279297	0.17974898219108582	0.2960625886917114
V157W	0.06293611228466034	-0.3964594006538391	0.24855944514274597	-0.03504301235079765	-0.11276552081108093	-0.005443736910820007	-0.28810998797416687	-0.25279656052589417	-0.03906260430812836	-0.4264773726463318	-0.12446625530719757
V157Y	0.28240811824798584	-0.2926250994205475	0.3370226323604584	0.021952707320451736	0.10137912631034851	0.01908409595489502	-0.26891881227493286	-0.04021097347140312	-0.01357259601354599	-0.20184029638767242	-0.005532108247280121
G158A	0.12194573879241943	0.3951103091239929	0.03250880539417267	0.21478158235549927	0.2303209751844406	0.03006717562675476	-0.1602359116077423	0.1284615695476532	0.440746545791626	-0.32236146926879883	0.11113454401493073
G158C	-0.016481317579746246	0.22397351264953613	-0.2363957166671753	-0.038481976836919785	0.12057234346866608	0.07406556606292725	-0.2665625512599945	-0.2637695372104645	0.1894986629486084	-0.39838385581970215	-0.06119648739695549
G158D	0.4629817008972168	0.03287544101476669	0.4050441384315491	0.2619202733039856	0.26422443985939026	0.16032539308071136	0.6210370659828186	0.3270883560180664	0.46828991174697876	0.001887395977973938	0.3005673885345459
G158E	0.5788120627403259	0.20196861028671265	-0.523215651512146	0.3448571562767029	0.20356646180152893	0.25404977798461914	0.2519913613796234	0.7485170364379883	0.3404771685600281	0.1574825942516327	0.2558506727218628
G158F	-0.14274507761001587	-0.019404329359531403	0.06380133330821991	0.2858067750930786	0.2969062030315399	0.21867243945598602	0.2678375840187073	-0.4790022075176239	0.28177592158317566	-0.3324885368347168	0.04411601275205612
G158H	0.237656831741333	0.1045590490102768	0.052747637033462524	0.12227615714073181	0.17560990154743195	0.1501736044883728	0.16887106001377106	-0.19152584671974182	0.25171971321105957	-0.4043867588043213	0.06677013635635376
G158I	-0.2071181833744049	0.07943440228700638	-0.3502885103225708	-0.15416014194488525	0.1331329643726349	0.0018150880932807922	-0.0682278499007225	-0.4822272062301636	0.3420453667640686	-0.7788116931915283	-0.14844056963920593
G158K	0.39412447810173035	0.2737486660480499	-0.13319216668605804	0.41251835227012634	0.21180202066898346	0.11559423804283142	0.5144236087799072	0.16530698537826538	0.43873292207717896	-0.14490915834903717	0.2248149812221527
G158L	-0.5563148260116577	-0.23573791980743408	0.10454215109348297	0.2662229537963867	-0.23936021327972412	0.14952582120895386	-0.24773406982421875	0.26735520362854004	-0.1084834486246109	-1.2408825159072876	-0.18408668041229248
G158M	-0.05914955586194992	0.2714822292327881	-0.2828030288219452	0.027884889394044876	-0.01973825693130493	0.20532147586345673	-0.03126441687345505	-0.3190864026546478	0.24578964710235596	-0.38004106283187866	-0.03416045010089874
G158N	0.29436007142066956	0.16911813616752625	0.2832965850830078	0.18302923440933228	0.3293883204460144	0.2475840002298355	0.3976280391216278	0.10568748414516449	0.36118942499160767	-0.10329730808734894	0.2267983853816986
G158P	-0.03217162936925888	0.1325187385082245	0.22252964973449707	0.2938431203365326	0.21498769521713257	0.1709616333246231	0.28110599517822266	-0.14897339046001434	0.332516074180603	-0.7752424478530884	0.06920754909515381
G158Q	0.5583536624908447	0.29524528980255127	0.13729006052017212	0.23452620208263397	0.25422996282577515	0.22388635575771332	0.43598100543022156	0.1762983649969101	0.43973636627197266	0.0958920419216156	0.2851439118385315
G158R	0.3817508816719055	-0.03922992944717407	0.1017884612083435	0.303070992231369	0.33178243041038513	0.125680074095726	0.7426946759223938	-0.4150828719139099	0.4346282482147217	-0.20474930107593536	0.17623336613178253
G158S	0.244734525680542	0.16571587324142456	0.2264331877231598	0.23628108203411102	0.4369460642337799	0.11058931052684784	0.18915699422359467	0.00955185666680336	0.5620291829109192	-0.1789858490228653	0.2002452313899994
G158T	0.012185540050268173	0.05311925709247589	0.031773194670677185	-0.0022286362946033478	0.2792261838912964	-0.04055708274245262	0.21381613612174988	-0.2890586256980896	0.5118566751480103	-0.44378769397735596	0.032634489238262177
G158V	-0.544228196144104	-0.14853763580322266	-0.11545661091804504	-0.17597134411334991	-0.22375404834747314	-0.13217373192310333	-0.5713049173355103	-0.7456559538841248	0.38612163066864014	-1.0964030027389526	-0.33673638105392456
G158W	0.2260158658027649	0.23271510004997253	0.1638639122247696	0.09681057929992676	-0.08194547891616821	0.20387399196624756	0.08016061782836914	-0.5057774782180786	0.1229630559682846	-1.1491018533706665	-0.061042167246341705
G158Y	0.0406312458217144	0.2708956003189087	-0.03487926721572876	0.15042395889759064	0.004912063479423523	0.1815868616104126	-0.06709485501050949	-0.3902251422405243	0.08133509010076523	-0.5235652327537537	-0.028597969561815262
Y159A	0.28176218271255493	0.5237094163894653	0.3656001091003418	0.32909300923347473	0.1532532274723053	0.5104943513870239	0.17798955738544464	0.5636449456214905	0.5188402533531189	0.3058214485645294	0.37302082777023315
Y159C	0.06819737702608109	-0.2751164436340332	0.09865756332874298	0.1394350677728653	0.22131013870239258	0.17121346294879913	0.09090205281972885	-0.1567036509513855	-0.01771494746208191	0.25596725940704346	0.05961478874087334
Y159D	-0.32325148582458496	-0.071436308324337	0.0505388081073761	0.287099152803421	0.28284165263175964	0.2862873673439026	0.13786087930202484	-0.18254294991493225	0.4275447130203247	0.06861148774623871	0.09635533392429352
Y159E	0.14523983001708984	-0.04221200942993164	-0.18721607327461243	0.4730760455131531	0.39588427543640137	0.7169907689094543	-0.029226506128907204	0.19819359481334686	0.6225482821464539	0.3610525131225586	0.26543307304382324
Y159F	-0.03138331323862076	0.3297070264816284	0.30274397134780884	0.2943892478942871	0.30473971366882324	0.2844310402870178	-0.024264702573418617	0.3799847960472107	0.5574008226394653	-0.18915720283985138	0.2208591252565384
Y159G	0.34941086173057556	0.38012492656707764	0.13395768404006958	0.4612363874912262	0.3209027051925659	0.16057975590229034	0.049294613301754	-0.04977858439087868	0.4136098623275757	0.34094321727752686	0.2560281753540039
Y159H	-0.11092985421419144	-0.19335052371025085	-0.10560169816017151	0.2685827314853668	0.20993837714195251	0.06915376335382462	0.08582670241594315	-0.08499622344970703	0.11809159815311432	0.08612664043903351	0.03428415209054947
Y159I	0.1291588842868805	0.2979971468448639	0.4825970232486725	0.07102932035923004	0.21951796114444733	0.3066014051437378	-0.1362280696630478	0.4205978512763977	0.46492505073547363	0.12591221928596497	0.23821087181568146
Y159K	0.22074013948440552	0.5551724433898926	0.33279410004615784	0.5998114943504333	0.21597646176815033	0.5310215353965759	0.653908908367157	-0.004547785967588425	0.4576592445373535	0.46119433641433716	0.40237313508987427
Y159L	0.3493206202983856	0.6372334361076355	0.5603234767913818	-0.14503280818462372	-0.013858318328857422	0.5262652039527893	0.3863590955734253	0.6984944343566895	0.2756902277469635	-0.2965993285179138	0.297819584608078
Y159M	0.003977365791797638	-0.31238049268722534	0.1583126336336136	0.13771359622478485	0.20269998908042908	0.28842711448669434	-0.02494831196963787	-0.0668109729886055	-0.02812427282333374	0.2666478753089905	0.06255145370960236
Y159N	-0.3819015920162201	-0.013266786932945251	0.16268928349018097	0.28187838196754456	0.3001722991466522	0.20636491477489471	0.0037648770958185196	-0.33460813760757446	0.2827737331390381	0.2264862060546875	0.07343532145023346
Y159P	-0.2029191255569458	0.16531920433044434	0.0715426504611969	0.44220462441444397	0.29057663679122925	0.10992039740085602	0.20811185240745544	0.07794255018234253	0.3381330966949463	0.0002088397741317749	0.1501040756702423
Y159Q	-0.21473047137260437	0.01138584315776825	0.06140831112861633	0.2858661711215973	0.2109808474779129	0.3536457419395447	0.4442516565322876	-0.08084544539451599	0.3822420835494995	0.3070446252822876	0.1761249303817749
Y159R	0.07501687854528427	0.30992624163627625	0.3834077715873718	0.2874910533428192	0.282388299703598	0.4473103880882263	0.34673821926116943	-0.01111483946442604	0.4003663659095764	-0.01550428569316864	0.2506026029586792
Y159S	0.16902419924736023	0.4918217062950134	0.3542823791503906	0.4202859699726105	0.35937175154685974	0.5164821147918701	0.19176886975765228	0.35446280241012573	0.506195604801178	0.324539452791214	0.36882346868515015
Y159T	0.1457655429840088	0.18929198384284973	0.3592562973499298	0.2684808373451233	0.228275328874588	0.24001924693584442	-0.13658133149147034	0.29839128255844116	0.4532966613769531	0.18345992267131805	0.2229655683040619
Y159V	-0.010431982576847076	0.5626657605171204	0.6125578880310059	0.2540281116962433	0.14760679006576538	0.1976567804813385	-0.03573695570230484	0.4596989154815674	0.38780826330184937	0.203810453414917	0.2779664099216461
Y159W	-0.25614413619041443	-0.3958723843097687	-0.19473975896835327	0.09599679708480835	0.014189295470714569	-0.04394666478037834	0.1406535655260086	-0.13153161108493805	-0.22710804641246796	0.013436101377010345	-0.09850668907165527
K160A	0.5065708756446838	0.4026913344860077	-0.07125481218099594	0.1661147177219391	0.45256656408309937	0.14618895947933197	0.28718671202659607	0.9148229956626892	0.38257545232772827	-0.01187238097190857	0.31755906343460083
K160C	-0.5480150580406189	-0.14293691515922546	-0.9790496826171875	0.04007181152701378	-0.17415592074394226	0.4261009097099304	-0.1979164183139801	0.037778642028570175	0.34795528650283813	-0.6549374461174011	-0.1845104694366455
K160D	0.020107924938201904	0.1288623809814453	-0.43732959032058716	-0.08512227237224579	0.2800121307373047	0.5584419369697571	0.3275854289531708	0.14098256826400757	0.35153335332870483	-0.49811720848083496	0.07869566977024078
K160E	0.2034834623336792	0.22530272603034973	0.23472964763641357	0.39777353405952454	0.3004051446914673	0.383758008480072	-0.014463180676102638	0.4903233051300049	0.526885986328125	0.22688668966293335	0.2975085377693176
K160F	-0.8596808910369873	0.003298357129096985	-0.5912141799926758	0.0696180909872055	0.27310797572135925	0.484893798828125	-0.21140776574611664	0.09932136535644531	0.31796059012413025	-0.008834540843963623	-0.0422937236726284
K160G	0.12337484210729599	0.1780875027179718	-0.29728442430496216	-0.1995934098958969	0.7182127237319946	0.34963637590408325	0.3482315242290497	1.1851863861083984	0.3821868300437927	-0.2442169040441513	0.2543821334838867
K160H	-0.30547282099723816	-0.07629656046628952	-0.843879222869873	-0.23855136334896088	-0.0005556903779506683	0.3131179213523865	0.0730070248246193	-0.2852878272533417	0.2991145849227905	-0.6890164613723755	-0.17538204789161682
K160I	-0.43326085805892944	0.06502163410186768	-0.5781192779541016	0.2225668728351593	-0.11583469808101654	0.3973183035850525	0.007806459441781044	0.2921229302883148	0.3505026698112488	0.16555853188037872	0.037368256598711014
K160L	-0.45774829387664795	-0.43142229318618774	0.0697663277387619	0.03911539539694786	-0.3784252107143402	-0.7130722999572754	-0.5671640038490295	0.04387347772717476	0.35868924856185913	-0.8302996158599854	-0.28666871786117554
K160M	-0.5724155306816101	-0.1919861137866974	-0.8872106075286865	0.02649763599038124	-0.15597546100616455	0.2938440442085266	-0.12648393213748932	-0.07640591263771057	0.3448472023010254	-0.7136924862861633	-0.20589812099933624
K160N	-0.3508167862892151	0.035860851407051086	-0.796051025390625	-0.34296268224716187	0.2623344659805298	0.5081967711448669	0.19270989298820496	0.22879572212696075	0.35378170013427734	-0.4590364098548889	-0.03671875596046448
K160P	-0.3241046965122223	-0.007298849523067474	-0.5143531560897827	-0.03971223160624504	0.16354615986347198	0.33024221658706665	0.139484703540802	0.35762983560562134	0.25564706325531006	-0.5716714859008789	-0.021059047430753708
K160Q	0.030723948031663895	0.05559486150741577	-0.3799620568752289	-0.10113176703453064	0.1918576955795288	0.5331088900566101	0.3068517744541168	0.1853855699300766	0.2999330759048462	-0.6249018311500549	0.04974601790308952
K160R	0.21960896253585815	0.2194669544696808	-0.12014716118574142	0.03151075541973114	0.3976217210292816	0.4865931272506714	0.5351600050926208	0.15965022146701813	0.39211684465408325	-0.26347607374191284	0.2058105170726776
K160S	0.26095879077911377	0.23050940036773682	-0.2719917893409729	-0.09258715808391571	0.4965423047542572	0.46495574712753296	0.49110785126686096	0.34524470567703247	0.4820202589035034	-0.21127475798130035	0.2195485383272171
K160T	0.11439769715070724	0.14026807248592377	-0.3767551779747009	-0.01549861952662468	0.2707756757736206	0.43650078773498535	0.3151231110095978	0.04738934710621834	0.3163648247718811	0.1293615698814392	0.13779273629188538
K160V	0.23324799537658691	-0.16398578882217407	0.002711288630962372	0.32599443197250366	-0.32299724221229553	-0.04156120866537094	0.1440107375383377	-0.0379636324942112	0.6300299763679504	-0.5297985672950745	0.02396879717707634
K160W	-0.7056177854537964	-0.19388490915298462	-1.0432244539260864	0.149688258767128	-0.1381836235523224	0.2433803230524063	-0.17861396074295044	-0.26773709058761597	0.10912391543388367	-1.197487235069275	-0.3222556710243225
K160Y	-0.8190789222717285	-0.17353948950767517	-0.9556763172149658	0.06240620091557503	-0.0709318220615387	0.3261858820915222	-0.1110568568110466	-0.1909915953874588	0.21650460362434387	-0.8517096042633057	-0.25678879022598267
G161A	-0.043729573488235474	0.06835570931434631	0.010664138942956924	0.16725574433803558	0.18679577112197876	0.27956682443618774	-0.03089483268558979	-0.08234326541423798	0.2801828980445862	-0.09765036404132843	0.07382030785083771
G161C	-0.5632257461547852	-0.29631897807121277	-0.3630686104297638	-0.08251969516277313	0.05270451307296753	-0.2861641049385071	-0.5954639911651611	-0.6766570806503296	-0.2185087352991104	-1.1228740215301514	-0.41520968079566956
G161D	-0.49889224767684937	-0.48122167587280273	0.1766636222600937	0.03867926448583603	0.01232713833451271	0.03156998008489609	0.004953140392899513	-0.19190923869609833	0.3656896948814392	-1.0542012453079224	-0.15963415801525116
G161E	-0.08318457752466202	0.1975332498550415	-0.362286776304245	0.34205448627471924	0.09137077629566193	0.4746917486190796	-0.09920195490121841	0.08829924464225769	0.4676029682159424	-0.024441704154014587	0.1092437356710434
G161F	-0.5526988506317139	-0.5043821334838867	-0.1354491412639618	-0.007633034139871597	-0.12089577317237854	0.11089549958705902	-0.3564150333404541	-0.8146753907203674	-0.13122029602527618	-0.9326008558273315	-0.34450751543045044
G161H	-0.682498574256897	-0.524631679058075	-0.26337796449661255	-0.02731558308005333	-0.024641625583171844	-0.1343839168548584	-0.6941952109336853	-0.9071057438850403	-0.036267392337322235	-1.33932626247406	-0.46337437629699707
G161I	-0.7802497744560242	-0.3656489849090576	-0.46474990248680115	-0.4714224338531494	-0.14215712249279022	0.1488420069217682	-0.38408687710762024	-0.5150958299636841	0.12392710149288177	-1.3181921243667603	-0.4168833792209625
G161K	-0.1702907681465149	-0.40373969078063965	-0.1596710979938507	0.29929623007774353	-0.07839171588420868	0.18826059997081757	0.20340700447559357	0.062060531228780746	0.3024245500564575	-0.5048513412475586	-0.02614957094192505
G161L	-0.9084585309028625	-0.43265408277511597	-0.7897908687591553	-0.296400249004364	-0.7206765413284302	0.07358044385910034	-0.9166895151138306	0.052116673439741135	-0.28430813550949097	-0.7397060394287109	-0.4962987005710602
G161M	-0.5712713003158569	-0.19188857078552246	-0.47614383697509766	-0.15223802626132965	-0.0017656683921813965	-0.2695499658584595	-0.5606054663658142	-0.8511769771575928	-0.2243461161851883	-1.3755972385406494	-0.4674583375453949
G161N	-0.5782105922698975	-0.43444615602493286	0.0074796006083488464	-0.054870691150426865	-0.20191088318824768	-0.02129649929702282	-0.34111469984054565	-0.2705371379852295	0.16675958037376404	-1.0897812843322754	-0.28179287910461426
G161P	-0.40973934531211853	-0.48482251167297363	-0.07555060088634491	0.10756100714206696	-0.2587910592556	-0.23556815087795258	-0.2700423002243042	-0.14773601293563843	0.3078170418739319	-1.129590392112732	-0.2596462368965149
G161Q	-0.4985625743865967	-0.3053963780403137	-0.1561143696308136	0.04397464171051979	-0.026018843054771423	-0.004432931542396545	0.060697197914123535	-0.2640968859195709	0.2811110019683838	-1.0253952741622925	-0.18942344188690186
G161R	-0.6023024916648865	-0.7534332275390625	-0.002786777913570404	0.10331563651561737	0.04662434384226799	0.17312440276145935	0.11164664477109909	-0.6845414042472839	0.25735023617744446	-0.7225914597511292	-0.2073594033718109
G161S	-0.30220741033554077	-0.2191782295703888	0.1663919985294342	0.14419697225093842	0.14352606236934662	0.2528409957885742	0.3695334494113922	0.05360620841383934	0.48163217306137085	-0.14376728236675262	0.09465748816728592
G161T	-0.4502958655357361	-0.35959190130233765	0.006591863930225372	0.09282904863357544	-0.003008786588907242	0.21376515924930573	0.07896579802036285	-0.5435764193534851	0.4298984408378601	-0.5939713716506958	-0.11283941566944122
G161V	-0.7756323218345642	-0.29889363050460815	-0.3531312942504883	-0.32591819763183594	-0.3759889602661133	0.2204018384218216	-0.7695829272270203	-0.7248792052268982	0.1837111860513687	-0.7655609846115112	-0.3985474109649658
G161W	-0.4395076632499695	-0.13173407316207886	-0.5423588752746582	-0.0991366058588028	-0.2489573061466217	-0.4260914921760559	-0.5800782442092896	-0.9533174633979797	-0.1047772765159607	-1.743378758430481	-0.5269337892532349
G161Y	-0.48654013872146606	-0.2821788489818573	-0.44179508090019226	-0.11799792945384979	-0.15611521899700165	-0.31747305393218994	-0.6612257957458496	-0.8994924426078796	-0.24763979017734528	-1.5006216764450073	-0.5111080408096313
N162A	0.4044220745563507	0.6664603352546692	0.20948949456214905	0.55281001329422	0.21932582557201385	0.47935473918914795	0.5293239951133728	0.9925426840782166	0.5525959730148315	0.3604606091976166	0.49667859077453613
N162C	0.29610779881477356	-0.22404658794403076	0.07662999629974365	0.16108952462673187	0.32702887058258057	0.287461519241333	0.15293970704078674	-0.07000330090522766	0.07579323649406433	0.3500378727912903	0.14330387115478516
N162D	0.40579017996788025	-0.05573581904172897	0.31868594884872437	0.2750369608402252	0.4168204963207245	0.16380254924297333	0.7768868207931519	0.6065981984138489	0.4999278783798218	0.3060492277145386	0.37138622999191284
N162E	0.4149893820285797	0.9100819230079651	-0.0998990386724472	0.449618399143219	0.20873479545116425	0.4507508873939514	0.2701530456542969	0.8344765901565552	0.45868080854415894	0.23504358530044556	0.4132630228996277
N162F	-0.02504541724920273	0.22466307878494263	0.3975018560886383	0.33745887875556946	0.3660254180431366	0.22280500829219818	-0.23797038197517395	0.1384568065404892	0.2860229015350342	0.23379629850387573	0.19437146186828613
N162G	0.34083157777786255	0.46128928661346436	0.35847368836402893	0.5369697213172913	0.0006146356463432312	0.3206324577331543	0.9332775473594666	-0.17316566407680511	0.7289605140686035	0.26488927006721497	0.37727731466293335
N162H	0.23828014731407166	-0.1910899579524994	0.1530379205942154	0.22176110744476318	0.2807621955871582	0.15267391502857208	0.5090927481651306	0.13134799897670746	0.13525141775608063	0.22822865843772888	0.1859346181154251
N162I	0.3197326064109802	0.1716993749141693	0.3596014976501465	0.1851271241903305	0.3666117787361145	0.41720569133758545	0.1264784187078476	0.24184848368167877	0.23535971343517303	-0.16538693010807037	0.22582778334617615
N162K	0.45710670948028564	0.4076525568962097	0.22975808382034302	0.9734466075897217	0.4697728455066681	0.3082699179649353	0.8517047762870789	0.7970625758171082	0.6775281429290771	0.22586217522621155	0.5398164391517639
N162L	0.15929383039474487	0.41127848625183105	0.5576744079589844	0.33260753750801086	-0.032794952392578125	0.6322273015975952	0.4215836822986603	0.5972510576248169	0.4625834822654724	0.20695467293262482	0.37486594915390015
N162M	0.3277745842933655	-0.2101396918296814	-0.008246563374996185	0.1052057296037674	0.48281338810920715	0.32677972316741943	0.2770480811595917	-0.08019079267978668	-0.023450806736946106	0.18825170397758484	0.13858453929424286
N162P	-0.1146356537938118	0.06464586406946182	0.33543893694877625	0.4076634645462036	0.31662213802337646	-0.09448990225791931	0.12827691435813904	0.3615702986717224	0.231375589966774	-0.0692947655916214	0.15671727061271667
N162Q	0.42550548911094666	0.1649511158466339	0.2501121759414673	0.2760300636291504	0.5324957370758057	0.1743980348110199	0.777428150177002	0.35037660598754883	0.4098230004310608	0.2999531030654907	0.366107314825058
N162R	0.3592231869697571	0.19174885749816895	0.5179980993270874	0.8073582649230957	0.4500943124294281	0.2633185386657715	0.7849497199058533	0.45642417669296265	0.7160993814468384	0.17356142401695251	0.4720776081085205
N162S	0.3551139831542969	0.31202471256256104	0.3775445222854614	0.46447786688804626	0.3680279552936554	0.33720093965530396	0.6627227067947388	1.1277270317077637	0.5780887603759766	0.3103322386741638	0.4893260896205902
N162T	0.40652379393577576	0.20842665433883667	0.2952112555503845	0.42908281087875366	0.31991687417030334	0.3584975004196167	0.4951995313167572	0.5956292152404785	0.5782256722450256	0.1996486485004425	0.38863617181777954
N162V	0.21602943539619446	0.5544523000717163	0.5138795375823975	0.4595421850681305	0.11036661267280579	0.4382510185241699	0.21894480288028717	0.3876892924308777	0.63526850938797	0.16169895231723785	0.36961227655410767
N162W	0.09463351219892502	0.05062754452228546	-0.04082482308149338	-0.05651702359318733	0.10700022429227829	0.20418782532215118	0.22130250930786133	-0.25480055809020996	-0.18730752170085907	0.22135789692401886	0.03596595674753189
N162Y	0.1324787735939026	-0.08186962455511093	0.11896723508834839	0.19753684103488922	0.2983381450176239	0.11965495347976685	0.14192979037761688	-0.11831796169281006	0.03516361862421036	0.22259417176246643	0.10664759576320648
H163A	0.6187513470649719	0.7505018711090088	1.057920217514038	0.3865789473056793	0.28672778606414795	0.5409181118011475	0.8549133539199829	1.0257301330566406	0.5110050439834595	0.5217518210411072	0.6554798483848572
H163C	0.6219675540924072	0.26014646887779236	0.4106577932834625	0.003969550132751465	0.2366311103105545	0.908699095249176	0.257830411195755	0.48299187421798706	0.15576142072677612	0.25815629959106445	0.3596811890602112
H163D	0.43112829327583313	1.0244406461715698	0.6905251741409302	0.5563045740127563	0.33377620577812195	0.8580011129379272	0.208870992064476	0.5135172009468079	0.5945630669593811	0.2876017093658447	0.549872875213623
H163E	0.6842607855796814	0.8492688536643982	0.48628267645835876	0.4807843267917633	0.5775700807571411	0.5585795044898987	0.21439726650714874	0.2499287873506546	0.3135402202606201	0.508988082408905	0.49236005544662476
H163F	-0.001784779131412506	0.38306924700737	0.7357850074768066	0.2919609844684601	0.07613510638475418	0.2922971844673157	0.31063729524612427	0.5188685059547424	0.4246729612350464	0.39580976963043213	0.3427451252937317
H163G	0.9425575137138367	1.196275234222412	0.7829421758651733	0.6144087910652161	0.22778701782226562	0.7882832288742065	1.018641710281372	0.7728249430656433	0.653088390827179	0.7302743196487427	0.7727082967758179
H163I	0.4044772684574127	0.40606963634490967	0.49986502528190613	0.8143821358680725	0.2302417904138565	0.43844306468963623	0.6302170753479004	0.4938057065010071	0.38600480556488037	0.576985776424408	0.4880492091178894
H163K	0.6311116218566895	0.8648198246955872	1.1921292543411255	0.7937894463539124	0.36619141697883606	0.6736015677452087	0.7145252823829651	0.6217305660247803	0.485706627368927	0.5239796042442322	0.6867585182189941
H163L	0.22406494617462158	0.15740206837654114	0.45367786288261414	-0.6199016571044922	0.111249640583992	0.19179029762744904	-0.5038573145866394	0.4977334141731262	0.33069342374801636	-0.03179524838924408	0.08110573887825012
H163M	0.5122813582420349	0.35629621148109436	0.3336162269115448	0.31902793049812317	0.2918355464935303	0.8546885848045349	0.2550806403160095	0.53912752866745	0.1481439769268036	0.4249080419540405	0.40350061655044556
H163N	0.311752051115036	0.8419281244277954	0.5802567005157471	0.4680834114551544	0.21931037306785583	0.8029972314834595	0.11668630689382553	0.2591271996498108	0.4437102675437927	0.2767002582550049	0.43205517530441284
H163P	0.21072733402252197	0.22965386509895325	0.4904886782169342	0.4529721438884735	0.4170735776424408	0.5955610275268555	0.47127416729927063	0.3821302056312561	0.5220481753349304	-0.01173362135887146	0.37601956725120544
H163Q	0.44518527388572693	0.8256500363349915	0.5056663751602173	0.649412214756012	0.3090382218360901	0.864585280418396	0.5115370154380798	0.4976348280906677	0.5108314752578735	0.33373594284057617	0.5453276634216309
H163R	0.5386777520179749	1.1056339740753174	0.7550380229949951	0.6986933946609497	0.37857916951179504	0.6801097393035889	0.5854626297950745	0.6196137070655823	0.4653419852256775	0.2828878164291382	0.6110037565231323
H163S	0.6942306756973267	1.0888168811798096	0.8912217617034912	0.6476488709449768	0.23570436239242554	0.5863994359970093	0.42253902554512024	0.8194006681442261	0.5609952807426453	0.5150585770606995	0.6462015509605408
H163T	0.4571000337600708	0.9222740530967712	0.7760541439056396	0.6260519623756409	0.31171029806137085	0.46321552991867065	0.3917367160320282	0.7534121870994568	0.4817870259284973	0.42973315715789795	0.5613075494766235
H163V	0.07630128413438797	0.3341275155544281	0.5247524976730347	0.3863608241081238	0.12578900158405304	0.18039511144161224	-0.07672470062971115	0.2595039904117584	0.3585049510002136	0.29026347398757935	0.2459273785352707
H163W	0.4279199242591858	0.2335795760154724	0.33575674891471863	0.27733999490737915	0.39906325936317444	0.40216922760009766	0.1994692087173462	0.30309823155403137	0.28613966703414917	-0.08766093850135803	0.2776874601840973
H163Y	0.5124340653419495	0.16657152771949768	0.39207378029823303	0.19129760563373566	0.23868611454963684	0.6483859419822693	0.1556861251592636	0.35878998041152954	0.257744163274765	0.17200230062007904	0.3093671500682831
L164A	0.3929663300514221	0.21057531237602234	0.8599092960357666	0.7129312753677368	0.5767128467559814	0.5358901023864746	0.06005603075027466	1.11898934841156	1.2320489883422852	1.0393637418746948	0.673944354057312
L164C	0.38523489236831665	1.0672041177749634	1.0507184267044067	1.8641432523727417	0.7949221134185791	0.9647678136825562	0.3284299671649933	0.512382984161377	0.8875988125801086	0.11486087739467621	0.7970263957977295
L164D	0.4965563416481018	0.6531677842140198	0.7976597547531128	1.952589511871338	-0.10824626684188843	1.3728653192520142	0.06115853041410446	0.7692428827285767	0.27313607931137085	0.1325150430202484	0.6400644779205322
L164E	0.46515601873397827	0.4010702967643738	0.4932853877544403	0.6937967538833618	0.7405534982681274	0.7163249254226685	0.36416706442832947	1.0812073945999146	1.1328321695327759	0.9345585107803345	0.702295184135437
L164F	0.8495268225669861	0.5627185106277466	0.2990088164806366	1.4506090879440308	0.07080582529306412	0.7402980327606201	0.053255900740623474	1.6519508361816406	0.5368088483810425	0.2292836308479309	0.644426703453064
L164G	0.8284332156181335	-0.024549730122089386	0.17819806933403015	0.8186745047569275	0.7387409210205078	0.5396236181259155	0.9718723893165588	0.5646567940711975	1.042367935180664	1.361851692199707	0.7019869089126587
L164H	0.435322105884552	0.9733269214630127	1.0975968837738037	1.8986783027648926	0.8322136402130127	0.9955099821090698	0.49112406373023987	0.816709578037262	0.8724687099456787	0.22562626004219055	0.863857626914978
L164I	0.5682001709938049	0.6469324231147766	0.6660852432250977	1.3843485116958618	-0.03197510540485382	0.18532167375087738	-0.06994526088237762	1.6102885007858276	0.5618478655815125	0.2944828271865845	0.5815586447715759
L164K	0.32914671301841736	-0.3715362548828125	0.5674502849578857	0.8340814113616943	-0.13199684023857117	0.5881622433662415	0.3314944803714752	1.3043885231018066	0.2886444926261902	0.5743739604949951	0.4314208924770355
L164M	0.4175867438316345	1.079947829246521	1.1839698553085327	1.7928837537765503	0.7235639095306396	1.0270657539367676	0.377362996339798	0.8840594291687012	0.8822878003120422	0.13990896940231323	0.8508637547492981
L164N	0.3993329405784607	0.7570611238479614	0.6623449325561523	2.2240004539489746	0.4944579303264618	1.340226411819458	0.14525772631168365	1.1056973934173584	0.4173867702484131	0.15725815296173096	0.770302414894104
L164P	0.41501471400260925	0.8366285562515259	0.6277152299880981	1.704162836074829	0.5107132196426392	1.3423783779144287	0.5697212219238281	1.292931318283081	0.6887193918228149	0.6187137365341187	0.8606699109077454
L164Q	0.4558910131454468	0.8284339308738708	0.9776294231414795	2.1985926628112793	0.4821568429470062	1.359893798828125	0.2007720172405243	1.0702054500579834	0.6548934578895569	0.1735641062259674	0.8402032852172852
L164R	0.4536132216453552	0.26075154542922974	0.5749828815460205	1.7713943719863892	-0.4648002088069916	0.6792669296264648	-0.07001758366823196	1.2072641849517822	0.3023790121078491	-0.013001799583435059	0.47018328309059143
L164S	0.5069916248321533	-0.09205877035856247	0.13508473336696625	0.30958279967308044	0.1833130419254303	0.4499964118003845	0.6825913190841675	0.8703329563140869	0.5286591649055481	0.8153299689292908	0.4389823377132416
L164T	0.45399418473243713	0.05418131500482559	0.364204078912735	1.2884999513626099	-0.31579384207725525	0.2622150182723999	0.15987586975097656	0.8438745737075806	0.5369685888290405	0.4689154028892517	0.4116935133934021
L164V	0.4830949306488037	0.6383036971092224	1.7555880546569824	0.6234511137008667	0.7476651668548584	0.7713412642478943	0.7331086993217468	1.5760024785995483	1.1029067039489746	1.7641453742980957	1.0195608139038086
L164W	0.3720257878303528	1.0801414251327515	1.5040968656539917	2.3208682537078857	0.7188725471496582	1.186946988105774	0.5316503643989563	0.6794816851615906	0.9235653281211853	0.3208744525909424	0.9638522863388062
L164Y	0.4217142164707184	1.0420598983764648	1.232775330543518	2.095323324203491	0.8046129941940308	1.047776222229004	0.43140169978141785	0.7748663425445557	0.8501331210136414	0.2499806433916092	0.8950644731521606
