variant	version0	version1	version2	version3	version4	version5	version6	version7	version8	version9	prediction_score
M1A	35.61115646362305	33.125858306884766	9.844908714294434	20.939420700073242	2.8474960327148438	11.428674697875977	-5.905883312225342	33.27790451049805	6.702683925628662	-5.998392105102539	14.187382698059082
M1C	3.6922497749328613	39.52042770385742	6.223478317260742	-25.03903579711914	14.951025009155273	95.90254974365234	33.48660659790039	-4.453326225280762	4.585499286651611	12.762091636657715	18.163156509399414
M1D	12.994552612304688	5.475977897644043	20.707565307617188	-18.520259857177734	24.134992599487305	20.66628646850586	29.513700485229492	-2.8011391162872314	6.3935112953186035	4.351633548736572	10.291682243347168
M1E	9.691230773925781	6.595485687255859	15.451051712036133	-5.09185266494751	18.627365112304688	19.290939331054688	27.666683197021484	-13.136139869689941	4.477935314178467	3.6312549114227295	8.720396041870117
M1F	20.402498245239258	41.19990539550781	12.95578670501709	19.805925369262695	-0.3345802426338196	5.422951698303223	-4.6372389793396	21.779090881347656	6.765120029449463	-2.2716429233551025	12.108781814575195
M1G	28.74748420715332	13.325385093688965	8.210061073303223	7.315766334533691	7.131042957305908	17.164094924926758	2.3990063667297363	4.939055919647217	12.228154182434082	-21.02936553955078	8.043068885803223
M1H	3.141096353530884	43.11907196044922	2.18949294090271	-34.9168815612793	13.931048393249512	107.56366729736328	36.17010498046875	-4.279438495635986	2.6458370685577393	14.502740859985352	18.406675338745117
M1I	26.124032974243164	39.908687591552734	12.998255729675293	18.39683723449707	-5.24408483505249	19.62070083618164	-5.294209957122803	34.859291076660156	8.805644035339355	-2.4292798042297363	14.774587631225586
M1K	2.346011161804199	46.260318756103516	3.4957163333892822	-47.13969039916992	15.564501762390137	121.27318572998047	37.43021011352539	-1.3130582571029663	-1.889798879623413	18.780385971069336	19.480777740478516
M1L	14.120624542236328	90.73844909667969	27.321109771728516	31.960872650146484	-33.19731903076172	-6.607635021209717	-9.784600257873535	37.947914123535156	11.292766571044922	-7.9167866706848145	15.58753776550293
M1N	3.0449163913726807	34.579280853271484	4.696081638336182	-41.812801361083984	18.16327476501465	92.39246368408203	40.91666030883789	0.2755899131298065	2.0263783931732178	12.142666816711426	16.642452239990234
M1P	-1.3807450532913208	39.94797897338867	-0.500869870185852	-57.4225959777832	19.078649520874023	105.28546142578125	38.550193786621094	3.039715528488159	-13.295001983642578	14.152509689331055	14.74553108215332
M1Q	6.5728960037231445	21.792552947998047	12.07496166229248	-25.471858978271484	29.21403694152832	57.16032409667969	39.89277267456055	-3.4460268020629883	11.098382949829102	8.813692092895508	15.770174026489258
M1R	8.32373332977295	9.443612098693848	15.8820219039917	-23.669275283813477	32.93943405151367	42.34492874145508	45.587162017822266	-6.122717380523682	10.059460639953613	6.947381496429443	14.17357349395752
M1S	29.15135383605957	23.299657821655273	5.458714485168457	14.002111434936523	6.889030456542969	17.519107818603516	0.5785248875617981	20.47916030883789	7.550236225128174	-7.308645725250244	11.761924743652344
M1T	7.639899730682373	8.171027183532715	16.683774948120117	-8.5990629196167	28.794172286987305	26.015161514282227	36.82711410522461	-6.089632034301758	6.45635461807251	5.656301975250244	12.155511856079102
M1V	17.795406341552734	55.3145866394043	16.219594955444336	23.527681350708008	-13.165704727172852	10.991743087768555	-4.867624759674072	35.28506851196289	9.518611907958984	-3.0162954330444336	14.760307312011719
M1W	3.2431955337524414	68.30118560791016	-10.7441987991333	-36.43879699707031	10.732824325561523	171.1573944091797	22.59254264831543	-7.592528343200684	-20.045425415039062	33.53664779663086	23.474285125732422
M1Y	5.460204601287842	29.319059371948242	7.890563011169434	-17.31545066833496	19.840606689453125	74.55323028564453	38.04337692260742	-6.918356418609619	8.071381568908691	9.485105514526367	16.842973709106445
D2A	22.86249351501465	43.16290283203125	6.662850379943848	17.694074630737305	5.414185047149658	18.051753997802734	3.968977928161621	11.716524124145508	19.543794631958008	12.500267028808594	16.15778160095215
D2C	35.35464859008789	14.87714672088623	12.844324111938477	10.480024337768555	9.797160148620605	23.861719131469727	7.848503589630127	6.2564873695373535	11.650517463684082	7.196346282958984	14.016687393188477
D2E	27.39388084411621	33.08121871948242	4.816590309143066	13.727348327636719	9.663931846618652	22.72937774658203	9.136950492858887	13.230916976928711	16.831096649169922	11.359328269958496	16.197063446044922
D2F	12.46041488647461	23.383161544799805	1.8434202671051025	19.193674087524414	-0.9655362963676453	7.853384971618652	0.05526125803589821	5.384224891662598	12.286355972290039	10.030736923217773	9.152509689331055
D2G	26.26248550415039	30.060962677001953	-4.233444690704346	5.173463344573975	4.808001518249512	23.46700668334961	2.4790682792663574	14.499909400939941	14.045949935913086	10.254490852355957	12.68178939819336
D2H	39.30842208862305	15.341506004333496	14.294570922851562	6.106235504150391	12.209197998046875	25.868627548217773	8.419475555419922	6.961990833282471	11.968807220458984	8.43978214263916	14.891862869262695
D2I	7.69740629196167	34.76542282104492	1.3523691892623901	9.401505470275879	-0.9692372679710388	5.350759983062744	-2.404552459716797	1.8749481439590454	7.833539962768555	12.67817497253418	7.758033752441406
D2K	43.97281265258789	14.981805801391602	14.75952434539795	2.97843074798584	9.622725486755371	26.439430236816406	8.31114673614502	5.7638163566589355	12.556482315063477	4.910058975219727	14.429624557495117
D2L	4.127911567687988	7.300747871398926	-2.438718318939209	-3.023898124694824	2.75020170211792	3.453068971633911	-5.992698669433594	0.5158846974372864	1.570334792137146	5.164836406707764	1.3427670001983643
D2M	27.191608428955078	14.800296783447266	11.329561233520508	12.75585651397705	10.614788055419922	20.360679626464844	6.838161945343018	5.304697036743164	8.960112571716309	6.583702087402344	12.473946571350098
D2N	38.00860595703125	16.016048431396484	9.322246551513672	1.3796948194503784	6.915384292602539	24.221654891967773	5.733621597290039	7.224721908569336	12.346126556396484	0.5410618185997009	12.170916557312012
D2P	40.03163146972656	10.924691200256348	5.591124534606934	-5.303811550140381	4.423897743225098	21.148021697998047	-1.9177404642105103	2.7235267162323	9.557245254516602	-16.708276748657227	7.047030448913574
D2Q	31.441801071166992	23.056333541870117	9.374805450439453	9.446965217590332	11.566953659057617	23.70414161682129	9.4161958694458	10.665379524230957	14.143696784973145	7.9680705070495605	15.0784330368042
D2R	29.391223907470703	24.58164405822754	6.305179595947266	10.212488174438477	10.824987411499023	23.113462448120117	8.137030601501465	12.059224128723145	15.88314151763916	7.7744340896606445	14.828282356262207
D2S	28.08407211303711	38.214168548583984	4.9923176765441895	11.8177490234375	6.838613033294678	23.481307983398438	6.220942974090576	12.835051536560059	21.125579833984375	11.147574424743652	16.475736618041992
D2T	26.00380516052246	27.614580154418945	6.8634934425354	10.97131633758545	8.526006698608398	21.327007293701172	8.846227645874023	10.435461044311523	14.803973197937012	6.795631408691406	14.21875
D2V	7.034671306610107	32.18457794189453	0.8612470626831055	5.768523216247559	3.150529384613037	3.6444201469421387	-2.979810953140259	4.346497058868408	7.85144567489624	12.026129722595215	7.38882303237915
D2W	55.21238327026367	10.163165092468262	21.87574577331543	5.688281536102295	13.768165588378906	29.041507720947266	8.8305082321167	-2.1198673248291016	10.960884094238281	4.424801826477051	15.784558296203613
D2Y	33.43978500366211	14.90572452545166	10.67553997039795	9.965368270874023	9.992091178894043	22.85955810546875	8.00694465637207	7.223784446716309	11.984698295593262	5.517819881439209	13.457132339477539
G3A	24.31831932067871	36.76052474975586	6.159979343414307	18.210784912109375	7.945071220397949	18.601606369018555	3.7164249420166016	12.687614440917969	19.507417678833008	10.654402732849121	15.85621452331543
G3C	49.70573425292969	14.798162460327148	18.501333236694336	-13.874762535095215	16.717430114746094	21.79054069519043	1.3069002628326416	-10.514997482299805	5.452389240264893	9.026449203491211	11.290918350219727
G3D	34.33962631225586	23.31252098083496	13.638744354248047	3.6624271869659424	6.972064971923828	29.543949127197266	0.38939589262008667	8.415950775146484	7.492650508880615	11.866021156311035	13.963335037231445
G3E	32.200225830078125	29.123878479003906	12.463786125183105	6.568449020385742	7.583949089050293	25.417808532714844	3.2568492889404297	7.237667083740234	10.288299560546875	13.035723686218262	14.717663764953613
G3F	14.965275764465332	20.135990142822266	1.9310039281845093	12.706435203552246	3.954097032546997	12.657707214355469	0.8692063093185425	7.444284915924072	11.97941780090332	6.063864231109619	9.27072811126709
G3H	56.81784439086914	16.69346809387207	18.154830932617188	-13.257144927978516	16.82427215576172	22.681167602539062	1.9203776121139526	-6.047450542449951	5.709268569946289	10.129648208618164	12.962628364562988
G3I	10.741767883300781	31.3599853515625	0.3156677186489105	16.65225601196289	4.094640254974365	12.263984680175781	-0.022917088121175766	2.549062490463257	13.942018508911133	7.5131096839904785	9.940957069396973
G3K	62.812255859375	19.216236114501953	17.121644973754883	-14.924752235412598	18.040578842163086	23.716493606567383	1.119537591934204	-11.531513214111328	7.256981372833252	10.574833869934082	13.340229988098145
G3L	6.901333332061768	14.605624198913574	-9.441092491149902	13.778797149658203	8.402606964111328	8.043493270874023	5.602942943572998	4.222433090209961	20.35129737854004	4.633642673492432	7.710108280181885
G3M	41.38078689575195	13.694783210754395	15.156429290771484	-8.736438751220703	17.667755126953125	18.41684913635254	1.9186797142028809	-11.842577934265137	5.709375381469727	8.024324417114258	10.138996124267578
G3N	54.892940521240234	17.029666900634766	15.629362106323242	-11.229519844055176	10.399018287658691	27.477231979370117	-0.9029436707496643	-5.214554786682129	4.606420516967773	8.742386817932129	12.143000602722168
G3P	56.482513427734375	11.952407836914062	11.304481506347656	-19.743694305419922	10.620736122131348	22.616918563842773	-5.504064083099365	-18.573444366455078	1.4506624937057495	2.558753252029419	7.316526889801025
G3Q	41.734439849853516	21.940271377563477	17.050636291503906	-3.5820577144622803	11.59522819519043	26.784273147583008	1.6401360034942627	1.8279531002044678	7.257784843444824	10.858577728271484	13.710723876953125
G3R	34.05316162109375	24.88916015625	14.901168823242188	-1.7680306434631348	9.162430763244629	25.10664939880371	3.279649257659912	3.1412622928619385	7.983575344085693	9.996466636657715	13.074549674987793
G3S	30.229280471801758	34.805198669433594	8.718338966369629	12.00292682647705	8.22366714477539	24.287168502807617	2.0684304237365723	11.929527282714844	12.538243293762207	10.94101333618164	15.574378967285156
G3T	32.98892593383789	21.90635871887207	12.492260932922363	2.4735465049743652	8.500619888305664	23.80988883972168	2.4744508266448975	1.2021108865737915	7.701510906219482	10.014233589172363	12.356390953063965
G3V	11.746661186218262	36.00633239746094	0.1284012645483017	15.79289722442627	6.728402614593506	11.771431922912598	2.011457681655884	3.890923023223877	17.3397216796875	7.836983680725098	11.325321197509766
G3W	72.06304931640625	12.590444564819336	14.04465389251709	-22.15209197998047	27.93443489074707	17.329429626464844	2.2151832580566406	-20.026813507080078	4.397411823272705	11.488166809082031	11.988387107849121
G3Y	44.91011428833008	15.703965187072754	17.865764617919922	-11.777942657470703	15.607926368713379	21.95746612548828	1.8747913837432861	-6.169750213623047	5.269288063049316	7.562598705291748	11.28042221069336
T4A	21.21523666381836	41.1390380859375	-3.569077968597412	20.550548553466797	6.624313831329346	24.645606994628906	4.5771870613098145	13.802617073059082	8.312112808227539	16.77816390991211	15.407575607299805
T4C	30.302335739135742	16.7365779876709	25.592750549316406	18.714618682861328	6.861637115478516	19.34598159790039	9.951262474060059	8.946739196777344	10.624433517456055	11.609475135803223	15.868581771850586
T4D	31.58875846862793	27.339845657348633	13.408411979675293	10.234219551086426	3.939380645751953	26.000362396240234	9.819573402404785	13.098612785339355	8.953189849853516	12.111376762390137	15.649373054504395
T4E	26.533004760742188	30.706453323364258	9.890684127807617	17.07341766357422	4.217194080352783	25.108333587646484	10.783187866210938	12.678003311157227	8.693564414978027	13.566561698913574	15.925039291381836
T4F	15.9143648147583	38.254844665527344	1.4817243814468384	21.25379180908203	3.548612594604492	17.504472732543945	2.700756072998047	6.631009101867676	7.318828105926514	6.494704246520996	12.110311508178711
T4G	26.68157386779785	29.000314712524414	-0.9665569067001343	8.889056205749512	3.1153922080993652	20.784154891967773	6.313199043273926	12.572744369506836	6.223338603973389	13.682310104370117	12.629552841186523
T4H	32.23972702026367	17.237592697143555	28.247936248779297	18.74304962158203	7.254318714141846	20.086563110351562	10.145392417907715	9.216315269470215	11.294977188110352	13.128284454345703	16.759414672851562
T4I	12.278738975524902	40.591548919677734	0.6999425888061523	24.39383888244629	4.406563758850098	14.664237022399902	1.3404335975646973	-0.2857199013233185	6.980926990509033	11.06492805480957	11.613543510437012
T4K	36.30480194091797	18.404582977294922	27.82686996459961	17.934104919433594	7.485165596008301	22.410125732421875	10.618730545043945	9.354377746582031	12.848379135131836	13.713043212890625	17.690019607543945
T4L	3.455366373062134	25.600400924682617	-4.146147727966309	24.72627830505371	-1.0078047513961792	25.264793395996094	2.904818534851074	-26.654048919677734	12.049600601196289	2.3373453617095947	6.453060150146484
T4M	28.317562103271484	14.24482536315918	21.513477325439453	19.996971130371094	7.2255048751831055	15.33731460571289	8.898690223693848	9.565316200256348	9.26702880859375	8.494247436523438	14.286092758178711
T4N	33.54812240600586	19.92658042907715	21.628570556640625	14.323473930358887	5.872135162353516	20.423805236816406	8.662896156311035	10.066056251525879	9.959099769592285	10.339195251464844	15.474993705749512
T4P	29.47079849243164	14.283388137817383	20.215301513671875	11.803509712219238	6.701429843902588	18.20862579345703	7.224849700927734	8.897635459899902	7.662307262420654	6.517029762268066	13.098489761352539
T4Q	29.14820098876953	23.80569839477539	19.27259635925293	19.26548194885254	6.70246696472168	22.439741134643555	10.235116004943848	11.31112003326416	9.251985549926758	12.367008209228516	16.379941940307617
T4R	28.101276397705078	22.974153518676758	11.491223335266113	19.26695442199707	4.967230319976807	20.250553131103516	9.409796714782715	11.520713806152344	7.929581165313721	11.487257957458496	14.739873886108398
T4S	26.234296798706055	34.52293395996094	3.6393136978149414	11.829610824584961	3.5857293605804443	23.743690490722656	7.99185037612915	13.479808807373047	7.521138668060303	14.942234992980957	14.749059677124023
T4V	12.448554992675781	48.02549362182617	0.6397264003753662	27.131515502929688	6.156330108642578	21.094202041625977	1.1969794034957886	-5.3466267585754395	8.587543487548828	10.970383644104004	13.090408325195312
T4W	41.61441421508789	10.511592864990234	34.56257247924805	21.73326301574707	9.377616882324219	31.14670181274414	10.628989219665527	4.20198917388916	13.760733604431152	14.941988945007324	19.24798583984375
T4Y	26.837261199951172	16.87592887878418	21.66144561767578	16.420936584472656	7.92031717300415	18.466129302978516	9.51754093170166	9.84775161743164	8.569151878356934	9.631089210510254	14.574755668640137
R5A	24.839981079101562	30.39388084411621	-0.6332781314849854	19.596370697021484	5.222775936126709	17.311370849609375	4.090530872344971	14.383764266967773	9.663579940795898	15.871246337890625	14.074023246765137
R5C	45.61293029785156	22.98993492126465	15.550874710083008	7.798813343048096	9.354114532470703	22.6757755279541	5.824267864227295	7.589461326599121	12.415010452270508	13.405704498291016	16.32168960571289
R5D	33.42158889770508	34.92888259887695	2.925156354904175	8.118725776672363	5.211723327636719	20.86342430114746	5.876322269439697	12.083959579467773	8.993003845214844	20.277130126953125	15.269991874694824
R5E	31.379789352416992	35.05780792236328	1.7077211141586304	12.05897331237793	5.4194464683532715	19.908218383789062	6.1625447273254395	12.342182159423828	10.125030517578125	21.42769432067871	15.558939933776855
R5F	16.227603912353516	33.26585006713867	1.32770574092865	16.907703399658203	-1.5758800506591797	13.85799503326416	2.943535327911377	12.13289737701416	13.624368667602539	6.790114879608154	11.550189018249512
R5G	27.733274459838867	30.60946273803711	-3.379138231277466	6.246518135070801	2.1007003784179688	17.723846435546875	5.719716548919678	17.034408569335938	8.057610511779785	17.752094268798828	12.95984935760498
R5H	44.941402435302734	24.02610969543457	17.993349075317383	6.99436616897583	10.31839370727539	23.460235595703125	6.2974700927734375	7.859987258911133	12.205377578735352	16.59581184387207	17.069250106811523
R5I	16.516780853271484	29.433637619018555	-0.9427638053894043	18.680789947509766	2.3769359588623047	14.923486709594727	2.288850784301758	0.8714475631713867	10.787225723266602	8.962388038635254	10.389876365661621
R5K	50.879154205322266	24.053056716918945	14.846868515014648	5.243336200714111	9.481553077697754	23.093666076660156	6.50689697265625	7.985132217407227	11.413912773132324	16.265148162841797	16.97687339782715
R5L	0.43422842025756836	14.522647857666016	-4.039670944213867	22.083398818969727	2.085029125213623	15.655009269714355	5.355291843414307	-19.869407653808594	16.159183502197266	6.817263603210449	5.920297622680664
R5M	37.07863235473633	22.547136306762695	13.986806869506836	8.785996437072754	9.135072708129883	19.930959701538086	5.826903343200684	5.60394287109375	12.61189079284668	11.606138229370117	14.711347579956055
R5N	46.36336135864258	25.406564712524414	9.656938552856445	5.5604400634765625	7.497692108154297	21.880496978759766	5.607515335083008	7.707630157470703	9.485062599182129	16.98560333251953	15.615130424499512
R5P	45.93810272216797	20.107460021972656	9.782062530517578	3.5651285648345947	7.019796371459961	19.50975227355957	5.103041172027588	3.581650972366333	7.992417335510254	14.534553527832031	13.713397026062012
R5Q	36.82177734375	30.63035011291504	9.744853019714355	7.985862731933594	8.70455551147461	21.219440460205078	6.604457378387451	9.647175788879395	12.030049324035645	19.582122802734375	16.297061920166016
R5S	30.824474334716797	34.11090850830078	-0.3466378152370453	13.239513397216797	4.294768810272217	20.462413787841797	5.14488410949707	15.007833480834961	10.544657707214355	18.710603713989258	15.1993408203125
R5T	28.21236801147461	30.062379837036133	5.59080171585083	9.319830894470215	6.772170066833496	20.603050231933594	5.932860851287842	9.126838684082031	12.011077880859375	15.78040599822998	14.341178894042969
R5V	13.50731086730957	32.48619079589844	0.8092359304428101	22.16231918334961	5.113361358642578	16.890615463256836	3.2603821754455566	-2.2638001441955566	10.713396072387695	9.872779846191406	11.255178451538086
R5W	56.22215270996094	16.973031997680664	24.670032501220703	4.605930805206299	13.932552337646484	25.49397087097168	7.56699275970459	3.3734099864959717	14.355021476745605	14.201571464538574	18.139467239379883
R5Y	40.357669830322266	23.726411819458008	14.907904624938965	6.300879001617432	11.201814651489258	23.074146270751953	6.468001365661621	8.511624336242676	12.173255920410156	12.883852005004883	15.960556030273438
T6A	23.266742706298828	53.534332275390625	5.772353649139404	18.77485466003418	1.0252529382705688	21.13165855407715	-1.0247726440429688	3.5240986347198486	16.624141693115234	9.993727684020996	15.262239456176758
T6C	30.515918731689453	15.554443359375	5.902271270751953	-6.869668960571289	1.0874685049057007	12.314641952514648	5.800839900970459	0.3735332190990448	6.828355312347412	-0.511881411075592	7.099592685699463
T6D	26.775903701782227	34.08406066894531	0.9914886951446533	-2.416862964630127	3.7333030700683594	21.819320678710938	-4.489770889282227	2.4707274436950684	11.89144229888916	-1.6631114482879639	9.319650650024414
T6E	28.771528244018555	37.173763275146484	3.540225028991699	4.154372215270996	3.9106085300445557	19.477664947509766	-1.568185567855835	4.345458984375	14.048240661621094	2.4734089374542236	11.632707595825195
T6F	6.976190090179443	42.867774963378906	2.5926132202148438	26.49580192565918	-3.615990161895752	10.94482421875	-8.420218467712402	-1.3947134017944336	11.684039115905762	10.077407836914062	9.820772171020508
T6G	16.52570152282715	34.856021881103516	0.40246352553367615	-1.3045048713684082	1.7847179174423218	21.21014404296875	-3.549614429473877	4.977115631103516	10.216132164001465	-0.9541149735450745	8.41640567779541
T6H	33.02334976196289	15.742006301879883	4.87384557723999	-9.144514083862305	0.8867946863174438	13.926517486572266	4.641772270202637	0.31515464186668396	7.421829700469971	0.03599178045988083	7.172275543212891
T6I	7.275739669799805	50.413143157958984	1.9779809713363647	13.768272399902344	-2.812110662460327	11.728902816772461	-7.697139263153076	-3.8081281185150146	5.956628799438477	14.378056526184082	9.118135452270508
T6K	33.517520904541016	15.461149215698242	4.308384895324707	-14.289212226867676	0.8713439702987671	15.268733978271484	3.7243242263793945	-2.8486287593841553	5.892836093902588	-3.9118945598602295	5.799455642700195
T6L	3.3950934410095215	44.43354415893555	-5.558443069458008	1.8062914609909058	12.122262001037598	6.1589579582214355	-7.370151519775391	4.970131874084473	7.130367279052734	15.28158187866211	8.236963272094727
T6M	24.58152961730957	16.74129295349121	5.7567877769470215	2.687114953994751	1.0632165670394897	10.986978530883789	5.33657693862915	0.2958810031414032	5.310460567474365	-0.8338376879692078	7.192600250244141
T6N	26.837373733520508	17.50507164001465	0.0056400299072265625	-15.680241584777832	1.1005932092666626	15.816864013671875	-1.7372127771377563	-0.7411211729049683	7.155861854553223	-6.840526103973389	4.342230319976807
T6P	23.432634353637695	13.13490104675293	-1.878348469734192	-22.586557388305664	0.26891595125198364	15.323691368103027	-4.57774543762207	-6.817302227020264	4.395381450653076	-15.103225708007812	0.5592344403266907
T6Q	26.17839241027832	24.65007209777832	3.9490456581115723	-5.213767051696777	2.624058246612549	14.914501190185547	0.9805606603622437	2.8444056510925293	10.170228958129883	-0.21125513315200806	8.088624000549316
T6R	23.933818817138672	22.758451461791992	2.8292250633239746	-1.52808678150177	2.4342172145843506	13.653298377990723	-1.0630817413330078	5.809471607208252	10.313444137573242	-0.7524543404579163	7.83882999420166
T6S	24.953981399536133	45.21662902832031	5.006082057952881	7.273142337799072	0.822188138961792	22.456884384155273	-0.42543476819992065	2.025914192199707	14.516427993774414	3.2060840129852295	12.505189895629883
T6V	7.362318992614746	50.89102554321289	1.2376481294631958	12.547300338745117	0.4994918406009674	9.963547706604004	-10.812867164611816	-0.6737090349197388	7.611471652984619	13.657267570495605	9.228349685668945
T6W	47.22368621826172	7.073775291442871	8.653605461120605	-7.352714538574219	0.15768194198608398	16.180267333984375	7.096116065979004	-3.506255865097046	1.1684311628341675	-2.95444917678833	7.374014377593994
T6Y	25.083419799804688	17.018400192260742	4.416230201721191	-7.081636428833008	0.8190980553627014	14.92948055267334	4.588436603546143	1.2068350315093994	8.213215827941895	-1.3304462432861328	6.786304473876953
S7A	12.080713272094727	55.75386428833008	4.501713275909424	21.800804138183594	5.63265323638916	23.910451889038086	-1.3301706314086914	4.568979740142822	10.240439414978027	8.092281341552734	14.525174140930176
S7C	22.180734634399414	18.640356063842773	4.114750385284424	9.147716522216797	3.7320077419281006	16.0587100982666	3.4214768409729004	6.819402694702148	5.779876232147217	6.007435321807861	9.59024715423584
S7D	19.440908432006836	36.55682373046875	5.529294967651367	14.161977767944336	4.623836040496826	25.182340621948242	2.140923500061035	9.058815002441406	7.246906280517578	8.649222373962402	13.25910472869873
S7E	19.612808227539062	42.273094177246094	5.671749114990234	18.54373550415039	4.952484130859375	21.814016342163086	2.6910548210144043	8.254911422729492	8.569947242736816	9.166261672973633	14.155006408691406
S7F	4.924008846282959	56.57315444946289	2.658999443054199	18.189838409423828	3.4008846282958984	16.176189422607422	-4.838872909545898	1.030969262123108	7.685030460357666	3.477302074432373	10.927748680114746
S7G	15.613577842712402	31.520050048828125	0.24625033140182495	15.51814079284668	4.685410976409912	22.67157745361328	0.0898064374923706	10.07242202758789	7.832989692687988	6.8617424964904785	11.511197090148926
S7H	21.967470169067383	17.06046485900879	3.554807186126709	9.086256980895996	3.903409481048584	15.283177375793457	4.380122661590576	9.03805160522461	5.768713474273682	7.5282182693481445	9.75706958770752
S7I	4.516114234924316	59.52341842651367	1.8421450853347778	24.546642303466797	5.575874328613281	17.80659294128418	-3.5216455459594727	2.8992905616760254	8.82565975189209	5.364035129547119	12.737813949584961
S7K	23.760988235473633	17.919843673706055	3.53934645652771	8.87665843963623	3.7474963665008545	17.01983642578125	4.894093990325928	9.676482200622559	6.301571369171143	8.0237398147583	10.376006126403809
S7L	0.09382691234350204	45.98313522338867	-9.108448028564453	25.4932804107666	-2.212263584136963	8.287487983703613	-0.884060800075531	-4.962591648101807	12.2014741897583	11.638096809387207	8.652994155883789
S7M	17.36397361755371	21.122514724731445	6.99714994430542	11.171455383300781	4.737942695617676	13.879341125488281	3.8573291301727295	5.29099178314209	5.106334209442139	3.4751904010772705	9.300222396850586
S7N	21.803443908691406	19.223764419555664	1.4524732828140259	8.326854705810547	3.5529916286468506	18.475378036499023	3.5127899646759033	9.092665672302246	5.790635585784912	6.761127471923828	9.799211502075195
S7P	20.865949630737305	15.759336471557617	0.8693444728851318	5.30527925491333	4.179776668548584	18.527551651000977	2.3934292793273926	8.874332427978516	4.137147903442383	4.549345016479492	8.546148300170898
S7Q	21.24846839904785	31.59333610534668	6.217367172241211	12.675480842590332	4.248678207397461	19.387861251831055	4.576217174530029	8.521693229675293	7.323147296905518	7.703518867492676	12.349577903747559
S7R	20.301753997802734	29.812597274780273	5.28123140335083	13.125133514404297	4.288995742797852	19.259206771850586	3.736619234085083	9.06820297241211	7.178404808044434	7.090784549713135	11.914292335510254
S7T	17.453187942504883	33.97397232055664	5.960112571716309	15.119734764099121	5.813079357147217	21.952239990234375	3.4179203510284424	6.604525566101074	8.180798530578613	5.236627578735352	12.371220588684082
S7V	3.767651319503784	67.46981811523438	0.5427020788192749	28.19907569885254	7.135672092437744	18.453960418701172	-2.6104378700256348	1.8932448625564575	11.854743003845215	7.047229290008545	14.375364303588867
S7W	25.63671112060547	11.056797981262207	7.357586860656738	7.75545072555542	2.6246085166931152	16.32406997680664	4.880629062652588	6.544708251953125	5.284016132354736	7.485965728759766	9.495054244995117
S7Y	18.815534591674805	22.774946212768555	3.8739399909973145	8.742240905761719	4.041950702667236	16.930702209472656	2.9868004322052	7.693325996398926	6.360330104827881	4.623189926147461	9.684296607971191
L8A	25.27547264099121	20.368976593017578	-0.41333693265914917	17.84476661682129	8.052502632141113	7.888155937194824	-0.946659505367279	-21.262237548828125	6.086604595184326	5.5580010414123535	6.845223903656006
L8C	27.860294342041016	1.8691940307617188	3.673480987548828	-10.55899429321289	0.10652320832014084	3.812936782836914	-2.820707321166992	0.8751298785209656	4.5227251052856445	-2.832382917404175	2.650820255279541
L8D	28.162036895751953	11.828275680541992	-0.3355763852596283	-17.563209533691406	-0.864180862903595	7.137288570404053	-10.47242259979248	-6.201345443725586	5.509468078613281	-1.3341313600540161	1.5866203308105469
L8E	29.746732711791992	19.620115280151367	-0.39621174335479736	-0.8573241233825684	2.2068684101104736	4.467204570770264	-5.772472858428955	-5.875121116638184	6.707622528076172	1.9002820253372192	5.174769401550293
L8F	16.152667999267578	14.943509101867676	-0.053718745708465576	18.355146408081055	3.5834238529205322	8.861923217773438	0.8649558424949646	-29.00564193725586	3.3465867042541504	3.852391481399536	4.090124607086182
L8G	16.729284286499023	14.655555725097656	-11.294289588928223	-13.054360389709473	0.8360924124717712	6.699977397918701	-6.58265495300293	-5.555910110473633	3.623291492462158	1.4098963737487793	0.746688187122345
L8H	31.733104705810547	2.3877878189086914	4.43756103515625	-9.235727310180664	0.12833929061889648	3.987907886505127	-1.865025520324707	0.20933018624782562	3.7938385009765625	-0.6073476672172546	3.496976852416992
L8I	8.426458358764648	30.665163040161133	-4.030674934387207	12.103580474853516	6.540294170379639	7.852757930755615	-3.987011432647705	-17.92021369934082	3.291447639465332	4.001617431640625	4.694341659545898
L8K	32.17842102050781	3.316683769226074	5.5200090408325195	-17.752607345581055	-1.4455431699752808	3.9272100925445557	-1.3656350374221802	-3.8935494422912598	2.7046613693237305	-2.270920991897583	2.0918729305267334
L8M	21.748632431030273	4.078144073486328	2.917560577392578	-9.383292198181152	0.5874210596084595	4.813490867614746	0.028694991022348404	0.15557144582271576	3.5832369327545166	-4.302740573883057	2.4226720333099365
L8N	28.60443687438965	5.2246599197387695	3.9796457290649414	-24.90633201599121	-2.0662877559661865	4.002891540527344	-7.913873195648193	-5.601567268371582	2.335418462753296	-1.6146572828292847	0.20443348586559296
L8P	18.10777473449707	-0.46334996819496155	2.630338668823242	-37.24170684814453	-5.447942733764648	1.1788978576660156	-9.69095230102539	-7.671119213104248	-0.47856515645980835	-8.033868789672852	-4.711049556732178
L8Q	31.497121810913086	8.849681854248047	3.1428885459899902	-8.265722274780273	-0.017373211681842804	4.236452102661133	-5.701353549957275	-3.2841293811798096	3.8452999591827393	0.002978973090648651	3.430583953857422
L8R	31.903657913208008	9.45582389831543	2.1440155506134033	-8.942695617675781	0.07400303333997726	4.640402317047119	-9.592951774597168	-1.7939051389694214	4.234928131103516	0.3183417320251465	3.244161605834961
L8S	29.892480850219727	17.713808059692383	-4.124753475189209	5.5430426597595215	2.7932510375976562	7.362180233001709	-6.162252426147461	-9.238791465759277	4.925114154815674	4.849060535430908	5.355313301086426
L8T	29.47876739501953	10.289008140563965	0.9438806772232056	-5.208819389343262	-0.44108131527900696	4.80837345123291	-7.668596267700195	-3.6274049282073975	3.9934754371643066	-0.7056829929351807	3.1861917972564697
L8V	10.575647354125977	30.94878387451172	-3.743488073348999	16.22081756591797	6.319881916046143	7.768707752227783	-0.8972321152687073	-18.853267669677734	4.923215389251709	4.995270729064941	5.825833320617676
L8W	28.30999183654785	-0.9906880855560303	6.673401355743408	-15.934636116027832	3.262035369873047	6.28839111328125	2.5337653160095215	3.3486316204071045	1.0768523216247559	-17.572004318237305	1.6995741128921509
L8Y	27.92854118347168	3.3407955169677734	3.2769906520843506	-13.746728897094727	-1.7140213251113892	4.1281352043151855	-2.963090181350708	0.7897849082946777	3.6109490394592285	-2.3483529090881348	2.230300188064575
D9A	22.746610641479492	40.853851318359375	2.4824869632720947	7.9542622566223145	7.813835144042969	11.133779525756836	-2.286750316619873	-1.4839826822280884	15.462066650390625	7.126925945281982	11.18030834197998
D9C	34.35531997680664	11.766239166259766	4.749836444854736	3.035268545150757	3.0157885551452637	21.243967056274414	1.5193512439727783	-5.595020771026611	8.263813018798828	-8.296035766601562	7.4058518409729
D9E	29.106870651245117	24.149900436401367	4.305954933166504	0.8788065910339355	7.092199802398682	20.092947006225586	-6.644190311431885	5.040578842163086	14.581549644470215	-4.88434362411499	9.372027397155762
D9F	13.112449645996094	31.666358947753906	0.7484139204025269	8.11283016204834	4.337388038635254	6.155613899230957	-7.2853546142578125	-7.41918420791626	9.357751846313477	7.399038314819336	6.618531227111816
D9G	26.68488311767578	22.797374725341797	1.9541224241256714	0.6239796876907349	6.266404151916504	22.930625915527344	-6.931489944458008	3.739410877227783	11.817946434020996	-5.513598918914795	8.436965942382812
D9H	37.738948822021484	11.203792572021484	5.145251274108887	1.8143856525421143	4.365671157836914	26.21353530883789	0.29925984144210815	-3.3927299976348877	8.970012664794922	-9.127504348754883	8.3230619430542
D9I	7.817779541015625	30.416580200195312	-0.46986958384513855	4.1030707359313965	0.32790690660476685	2.8694562911987305	-10.784045219421387	-2.333357572555542	4.895246982574463	8.3273344039917	4.517010688781738
D9K	40.404544830322266	9.775655746459961	2.637568950653076	0.6690391302108765	5.199127197265625	28.90607452392578	0.6731979250907898	-7.698193550109863	8.026644706726074	-19.392257690429688	6.920139312744141
D9L	3.164513111114502	25.171419143676758	-3.6586172580718994	-0.9845155477523804	-0.8328790068626404	2.786210536956787	-11.99885368347168	3.777726173400879	-2.4538238048553467	-1.5210808515548706	1.3450098037719727
D9M	27.848731994628906	11.093606948852539	3.300015449523926	6.346086502075195	3.2813637256622314	15.093655586242676	1.342366099357605	-2.9620046615600586	6.276749610900879	-14.427668571472168	5.719290733337402
D9N	36.44285202026367	12.962118148803711	2.0484609603881836	0.13546597957611084	5.052707195281982	24.840105056762695	-5.547713279724121	-3.9252147674560547	8.836484909057617	-21.486759185791016	5.935851097106934
D9P	30.469480514526367	8.231614112854004	-2.4450786113739014	-5.426761150360107	4.66533899307251	24.198863983154297	-14.225142478942871	-13.866888046264648	7.752439022064209	-37.97502517700195	0.13788414001464844
D9Q	31.363759994506836	16.26413917541504	3.9109649658203125	2.439852237701416	6.097402572631836	22.372400283813477	-1.5174996852874756	0.26661595702171326	11.297586441040039	-10.655766487121582	8.183944702148438
D9R	28.94877815246582	16.215442657470703	4.198413848876953	4.388352870941162	5.8857197761535645	21.55413055419922	-2.386514663696289	3.541210174560547	13.206082344055176	-9.89063835144043	8.5660982131958
D9S	25.248363494873047	35.36051940917969	4.555715084075928	3.540682315826416	7.1418938636779785	21.109630584716797	-8.245622634887695	-0.9735294580459595	17.062664031982422	-2.5908491611480713	10.220947265625
D9T	28.74302101135254	21.122665405273438	4.02760124206543	3.5664005279541016	7.085150718688965	18.241886138916016	-4.630034923553467	0.5361202955245972	13.430755615234375	-9.498878479003906	8.262468338012695
D9V	7.032329559326172	32.16275405883789	-0.819520115852356	3.4288768768310547	2.2811965942382812	2.1030497550964355	-12.32474422454834	1.894518494606018	5.786174774169922	6.115896224975586	4.766053676605225
D9W	48.111053466796875	2.958544969558716	7.584531307220459	0.7525240182876587	5.330999374389648	30.48807716369629	3.341840982437134	-8.366097450256348	6.102901458740234	-15.250913619995117	8.1053466796875
D9Y	30.77106475830078	12.654874801635742	3.837294340133667	4.2483811378479	3.923182964324951	20.846452713012695	0.867305338382721	-1.8625459671020508	9.701203346252441	-9.630374908447266	7.535684108734131
I10A	28.554780960083008	37.850257873535156	5.780196666717529	21.355802536010742	1.5043554306030273	6.710171699523926	1.7734026908874512	-4.9155120849609375	13.298073768615723	7.505623817443848	11.941715240478516
I10C	35.838199615478516	3.3083267211914062	5.570064544677734	2.421830177307129	0.31900376081466675	1.3462560176849365	4.790187835693359	2.642489433288574	9.292208671569824	1.824235200881958	6.7352800369262695
I10D	28.2675724029541	11.844064712524414	2.929058790206909	0.11660727858543396	4.426501274108887	4.511532783508301	0.8185234665870667	4.835841178894043	5.9564995765686035	-0.0677991583943367	6.363840579986572
I10E	34.06490707397461	14.403165817260742	3.6263465881347656	10.982535362243652	4.142598628997803	6.2944464683532715	3.075324058532715	7.519360542297363	8.925419807434082	4.620828151702881	9.765493392944336
I10F	8.052945137023926	27.381607055664062	1.6120623350143433	26.03685760498047	-4.416076183319092	7.944751739501953	1.483885407447815	-4.240584850311279	11.760197639465332	8.174417495727539	8.379006385803223
I10G	26.36872673034668	10.662869453430176	-1.5704983472824097	-3.2383627891540527	0.590370237827301	4.830306529998779	-1.5160517692565918	5.378626823425293	6.0219221115112305	-0.14284664392471313	4.73850679397583
I10H	39.68608474731445	3.875166654586792	5.293549060821533	1.8190304040908813	0.7139691114425659	3.4781455993652344	4.430817604064941	2.8511674404144287	7.06514835357666	3.2417938709259033	7.245487213134766
I10K	41.60091018676758	2.3246653079986572	4.270484924316406	-1.0119493007659912	0.5980492234230042	3.6714017391204834	3.779001474380493	-1.1044126749038696	5.043751239776611	0.7410954236984253	5.991300106048584
I10L	1.9204548597335815	26.068740844726562	-3.3028388023376465	9.061427116394043	8.150799751281738	13.517234802246094	10.419417381286621	6.063785552978516	15.56545639038086	22.796175003051758	11.0260648727417
I10M	36.91847610473633	6.034855365753174	5.4912943840026855	4.123369216918945	0.3013002276420593	4.352888584136963	6.808860778808594	2.0285964012145996	9.033575057983398	1.598697543144226	7.669190883636475
I10N	32.823551177978516	3.2382001876831055	3.239314079284668	-4.3687310218811035	1.0748716592788696	3.5936007499694824	2.298722267150879	0.8501642346382141	4.608608722686768	-0.6166033744812012	4.674169540405273
I10P	31.080259323120117	-1.2659651041030884	-0.26171720027923584	-13.661691665649414	1.7085055112838745	4.171433448791504	1.699573040008545	-6.553056716918945	1.9228343963623047	-13.150248527526855	0.5689927339553833
I10Q	35.49946975708008	9.175703048706055	4.72485876083374	4.11419677734375	2.697842836380005	4.422477722167969	4.468117713928223	3.41133189201355	8.873514175415039	3.646366834640503	8.103387832641602
I10R	31.171829223632812	7.685159206390381	4.204682350158691	0.9848480224609375	1.4960108995437622	4.187644958496094	4.9777750968933105	5.397931098937988	8.776144027709961	2.3233468532562256	7.120536804199219
I10S	31.215505599975586	20.77119255065918	4.55782413482666	14.67029094696045	1.8553475141525269	7.425192356109619	-0.49980539083480835	1.5687122344970703	10.466411590576172	3.40830397605896	9.54389762878418
I10T	32.60626220703125	12.101997375488281	5.075331211090088	5.84402322769165	2.07401704788208	4.788209438323975	5.847912788391113	4.730636119842529	9.360074043273926	1.8668674230575562	8.429533004760742
I10V	6.493325710296631	36.68061065673828	1.4659944772720337	17.434274673461914	4.896684169769287	9.056440353393555	8.200196266174316	-4.271821022033691	13.117155075073242	15.063666343688965	10.813652992248535
I10W	43.56967544555664	-2.6312952041625977	6.995837211608887	1.8307883739471436	-0.40090930461883545	12.741086959838867	6.086637496948242	-7.914949893951416	2.1723883152008057	-0.4982757568359375	6.195098876953125
I10Y	34.44243240356445	4.88907527923584	5.075786590576172	1.1788134574890137	0.34363311529159546	2.052577257156372	5.172098636627197	1.650014042854309	9.45571231842041	0.8020622134208679	6.506220817565918
E11A	45.22306823730469	41.14522171020508	4.3354811668396	26.2545108795166	8.143754959106445	19.030902862548828	1.6797163486480713	18.12479019165039	13.76127815246582	14.912216186523438	19.261093139648438
E11C	48.98858642578125	31.163471221923828	21.430906295776367	15.455920219421387	5.285001754760742	16.399656295776367	6.3946075439453125	8.392671585083008	21.08487319946289	16.889442443847656	19.148513793945312
E11D	46.76847839355469	40.37491226196289	9.095651626586914	11.630260467529297	4.161731719970703	24.71708869934082	2.559849262237549	12.633260726928711	19.60962677001953	18.001070022583008	18.955190658569336
E11F	25.730440139770508	40.56282043457031	2.196316719055176	25.922407150268555	6.188110828399658	15.82967758178711	0.5172073245048523	15.004663467407227	12.947580337524414	8.74017333984375	15.363940238952637
E11G	53.16916275024414	40.95623016357422	-3.360895872116089	6.3084235191345215	4.92710018157959	21.72088623046875	2.7974109649658203	16.079570770263672	14.887819290161133	21.07302474975586	17.85587501525879
E11H	51.30565643310547	31.93183708190918	21.406219482421875	14.94011402130127	5.7705769538879395	17.247859954833984	6.83718204498291	8.635477066040039	22.06855583190918	18.44458770751953	19.858806610107422
E11I	24.13593292236328	41.89958572387695	5.880321025848389	24.20813751220703	6.192033290863037	15.629924774169922	2.302213191986084	9.493452072143555	14.127272605895996	11.13182258605957	15.500070571899414
E11K	54.31367111206055	34.52714538574219	21.195329666137695	11.823280334472656	4.475366115570068	18.544330596923828	7.618499279022217	8.781003952026367	22.50380516052246	19.210906982421875	20.299333572387695
E11L	15.71855354309082	38.52962112426758	-5.835762977600098	28.791704177856445	8.536918640136719	22.707218170166016	2.304318428039551	-31.740032196044922	10.812874794006348	13.331857681274414	10.315727233886719
E11M	40.90955352783203	31.627674102783203	18.430744171142578	15.951092720031738	4.444675445556641	15.32060432434082	10.667704582214355	7.895709037780762	17.831661224365234	14.586198806762695	17.76656150817871
E11N	51.2757453918457	33.765567779541016	15.15900993347168	9.008289337158203	3.3878800868988037	18.278146743774414	2.2842957973480225	9.609199523925781	19.73602294921875	17.455699920654297	17.995988845825195
E11P	47.82125473022461	31.683568954467773	11.91519832611084	0.9140176773071289	0.7780646085739136	16.845884323120117	3.094992160797119	7.483588218688965	14.745591163635254	15.462030410766602	15.074419975280762
E11Q	45.14171600341797	39.33872985839844	14.964731216430664	16.72463035583496	5.729065418243408	18.853076934814453	6.2836809158325195	11.060215950012207	21.80430030822754	17.889610290527344	19.778976440429688
E11R	46.84400177001953	37.7000732421875	11.126145362854004	17.81971549987793	5.804992198944092	19.206100463867188	3.213170051574707	11.539445877075195	21.00994873046875	18.486513137817383	19.27501106262207
E11S	48.263370513916016	44.1065673828125	6.223560333251953	20.629789352416992	6.216317653656006	24.326095581054688	3.447601795196533	17.504501342773438	17.151897430419922	18.29900550842285	20.616870880126953
E11T	40.0649528503418	37.22578048706055	13.073205947875977	20.839685440063477	5.0577168464660645	19.536888122558594	6.9394097328186035	11.641578674316406	20.82415771484375	16.662546157836914	19.18659210205078
E11V	28.385766983032227	42.521419525146484	5.660797119140625	28.117916107177734	4.568726062774658	17.89219093322754	1.3136533498764038	6.954249858856201	14.543257713317871	11.1801176071167	16.11380958557129
E11W	59.63469696044922	24.193334579467773	31.801183700561523	9.703285217285156	1.364322543144226	19.155847549438477	13.627381324768066	-4.3921613693237305	16.41900634765625	18.93648338317871	19.04433822631836
E11Y	47.375633239746094	30.81922721862793	19.269535064697266	13.046178817749023	5.253781318664551	16.0241641998291	5.631287097930908	9.219377517700195	20.362228393554688	15.201699256896973	18.220312118530273
E12A	38.71004867553711	46.73176574707031	7.131952285766602	20.53782081604004	7.089451789855957	15.91479778289795	1.8544360399246216	7.780494689941406	23.112939834594727	11.823779106140137	18.068748474121094
E12C	46.01227951049805	12.672859191894531	8.12131118774414	6.367184162139893	3.5976154804229736	13.64736557006836	5.531525135040283	6.158905029296875	13.25061321258545	7.736923694610596	12.309659004211426
E12D	51.99583053588867	28.328393936157227	2.7211756706237793	5.0507612228393555	4.738485336303711	22.093856811523438	2.664700984954834	9.269933700561523	12.863500595092773	5.897701740264893	14.562434196472168
E12F	16.650644302368164	44.46286392211914	2.5575625896453857	21.362014770507812	1.0639370679855347	9.918252944946289	-3.007161855697632	-5.993523597717285	17.594938278198242	12.276917457580566	11.688644409179688
E12G	46.988853454589844	27.257719039916992	-0.15242236852645874	5.540956497192383	3.1229732036590576	18.917194366455078	-2.0407400131225586	10.892980575561523	13.241592407226562	7.923715114593506	13.169282913208008
E12H	52.97285079956055	12.96615219116211	8.460734367370605	3.849670648574829	3.741680383682251	16.64881134033203	5.03457498550415	6.273015022277832	13.302295684814453	11.051259994506836	13.43010425567627
E12I	13.461373329162598	46.008094787597656	1.5569101572036743	13.059948921203613	2.6875312328338623	7.8920416831970215	-1.796169400215149	-6.7091965675354	11.810247421264648	15.953251838684082	10.392403602600098
E12K	58.2783317565918	12.938779830932617	6.099773406982422	1.7985607385635376	3.7389719486236572	18.697702407836914	4.281904697418213	3.4751875400543213	13.53267765045166	9.576282501220703	13.241816520690918
E12L	3.5572757720947266	17.451196670532227	-8.129695892333984	7.184147357940674	7.429909706115723	3.544882297515869	-1.5873370170593262	2.0648467540740967	5.421131610870361	24.476696014404297	6.141304969787598
E12M	44.30063247680664	10.867137908935547	7.29246711730957	5.973273277282715	3.093245506286621	11.596866607666016	5.408117771148682	4.917644500732422	10.16645622253418	5.324478626251221	10.89403247833252
E12N	52.89823532104492	14.642477035522461	1.5513612031936646	1.476636290550232	3.2923240661621094	18.75687026977539	3.0198750495910645	5.238763332366943	12.786273956298828	5.416703701019287	11.907951354980469
E12P	52.533023834228516	11.281244277954102	-0.8396338224411011	-9.849148750305176	1.8073102235794067	15.968559265136719	0.04580933228135109	-5.683532238006592	10.182127952575684	-3.014091968536377	7.243166923522949
E12Q	47.68753433227539	17.547019958496094	4.049825668334961	4.981988430023193	5.424947261810303	17.721885681152344	5.486026287078857	9.274507522583008	13.830405235290527	8.956295013427734	13.49604320526123
E12R	42.78907012939453	16.561113357543945	3.9513320922851562	5.0503668785095215	5.2253522872924805	15.542641639709473	6.11550235748291	9.3875093460083	14.124625205993652	6.845880508422852	12.55933952331543
E12S	47.22441482543945	40.454681396484375	6.455533027648926	14.718223571777344	4.750279426574707	23.52999496459961	4.049269676208496	9.749306678771973	19.9454288482666	7.496928691864014	17.8374080657959
E12T	46.347869873046875	24.44871711730957	4.860127925872803	7.927554607391357	5.243717193603516	16.254751205444336	6.089528560638428	8.17502212524414	15.621855735778809	5.33113431930542	14.030027389526367
E12V	10.087851524353027	47.928932189941406	0.1303049623966217	12.233531951904297	5.242474555969238	8.915848731994629	-4.205345153808594	-0.5921271443367004	12.62241268157959	17.944135665893555	11.030802726745605
E12W	64.32610321044922	7.08664083480835	11.095562934875488	0.550521969795227	3.986530303955078	18.771406173706055	5.019268989562988	-2.9422740936279297	10.761775016784668	7.161321640014648	12.581686019897461
E12Y	45.37073516845703	14.942743301391602	7.663204669952393	5.532641410827637	4.09413480758667	14.534635543823242	5.125686168670654	5.498556137084961	13.26771068572998	5.46795654296875	12.149800300598145
Y13A	11.63746166229248	11.230630874633789	-0.4261343479156494	15.474536895751953	-1.48265540599823	2.9985313415527344	-3.822793483734131	-4.664350509643555	12.700749397277832	1.9041820764541626	4.55501651763916
Y13C	19.26540184020996	0.5991225838661194	1.5525418519973755	-1.3002912998199463	-6.806461334228516	5.101991176605225	-10.196465492248535	-28.185747146606445	13.658193588256836	-26.297780990600586	-3.2609493732452393
Y13D	10.191877365112305	5.945628643035889	-2.094531536102295	0.5424821376800537	-13.866390228271484	4.866754531860352	-5.367627143859863	-24.442197799682617	14.87073802947998	-7.3775153160095215	-1.673077940940857
Y13E	12.338970184326172	6.934230804443359	-1.3899095058441162	5.730266094207764	-8.372172355651855	4.225348949432373	-3.2761189937591553	-17.918106079101562	10.857625961303711	-5.336755752563477	0.379337877035141
Y13F	13.767252922058105	15.101142883300781	0.5774703025817871	16.959577560424805	-3.7360265254974365	3.656315326690674	7.647995471954346	-14.28812026977539	3.0148606300354004	3.331707715988159	4.603217601776123
Y13G	7.800321578979492	6.016152381896973	-3.4301834106445312	1.7405232191085815	-12.61373519897461	6.493892192840576	-5.016953468322754	-1.8700989484786987	14.524324417114258	-4.971034526824951	0.8673208355903625
Y13H	24.893957138061523	2.332611560821533	2.080540657043457	-3.2623484134674072	-5.763720512390137	6.453135967254639	-9.4844331741333	-29.18821144104004	12.855588912963867	-29.738073348999023	-2.8820950984954834
Y13I	10.955633163452148	14.320632934570312	-0.06290134787559509	19.818674087524414	-5.319238185882568	2.8956220149993896	9.443282127380371	-4.970707893371582	5.077451229095459	3.5158073902130127	5.567425727844238
Y13K	24.52705192565918	2.5098586082458496	1.9070565700531006	-2.088280439376831	-7.172810077667236	6.054975986480713	-7.345454216003418	-36.94826889038086	13.107443809509277	-30.481687545776367	-3.5930113792419434
Y13L	4.4872541427612305	9.899843215942383	2.6521337032318115	13.85706901550293	6.514179706573486	12.628552436828613	23.004798889160156	2.453794240951538	9.601834297180176	9.549139022827148	9.464860916137695
Y13M	19.778268814086914	1.3161382675170898	2.2406463623046875	-4.462350845336914	-4.492635726928711	5.335586071014404	-8.372038841247559	-30.395084381103516	8.746517181396484	-27.718961715698242	-3.802391767501831
Y13N	16.375185012817383	3.0615434646606445	0.1964263916015625	-6.334360122680664	-9.038422584533691	6.794927597045898	-9.187456130981445	-30.94460678100586	13.93696117401123	-25.176877975463867	-4.031668186187744
Y13P	10.625649452209473	1.6655075550079346	-4.457945346832275	-15.660183906555176	-12.87256145477295	4.786491870880127	-6.930634498596191	-42.45188522338867	10.312938690185547	-30.149274826049805	-8.513189315795898
Y13Q	14.483620643615723	4.054247856140137	0.473062664270401	0.780469536781311	-6.899378776550293	4.9010467529296875	-7.312591075897217	-27.207334518432617	11.088829040527344	-17.519067764282227	-2.3157095909118652
Y13R	15.735153198242188	4.1931586265563965	0.420927494764328	0.668593168258667	-6.389953136444092	4.878286361694336	-3.043280601501465	-22.344036102294922	9.811403274536133	-15.971124649047852	-1.204087495803833
Y13S	8.123327255249023	7.406249523162842	-2.7622973918914795	2.819225549697876	-10.027281761169434	4.416473388671875	-4.548708438873291	-13.597116470336914	18.302566528320312	0.871623158454895	1.1004061698913574
Y13T	8.51147174835205	2.8898749351501465	0.10402733087539673	1.6012376546859741	-8.427788734436035	3.389913558959961	-6.399722576141357	-19.674287796020508	11.51988697052002	-9.751307487487793	-1.6236693859100342
Y13V	8.82323169708252	13.643165588378906	-0.15288516879081726	21.058805465698242	-0.13538116216659546	3.5885016918182373	13.438067436218262	-0.2682289183139801	6.407808303833008	5.554984092712402	7.195806980133057
Y13W	32.59828567504883	-1.2528077363967896	2.4735398292541504	-8.59727954864502	-1.8268309831619263	7.471579074859619	-4.4999589920043945	-44.1935920715332	9.60988998413086	-37.20110321044922	-4.54182767868042
S14A	18.706144332885742	13.221182823181152	-0.293022096157074	-0.30303826928138733	8.702025413513184	10.746206283569336	1.639121174812317	-18.075586318969727	5.019011497497559	6.4004011154174805	4.576244831085205
S14C	20.97511863708496	0.15967318415641785	4.242297649383545	1.0875389575958252	7.158093452453613	20.829980850219727	1.7677720785140991	-6.402054786682129	-0.02589370310306549	5.793929576873779	5.558646202087402
S14D	20.336782455444336	9.953948974609375	0.5913286209106445	-6.112035751342773	9.025897026062012	9.681134223937988	3.0017809867858887	-8.516610145568848	1.813132405281067	4.69583797454834	4.44711971282959
S14E	21.298879623413086	11.058643341064453	1.3106917142868042	-2.7858760356903076	9.48155689239502	11.187438011169434	2.2582945823669434	-5.788529396057129	1.8173385858535767	5.128738880157471	5.49671745300293
S14F	7.331869602203369	8.490677833557129	-1.2655199766159058	0.19381484389305115	0.5597304105758667	9.072379112243652	-0.05716526135802269	-22.556549072265625	3.0487468242645264	2.299891710281372	0.7117878198623657
S14G	22.4945068359375	6.059793472290039	-1.744578242301941	-3.2783172130584717	6.456695079803467	4.929839611053467	0.9400312304496765	-9.615591049194336	2.467240333557129	3.3066999912261963	3.2016327381134033
S14H	24.705699920654297	2.436680793762207	4.054972171783447	0.9879226684570312	8.512048721313477	18.658729553222656	3.3290963172912598	-3.0608155727386475	0.8459351658821106	6.25627326965332	6.672654151916504
S14I	7.351681709289551	8.567418098449707	-1.8129290342330933	-2.1519880294799805	0.9847322106361389	9.448490142822266	1.153141736984253	-19.764625549316406	3.6082355976104736	4.7990288734436035	1.2183185815811157
S14K	27.27187156677246	2.1163203716278076	4.496209144592285	0.7168395519256592	8.237544059753418	19.947248458862305	3.6174283027648926	-5.277710437774658	1.3172261714935303	6.756612300872803	6.91995906829834
S14L	-3.5043857097625732	-8.15500259399414	-5.404108047485352	0.549758791923523	-9.213582992553711	16.58388328552246	3.3900585174560547	-8.710209846496582	11.812207221984863	-4.0230937004089355	-0.6674474477767944
S14M	19.509431838989258	2.3270151615142822	2.7290380001068115	1.3554116487503052	6.890628814697266	18.060495376586914	0.951953113079071	-9.75904655456543	-1.3038145303726196	3.4272232055664062	4.4188337326049805
S14N	23.01947593688965	3.261009693145752	3.2882680892944336	-1.7110745906829834	5.216020584106445	11.707466125488281	2.3428921699523926	-9.439355850219727	1.5249156951904297	6.123038291931152	4.533265590667725
S14P	19.248722076416016	-1.4238027334213257	3.1234827041625977	-4.1931915283203125	3.497054100036621	12.328508377075195	1.2409770488739014	-12.281566619873047	0.6095174551010132	5.0070929527282715	2.71567964553833
S14Q	21.227659225463867	8.222622871398926	2.9766592979431152	-0.6656540632247925	7.310551643371582	12.905913352966309	3.5159826278686523	-3.2237937450408936	0.6866193413734436	5.7112250328063965	5.866778373718262
S14R	21.20134162902832	8.19234848022461	2.553016185760498	-0.9160157442092896	4.104973316192627	10.464361190795898	3.0944008827209473	-2.6285312175750732	1.9901313781738281	5.770320415496826	5.382635116577148
S14T	18.695709228515625	6.129147529602051	3.0766713619232178	-0.8799638748168945	5.1522040367126465	13.892624855041504	2.1036696434020996	-6.087047100067139	1.1574219465255737	4.485592842102051	4.772602558135986
S14V	6.795992851257324	10.572484970092773	-1.7670444250106812	-1.009459137916565	0.7698487043380737	11.906660079956055	2.2572216987609863	-14.180416107177734	6.694071292877197	5.061336994171143	2.710069417953491
S14W	27.001911163330078	0.11549661308526993	5.2041192054748535	1.8189802169799805	11.38719367980957	28.019779205322266	2.979398488998413	-8.318574905395508	-0.7398550510406494	7.164475917816162	7.463293552398682
S14Y	19.261568069458008	2.287815570831299	3.1763548851013184	-0.29425951838493347	7.428042411804199	16.903709411621094	1.9262158870697021	-6.256096839904785	-0.40753090381622314	5.185888290405273	4.921170711517334
D15A	22.826515197753906	41.16441345214844	2.132033109664917	8.43492603302002	6.6817626953125	9.02641487121582	0.09952682256698608	7.771618843078613	14.505376815795898	7.267842769622803	11.991044044494629
D15C	30.168996810913086	9.875020027160645	4.081925392150879	10.676959991455078	2.9237418174743652	25.33978843688965	4.76751184463501	5.245671272277832	8.1192626953125	0.24635106325149536	10.144522666931152
D15E	31.67302131652832	30.961336135864258	4.151114463806152	12.375357627868652	6.790587425231934	27.021862030029297	1.168702244758606	15.67756462097168	13.749217987060547	6.804783821105957	15.037355422973633
D15F	10.378631591796875	28.727439880371094	-1.639877200126648	9.932097434997559	-0.36440974473953247	5.416478633880615	-0.35593181848526	1.4892610311508179	9.698859214782715	8.710036277770996	7.199258327484131
D15G	29.920944213867188	24.961252212524414	0.8099323511123657	6.508236408233643	4.519284248352051	22.929534912109375	1.542034387588501	13.231114387512207	9.20998764038086	6.431879997253418	12.006420135498047
D15H	32.64902114868164	9.666278839111328	3.7396037578582764	7.166860580444336	2.747223377227783	25.753572463989258	3.1580135822296143	3.608668327331543	8.615592956542969	3.859367609024048	10.096419334411621
D15I	6.551212310791016	31.943758010864258	-1.8141897916793823	7.855174541473389	-0.08613016456365585	2.4382174015045166	-3.620481491088867	2.2869691848754883	6.543623924255371	7.786656856536865	5.988481044769287
D15K	36.70991134643555	10.418283462524414	2.4588656425476074	6.484349727630615	2.3054182529449463	28.000972747802734	3.152864933013916	1.3641191720962524	9.148162841796875	-0.512482225894928	9.953046798706055
D15L	1.9940401315689087	4.600008964538574	-7.433993816375732	-2.95188570022583	-0.09556586295366287	1.454698920249939	-1.5682708024978638	1.3167129755020142	-2.770082473754883	-4.254479885101318	-0.9708817601203918
D15M	25.68079948425293	7.78552770614624	3.6453909873962402	7.252985000610352	2.026716947555542	19.619426727294922	2.878110885620117	4.215916633605957	7.481856346130371	-1.0012823343276978	7.958545684814453
D15N	35.6067008972168	12.811314582824707	2.2213563919067383	6.14864444732666	4.773133277893066	23.762256622314453	1.7842451333999634	3.1993050575256348	9.419572830200195	-0.35545140504837036	9.93710708618164
D15P	33.244937896728516	7.447822570800781	-0.618134617805481	3.2568483352661133	4.033899784088135	23.157875061035156	0.7438164353370667	-1.7523337602615356	7.730687618255615	-8.96359920501709	6.828183174133301
D15Q	32.2606201171875	17.08380126953125	4.341590881347656	10.839630126953125	5.367641448974609	26.307695388793945	2.110826015472412	10.690370559692383	11.717842102050781	3.3890717029571533	12.410907745361328
D15R	33.229251861572266	20.44952964782715	3.9367849826812744	11.42961311340332	4.96112060546875	26.192737579345703	2.0649116039276123	12.615821838378906	10.95577621459961	3.793692111968994	12.962923049926758
D15S	28.70787239074707	37.53042221069336	3.510294198989868	9.543009757995605	6.54751443862915	19.637279510498047	0.8104938864707947	14.117829322814941	15.992351531982422	5.528632640838623	14.1925687789917
D15T	28.249034881591797	25.794055938720703	3.6223092079162598	11.883934020996094	5.170720100402832	21.594411849975586	3.443472146987915	11.336578369140625	12.612979888916016	1.0176459550857544	12.472515106201172
D15V	6.199102401733398	31.19505500793457	-4.841605186462402	1.8853496313095093	1.997584342956543	0.5480267405509949	-2.995208501815796	5.854293346405029	4.115999221801758	6.738195896148682	5.069679260253906
D15W	41.01723098754883	5.907769203186035	3.420321226119995	1.5951751470565796	0.6144888401031494	37.391178131103516	5.172038555145264	-2.384411573410034	7.022397518157959	-2.9476845264434814	9.6808500289917
D15Y	29.87946891784668	11.308977127075195	3.810251474380493	10.276901245117188	2.728487730026245	25.480777740478516	2.5169458389282227	6.461650848388672	8.834271430969238	-3.0418975353240967	9.825582504272461
T16A	20.62440299987793	44.1996955871582	4.294565677642822	22.439441680908203	4.880275726318359	23.355783462524414	0.23374062776565552	5.522230625152588	11.611433029174805	11.40877628326416	14.857035636901855
T16C	32.651241302490234	16.189847946166992	3.274325132369995	4.282331943511963	1.6769070625305176	14.196710586547852	3.087778091430664	6.023387908935547	9.403460502624512	2.2307257652282715	9.301671028137207
T16D	28.466079711914062	36.093238830566406	-0.589413046836853	11.144132614135742	3.7215018272399902	26.333484649658203	1.5311059951782227	9.210290908813477	8.761045455932617	4.94821834564209	12.961967468261719
T16E	28.149456024169922	34.266639709472656	2.245958089828491	16.226486206054688	5.248645782470703	24.579954147338867	3.8203914165496826	13.290914535522461	10.07517147064209	9.17279052734375	14.7076416015625
T16F	7.254352569580078	38.59640121459961	0.24095118045806885	23.253612518310547	2.8965911865234375	18.609573364257812	-1.6478426456451416	-0.1755296140909195	4.2965312004089355	8.744978904724121	10.206962585449219
T16G	23.13972282409668	30.6234073638916	-2.4794859886169434	10.779712677001953	3.412651300430298	24.99446678161621	0.0002490915358066559	13.652310371398926	9.590486526489258	6.815743923187256	12.052927017211914
T16H	31.47682762145996	16.702442169189453	2.914429187774658	2.5473885536193848	2.104314088821411	14.26789665222168	3.3325753211975098	9.1021728515625	10.088444709777832	3.220881223678589	9.575736999511719
T16I	7.942746162414551	47.96023941040039	0.007909983396530151	20.941686630249023	2.2461605072021484	19.93040657043457	-4.349936485290527	-1.873721957206726	4.653286457061768	11.40174388885498	10.886053085327148
T16K	30.61487579345703	18.09425163269043	2.456718683242798	1.9428499937057495	2.397157669067383	16.067806243896484	3.308093309402466	8.097769737243652	10.456989288330078	1.3806732892990112	9.481718063354492
T16L	1.0991781949996948	32.10621643066406	-4.1077070236206055	18.089887619018555	3.9475011825561523	19.05943489074707	-2.6983847618103027	-15.325743675231934	1.6821792125701904	0.5408809185028076	5.4393439292907715
T16M	27.893327713012695	15.838321685791016	3.068319082260132	4.691089153289795	1.6257010698318481	8.670132637023926	2.2499794960021973	6.242971420288086	8.050423622131348	-0.19640487432479858	7.8133864402771
T16N	27.269609451293945	19.870149612426758	0.40977123379707336	0.136356920003891	3.1571550369262695	19.690427780151367	1.2029941082000732	6.577470779418945	8.678308486938477	-1.6360282897949219	8.535621643066406
T16P	23.072145462036133	16.504579544067383	-1.1656800508499146	-1.8377304077148438	2.8094801902770996	19.9111328125	-1.054580569267273	2.4010567665100098	5.733743190765381	-8.67387866973877	5.770026683807373
T16Q	27.202409744262695	24.984132766723633	2.2306041717529297	5.855030059814453	4.077075481414795	19.586101531982422	3.0503108501434326	10.565635681152344	9.392630577087402	4.211590766906738	11.115551948547363
T16R	26.119380950927734	25.407041549682617	2.2892351150512695	7.635782718658447	3.744032382965088	20.359386444091797	1.8141374588012695	12.361345291137695	10.803866386413574	3.9099881649017334	11.444418907165527
T16S	29.54448127746582	38.99291229248047	3.834427833557129	19.858619689941406	3.992797613143921	27.153573989868164	1.3531973361968994	10.96182918548584	10.081805229187012	9.01272964477539	15.478635787963867
T16V	7.979576587677002	48.72172546386719	-1.027388572692871	23.287376403808594	2.829765796661377	16.900806427001953	-2.7934463024139404	-2.2358791828155518	4.645674228668213	12.569062232971191	11.087727546691895
T16W	45.688663482666016	13.136545181274414	6.576663494110107	5.507688045501709	1.3529120683670044	20.46684455871582	4.720916748046875	3.9134247303009033	9.137319564819336	2.1223862171173096	11.262335777282715
T16Y	28.701818466186523	18.513845443725586	2.0881476402282715	2.4564974308013916	2.46079683303833	16.062273025512695	2.405683994293213	6.677114486694336	9.127151489257812	-0.3076419234275818	8.81856918334961
E17A	30.830854415893555	42.54649353027344	6.752173900604248	22.697532653808594	6.612287521362305	22.03781509399414	5.758446216583252	10.921969413757324	19.595569610595703	13.264934539794922	18.101808547973633
E17C	46.75284194946289	17.5714054107666	9.599030494689941	5.693615913391113	2.875213623046875	17.464902877807617	6.96879243850708	8.909603118896484	11.796741485595703	9.215733528137207	13.684788703918457
E17D	38.82863998413086	30.564809799194336	3.43461537361145	6.013523578643799	5.308784008026123	28.010751724243164	6.5530595779418945	15.066793441772461	11.490156173706055	8.72612190246582	15.399724960327148
E17F	11.075606346130371	35.3309440612793	3.4242141246795654	21.98434829711914	2.7927098274230957	15.100330352783203	1.244157314300537	7.551238059997559	15.077507972717285	4.4295268058776855	11.801057815551758
E17G	37.25511932373047	31.885282516479492	-2.910034656524658	2.7485015392303467	5.161492824554443	22.7485294342041	-0.18025392293930054	13.848714828491211	13.301541328430176	8.916116714477539	13.277502059936523
E17H	50.45760726928711	18.29096794128418	11.410567283630371	3.8844425678253174	4.598592758178711	19.569530487060547	7.1688618659973145	9.916601181030273	11.27676773071289	11.608397483825684	14.81823444366455
E17I	11.829326629638672	42.167030334472656	2.6888561248779297	16.854352951049805	3.634566307067871	10.573829650878906	4.0048394203186035	0.1992163509130478	11.508979797363281	10.241861343383789	11.370285987854004
E17K	51.97475814819336	20.1614990234375	9.81164264678955	2.6599860191345215	4.622668743133545	21.299365997314453	7.854552745819092	8.211173057556152	11.123284339904785	9.543338775634766	14.726226806640625
E17L	5.994297981262207	16.645078659057617	-4.729071140289307	17.373916625976562	5.301253318786621	9.286988258361816	0.9091578125953674	-1.7002934217453003	1.7484486103057861	16.26886558532715	6.709864139556885
E17M	41.25138473510742	15.222681999206543	9.74679183959961	6.844749450683594	4.902902126312256	14.467731475830078	5.034829139709473	4.765744209289551	8.808343887329102	6.490031719207764	11.753518104553223
E17N	45.158992767333984	19.941789627075195	4.890926361083984	1.2642920017242432	3.754556655883789	21.41973876953125	5.11253023147583	9.341073989868164	10.004854202270508	5.113067626953125	12.60018253326416
E17P	44.62582015991211	18.492053985595703	1.789422869682312	-11.8714599609375	3.9907479286193848	21.705350875854492	-2.237179756164551	0.1781064122915268	6.496766090393066	-9.162384033203125	7.400723934173584
E17Q	39.25943374633789	22.894123077392578	7.514223098754883	5.913723468780518	6.0557661056518555	20.474197387695312	7.966036796569824	12.328493118286133	12.120100021362305	11.893781661987305	14.641987800598145
E17R	32.218997955322266	22.408037185668945	4.743673801422119	7.419486045837402	5.560217380523682	18.887256622314453	6.618469715118408	12.356528282165527	13.025110244750977	10.579217910766602	13.38170051574707
E17S	36.822288513183594	37.730682373046875	4.959290504455566	10.72355842590332	5.7834672927856445	28.2137393951416	5.887660503387451	13.531902313232422	17.343679428100586	9.823039054870605	17.08193016052246
E17T	33.84512710571289	24.462846755981445	6.318516254425049	6.546515941619873	4.995091438293457	19.568323135375977	7.638765811920166	12.064554214477539	13.218667984008789	7.811614990234375	13.647003173828125
E17V	11.160822868347168	43.232139587402344	1.5742075443267822	17.96044158935547	5.477651596069336	9.363163948059082	2.638861656188965	-0.056036848574876785	12.20810317993164	13.076214790344238	11.663557052612305
E17W	62.85271453857422	13.214256286621094	15.145967483520508	0.403621643781662	5.35842752456665	24.37788963317871	8.310345649719238	1.5575939416885376	12.02160358428955	8.761122703552246	15.200353622436523
E17Y	41.89193344116211	17.287378311157227	9.685710906982422	6.89604377746582	3.290102958679199	16.86317253112793	5.723780155181885	7.988521575927734	12.098883628845215	5.891516208648682	12.761703491210938
V18A	35.92261505126953	36.01460266113281	8.468205451965332	32.03049850463867	5.883945941925049	12.87093734741211	1.72917640209198	12.557458877563477	12.431392669677734	10.64971923828125	16.85585594177246
V18C	37.35519790649414	12.044713973999023	9.141831398010254	8.434985160827637	2.2890775203704834	9.755852699279785	10.059380531311035	5.836399555206299	7.459123134613037	3.682880163192749	10.60594367980957
V18D	34.04532241821289	14.983591079711914	7.3466339111328125	5.463708400726318	4.563364028930664	13.365994453430176	1.7599327564239502	10.303766250610352	7.031908988952637	0.8423164486885071	9.970653533935547
V18E	34.22006607055664	18.080047607421875	8.500459671020508	12.155010223388672	5.1824259757995605	12.172124862670898	5.649624824523926	12.138190269470215	8.73953628540039	6.188977241516113	12.302647590637207
V18F	19.83550453186035	39.3076171875	5.0106353759765625	32.3098030090332	3.1039552688598633	15.4891357421875	2.3480682373046875	7.187191963195801	15.01428508758545	7.78230094909668	14.738850593566895
V18G	31.73602867126465	13.649539947509766	1.8205207586288452	8.169672012329102	3.972651958465576	9.9197359085083	-3.38980770111084	11.856947898864746	7.359147071838379	3.0789079666137695	8.81733512878418
V18H	39.775306701660156	11.9974365234375	11.068238258361816	7.089158058166504	2.2726778984069824	13.619712829589844	9.994335174560547	5.784151077270508	7.803479194641113	5.015806674957275	11.44202995300293
V18I	22.177736282348633	33.54475402832031	6.1405930519104	29.475893020629883	5.10639762878418	12.19836139678955	4.202528953552246	3.278301477432251	12.777556419372559	8.864360809326172	13.776649475097656
V18K	44.18681716918945	10.638843536376953	10.685489654541016	4.06764030456543	1.846368432044983	15.230147361755371	10.404879570007324	3.528827428817749	7.815288543701172	1.101012110710144	10.950531005859375
V18L	8.29576301574707	37.60207748413086	-1.8421424627304077	24.913114547729492	12.594303131103516	12.547022819519043	7.619751930236816	1.159887433052063	8.849446296691895	19.050048828125	13.078927993774414
V18M	32.14840316772461	12.017295837402344	9.411602020263672	9.826268196105957	2.5997707843780518	8.379240036010742	10.34769344329834	6.169935703277588	7.197990894317627	1.716842532157898	9.981504440307617
V18N	38.550140380859375	9.348577499389648	8.62752628326416	3.683764934539795	3.4171500205993652	13.040491104125977	8.015710830688477	4.20808744430542	6.253727436065674	-2.44869065284729	9.269647598266602
V18P	36.474910736083984	4.430728435516357	6.539484024047852	-7.522853374481201	3.060497283935547	13.432029724121094	4.522202968597412	-0.7182344198226929	4.468289375305176	-21.82163429260254	4.286541938781738
V18Q	36.268741607666016	14.053818702697754	9.460092544555664	8.65333080291748	4.216673851013184	11.27204418182373	8.598725318908691	8.970078468322754	8.062335968017578	5.677238941192627	11.523306846618652
V18R	33.70267868041992	13.552839279174805	8.1719331741333	11.637068748474121	3.829376220703125	10.768561363220215	8.370659828186035	10.908915519714355	8.966097831726074	6.31371545791626	11.622182846069336
V18S	36.51225280761719	23.906599044799805	7.597388744354248	17.814510345458984	5.172355651855469	13.375419616699219	1.86124587059021	11.300468444824219	9.298072814941406	3.3674376010894775	13.020574569702148
V18T	30.228357315063477	17.082334518432617	8.25692367553711	12.84434700012207	4.29111385345459	11.048149108886719	8.116047859191895	9.866040229797363	8.196170806884766	2.6887471675872803	11.261823654174805
V18W	47.963871002197266	7.645547866821289	12.905767440795898	1.3162899017333984	3.21120023727417e-06	19.62436866760254	11.569195747375488	-1.3016828298568726	6.444137096405029	-3.0388777256011963	10.312862396240234
V18Y	32.691627502441406	12.790903091430664	8.151702880859375	11.117193222045898	3.0006015300750732	9.502294540405273	9.077842712402344	5.63877010345459	7.399105072021484	1.4432425498962402	10.081328392028809
Q19A	31.319799423217773	25.199392318725586	4.7921648025512695	18.21709632873535	7.354312896728516	10.8978271484375	-0.7290320992469788	8.505200386047363	14.93822193145752	8.475388526916504	12.897038459777832
Q19C	36.77926254272461	6.092114448547363	5.139368534088135	3.556166648864746	-1.3059238195419312	4.238984107971191	-2.2223830223083496	4.756392478942871	6.749022960662842	-3.5938920974731445	6.018911838531494
Q19D	46.175601959228516	15.935484886169434	4.249088764190674	5.641880035400391	1.7342402935028076	11.961325645446777	-3.1801464557647705	2.5567314624786377	10.536153793334961	-8.077162742614746	8.753320693969727
Q19E	42.460357666015625	16.6746768951416	5.290449619293213	9.865434646606445	3.2498979568481445	9.524344444274902	-2.7824597358703613	7.108824729919434	10.296890258789062	1.9055644273757935	10.359397888183594
Q19F	16.394838333129883	33.36351776123047	2.1139564514160156	14.438067436218262	2.71868896484375	11.361268997192383	-1.4602197408676147	-3.4918179512023926	15.239919662475586	8.566192626953125	9.924440383911133
Q19G	43.262542724609375	11.474447250366211	1.5154392719268799	7.838650226593018	0.5673077702522278	9.50110912322998	-2.5934698581695557	5.95936393737793	9.165826797485352	-2.723644495010376	8.396757125854492
Q19H	38.89400100708008	5.792398929595947	4.625322341918945	0.6279339790344238	-1.2261849641799927	5.038958549499512	-2.8077433109283447	2.0240542888641357	8.10654067993164	-0.3676624894142151	6.070761680603027
Q19I	14.97196102142334	24.439571380615234	1.638617753982544	13.555340766906738	4.661670684814453	11.10185432434082	-1.5373547077178955	-4.883705139160156	10.783984184265137	12.268842697143555	8.700078964233398
Q19K	46.2564582824707	3.594355344772339	5.273517608642578	-1.354518175125122	-2.103382110595703	5.427311420440674	-4.400140762329102	-5.526673316955566	8.661700248718262	-2.6211490631103516	5.320748329162598
Q19L	7.310492515563965	20.97319984436035	-4.5371270179748535	18.02973747253418	7.121890068054199	14.268871307373047	3.9027750492095947	0.08706222474575043	12.0299072265625	17.33122444152832	9.651803016662598
Q19M	32.96456527709961	4.373035430908203	5.094037055969238	0.5483226776123047	-0.6373706459999084	3.3222861289978027	-2.808586835861206	5.1410627365112305	6.039327144622803	-8.663139343261719	4.537353515625
Q19N	42.533206939697266	5.4450201988220215	3.833519458770752	-0.9544610977172852	-1.6321943998336792	6.066936492919922	-4.725984573364258	-7.904951095581055	8.748878479003906	-6.463347911834717	4.494661808013916
Q19P	42.72170639038086	5.654989719390869	1.4437893629074097	-8.092000007629395	-2.964566707611084	2.7017955780029297	-6.430731773376465	-16.328327178955078	5.478719234466553	-18.285932540893555	0.5899448394775391
Q19R	39.452247619628906	9.852350234985352	5.228587627410889	4.045514106750488	1.0321935415267944	6.562382221221924	-0.49927228689193726	5.595958232879639	9.909557342529297	1.14910888671875	8.232861518859863
Q19S	39.451534271240234	24.676958084106445	5.151477336883545	15.416546821594238	3.604517936706543	12.853328704833984	-0.058170970529317856	11.158324241638184	11.775354385375977	-2.0593862533569336	12.197047233581543
Q19T	38.69843292236328	12.635514259338379	5.163764953613281	8.364233016967773	2.143545627593994	9.974562644958496	-0.08165359497070312	8.163390159606934	9.916547775268555	-4.660973072052002	9.031737327575684
Q19V	14.47549057006836	28.404386520385742	0.6085914373397827	17.60574722290039	5.030678749084473	14.237930297851562	-0.41151028871536255	-3.2949283123016357	13.322516441345215	14.861471176147461	10.484037399291992
Q19W	49.22335433959961	1.5501971244812012	4.433018684387207	-1.6237496137619019	-1.5019112825393677	7.073072910308838	-3.969435453414917	-3.6665260791778564	5.294336318969727	-6.887730121612549	4.992462635040283
Q19Y	34.355690002441406	8.080720901489258	5.014374256134033	2.2067487239837646	-1.007506251335144	5.465952396392822	-1.5326920747756958	3.9090940952301025	7.8926167488098145	-7.093978404998779	5.72910213470459
K20A	41.02749252319336	38.68392562866211	3.9393372535705566	17.13222885131836	7.127030372619629	17.8760929107666	3.8296561241149902	15.939245223999023	10.567646980285645	15.966591835021973	17.208925247192383
K20C	48.62578201293945	21.99535369873047	11.858530044555664	6.614778518676758	3.904414176940918	15.558564186096191	3.815328359603882	7.32518196105957	11.319660186767578	13.185672760009766	14.420326232910156
K20D	52.43265914916992	36.31209182739258	0.42120781540870667	4.1957621574401855	3.250596761703491	22.559856414794922	4.423111915588379	13.036385536193848	11.007438659667969	15.838189125061035	16.347732543945312
K20E	48.667327880859375	37.086090087890625	1.5651129484176636	6.835829734802246	5.5590434074401855	20.14183807373047	4.499353885650635	13.687792778015137	12.370031356811523	17.424551010131836	16.783695220947266
K20F	24.5624942779541	40.63749313354492	4.348670959472656	18.24127197265625	5.7914886474609375	11.476795196533203	0.7115064263343811	9.826749801635742	9.867308616638184	9.893304824829102	13.5357084274292
K20G	50.18231964111328	34.07136154174805	-8.000004768371582	4.22324800491333	4.052463054656982	18.23971176147461	2.9162960052490234	15.420445442199707	8.053539276123047	16.095422744750977	14.525480270385742
K20H	51.9085807800293	22.660978317260742	12.96473503112793	5.653223037719727	4.450032711029053	15.289779663085938	5.446474552154541	7.891429901123047	11.420513153076172	14.621240615844727	15.23069953918457
K20I	26.93653678894043	39.612335205078125	4.167723655700684	12.482511520385742	5.376106262207031	10.118977546691895	-0.41091781854629517	5.072102069854736	14.056699752807617	9.754024505615234	12.7166109085083
K20L	8.602145195007324	40.475040435791016	-4.614709854125977	19.482526779174805	6.680749893188477	15.88145637512207	1.5431569814682007	-10.18757152557373	13.588247299194336	8.92540454864502	10.03764533996582
K20M	44.02249526977539	21.609058380126953	9.51655101776123	7.697930812835693	3.9919447898864746	11.444883346557617	4.3686017990112305	6.5964179039001465	9.957465171813965	10.658965110778809	12.986430168151855
K20N	54.180171966552734	25.98848533630371	4.820581436157227	5.180359840393066	2.8096017837524414	16.29188346862793	3.661060333251953	8.792552947998047	9.361966133117676	12.700347900390625	14.378702163696289
K20P	48.88469314575195	22.184917449951172	1.8377494812011719	2.372178554534912	3.7352230548858643	12.21901798248291	1.929618000984192	6.127045154571533	6.499454021453857	8.647388458251953	11.44372844696045
K20Q	48.6727409362793	30.106842041015625	6.9760284423828125	6.6308770179748535	4.773266315460205	16.637773513793945	4.724368572235107	10.389749526977539	12.0237455368042	14.24441146850586	15.517980575561523
K20R	48.053260803222656	30.715097427368164	2.721454381942749	8.644317626953125	4.168727874755859	17.229772567749023	3.209527015686035	10.516670227050781	11.428576469421387	13.786328315734863	15.04737377166748
K20S	46.59841537475586	39.548946380615234	1.4717587232589722	8.345232009887695	4.86306095123291	22.918113708496094	3.862464666366577	14.509397506713867	11.306075096130371	16.098217010498047	16.952167510986328
K20T	45.31869125366211	30.146726608276367	5.075131416320801	6.650052070617676	2.8064756393432617	18.843032836914062	3.091414451599121	10.563336372375488	11.144126892089844	12.359813690185547	14.599881172180176
K20V	22.911006927490234	41.92597198486328	3.1624021530151367	15.369842529296875	6.479697227478027	14.610148429870605	0.06633049249649048	4.429188251495361	14.58102798461914	9.658408164978027	13.319401741027832
K20W	59.88554763793945	18.260488510131836	17.95677947998047	7.047680854797363	4.886407852172852	19.772964477539062	9.355884552001953	1.7686833143234253	12.049596786499023	13.556483268737793	16.454051971435547
K20Y	47.59257888793945	21.3022403717041	9.03022289276123	6.623671054840088	3.638277530670166	15.069802284240723	3.3035693168640137	8.107223510742188	10.080662727355957	11.033773422241211	13.578201293945312
N21A	14.322343826293945	15.090313911437988	0.035896047949790955	12.013795852661133	4.7686052322387695	4.739961624145508	0.6591867208480835	-0.14435328543186188	4.4388813972473145	-3.5419700145721436	5.238266468048096
N21C	22.09942626953125	2.539224147796631	5.898189067840576	6.239327430725098	0.24295252561569214	2.706683874130249	-5.017688274383545	-0.8357245922088623	5.523419380187988	0.13535857200622559	3.9531168937683105
N21D	21.458349227905273	12.925554275512695	2.753678798675537	10.226917266845703	3.5752429962158203	4.252279758453369	-2.4504897594451904	-6.340372085571289	3.5011885166168213	-0.12291450053453445	4.9779438972473145
N21E	22.217615127563477	15.079371452331543	3.7077465057373047	11.715069770812988	4.6617913246154785	4.030871391296387	-2.231076717376709	-5.369113445281982	3.1175339221954346	-0.9106774926185608	5.601912975311279
N21F	10.92110538482666	9.341830253601074	-1.7736090421676636	10.94629955291748	1.3785264492034912	6.463729381561279	4.3152360916137695	0.7382673025131226	7.9349775314331055	3.2783124446868896	5.354467391967773
N21G	25.26584815979004	4.00440788269043	0.7983671426773071	11.129180908203125	1.678381085395813	2.8355629444122314	-0.09866613149642944	-1.6838735342025757	2.713679075241089	-0.7957232594490051	4.584716796875
N21H	27.792743682861328	3.054140090942383	5.6248674392700195	5.003255844116211	-0.09452403336763382	3.3337223529815674	-4.8728413581848145	-7.903432846069336	5.8747076988220215	1.4776865243911743	3.929032564163208
N21I	13.049598693847656	8.204782485961914	-0.3806436061859131	4.897034168243408	-2.0145082473754883	12.038002967834473	-0.4498240351676941	-0.7018689513206482	5.607954978942871	-0.4786055088043213	3.977191925048828
N21K	27.230134963989258	2.8129377365112305	5.6502180099487305	5.3524298667907715	-0.31611543893814087	4.023010730743408	-4.1466193199157715	-7.243422508239746	5.897985458374023	0.3081819713115692	3.956874132156372
N21L	4.254628658294678	-4.4004316329956055	-2.551858425140381	11.209001541137695	-0.2900238037109375	11.26025390625	-0.6497109532356262	-6.1048970222473145	7.290530681610107	2.5050742626190186	2.2522568702697754
N21M	25.483217239379883	2.6411843299865723	6.0201263427734375	4.091481685638428	0.4219283163547516	3.2502036094665527	-4.445754528045654	1.501778483390808	6.097059726715088	-2.1120786666870117	4.294914245605469
N21P	25.021669387817383	1.2880123853683472	3.4092233180999756	5.586856842041016	-1.6783214807510376	0.7918832898139954	-5.980330467224121	-9.72838306427002	3.5744504928588867	-4.883319854736328	1.7401740550994873
N21Q	24.835718154907227	10.932185173034668	5.43992280960083	6.843509197235107	2.2171525955200195	3.1342687606811523	-3.363903522491455	-8.102194786071777	4.741730213165283	1.1441751718521118	4.782256126403809
N21R	24.06269645690918	9.877684593200684	4.339641094207764	7.473567485809326	2.1988234519958496	2.36277174949646	-3.1676182746887207	-1.4286047220230103	3.8769216537475586	1.4616212844848633	5.10575008392334
N21S	21.61634635925293	16.779041290283203	1.7051738500595093	13.03527545928955	4.326798439025879	3.664848566055298	-0.4451993405818939	-0.6649035215377808	3.419099807739258	0.33977067470550537	6.377624988555908
N21T	24.416261672973633	10.762430191040039	4.576929569244385	9.506189346313477	3.3068368434906006	3.3908002376556396	-3.260425567626953	-3.0972275733947754	5.190738677978516	1.3751423358917236	5.616766929626465
N21V	11.184937477111816	9.209820747375488	-0.552146315574646	8.483467102050781	0.7069407105445862	9.058688163757324	0.08081382513046265	2.396754026412964	4.155188083648682	-0.3405454456806183	4.438392162322998
N21W	27.76091957092285	-4.1827497482299805	5.244521141052246	4.865729331970215	1.4975016117095947	10.807378768920898	-3.2699596881866455	-5.529411315917969	6.608846187591553	-4.519144535064697	3.928363084793091
N21Y	23.747852325439453	5.590943336486816	5.415707111358643	6.599013805389404	0.390018492937088	2.94155216217041	-3.1769659519195557	-1.3230754137039185	5.477112293243408	0.6187489628791809	4.6280903816223145
Q22A	39.40718460083008	29.317129135131836	3.8379287719726562	16.865205764770508	4.576488494873047	13.425759315490723	1.3655027151107788	6.499168872833252	19.491596221923828	9.384767532348633	14.417073249816895
Q22C	43.11111831665039	6.030144691467285	0.24775627255439758	7.995398044586182	-1.9172899723052979	12.584209442138672	4.824631690979004	-6.357230186462402	9.911506652832031	4.111424446105957	8.054166793823242
Q22D	42.240055084228516	15.851574897766113	0.9720467329025269	16.8680419921875	1.9738140106201172	21.85083770751953	4.955672740936279	6.805120944976807	13.82582950592041	6.158374309539795	13.150136947631836
Q22E	45.31827926635742	16.808931350708008	4.267995357513428	21.53508186340332	2.2420144081115723	19.607616424560547	5.4304986000061035	14.550975799560547	13.673309326171875	12.196174621582031	15.563089370727539
Q22F	21.2550106048584	28.97903823852539	0.9671738147735596	14.063361167907715	-3.6801137924194336	8.99798583984375	-1.3216667175292969	1.7736423015594482	18.549591064453125	8.381386756896973	9.796541213989258
Q22G	35.6903190612793	5.032852649688721	-4.192888259887695	16.955923080444336	0.021159105002880096	15.169792175292969	0.5977495312690735	9.688065528869629	12.34704875946045	6.747640132904053	9.805765151977539
Q22H	43.11478042602539	6.9687042236328125	-1.444036841392517	4.216708183288574	-1.9677342176437378	11.562856674194336	5.197248458862305	-2.4808056354522705	11.852733612060547	4.201632499694824	8.122209548950195
Q22I	16.692081451416016	35.57007598876953	-0.4093749225139618	8.33544635772705	1.1208244562149048	7.092750549316406	-3.9057321548461914	-9.17959976196289	10.997772216796875	13.959304809570312	8.02735424041748
Q22K	45.829891204833984	4.077178001403809	-3.354423999786377	3.446056365966797	-2.4809675216674805	15.180768966674805	4.997949123382568	-8.214578628540039	12.065813064575195	0.8826901316642761	7.243037223815918
Q22L	5.785443305969238	13.884076118469238	-4.644083023071289	18.06976890563965	-1.9312353134155273	5.602442741394043	-0.39152538776397705	-6.236119270324707	8.639715194702148	11.437579154968262	5.021606922149658
Q22M	39.117671966552734	7.555110931396484	1.5046697854995728	5.003087520599365	-2.570139169692993	9.800549507141113	3.1496245861053467	-3.78682541847229	8.563377380371094	2.323132276535034	7.066025733947754
Q22N	45.50143051147461	4.365665435791016	-4.150998115539551	7.554372310638428	-1.28923499584198	15.849847793579102	4.333492755889893	-3.095811605453491	11.564163208007812	-1.3205044269561768	7.931242942810059
Q22P	39.6174201965332	-8.856382369995117	-13.128290176391602	8.518067359924316	-1.6909030675888062	16.026952743530273	0.2999640107154846	-8.629593849182129	9.123163223266602	-18.43950843811035	2.284088611602783
Q22R	40.95095443725586	10.417509078979492	0.4259707033634186	14.451695442199707	-0.016337312757968903	15.77206802368164	3.0669212341308594	6.726140022277832	12.43106746673584	7.4950337409973145	11.172102928161621
Q22S	43.35084533691406	21.163602828979492	2.7204620838165283	19.167051315307617	3.52422833442688	19.93780517578125	3.4845218658447266	13.745024681091309	17.73756980895996	11.485963821411133	15.631708145141602
Q22T	42.90803909301758	14.109983444213867	3.2529120445251465	18.21876335144043	0.5836169719696045	17.45792007446289	6.048945903778076	6.062182426452637	13.21533203125	6.757971286773682	12.861566543579102
Q22V	13.660942077636719	31.670095443725586	-0.6327201128005981	10.28193187713623	2.0353426933288574	5.427830696105957	-2.9354093074798584	-8.294404983520508	10.84019660949707	14.71914291381836	7.677294731140137
Q22W	43.89068603515625	3.3017449378967285	-0.33007505536079407	-11.05986499786377	-2.7963650226593018	17.890594482421875	3.3373939990997314	-16.559616088867188	9.298081398010254	-2.974994421005249	4.399758815765381
Q22Y	43.05964279174805	8.104126930236816	-0.015657782554626465	8.768486022949219	-2.637057304382324	15.920945167541504	3.59505558013916	-3.73323655128479	10.3983736038208	0.9527114033699036	8.441339492797852
V23A	22.86078453063965	41.12350082397461	7.277482032775879	13.846080780029297	5.176395416259766	18.331453323364258	6.041769504547119	15.55191421508789	8.58337116241455	8.82779598236084	14.762054443359375
V23C	23.926652908325195	9.827577590942383	5.276961326599121	0.022000223398208618	-1.3489757776260376	8.452739715576172	5.014392375946045	1.9562581777572632	2.20684552192688	1.01872980594635	5.635317802429199
V23D	30.360288619995117	19.17441749572754	6.4105987548828125	3.506206750869751	2.020885705947876	14.682304382324219	3.5335779190063477	2.7473392486572266	7.415748119354248	2.2564709186553955	9.210783004760742
V23E	30.348684310913086	24.742511749267578	6.979245185852051	4.263923645019531	2.7795348167419434	12.8298921585083	3.882424831390381	7.219871520996094	6.740070819854736	3.7728936672210693	10.355905532836914
V23F	8.837191581726074	30.484317779541016	2.739920139312744	17.674158096313477	5.1479878425598145	10.710895538330078	3.0618481636047363	14.013538360595703	11.924968719482422	11.073383331298828	11.566821098327637
V23G	27.049551010131836	20.634645462036133	5.110776901245117	6.121024131774902	2.275987148284912	14.976595878601074	2.8436357975006104	10.873029708862305	5.498230457305908	4.072268962860107	9.945573806762695
V23H	24.880624771118164	10.530628204345703	4.328374862670898	0.704430341720581	-0.9552269577980042	7.083232879638672	5.712413311004639	-0.7455482482910156	2.3865180015563965	4.1287522315979	5.805420398712158
V23I	8.158599853515625	27.841846466064453	0.7645456790924072	11.042472839355469	4.676218509674072	13.955303192138672	3.1134071350097656	6.870354652404785	6.87634801864624	7.042250156402588	9.034135818481445
V23K	28.25874137878418	9.874273300170898	4.405483245849609	-0.7413915395736694	-0.9351456165313721	7.471743583679199	6.4864373207092285	-3.5820586681365967	2.482116937637329	2.389004945755005	5.6109209060668945
V23L	2.3829474449157715	23.494266510009766	-16.744054794311523	4.781486988067627	0.44160717725753784	2.6924009323120117	1.6111836433410645	3.1689202785491943	4.875522136688232	10.799420356750488	3.7503700256347656
V23M	22.84018898010254	10.559895515441895	4.573955535888672	-0.6147816181182861	-0.7109058499336243	5.162978649139404	8.796698570251465	1.6906085014343262	3.923434019088745	-1.8089371919631958	5.441313743591309
V23N	27.530054092407227	10.075750350952148	4.648253440856934	0.002175450325012207	-0.7177378535270691	9.392877578735352	4.860623359680176	-2.6160433292388916	4.032430171966553	0.4732113480567932	5.76815938949585
V23P	21.598949432373047	4.862026214599609	4.682435989379883	-5.807831764221191	-0.41739916801452637	9.666336059570312	3.051884174346924	-7.447434425354004	1.7788631916046143	-5.447906017303467	2.6519925594329834
V23Q	28.840015411376953	13.564507484436035	5.559088230133057	1.6481478214263916	0.386779248714447	9.362799644470215	5.483214378356934	3.7988975048065186	4.319835186004639	2.2132132053375244	7.517649173736572
V23R	28.83137321472168	14.226602554321289	4.927210330963135	2.9188737869262695	1.0385295152664185	9.893564224243164	5.012342929840088	7.290704727172852	5.023656368255615	3.741326332092285	8.29041862487793
V23S	30.486791610717773	33.304813385009766	7.147075176239014	9.496926307678223	3.859729290008545	19.630271911621094	4.84370756149292	12.914883613586426	7.9788713455200195	4.97036600112915	13.463342666625977
V23T	28.574125289916992	22.69348907470703	6.606794357299805	5.099952220916748	1.594650149345398	12.316795349121094	6.860662937164307	5.944697380065918	7.0236053466796875	1.9240565299987793	9.863883018493652
V23W	25.971620559692383	9.005765914916992	5.530297756195068	-4.31130313873291	-0.29587775468826294	12.852396011352539	8.503567695617676	-6.62937068939209	-1.4064054489135742	4.092123508453369	5.3312811851501465
V23Y	24.670785903930664	11.405671119689941	5.254920482635498	0.29985979199409485	-1.2177404165267944	6.525265693664551	4.552592754364014	3.293801784515381	3.2280588150024414	-0.37623482942581177	5.763697624206543
L24A	-19.331422805786133	-15.084640502929688	-11.482673645019531	3.2859857082366943	-19.32802963256836	-21.24900245666504	-7.193654537200928	20.09335708618164	-16.455657958984375	-45.11832809448242	-13.186407089233398
L24C	-19.404306411743164	-17.80511474609375	-12.334098815917969	-0.8288179636001587	-24.267894744873047	-12.732982635498047	-11.61241340637207	20.99893569946289	-0.45349830389022827	-38.847686767578125	-11.728788375854492
L24D	-26.544166564941406	-24.819875717163086	-20.39263153076172	2.5964560508728027	-32.16045379638672	-24.675247192382812	-6.664059162139893	22.86983299255371	-13.034708023071289	-36.14032745361328	-15.896517753601074
L24E	-22.556716918945312	-24.390588760375977	-14.694214820861816	1.7813823223114014	-29.08062744140625	-23.434778213500977	-6.045149326324463	30.02753257751465	-12.328868865966797	-38.567386627197266	-13.92894172668457
L24F	-7.261703014373779	-7.635137557983398	-5.834949016571045	4.8024420738220215	-8.566502571105957	-16.598556518554688	0.5550016760826111	17.30510711669922	-1.8282333612442017	-25.48797035217285	-5.055050373077393
L24G	-20.84095001220703	-20.748239517211914	-13.959087371826172	4.880935192108154	-24.33902931213379	-21.588058471679688	-9.121641159057617	16.622716903686523	-6.2929253578186035	-41.7804069519043	-13.716669082641602
L24H	-20.639081954956055	-23.576492309570312	-15.465873718261719	-2.5759263038635254	-24.32069969177246	-16.070472717285156	-11.263422966003418	19.59464454650879	0.06859695911407471	-39.49065017700195	-13.373937606811523
L24I	-7.440473556518555	-17.356298446655273	-3.9235196113586426	2.3888142108917236	-7.352977752685547	-18.257030487060547	-0.05267595872282982	12.520292282104492	2.344351053237915	-28.84169578552246	-6.597121238708496
L24K	-25.114578247070312	-23.214643478393555	-14.337366104125977	-3.2128746509552	-27.23097801208496	-19.21963882446289	-13.322909355163574	16.055866241455078	-0.40924859046936035	-45.29775619506836	-15.530412673950195
L24M	-12.858529090881348	-19.192171096801758	-8.306662559509277	0.3510681390762329	-17.367328643798828	-11.784223556518555	-7.61403751373291	25.11382484436035	3.9104506969451904	-35.105411529541016	-8.285303115844727
L24N	-23.539934158325195	-29.82029151916504	-15.931933403015137	-0.8761844635009766	-30.818178176879883	-20.69738006591797	-8.721650123596191	13.695022583007812	-1.2803599834442139	-41.35495376586914	-15.93458366394043
L24P	-23.408082962036133	-31.80727195739746	-16.07773208618164	-3.9353129863739014	-27.187257766723633	-21.714008331298828	-14.499722480773926	7.085139751434326	-3.390981435775757	-39.79263687133789	-17.47278594970703
L24Q	-21.722623825073242	-25.85549545288086	-14.035609245300293	-2.277512550354004	-28.44574737548828	-19.236480712890625	-7.815647602081299	23.406118392944336	-2.5515191555023193	-39.20586013793945	-13.774038314819336
L24R	-21.15378761291504	-24.94148826599121	-14.788278579711914	-0.7724837064743042	-25.0515079498291	-18.059106826782227	-4.348930835723877	22.907419204711914	-0.8147245645523071	-35.125953674316406	-12.214883804321289
L24S	-18.947019577026367	-20.297956466674805	-16.008014678955078	6.5337443351745605	-26.110248565673828	-22.491416931152344	-8.475510597229004	22.189563751220703	-15.23416519165039	-41.18770217895508	-14.0028715133667
L24T	-17.16391372680664	-18.731666564941406	-13.365069389343262	1.1012417078018188	-22.993074417114258	-23.213308334350586	-10.947380065917969	26.80718994140625	0.7655870318412781	-38.79446792602539	-11.653486251831055
L24V	-11.268478393554688	-11.397502899169922	-3.5878188610076904	3.1283652782440186	-7.01780366897583	-20.515735626220703	1.243458867073059	9.7752685546875	1.1804345846176147	-29.90938949584961	-6.836920261383057
L24W	-23.17000961303711	-9.950265884399414	-15.912610054016113	-3.1263484954833984	-24.19216537475586	-18.270627975463867	-22.13170623779297	6.17144775390625	-0.5491913557052612	-46.09122085571289	-15.722270011901855
L24Y	-16.88787269592285	-15.662365913391113	-13.327454566955566	0.14489904046058655	-21.254955291748047	-13.203293800354004	-8.943577766418457	27.48937225341797	1.32821786403656	-37.50023651123047	-9.781726837158203
T25A	-0.24619579315185547	16.13771629333496	-20.653200149536133	0.0956335961818695	-4.172933578491211	-1.808173418045044	3.8712618350982666	2.713305711746216	-4.644514560699463	-4.2966485023498535	-1.3003747463226318
T25C	5.699507236480713	2.786701202392578	0.3787410855293274	-10.489421844482422	-0.24985313415527344	2.582688808441162	-2.6151504516601562	-3.1681487560272217	1.3562618494033813	-2.6987826824188232	-0.6417456865310669
T25D	2.6526811122894287	14.61250114440918	-7.583876609802246	-2.821826457977295	1.5626413822174072	1.276552438735962	-2.5741641521453857	-0.19014503061771393	-3.8362855911254883	-4.147712230682373	-0.10496339946985245
T25E	1.2607674598693848	18.680450439453125	-2.2076923847198486	-4.814664363861084	1.3623414039611816	1.9232981204986572	-1.121241569519043	-2.399545192718506	-2.434385061264038	-3.034806489944458	0.7214520573616028
T25F	-2.833646297454834	6.680989742279053	-26.198650360107422	1.3704044818878174	-9.267108917236328	-3.5492544174194336	0.5234167575836182	1.3513630628585815	-1.6363892555236816	-6.808643817901611	-4.036751747131348
T25G	1.3940235376358032	11.331528663635254	-9.725464820861816	-0.9010918140411377	-2.51664400100708	-1.610776662826538	1.3565762042999268	7.833398342132568	-1.9306389093399048	-4.329925537109375	0.09009852260351181
T25H	7.561675071716309	5.432037830352783	0.7956253290176392	-10.664066314697266	2.4750566482543945	3.256073474884033	-4.116349697113037	-8.7465181350708	0.058128051459789276	-3.188768148422241	-0.7137104272842407
T25I	-2.994433879852295	6.091944694519043	-19.071741104125977	2.6655359268188477	-11.005600929260254	-6.271533966064453	-1.414434552192688	1.3093470335006714	-2.3562138080596924	-9.185517311096191	-4.223264694213867
T25K	8.506246566772461	5.497320175170898	0.5078080892562866	-10.106002807617188	4.000156402587891	3.9261205196380615	-4.985348224639893	-5.61775016784668	0.15481790900230408	-2.983445167541504	-0.11000768095254898
T25L	-15.676483154296875	16.34885597229004	-41.81114196777344	-2.113245725631714	-14.133535385131836	-12.526742935180664	-0.5489189028739929	2.7640492916107178	6.538485050201416	-14.40252685546875	-7.5561203956604
T25M	4.656567096710205	4.553910255432129	1.6230262517929077	-9.017145156860352	2.2623729705810547	0.6926419138908386	-3.3294410705566406	-4.659289360046387	1.3641337156295776	-2.8341338634490967	-0.4687357544898987
T25N	5.561446666717529	6.095311164855957	-1.8630813360214233	-6.028031349182129	1.4592055082321167	2.12564754486084	-7.402964115142822	-5.864055156707764	1.2519025802612305	-5.468166828155518	-1.013278603553772
T25P	3.4963159561157227	3.0983848571777344	-1.7887543439865112	-8.557840347290039	-1.7527519464492798	0.9140759110450745	-8.683516502380371	-11.876413345336914	-0.6083006262779236	-9.84834098815918	-3.56071400642395
T25Q	2.711242198944092	7.80699348449707	-1.5463603734970093	-6.200028896331787	-0.03588808327913284	0.5828481316566467	-2.6873369216918945	-4.721183776855469	-0.9415662288665771	-4.736259460449219	-0.9767538905143738
T25R	5.01649284362793	10.899450302124023	-2.3395018577575684	-3.924692153930664	-2.1707394123077393	0.7495370507240295	-0.33681437373161316	-1.8252085447311401	-2.5226547718048096	-3.6547656059265137	-0.010889649391174316
T25S	2.96809720993042	19.002779006958008	-11.430718421936035	-0.05184301733970642	-0.05011708289384842	-1.0571008920669556	1.8132598400115967	8.340374946594238	-4.480450630187988	-2.265517234802246	1.278876543045044
T25V	-3.9910802841186523	8.254476547241211	-26.047021865844727	3.5047144889831543	-12.60680866241455	-9.352533340454102	-1.7190980911254883	1.7694987058639526	-1.6919101476669312	-12.05738639831543	-5.393714904785156
T25W	15.118626594543457	5.601368427276611	0.6943496465682983	-10.296684265136719	8.987114906311035	7.1638031005859375	-0.8738674521446228	-23.790388107299805	-2.6936604976654053	0.8211974501609802	0.07318593561649323
T25Y	2.8971495628356934	3.5990519523620605	0.07284796237945557	-11.493083000183105	-1.0190610885620117	1.7124022245407104	-2.673214912414551	-3.492868661880493	1.2357324361801147	-4.136664867401123	-1.329770803451538
L26A	-11.178784370422363	-5.616261005401611	-7.789212226867676	1.8088468313217163	-19.14497184753418	-18.462093353271484	-1.0486984252929688	4.414331912994385	-16.616254806518555	-26.940221786499023	-10.057332038879395
L26C	-5.5751519203186035	-6.132613658905029	-3.5073611736297607	3.716259241104126	-3.7455573081970215	-10.097229957580566	-11.804003715515137	-4.487349987030029	0.41218101978302	-25.919551849365234	-6.714037895202637
L26D	-17.75584602355957	-18.034082412719727	-10.011564254760742	0.9651485681533813	-19.758296966552734	-16.586074829101562	-3.5325145721435547	2.7062413692474365	-10.137208938598633	-27.243642807006836	-11.938783645629883
L26E	-17.6430721282959	-16.17399787902832	-8.101287841796875	-1.376285433769226	-22.500696182250977	-18.174745559692383	-4.643631458282471	2.6754133701324463	-11.035106658935547	-32.056724548339844	-12.9030122756958
L26F	-12.67572021484375	-6.203990936279297	-8.13304328918457	5.262474060058594	-12.583050727844238	-17.606218338012695	-0.3743451237678528	4.562762260437012	-10.044822692871094	-9.927515029907227	-6.772347450256348
L26G	-14.685701370239258	-14.83824348449707	-8.067763328552246	0.14400789141654968	-16.985210418701172	-17.365678787231445	-3.1663286685943604	5.251713275909424	-9.906495094299316	-34.31747817993164	-11.393717765808105
L26H	-5.012286186218262	-5.13369083404541	-6.1530890464782715	4.926108360290527	-0.16348332166671753	-9.37006664276123	-15.533818244934082	-5.097833633422852	1.849611520767212	-31.544666290283203	-7.123321533203125
L26I	-6.215977668762207	-9.644775390625	-6.5142130851745605	2.8431856632232666	-12.922407150268555	-15.483490943908691	2.2034778594970703	2.5305511951446533	-9.559259414672852	-10.668960571289062	-6.343186855316162
L26K	-6.224640369415283	-7.662982940673828	-7.17936372756958	4.392518043518066	-2.907491683959961	-12.165257453918457	-16.155588150024414	-6.89810037612915	1.5427286624908447	-36.661258697509766	-8.991944313049316
L26M	-5.904330253601074	-7.469511032104492	-2.437605142593384	2.0005099773406982	-3.718003273010254	-10.95134449005127	-8.402894973754883	-6.340541362762451	0.3951777219772339	-21.672136306762695	-6.45006799697876
L26N	-9.907623291015625	-16.10103416442871	-7.868197917938232	3.207357883453369	-6.891623497009277	-10.193886756896973	-11.133405685424805	-2.0295729637145996	0.10911618173122406	-34.179996490478516	-9.498886108398438
L26P	-8.692352294921875	-13.11293888092041	-7.246152877807617	1.5206279754638672	-6.7561726570129395	-10.815144538879395	-13.887051582336426	-3.512420654296875	-0.8581876754760742	-34.61830520629883	-9.797809600830078
L26Q	-11.887426376342773	-12.678813934326172	-5.813328266143799	0.5640953779220581	-8.302966117858887	-15.64916706085205	-9.107192993164062	1.3106526136398315	-2.350109338760376	-32.7532958984375	-9.666754722595215
L26R	-9.706456184387207	-8.828614234924316	-5.03884744644165	0.6388800144195557	-7.713727951049805	-13.694897651672363	-6.914098262786865	1.9212342500686646	-3.839282989501953	-30.755966186523438	-8.39317798614502
L26S	-12.706624984741211	-7.778248310089111	-7.346222400665283	1.8519494533538818	-17.657512664794922	-14.010565757751465	-1.0534945726394653	0.7863258719444275	-11.804931640625	-23.925575256347656	-9.364489555358887
L26T	-10.806020736694336	-10.239151000976562	-4.249377250671387	1.9090238809585571	-10.395484924316406	-11.93923282623291	-4.39943265914917	2.7483999729156494	-4.465936183929443	-20.797304153442383	-7.26345157623291
L26V	-11.462605476379395	-7.915091037750244	-8.789407730102539	5.163806915283203	-13.850340843200684	-18.457443237304688	0.29391032457351685	5.6836090087890625	-11.982358932495117	-13.914047241210938	-7.522996425628662
L26W	0.3712785243988037	-2.54620361328125	-15.118729591369629	7.54416036605835	-0.09823811799287796	-9.441198348999023	-27.591476440429688	-12.26257610321045	2.099989414215088	-27.664539337158203	-8.47075366973877
L26Y	-7.967526435852051	-9.234461784362793	-1.3952726125717163	1.8103466033935547	-5.571598052978516	-10.281270027160645	-8.602229118347168	-0.8309851288795471	-1.0521180629730225	-23.53558921813965	-6.666070461273193
E27A	22.518407821655273	57.39962387084961	7.153099060058594	9.370660781860352	5.42179012298584	15.01294231414795	6.866172790527344	10.363826751708984	12.523975372314453	28.542673110961914	17.517316818237305
E27C	22.313997268676758	22.586376190185547	10.129638671875	17.316104888916016	1.8303465843200684	14.785758972167969	5.860836982727051	5.3785905838012695	14.058067321777344	20.124954223632812	13.438467025756836
E27D	24.94692039489746	38.99797058105469	7.581120491027832	14.65932846069336	0.4451717734336853	18.897830963134766	8.104948043823242	9.63530445098877	16.502534866333008	22.063791275024414	16.183494567871094
E27F	14.761337280273438	36.48880386352539	2.021587371826172	9.481895446777344	10.609155654907227	20.048492431640625	8.670530319213867	6.39592170715332	10.916029930114746	18.156702041625977	13.755045890808105
E27G	24.658401489257812	34.96204376220703	5.477085590362549	9.687679290771484	3.3357224464416504	15.878650665283203	6.431798458099365	8.549242973327637	16.3479061126709	25.39743995666504	15.072598457336426
E27H	26.817827224731445	23.87395668029785	11.462493896484375	15.772764205932617	1.0784038305282593	15.279959678649902	7.00222635269165	5.507952690124512	16.170297622680664	21.19548988342285	14.4161376953125
E27I	13.994138717651367	31.5307559967041	4.628799915313721	5.312746524810791	12.803813934326172	15.108284950256348	8.656244277954102	6.315142631530762	7.836029529571533	17.94723892211914	12.41331958770752
E27K	26.624731063842773	23.494579315185547	11.168354988098145	15.345361709594727	1.1923377513885498	19.036296844482422	7.4833831787109375	5.67063045501709	16.842727661132812	20.29783821105957	14.715624809265137
E27L	7.8301897048950195	0.7308646440505981	-0.3640464246273041	2.9731738567352295	7.480905055999756	22.34731101989746	7.102718830108643	2.4667651653289795	4.230785369873047	5.605168342590332	6.040383338928223
E27M	18.49007797241211	22.07357406616211	9.124805450439453	18.373239517211914	4.424250602722168	11.106443405151367	4.8094305992126465	4.978290557861328	13.014257431030273	20.01613998413086	12.641050338745117
E27N	22.90141487121582	26.643274307250977	9.563776969909668	12.51004695892334	1.3279824256896973	18.592260360717773	6.805176258087158	5.999125003814697	16.95990562438965	19.754175186157227	14.105714797973633
E27P	21.254762649536133	20.74225616455078	8.693195343017578	9.82337760925293	2.0127522945404053	15.370573043823242	6.450229167938232	4.171762943267822	13.82545280456543	14.228677749633789	11.657302856445312
E27Q	23.281766891479492	37.22000503540039	8.816962242126465	17.463476181030273	2.3252921104431152	16.104881286621094	7.509603500366211	7.2628045082092285	18.762062072753906	24.34712028503418	16.309398651123047
E27R	19.947614669799805	38.90707015991211	8.374663352966309	16.141382217407227	3.684290885925293	16.186918258666992	6.230226039886475	7.983197212219238	16.655437469482422	25.966508865356445	16.00773048400879
E27S	24.331838607788086	48.33427810668945	7.982023239135742	13.810844421386719	3.5947837829589844	17.80583381652832	6.894974231719971	11.852367401123047	14.462316513061523	26.640371322631836	17.57096290588379
E27T	17.62513542175293	34.45499038696289	8.740245819091797	19.289386749267578	3.570011615753174	15.59857177734375	6.216442584991455	6.736783981323242	15.57815933227539	23.659570693969727	15.146931648254395
E27V	10.848292350769043	31.910663604736328	4.608190536499023	7.6712541580200195	13.590392112731934	16.663753509521484	7.658960342407227	7.5481109619140625	7.625932693481445	11.936659812927246	12.006219863891602
E27W	32.31120300292969	12.976526260375977	13.141142845153809	19.196367263793945	2.4119272232055664	21.21664810180664	7.72443962097168	-0.04082323983311653	10.992676734924316	16.586469650268555	13.651657104492188
E27Y	20.936742782592773	26.596975326538086	8.58587646484375	15.011285781860352	2.8305046558380127	14.2034273147583	5.6244940757751465	5.80007266998291	14.411250114440918	19.063762664794922	13.306439399719238
E28A	30.0368709564209	21.994325637817383	0.06484664976596832	23.54436683654785	7.411285877227783	21.469114303588867	7.81348991394043	7.423466682434082	12.974495887756348	2.203118324279785	13.493539810180664
E28C	14.513416290283203	4.654497146606445	-0.9409072399139404	5.660248279571533	0.1990841031074524	8.89840030670166	6.702277183532715	1.4393556118011475	4.727227210998535	3.4169957637786865	4.927059173583984
E28D	35.88776397705078	10.66591739654541	-1.072813630104065	24.50023078918457	2.2991580963134766	25.40491485595703	11.985262870788574	3.1204395294189453	11.5239896774292	12.339012145996094	13.665387153625488
E28F	9.513843536376953	12.667959213256836	-1.4353361129760742	17.845251083374023	7.567954063415527	16.044519424438477	3.8008646965026855	1.9900254011154175	7.943882942199707	3.5193653106689453	7.945833683013916
E28G	31.93565559387207	4.40054988861084	-7.797238349914551	23.697513580322266	-0.4492371678352356	24.795448303222656	10.19163703918457	3.5278265476226807	8.209991455078125	14.081934928894043	11.259407043457031
E28H	14.297438621520996	4.018187999725342	-1.2360459566116333	8.106826782226562	0.6300479769706726	9.041471481323242	8.267793655395508	-1.0783790349960327	3.7215635776519775	4.571601867675781	5.034050464630127
E28I	4.767261505126953	5.258647918701172	-1.0646883249282837	9.517568588256836	8.381335258483887	6.871240615844727	4.171123504638672	-0.7389727830886841	5.409376621246338	1.781988501548767	4.435488700866699
E28K	15.04383659362793	1.2975378036499023	-4.916168212890625	10.11674690246582	-0.2747054994106293	11.279507637023926	8.686237335205078	-0.8540515899658203	4.305756092071533	3.821124792098999	4.850581645965576
E28L	2.8709590435028076	-20.001081466674805	-5.377565383911133	11.038565635681152	5.232665061950684	-3.9438862800598145	13.068944931030273	5.922966003417969	3.464507818222046	-18.667715072631836	-0.6391639709472656
E28M	12.420056343078613	5.177837371826172	3.004673719406128	6.188233852386475	0.9261570572853088	5.597070693969727	8.058134078979492	-4.190848350524902	5.079607963562012	5.876509666442871	4.8137431144714355
E28N	14.850343704223633	-2.227724552154541	-9.163690567016602	14.073853492736816	-0.5656457543373108	15.736711502075195	8.430815696716309	1.6545854806900024	5.090671062469482	4.670809745788574	5.255073547363281
E28P	6.754502773284912	-12.339054107666016	-22.258153915405273	11.532991409301758	-3.79890513420105	10.381804466247559	4.441243648529053	-4.537097930908203	-1.1604785919189453	-1.0971859693527222	-1.2080333232879639
E28Q	23.263525009155273	6.058592319488525	1.6499024629592896	17.658723831176758	2.6687541007995605	14.955245971679688	8.99366283416748	5.768580436706543	7.265725135803223	9.346190452575684	9.762889862060547
E28R	23.340925216674805	8.709654808044434	0.06830164790153503	18.391719818115234	2.193190574645996	15.824870109558105	10.70100212097168	3.7928967475891113	8.601664543151855	9.979904174804688	10.16041374206543
E28S	34.78208923339844	18.473590850830078	-0.1903371512889862	24.852989196777344	5.860665798187256	24.233848571777344	12.851652145385742	4.902499675750732	14.264568328857422	12.240999221801758	15.227256774902344
E28T	16.294771194458008	13.972243309020996	1.7936152219772339	16.85368537902832	3.950076103210449	13.93343734741211	10.402393341064453	5.050694942474365	7.0733323097229	11.034906387329102	10.035916328430176
E28V	5.68220853805542	-2.7857108116149902	-1.601433277130127	9.729460716247559	11.12341594696045	6.386083602905273	7.127557277679443	0.9578877687454224	6.194692134857178	1.6201635599136353	4.443432807922363
E28W	16.838092803955078	4.083203315734863	-4.900820732116699	3.7261979579925537	0.17760580778121948	2.9550812244415283	8.535425186157227	-13.169017791748047	0.6875404119491577	-7.908773899078369	1.1024534702301025
E28Y	15.523762702941895	4.650720596313477	1.2250041961669922	11.055463790893555	0.7303251028060913	11.38550853729248	6.559688568115234	3.6450626850128174	5.981881618499756	6.186004161834717	6.694342136383057
W29A	-17.977214813232422	-14.642657279968262	-12.345711708068848	-3.8203752040863037	-35.049190521240234	-34.57441711425781	-10.868913650512695	-1.828931450843811	-31.115310668945312	-47.04059600830078	-20.92633056640625
W29C	-28.29755973815918	-21.781129837036133	-10.097423553466797	-13.416793823242188	-21.61629295349121	-21.907838821411133	-20.982341766357422	-18.501296997070312	-15.432812690734863	-43.06045150756836	-21.509395599365234
W29D	-25.923797607421875	-26.94880485534668	-12.789643287658691	-18.973194122314453	-34.178985595703125	-33.281646728515625	-16.375465393066406	-18.7362117767334	-26.728086471557617	-42.85007858276367	-25.6785888671875
W29E	-27.399518966674805	-23.21213722229004	-11.812829971313477	-18.777053833007812	-32.96136474609375	-31.68764877319336	-16.2652530670166	-16.284408569335938	-21.59626579284668	-48.035400390625	-24.80318832397461
W29F	-16.838336944580078	-16.68747329711914	-20.899019241333008	-0.9371354579925537	-22.375308990478516	-36.70825958251953	-6.17538595199585	2.053156614303589	-29.347597122192383	-40.015750885009766	-18.793109893798828
W29G	-24.421083450317383	-27.090364456176758	-12.623968124389648	-17.630096435546875	-32.299312591552734	-30.05031967163086	-13.720561027526855	-21.862777709960938	-29.14453125	-47.39544677734375	-25.62384605407715
W29H	-25.21953010559082	-23.721752166748047	-10.139968872070312	-13.323978424072266	-18.96112632751465	-21.096982955932617	-20.24281883239746	-21.516006469726562	-14.601957321166992	-40.965091705322266	-20.97892189025879
W29I	-8.530426025390625	-17.576961517333984	-11.04412841796875	-2.5576863288879395	-23.683372497558594	-32.997379302978516	-7.181497097015381	10.340372085571289	-30.47651481628418	-38.57062911987305	-16.22782325744629
W29K	-28.835773468017578	-28.29523277282715	-12.127687454223633	-16.143539428710938	-22.93205451965332	-23.161197662353516	-23.53061866760254	-22.055492401123047	-17.556407928466797	-48.06689453125	-24.270490646362305
W29L	-31.399982452392578	-21.605512619018555	-32.96906280517578	-2.9912753105163574	-21.716896057128906	-33.07711410522461	-7.942166805267334	13.861278533935547	-22.9334716796875	-30.9947452545166	-19.176895141601562
W29M	-28.232038497924805	-21.32361602783203	-9.059320449829102	-11.622314453125	-21.310047149658203	-21.48639678955078	-16.87693214416504	-15.935282707214355	-13.124980926513672	-45.70109176635742	-20.46720314025879
W29N	-25.05548858642578	-27.867462158203125	-12.423835754394531	-17.268943786621094	-26.480026245117188	-23.651134490966797	-17.662574768066406	-16.72611427307129	-22.498435974121094	-45.28690719604492	-23.49209213256836
W29P	-19.53350257873535	-32.62726974487305	-12.504242897033691	-13.515869140625	-23.891000747680664	-19.83523941040039	-14.427684783935547	-12.315799713134766	-21.568004608154297	-38.900455474853516	-20.911907196044922
W29Q	-27.42070198059082	-22.261409759521484	-11.207359313964844	-16.577640533447266	-27.548601150512695	-26.853445053100586	-16.30150604248047	-16.579994201660156	-21.038354873657227	-43.86636734008789	-22.96553611755371
W29R	-20.739715576171875	-22.7863712310791	-10.740901947021484	-14.863689422607422	-26.655170440673828	-27.893844604492188	-12.132187843322754	-15.685582160949707	-24.004064559936523	-42.41127395629883	-21.791278839111328
W29S	-18.349082946777344	-21.111177444458008	-12.230778694152832	-11.778279304504395	-34.03101348876953	-32.8599739074707	-12.353426933288574	-12.795612335205078	-29.365354537963867	-45.120670318603516	-22.999536514282227
W29T	-24.373998641967773	-20.178565979003906	-10.572386741638184	-12.793210983276367	-28.013141632080078	-29.353397369384766	-15.172200202941895	-8.333002090454102	-22.91750717163086	-47.32084274291992	-21.9028263092041
W29V	-17.0658016204834	-20.73634910583496	-14.627467155456543	-4.333974838256836	-24.494108200073242	-35.04251480102539	-9.27900218963623	11.686279296875	-37.251609802246094	-43.19639205932617	-19.434093475341797
W29Y	-27.934343338012695	-18.261024475097656	-10.194939613342285	-12.550002098083496	-21.971145629882812	-22.879989624023438	-17.460580825805664	-14.482986450195312	-13.32724380493164	-43.568565368652344	-20.26308250427246
Q30A	32.55078887939453	28.283740997314453	0.3876594007015228	24.08106231689453	5.874340534210205	15.811798095703125	1.0060107707977295	8.779505729675293	7.95822811126709	5.246345043182373	12.997947692871094
Q30C	19.914819717407227	7.023651123046875	-0.5194309949874878	7.275073528289795	0.9550691246986389	7.726164817810059	4.082404613494873	0.6690279841423035	4.551405906677246	8.487619400024414	6.016581058502197
Q30D	16.703012466430664	6.962402820587158	-3.154651165008545	28.421045303344727	-0.43912047147750854	22.706811904907227	4.125161170959473	2.926607608795166	4.76484489440918	9.880413055419922	9.289652824401855
Q30E	17.660846710205078	9.292884826660156	2.052873134613037	27.341693878173828	0.6002829670906067	22.749536514282227	3.487100601196289	6.21877384185791	6.45139741897583	12.378703117370605	10.823409080505371
Q30F	6.0643744468688965	29.33207893371582	-6.557510852813721	23.544099807739258	6.126553535461426	10.214080810546875	-0.9265790581703186	2.1591837406158447	6.164755821228027	7.758302211761475	8.387933731079102
Q30G	21.32881736755371	4.272968292236328	-2.9665751457214355	27.904890060424805	-0.9060453772544861	16.950313568115234	1.041985034942627	6.736431121826172	5.741552352905273	12.120518684387207	9.222485542297363
Q30H	22.2313289642334	8.052138328552246	0.776911735534668	8.440949440002441	0.21472573280334473	9.603501319885254	4.350800037384033	0.08148892223834991	5.0281853675842285	8.60464859008789	6.738467216491699
Q30I	13.605449676513672	25.29317283630371	-0.6811929941177368	7.306639671325684	7.761954307556152	4.348645210266113	3.435779571533203	-3.1252012252807617	5.386760234832764	4.753049850463867	6.808505058288574
Q30K	18.028411865234375	5.0974626541137695	-6.562864780426025	6.00750207901001	-0.6096711158752441	10.26396369934082	3.3427209854125977	-0.038817886263132095	5.267439365386963	7.113914966583252	4.791006088256836
Q30L	-2.275322437286377	-6.94960355758667	-5.550562858581543	10.531527519226074	10.066368103027344	-8.107409477233887	4.2253007888793945	4.674541473388672	9.084832191467285	11.115602493286133	2.6815273761749268
Q30M	21.12321662902832	11.258150100708008	2.469494104385376	11.023296356201172	1.7270491123199463	9.663318634033203	3.6715970039367676	4.211669921875	3.980374336242676	7.916440010070801	7.704461574554443
Q30N	14.233375549316406	2.0086076259613037	-10.744467735290527	11.005705833435059	-0.21007996797561646	12.162622451782227	4.530276775360107	0.3189106583595276	5.486507415771484	5.807366847991943	4.459882736206055
Q30P	5.9704108238220215	-3.2885072231292725	-15.644298553466797	4.225625038146973	-4.930848598480225	6.193567276000977	0.8136194944381714	-2.709698438644409	0.6453624963760376	-1.3241113424301147	-1.0048878192901611
Q30R	24.632400512695312	7.774456977844238	1.6874850988388062	21.439172744750977	2.1046183109283447	17.779672622680664	4.883352279663086	8.205411911010742	6.243107795715332	11.068099975585938	10.581778526306152
Q30S	27.8680362701416	12.053217887878418	0.26173850893974304	25.482393264770508	1.4440265893936157	21.593719482421875	2.910057544708252	8.307025909423828	8.834941864013672	17.49646759033203	12.625162124633789
Q30T	19.76123809814453	10.609107971191406	1.2589157819747925	20.343286514282227	1.5543590784072876	10.557636260986328	4.151861190795898	7.783145904541016	6.461195468902588	12.076186180114746	9.455694198608398
Q30V	3.8106648921966553	18.870269775390625	-3.2171576023101807	7.327943801879883	10.457146644592285	-1.3296090364456177	2.17852783203125	-1.2827919721603394	3.903204917907715	4.768534183502197	4.548673629760742
Q30W	23.6507625579834	5.530869960784912	1.51386559009552	-8.234489440917969	-0.9974480271339417	13.477275848388672	5.4049811363220215	-6.275373458862305	2.1968698501586914	0.6891841292381287	3.6956493854522705
Q30Y	17.294328689575195	7.398720741271973	-3.432281017303467	10.425043106079102	1.0117366313934326	9.364614486694336	3.2605478763580322	4.233333587646484	4.681775093078613	9.16991138458252	6.340773105621338
D31A	33.9989128112793	33.18053436279297	3.7883310317993164	13.540342330932617	2.4171321392059326	15.715812683105469	5.56807804107666	21.281543731689453	18.24730682373047	20.978235244750977	16.87162208557129
D31C	39.443695068359375	11.418953895568848	4.980013370513916	8.251481056213379	1.7849113941192627	18.333965301513672	6.016822338104248	6.393920421600342	9.2441987991333	5.431042671203613	11.129901885986328
D31E	40.71390914916992	22.076263427734375	2.70906400680542	19.759767532348633	4.752442359924316	25.03566551208496	9.04924488067627	24.73468017578125	16.626815795898438	15.479255676269531	18.09370994567871
D31F	9.897740364074707	30.729135513305664	0.18323242664337158	7.390858173370361	2.1915700435638428	12.19932746887207	4.3014445304870605	4.019115924835205	10.224215507507324	10.45463752746582	9.159128189086914
D31G	33.92683410644531	20.284168243408203	2.7164392471313477	18.4724063873291	1.206499695777893	23.118017196655273	6.087024211883545	22.9678955078125	12.516655921936035	16.018543243408203	15.73144817352295
D31H	39.00639343261719	11.418951034545898	6.79536247253418	7.284416198730469	3.558016061782837	20.194894790649414	7.610588550567627	4.625941753387451	9.616522789001465	2.7334463596343994	11.284452438354492
D31I	8.387332916259766	25.739665985107422	-0.20384076237678528	1.191881775856018	-1.224612832069397	10.38572883605957	4.531858921051025	3.81319260597229	8.200981140136719	6.55307674407959	6.737526893615723
D31K	35.48969650268555	11.818792343139648	6.97959041595459	2.208392381668091	2.8684473037719727	21.57433319091797	7.572150707244873	4.879114151000977	9.9072904586792	-3.5802581310272217	9.97175407409668
D31L	2.3336844444274902	-6.248917579650879	-3.5749738216400146	1.2221680879592896	10.380537986755371	1.3706223964691162	7.085885047912598	-5.6701250076293945	6.688945770263672	-2.541780948638916	1.104604721069336
D31M	39.245521545410156	8.04220962524414	4.7402143478393555	5.627758979797363	6.1115522384643555	14.61046028137207	7.118152141571045	4.502373695373535	8.18925952911377	7.242412090301514	10.542990684509277
D31N	32.22964859008789	12.338813781738281	4.630094051361084	8.607473373413086	1.673719882965088	20.3587646484375	6.178480625152588	7.117587089538574	11.992589950561523	-0.4825233817100525	10.464465141296387
D31P	25.163959503173828	4.322534561157227	1.1422462463378906	2.572287082672119	-0.5931889414787292	16.705141067504883	1.6724249124526978	5.193804740905762	5.454777240753174	-21.98605728149414	3.9647929668426514
D31Q	39.217796325683594	13.989919662475586	5.158246040344238	12.291130065917969	5.066195964813232	20.629411697387695	7.880886554718018	13.299448013305664	15.426222801208496	9.753707885742188	14.271295547485352
D31R	36.7524528503418	15.686567306518555	4.671420097351074	14.306866645812988	4.534112930297852	25.70720863342285	7.253018379211426	16.08637237548828	14.625743865966797	12.607803344726562	15.223156929016113
D31S	36.419471740722656	28.036657333374023	3.2412447929382324	15.779753684997559	3.2500901222229004	21.841041564941406	7.00168514251709	23.47943687438965	15.673994064331055	19.76022720336914	17.448360443115234
D31T	38.09989547729492	19.153411865234375	3.2792410850524902	11.987357139587402	2.722019672393799	16.97001838684082	8.101741790771484	14.974836349487305	14.769954681396484	11.545852661132812	14.160433769226074
D31V	7.95817756652832	24.792192459106445	0.04439637064933777	3.3717904090881348	4.585824489593506	9.83925724029541	4.507656097412109	6.608564376831055	9.072758674621582	6.776513576507568	7.755712985992432
D31W	32.43494415283203	6.894976615905762	8.72097110748291	-9.943825721740723	0.6967211961746216	24.095117568969727	7.891626358032227	0.737766444683075	2.9807913303375244	-16.36754035949707	5.814154624938965
D31Y	39.23038864135742	11.10344123840332	4.3511152267456055	11.530893325805664	2.0545568466186523	17.10972023010254	5.3086676597595215	8.66984748840332	9.40017032623291	6.284407138824463	11.504321098327637
K32A	-5.2477006912231445	-5.4213175773620605	-11.433113098144531	5.596308708190918	-10.968615531921387	-24.586002349853516	-1.2247861623764038	-4.266602993011475	6.942102432250977	-47.36296844482422	-9.797269821166992
K32C	-9.551231384277344	-17.978029251098633	-24.188648223876953	18.68585205078125	-9.564397811889648	-20.012685775756836	-4.389710426330566	5.369994640350342	5.060276508331299	-33.33860778808594	-8.99071979522705
K32D	-6.479384422302246	-20.655649185180664	-28.715660095214844	21.15795135498047	-12.356517791748047	-16.356958389282227	-1.2004833221435547	-7.026632785797119	2.6667191982269287	-28.498266220092773	-9.746488571166992
K32E	-2.6557257175445557	-12.950870513916016	-25.07232093811035	24.91790008544922	-9.86071491241455	-7.576548099517822	0.09547096490859985	-4.428899765014648	7.50442361831665	-31.987146377563477	-6.201443195343018
K32F	-2.6978371143341064	-2.070549726486206	-13.97040843963623	8.943493843078613	-3.339357376098633	-22.36815643310547	-2.0185458660125732	1.391584038734436	2.345139265060425	-41.704586029052734	-7.548922538757324
K32G	-4.541012287139893	-21.504108428955078	-21.350950241088867	10.022220611572266	-13.375380516052246	-22.49921989440918	-1.8827927112579346	-8.189034461975098	3.3321971893310547	-38.545555114746094	-11.853363037109375
K32H	-8.223124504089355	-19.652456283569336	-23.166059494018555	22.4959716796875	-8.453449249267578	-3.726019859313965	-0.9020670056343079	0.7566408514976501	2.942270278930664	-23.951034545898438	-6.18793249130249
K32I	-2.7872509956359863	-0.18475714325904846	-10.006478309631348	3.4769163131713867	-4.228850841522217	-22.53351593017578	0.9265114665031433	-0.671970546245575	3.602865219116211	-39.346923828125	-7.175345420837402
K32L	-10.3795804977417	-24.928606033325195	-20.02573013305664	-5.837522506713867	-5.06686544418335	-32.6444091796875	6.5454020500183105	8.017504692077637	5.0704145431518555	-32.92947769165039	-11.217887878417969
K32M	-7.040460586547852	-10.74731159210205	-22.030128479003906	15.3482027053833	-11.794573783874512	-19.156490325927734	-2.030463218688965	3.1322786808013916	4.717996120452881	-34.691532135009766	-8.429248809814453
K32N	-4.0468430519104	-26.632144927978516	-30.60712432861328	22.24460792541504	-13.552577018737793	-15.251901626586914	0.36576229333877563	-2.3380467891693115	1.8835976123809814	-23.86845588684082	-9.180312156677246
K32P	-2.539153814315796	-28.58968734741211	-39.05338668823242	17.08297348022461	-15.930654525756836	-13.79502010345459	-0.2260257601737976	-5.628935813903809	-5.12308931350708	-16.227725982666016	-11.003071784973145
K32Q	-8.008456230163574	-19.018404006958008	-24.875843048095703	18.372373580932617	-13.251620292663574	-18.176349639892578	-2.2934350967407227	-0.7030800580978394	5.362462043762207	-36.196346282958984	-9.878870010375977
K32R	-6.196223258972168	-18.670072555541992	-23.951337814331055	11.587204933166504	-12.726126670837402	-22.107723236083984	-0.467428594827652	-3.7663309574127197	5.2614850997924805	-38.10847854614258	-10.914505004882812
K32S	-5.0738348960876465	-15.5794677734375	-19.178722381591797	11.602218627929688	-13.053038597106934	-23.139780044555664	-0.6724911332130432	-8.298506736755371	5.7927565574646	-38.90299987792969	-10.650386810302734
K32T	-5.976096153259277	-15.148889541625977	-26.244693756103516	16.417516708374023	-13.393248558044434	-19.17331314086914	-2.195556163787842	-2.5227248668670654	8.397059440612793	-40.64606475830078	-10.048601150512695
K32V	-4.132396697998047	0.47386667132377625	-14.943553924560547	1.051563024520874	-3.734811544418335	-30.53864097595215	-0.25305262207984924	2.447436571121216	3.8499395847320557	-37.646419525146484	-8.342607498168945
K32W	-5.040520668029785	-18.75604248046875	-28.567886352539062	13.712867736816406	-6.767058372497559	-0.9116401076316833	-3.220289945602417	-2.9150748252868652	0.680181622505188	-19.017921447753906	-7.080338478088379
K32Y	-7.729363441467285	-15.498468399047852	-24.32889175415039	21.22136116027832	-11.840246200561523	-21.98601531982422	-6.699614524841309	5.662358283996582	5.911102294921875	-33.53519821166992	-8.88229751586914
W33A	-20.016984939575195	-7.057085990905762	-6.834794521331787	-8.04192066192627	-26.721935272216797	-23.03279685974121	-9.477456092834473	-6.540987491607666	-16.959880828857422	-31.657169342041016	-15.634099960327148
W33C	-11.59864330291748	-16.064725875854492	-8.016756057739258	-7.503306865692139	-17.160869598388672	-11.480364799499512	-11.960742950439453	-13.751422882080078	-9.165887832641602	-29.504047393798828	-13.620676040649414
W33D	-22.98541831970215	-18.46656608581543	-8.75427532196045	-13.087299346923828	-27.21868896484375	-18.33875846862793	-9.539095878601074	-14.786405563354492	-13.110650062561035	-29.70098304748535	-17.59881591796875
W33E	-17.767894744873047	-16.924951553344727	-8.134332656860352	-13.706634521484375	-25.280982971191406	-18.70993995666504	-6.954248905181885	-16.855030059814453	-10.253219604492188	-28.030025482177734	-16.26172637939453
W33F	-15.096858978271484	-5.549129962921143	-13.005804061889648	0.8695175647735596	-11.08181381225586	-21.715274810791016	-5.078172206878662	2.2400014400482178	-19.192541122436523	-37.327083587646484	-12.4937162399292
W33G	-19.971332550048828	-19.049814224243164	-9.638744354248047	-17.931161880493164	-30.359249114990234	-17.878223419189453	-12.008174896240234	-12.302693367004395	-12.614014625549316	-34.9998779296875	-18.67532730102539
W33H	-8.849159240722656	-17.846654891967773	-8.456827163696289	-6.714191913604736	-13.874228477478027	-10.292973518371582	-10.152473449707031	-16.469924926757812	-6.880813121795654	-28.713485717773438	-12.8250732421875
W33I	-13.697134017944336	-4.587268829345703	-7.0415568351745605	-1.5629669427871704	-11.661683082580566	-20.75908660888672	-2.983725070953369	-0.6868578791618347	-23.166698455810547	-31.294397354125977	-11.74413776397705
W33K	-11.18345832824707	-19.166406631469727	-9.893890380859375	-6.478089809417725	-15.647565841674805	-12.227721214294434	-12.34754467010498	-18.129894256591797	-9.483668327331543	-29.819841384887695	-14.4378080368042
W33L	-25.885950088500977	-15.85645580291748	-16.062294006347656	-4.156395435333252	-11.473530769348145	-29.107933044433594	-3.1157772541046143	13.261207580566406	-9.444131851196289	-36.067230224609375	-13.790847778320312
W33M	-10.752724647521973	-13.347606658935547	-7.054684162139893	-5.969809532165527	-16.328603744506836	-13.235450744628906	-8.76047134399414	-13.48987865447998	-5.9483208656311035	-30.75560188293457	-12.564314842224121
W33N	-15.059846878051758	-19.04857635498047	-9.872642517089844	-11.591565132141113	-20.398164749145508	-12.454657554626465	-8.186251640319824	-13.802638053894043	-11.815790176391602	-28.280126571655273	-15.051025390625
W33P	-13.812163352966309	-24.090208053588867	-10.366684913635254	-2.977306365966797	-18.784725189208984	-10.533733367919922	-5.358222961425781	-11.419604301452637	-12.836028099060059	-21.386837005615234	-13.156550407409668
W33Q	-13.410364151000977	-17.137245178222656	-7.568851947784424	-12.83954906463623	-20.539018630981445	-14.918808937072754	-5.889193534851074	-16.896377563476562	-9.845813751220703	-27.527790069580078	-14.65730094909668
W33R	-14.678245544433594	-16.07354164123535	-7.7078857421875	-14.492008209228516	-23.248498916625977	-17.50083351135254	-6.472711563110352	-18.21115493774414	-9.733930587768555	-28.528255462646484	-15.664706230163574
W33S	-21.709444046020508	-15.739069938659668	-8.672873497009277	-12.232992172241211	-27.643362045288086	-20.28679656982422	-10.590134620666504	-13.382362365722656	-12.691139221191406	-27.358518600463867	-17.030670166015625
W33T	-17.13962745666504	-14.851298332214355	-7.557636737823486	-11.274170875549316	-23.865474700927734	-16.99001693725586	-7.022878646850586	-13.47622299194336	-12.88345718383789	-26.78417205810547	-15.184494018554688
W33V	-19.109094619750977	-10.636107444763184	-10.454730987548828	-3.347677707672119	-12.39385986328125	-26.293212890625	-5.704141139984131	-1.00190269947052	-28.862659454345703	-41.242122650146484	-15.904550552368164
W33Y	-11.17782974243164	-13.988784790039062	-7.345153331756592	-5.672517776489258	-16.327713012695312	-12.807453155517578	-8.271851539611816	-10.95527458190918	-8.469350814819336	-28.620344161987305	-12.363628387451172
V34A	26.71170997619629	43.39392852783203	-2.642002582550049	8.312499046325684	0.9292901754379272	6.692693710327148	4.888683319091797	20.910383224487305	14.612736701965332	22.744182586669922	14.655410766601562
V34C	29.39225959777832	16.4373779296875	3.355142831802368	-1.823183298110962	-2.09084153175354	10.271254539489746	5.658754825592041	2.653351068496704	3.4979615211486816	3.65682315826416	7.100889682769775
V34D	27.06357765197754	23.83582878112793	-0.844247579574585	-0.15092921257019043	-0.5627326369285583	13.040704727172852	6.040685176849365	9.528181076049805	6.841181755065918	14.385466575622559	9.91777229309082
V34E	31.588659286499023	30.858144760131836	0.5529040098190308	3.5787158012390137	0.18309026956558228	12.072246551513672	6.600132942199707	11.361863136291504	7.735280990600586	19.488311767578125	12.401934623718262
V34F	3.9262750148773193	27.5849666595459	-5.635205268859863	8.922588348388672	0.30034250020980835	11.032547950744629	3.456221103668213	14.0612154006958	4.242706775665283	10.9280424118042	7.881970405578613
V34G	32.04143142700195	25.368682861328125	-0.004628211259841919	-0.7246097326278687	-0.6486908197402954	11.088386535644531	4.271481990814209	14.556624412536621	6.14921760559082	18.172863006591797	11.027076721191406
V34H	29.124296188354492	12.687493324279785	4.114030838012695	-4.709737300872803	-1.2588928937911987	10.69272518157959	5.67946195602417	0.4093470871448517	2.326094150543213	3.2520759105682373	6.231689929962158
V34I	5.810865879058838	23.430683135986328	2.19604229927063	7.889096736907959	0.6904979348182678	10.430211067199707	5.891930103302002	6.740758895874023	4.20928955078125	11.268355369567871	7.855772972106934
V34K	30.96552085876465	14.005178451538086	4.316382884979248	-11.613019943237305	-1.8057645559310913	12.558133125305176	6.3976874351501465	0.3657907545566559	2.183776617050171	0.281567245721817	5.7655253410339355
V34L	-1.1166707277297974	-8.996559143066406	-2.5992350578308105	9.844151496887207	6.413055419921875	-4.717472553253174	9.876188278198242	-1.5644747018814087	2.812096118927002	2.2638051509857178	1.221488356590271
V34M	30.80650520324707	22.245460510253906	3.4381351470947266	0.5494986772537231	0.11453061550855637	8.408970832824707	6.821450710296631	2.8638041019439697	3.1127398014068604	4.295341491699219	8.265644073486328
V34N	24.732229232788086	12.30661392211914	2.249084949493408	-7.420068740844727	-1.9496979713439941	11.945124626159668	5.230431079864502	1.6835459470748901	2.26663875579834	3.266169309616089	5.431006908416748
V34P	21.836318969726562	6.62510871887207	2.703531265258789	-19.602582931518555	-1.6853049993515015	8.704793930053711	3.7047388553619385	-2.8883113861083984	-1.4606949090957642	-23.39763832092285	-0.5460041165351868
V34Q	27.643129348754883	21.910898208618164	1.7295366525650024	0.792834997177124	-1.237420678138733	12.121994018554688	6.079504489898682	4.585139751434326	5.48722505569458	11.047789573669434	9.016063690185547
V34R	30.36899185180664	27.264022827148438	2.645066738128662	2.138162612915039	-0.2221471071243286	12.721004486083984	6.315488338470459	7.901724815368652	6.997048377990723	16.170616149902344	11.229997634887695
V34S	38.168800354003906	39.68400955200195	-2.6736741065979004	2.622671365737915	2.1467161178588867	10.690665245056152	5.666130065917969	16.44112205505371	9.871895790100098	19.174686431884766	14.179303169250488
V34T	31.37403106689453	31.04518699645996	1.0387699604034424	3.2748470306396484	-1.13615882396698	9.932099342346191	5.874096393585205	6.930582046508789	5.925506591796875	9.130008697509766	10.338895797729492
V34W	20.043901443481445	8.582603454589844	7.294065952301025	-19.437318801879883	1.1397804021835327	14.928117752075195	12.4027681350708	-12.097464561462402	-2.390632152557373	-16.836811065673828	1.3629004955291748
V34Y	27.706886291503906	16.364076614379883	2.1734185218811035	-1.9746832847595215	-1.560017704963684	7.9832353591918945	4.988462448120117	2.8510401248931885	3.7303483486175537	4.284317970275879	6.6547088623046875
N35A	24.993080139160156	43.789649963378906	4.071165084838867	26.326948165893555	1.7138842344284058	10.00827693939209	7.037749767303467	20.133087158203125	13.498027801513672	26.01243782043457	17.758432388305664
N35C	48.74366760253906	29.69839859008789	8.58899211883545	-4.337092876434326	4.236530780792236	13.040765762329102	5.811707019805908	5.790672302246094	6.090178489685059	4.025887489318848	12.168970108032227
N35D	31.795461654663086	33.890045166015625	8.966659545898438	-0.7481597661972046	5.34705924987793	15.850613594055176	8.543993949890137	11.750495910644531	12.726031303405762	8.152111053466797	13.627431869506836
N35E	38.53248977661133	33.76020050048828	8.905277252197266	13.985649108886719	7.107705116271973	14.595428466796875	11.33180046081543	14.780633926391602	13.92585277557373	14.763235092163086	17.168827056884766
N35F	10.818775177001953	31.62356948852539	4.297119617462158	24.539443969726562	4.172998428344727	8.847160339355469	3.57303524017334	5.6882829666137695	8.814764022827148	17.11637306213379	11.949151992797852
N35G	37.837501525878906	32.238258361816406	4.650477409362793	3.39493989944458	1.8672218322753906	14.917352676391602	4.908166408538818	18.998767852783203	14.03148078918457	7.888892650604248	14.073305130004883
N35H	46.7608528137207	26.6668701171875	11.404764175415039	-10.843120574951172	4.871531009674072	12.649580955505371	5.94711446762085	4.7510175704956055	6.983651161193848	5.591757297515869	11.478401184082031
N35I	8.082680702209473	22.348234176635742	6.0021891593933105	18.715559005737305	5.153059005737305	8.945014953613281	4.532431602478027	0.22141049802303314	6.5376482009887695	16.01191520690918	9.65501594543457
N35K	48.488677978515625	29.612260818481445	12.50344467163086	-21.882062911987305	4.886197566986084	14.51746940612793	5.43652868270874	4.325611114501953	6.839341640472412	4.013418674468994	10.874090194702148
N35L	5.3686394691467285	-3.9486188888549805	5.428276062011719	15.78428840637207	16.592021942138672	16.650985717773438	11.080950736999512	-38.83349609375	6.6265950202941895	9.850564002990723	4.460020542144775
N35M	45.945167541503906	25.55396842956543	8.592910766601562	6.6060686111450195	6.47751522064209	9.81986141204834	7.913208484649658	5.481277942657471	5.061540603637695	4.915557384490967	12.63670825958252
N35P	34.39078903198242	20.173059463500977	11.404733657836914	-46.55217742919922	2.979334831237793	11.701149940490723	-7.014777660369873	-1.04169762134552	-2.0774428844451904	-22.76761245727539	0.11953582614660263
N35Q	42.125179290771484	28.31637954711914	10.08254623413086	2.0453171730041504	7.781552314758301	14.882890701293945	8.99898910522461	10.628717422485352	8.385300636291504	8.333454132080078	14.15803337097168
N35R	42.49661636352539	32.49358367919922	9.361753463745117	14.980311393737793	6.777388095855713	16.317134857177734	8.444607734680176	15.409425735473633	12.289960861206055	10.308012008666992	16.887880325317383
N35S	36.39373016357422	39.85308074951172	7.628250598907471	16.048322677612305	3.629023551940918	14.925092697143555	9.280795097351074	19.8107852935791	12.839503288269043	11.678625106811523	17.208721160888672
N35T	40.36726760864258	35.095191955566406	8.005958557128906	10.153525352478027	5.416216850280762	14.50782299041748	9.121444702148438	12.873698234558105	7.682962417602539	6.1643385887146	14.9388427734375
N35V	9.543413162231445	20.985870361328125	5.947649955749512	13.200395584106445	7.316676139831543	7.37494421005249	5.040168285369873	0.722873330116272	6.53668212890625	16.818302154541016	9.3486967086792
N35W	43.71244812011719	25.148496627807617	12.879589080810547	-35.47411346435547	4.205009937286377	11.669896125793457	7.009612560272217	-1.3054758310317993	3.2370235919952393	2.4962806701660156	7.357876777648926
N35Y	45.777713775634766	26.516725540161133	8.401082992553711	0.09853947162628174	4.788537502288818	11.685791015625	4.797863483428955	6.6366143226623535	5.620139122009277	1.8750258684158325	11.619803428649902
G36A	6.096965789794922	25.037330627441406	1.5915876626968384	10.840475082397461	5.1745781898498535	40.17048645019531	5.021356582641602	2.007828712463379	4.414000511169434	11.988746643066406	11.234334945678711
G36C	12.538032531738281	3.189518451690674	9.774381637573242	8.18563175201416	4.290185928344727	14.77364444732666	6.682136058807373	-0.8816007375717163	4.6571173667907715	10.275190353393555	7.348423957824707
G36D	10.426506042480469	9.191144943237305	4.236850738525391	8.433430671691895	1.4886308908462524	25.92232894897461	7.702757835388184	3.282240629196167	4.826124668121338	11.48462963104248	8.699464797973633
G36E	9.166813850402832	8.86532974243164	4.061246871948242	7.714366436004639	1.5011099576950073	22.74643898010254	7.554518222808838	3.372770071029663	4.454533576965332	11.678202629089355	8.111533164978027
G36F	1.5177634954452515	30.780244827270508	-1.3518321514129639	6.358716011047363	1.443777084350586	36.79306411743164	-2.7606875896453857	1.6859130859375	1.52958083152771	1.9368842840194702	7.793341636657715
G36H	11.697959899902344	1.9916298389434814	12.047356605529785	8.786463737487793	5.524853706359863	14.972591400146484	7.359386920928955	-2.399197578430176	4.855771541595459	11.316710472106934	7.615352630615234
G36I	0.5882778763771057	19.617124557495117	0.20581364631652832	7.606795787811279	3.1683101654052734	42.375858306884766	-2.216820001602173	0.5080487728118896	2.6781182289123535	6.869303226470947	8.140082359313965
G36K	11.478023529052734	1.8278980255126953	12.8062105178833	8.11978816986084	7.262701034545898	17.07242202758789	8.128671646118164	-4.930673599243164	4.9012627601623535	12.249479293823242	7.891578674316406
G36L	-9.727176666259766	-1.060723900794983	-5.487935543060303	-9.416874885559082	-7.326196670532227	32.29116439819336	-16.108627319335938	3.82806658744812	0.12144850194454193	-12.625811576843262	-2.5512664318084717
G36M	11.721094131469727	1.7045897245407104	9.013448715209961	8.830283164978027	5.207796096801758	11.031959533691406	6.791340351104736	1.0552244186401367	4.805461406707764	10.86365795135498	7.102485656738281
G36N	11.623758316040039	1.4668548107147217	11.507440567016602	7.994649410247803	4.350814342498779	16.55426788330078	7.338431358337402	-0.25427186489105225	5.361390590667725	11.86764144897461	7.781097412109375
G36P	7.540502548217773	-3.2904574871063232	10.990594863891602	6.784918308258057	4.546185493469238	16.367786407470703	7.011735916137695	-7.397866249084473	3.4311106204986572	6.076974868774414	5.206148624420166
G36Q	11.710186958312988	4.423266410827637	9.097559928894043	6.67767333984375	4.48969841003418	15.464749336242676	7.490729331970215	2.007842779159546	5.252358436584473	12.518157958984375	7.913222312927246
G36R	10.952116966247559	5.2842864990234375	7.6365647315979	6.101025581359863	2.2112488746643066	18.246212005615234	7.531215667724609	3.2092888355255127	4.490046501159668	11.638326644897461	7.730033874511719
G36S	11.477214813232422	15.857710838317871	2.6944544315338135	9.85323429107666	3.703712224960327	34.74674987792969	6.039778709411621	3.2800838947296143	4.903880596160889	12.287222862243652	10.484403610229492
G36T	10.048140525817871	6.483318328857422	4.188530445098877	5.145169734954834	2.136793613433838	19.142818450927734	5.111182689666748	3.260307788848877	4.637965679168701	11.34065055847168	7.1494879722595215
G36V	0.8527058362960815	20.05531120300293	-0.6484507322311401	7.383974552154541	1.2338453531265259	45.7399787902832	-9.833087921142578	0.6386189460754395	2.010557174682617	-1.4582289457321167	6.597521781921387
G36W	6.637873649597168	-6.681412220001221	20.27293586730957	4.543531894683838	12.646795272827148	29.34964370727539	7.950145244598389	-8.893120765686035	1.6751673221588135	11.468759536743164	7.897031307220459
G36Y	9.921683311462402	3.296173095703125	8.322159767150879	6.865335464477539	4.174851894378662	13.369078636169434	6.120472431182861	0.5399730205535889	4.144312858581543	10.125980377197266	6.688002109527588
K37A	20.947053909301758	39.40966796875	6.443829536437988	14.488289833068848	-0.092462919652462	6.520711421966553	0.9131987690925598	10.963747024536133	17.111099243164062	9.78942584991455	12.649456977844238
K37C	34.39977264404297	18.202056884765625	3.5374512672424316	-10.587186813354492	-3.5925865173339844	7.233185291290283	1.646560549736023	0.46513667702674866	4.446643352508545	0.4954407215118408	5.624647617340088
K37D	22.295522689819336	27.35127830505371	2.924999713897705	-14.523045539855957	-0.06210345774888992	13.931742668151855	-7.374378681182861	-2.8916308879852295	19.121929168701172	0.7386649250984192	6.1512980461120605
K37E	19.379812240600586	29.652057647705078	4.244917869567871	-8.942615509033203	-0.5516408085823059	12.937155723571777	-1.4280612468719482	3.4711413383483887	23.96269416809082	6.184823513031006	8.89102840423584
K37F	2.8790841102600098	29.456396102905273	-2.7816011905670166	21.570039749145508	1.486751675605774	3.6448588371276855	-0.36344289779663086	8.032093048095703	7.9080810546875	9.617396354675293	8.144965171813965
K37G	16.045848846435547	30.40726661682129	0.8539096117019653	-6.927167892456055	-0.677851676940918	13.026765823364258	-5.674630165100098	8.692209243774414	21.52389907836914	4.9822773933410645	8.225252151489258
K37H	32.297943115234375	18.106882095336914	3.3844237327575684	-16.755168914794922	-2.304838180541992	10.027959823608398	-0.19726291298866272	-3.5050315856933594	5.3817877769470215	2.4165351390838623	4.8853230476379395
K37I	12.929618835449219	27.618898391723633	1.17959725856781	16.141984939575195	1.1755248308181763	4.405428409576416	1.475189208984375	4.447732925415039	4.246668815612793	9.330119132995605	8.295075416564941
K37L	2.842371940612793	-3.957500457763672	-2.0033483505249023	5.423430919647217	14.15070915222168	-0.8554382920265198	7.338932514190674	5.393383502960205	4.6700439453125	8.71167278289795	4.171425819396973
K37M	23.952938079833984	17.92605209350586	4.00067138671875	-1.1704422235488892	-2.657139301300049	5.623805046081543	1.7490075826644897	1.5846983194351196	1.7978225946426392	1.9035788774490356	5.471099376678467
K37N	29.073566436767578	16.226409912109375	2.3038506507873535	-31.993188858032227	-1.4565845727920532	11.992841720581055	-6.10263729095459	-5.0797038078308105	6.1704864501953125	-2.066631317138672	1.9068409204483032
K37P	23.921480178833008	4.044188976287842	-3.5621683597564697	-49.221920013427734	-0.6744042038917542	11.232211112976074	-18.726940155029297	-19.035682678222656	3.2931761741638184	-23.77680206298828	-7.2506866455078125
K37Q	25.14505958557129	23.053882598876953	4.197600364685059	-14.35704231262207	-1.247759222984314	12.925335884094238	-0.4882100820541382	0.0508485846221447	10.095357894897461	2.843055248260498	6.221813201904297
K37R	25.142507553100586	24.650602340698242	4.15319299697876	-9.62158489227295	-1.595546841621399	11.740127563476562	0.732520580291748	4.245538711547852	15.115531921386719	3.6037471294403076	7.8166632652282715
K37S	20.835664749145508	37.4793815612793	4.775033473968506	-2.1868321895599365	0.11569833010435104	10.835966110229492	-2.0340991020202637	7.3637213706970215	25.605146408081055	5.989973068237305	10.877965927124023
K37T	26.461414337158203	32.758609771728516	3.755143642425537	-6.226841449737549	-0.9475027322769165	8.625812530517578	-0.47983628511428833	-0.9451357126235962	15.302401542663574	5.244089126586914	8.354814529418945
K37V	8.913216590881348	22.94784164428711	1.712556004524231	7.13034725189209	6.281642913818359	4.029660701751709	2.671982765197754	8.472264289855957	4.145942687988281	8.838335037231445	7.514378547668457
K37W	36.8896598815918	13.813138961791992	3.1862711906433105	-22.613971710205078	-0.29152122139930725	2.047360420227051	2.038423776626587	-10.378787994384766	-1.0319336652755737	-6.538593292236328	1.7120048999786377
K37Y	28.708614349365234	18.624448776245117	2.682326316833496	-9.656636238098145	-3.8518195152282715	9.382497787475586	0.9937427639961243	0.7677186727523804	4.93218994140625	1.5138887166976929	5.409697532653809
T38A	-22.26675796508789	1.8134406805038452	-12.00023078918457	8.797575950622559	-26.9017276763916	-28.087238311767578	-5.612283706665039	15.390259742736816	-9.190526008605957	-43.511478424072266	-12.156896591186523
T38C	-17.48568344116211	-11.569849967956543	-10.600677490234375	0.2718985378742218	-26.603654861450195	-16.559236526489258	-10.436752319335938	0.20917417109012604	2.7300949096679688	-42.84916305541992	-13.289384841918945
T38D	-26.664297103881836	-11.127655982971191	-14.024120330810547	-3.965515613555908	-44.88059616088867	-34.87429428100586	-13.726905822753906	0.04470662400126457	-13.325791358947754	-39.409446716308594	-20.195392608642578
T38E	-23.521493911743164	-12.814035415649414	-12.22176456451416	-7.47256326675415	-39.48212814331055	-31.149154663085938	-10.018627166748047	0.10018567740917206	-12.357210159301758	-38.162147521972656	-18.70989418029785
T38F	-25.1220703125	5.529801845550537	-17.482372283935547	6.2703471183776855	-17.288450241088867	-22.749120712280273	-4.367724895477295	15.385966300964355	-4.71243953704834	-39.36014175415039	-10.389619827270508
T38G	-26.0562801361084	-3.571763038635254	-16.904354095458984	0.02317691594362259	-37.32171630859375	-24.83751678466797	-10.0679349899292	4.523959636688232	-14.615416526794434	-52.26034927368164	-18.10881805419922
T38H	-17.059532165527344	-13.885738372802734	-10.22815990447998	1.3212889432907104	-28.558765411376953	-19.199235916137695	-12.346075057983398	-0.4624372124671936	3.021214008331299	-44.516456604003906	-14.191389083862305
T38I	-21.778608322143555	-10.902138710021973	-8.502069473266602	1.6388059854507446	-12.490591049194336	-24.276660919189453	-1.2074425220489502	5.749382972717285	-6.416977405548096	-47.212467193603516	-12.539876937866211
T38K	-20.5059814453125	-16.88352394104004	-12.589341163635254	-2.337008237838745	-29.681922912597656	-21.69556999206543	-14.843583106994629	-1.8596062660217285	0.29937684535980225	-43.224727630615234	-16.33218765258789
T38L	-46.130245208740234	-2.699057102203369	-13.394861221313477	-6.520538806915283	-14.480979919433594	-24.660017013549805	-2.9818272590637207	23.617435455322266	-3.9287006855010986	-39.6555290222168	-13.0834321975708
T38M	-16.505229949951172	-16.297767639160156	-9.05656909942627	-2.0628390312194824	-24.030513763427734	-17.339214324951172	-7.05104398727417	2.76202392578125	6.247244358062744	-38.67298126220703	-12.200688362121582
T38N	-17.639070510864258	-13.152087211608887	-13.296841621398926	-3.261322498321533	-34.40681838989258	-24.265979766845703	-9.402970314025879	-1.0422700643539429	-4.340893268585205	-40.08922576904297	-16.089746475219727
T38P	-16.22940444946289	-14.349785804748535	-16.85772132873535	0.6987639665603638	-33.97639465332031	-21.29804801940918	-9.250277519226074	-7.888105869293213	-9.585737228393555	-35.719120025634766	-16.44558334350586
T38Q	-18.553876876831055	-12.568622589111328	-11.545485496520996	-6.520532608032227	-34.48491287231445	-27.44815444946289	-9.751689910888672	-0.5734823942184448	-3.5820353031158447	-37.89059066772461	-16.29193878173828
T38R	-19.968578338623047	-9.00505542755127	-11.175823211669922	-6.6732282638549805	-35.80033493041992	-27.5367488861084	-9.832648277282715	2.793348789215088	-2.246328830718994	-41.56247329711914	-16.100788116455078
T38S	-26.819869995117188	0.2605762481689453	-14.245925903320312	6.378199100494385	-35.46534729003906	-29.62081527709961	-10.181131362915039	7.901307106018066	-11.542935371398926	-39.82484817504883	-15.316080093383789
T38V	-27.241174697875977	-8.523408889770508	-10.383726119995117	-0.36901283264160156	-15.963956832885742	-28.07575225830078	-1.4830796718597412	12.8519287109375	-6.702057361602783	-49.698482513427734	-13.558871269226074
T38W	-25.60664176940918	-21.78498077392578	-15.732454299926758	-0.4976826608181	-19.55473518371582	-14.423649787902832	-21.874475479125977	-8.680388450622559	0.244477316737175	-37.05048751831055	-16.496103286743164
T38Y	-14.645753860473633	-9.712482452392578	-10.640128135681152	-0.25870636105537415	-24.744142532348633	-17.759313583374023	-7.53657865524292	-0.2166689783334732	1.9653815031051636	-37.02305603027344	-12.057145118713379
A39C	4.702611923217773	-3.0199522972106934	-3.358372211456299	-0.01710185408592224	-5.8440937995910645	-0.3950093388557434	-13.426546096801758	-4.926486968994141	4.140821933746338	-12.74600887298584	-3.489013671875
A39D	-5.300430774688721	-2.1890764236450195	-4.124803066253662	7.446204662322998	-5.583395004272461	-9.05335807800293	-1.822373628616333	1.2164623737335205	2.7344846725463867	-8.898717880249023	-2.5575003623962402
A39E	-2.4413764476776123	-4.033411502838135	-3.3395774364471436	-0.6300147771835327	-4.8384833335876465	-7.406179428100586	-1.4817960262298584	0.2806168496608734	5.393802642822266	-8.971792221069336	-2.746821165084839
A39F	-9.978765487670898	6.39753532409668	-5.8784356117248535	8.629297256469727	-4.433963298797607	-10.771950721740723	-3.093522548675537	10.922724723815918	-6.2397141456604	-18.350318908691406	-3.2797112464904785
A39G	-0.03563249856233597	1.0821996927261353	-3.415907144546509	2.292800188064575	-5.2262654304504395	-8.83072566986084	-1.7122597694396973	0.04332372173666954	1.9803463220596313	-16.358549118041992	-3.018066883087158
A39H	4.140970230102539	-0.9939870834350586	-3.4621224403381348	0.24976852536201477	-7.498758316040039	-0.5758904218673706	-14.962724685668945	-6.572674751281738	3.391903877258301	-11.166732788085938	-3.7450249195098877
A39I	-9.70548152923584	7.24997615814209	-5.420313358306885	9.889555931091309	-5.561681747436523	-11.247200012207031	-0.5273093581199646	6.398060321807861	-5.473474979400635	-23.361780166625977	-3.7759652137756348
A39K	6.403454780578613	2.1496801376342773	-5.568483829498291	1.8415637016296387	-6.676028251647949	-0.7928623557090759	-12.358147621154785	-6.688538074493408	5.458432674407959	-10.112411499023438	-2.634334087371826
A39L	-20.771020889282227	3.320434331893921	-10.064838409423828	10.544740676879883	-6.916775226593018	-17.24336814880371	-2.4359962940216064	9.230269432067871	-8.49833869934082	-31.0390567779541	-7.387394905090332
A39M	2.320380210876465	-4.413181781768799	-2.0540130138397217	0.23678743839263916	-5.91806697845459	-1.659163475036621	-10.167284965515137	-2.111438274383545	3.6816811561584473	-12.571283340454102	-3.2655587196350098
A39N	5.750080108642578	0.2799013555049896	-4.9561920166015625	0.7052068710327148	-7.2159223556518555	-2.349600315093994	-11.997916221618652	-5.535207271575928	4.568342208862305	-10.517967224121094	-3.126927614212036
A39P	7.439188003540039	2.983376979827881	-3.9029922485351562	2.9448013305664062	-8.912150382995605	-0.7007718682289124	-14.683789253234863	-3.1419572830200195	4.39158296585083	-7.810136795043945	-2.13928484916687
A39Q	-0.0015011504292488098	-6.085318565368652	-1.8210008144378662	-3.7762041091918945	-6.136737823486328	-5.735477447509766	-8.708564758300781	-3.056610584259033	3.6753532886505127	-10.991720199584961	-4.263777732849121
A39R	0.9769728183746338	-1.7315938472747803	-1.3762602806091309	-3.397191047668457	-4.5077667236328125	-7.399284839630127	-4.004788398742676	-1.7692842483520508	4.992138862609863	-9.373494148254395	-2.7590548992156982
A39S	-6.161120891571045	2.2574543952941895	-4.331143379211426	11.14045524597168	-4.185856342315674	-9.875370979309082	0.839676022529602	0.9292802810668945	1.3544615507125854	-12.676216125488281	-2.070838212966919
A39T	-1.9506288766860962	0.40447762608528137	-5.899577617645264	-1.9892821311950684	-5.535912036895752	-6.071211338043213	-3.0825748443603516	-0.07552097737789154	3.1039879322052	-13.577951431274414	-3.467419385910034
A39V	-10.517020225524902	4.04787015914917	-5.953863620758057	12.950611114501953	-5.675802707672119	-14.057287216186523	-1.7546887397766113	5.675590515136719	-6.7701029777526855	-26.447690963745117	-4.85023832321167
A39W	2.5234174728393555	7.355154514312744	-7.264617443084717	2.5479609966278076	-3.1867799758911133	-1.1476250886917114	-9.195093154907227	-6.756855010986328	4.667048454284668	-8.879997253417969	-1.9337387084960938
A39Y	2.6955924034118652	-3.605660915374756	-2.856151580810547	0.055710405111312866	-6.547654628753662	-1.3660330772399902	-11.661026954650879	-1.746981143951416	3.3505141735076904	-9.98968505859375	-3.167137622833252
F40A	-25.12327766418457	-17.169431686401367	-15.274187088012695	-8.774212837219238	-28.913536071777344	-44.691200256347656	-12.109718322753906	23.948589324951172	-27.69162940979004	-62.672611236572266	-21.847122192382812
F40C	-35.67240524291992	-28.369688034057617	-14.219659805297852	-17.25713539123535	-30.04328155517578	-31.746706008911133	-28.330778121948242	-7.30621337890625	-20.38263702392578	-54.2494010925293	-26.757787704467773
F40D	-33.14155578613281	-32.131893157958984	-19.249881744384766	-15.053821563720703	-42.55331039428711	-46.54303741455078	-23.900897979736328	1.9299207925796509	-32.859954833984375	-56.814910888671875	-30.031932830810547
F40E	-29.967281341552734	-34.77875900268555	-17.616920471191406	-17.677528381347656	-42.10105514526367	-44.353118896484375	-21.24995994567871	-3.5225865840911865	-30.9060001373291	-54.612239837646484	-29.678543090820312
F40G	-32.522125244140625	-23.77309226989746	-19.939678192138672	-20.18144416809082	-38.86273193359375	-42.11619186401367	-21.603940963745117	9.047552108764648	-35.83900451660156	-73.97712707519531	-29.97677993774414
F40H	-37.381351470947266	-29.31946563720703	-15.491691589355469	-20.587568283081055	-31.656177520751953	-30.16748809814453	-30.259002685546875	-15.73550796508789	-20.373554229736328	-55.76760482788086	-28.673940658569336
F40I	-18.008975982666016	-6.767279148101807	-13.183555603027344	-1.1222290992736816	-9.213817596435547	-37.734153747558594	-3.498441219329834	29.36654281616211	-22.409896850585938	-60.305912017822266	-14.287771224975586
F40K	-46.942081451416016	-35.43505859375	-16.006744384765625	-20.876367568969727	-34.096343994140625	-34.33492660522461	-31.190427780151367	-18.490886688232422	-22.44434356689453	-61.05729675292969	-32.08745193481445
F40L	-43.25760269165039	-4.355457305908203	-18.404987335205078	5.8658833503723145	-4.747318744659424	-29.462343215942383	-0.8365188837051392	40.660804748535156	-8.71074104309082	-57.26663589477539	-12.051492691040039
F40M	-29.72368049621582	-28.356281280517578	-12.467477798461914	-14.943074226379395	-26.41234016418457	-31.380821228027344	-21.24028205871582	-6.899517059326172	-19.27469253540039	-49.757877349853516	-24.045604705810547
F40N	-38.111881256103516	-31.762588500976562	-16.364009857177734	-19.276350021362305	-34.13961410522461	-35.20583724975586	-26.85346794128418	-9.828865051269531	-24.18678855895996	-58.778263092041016	-29.450769424438477
F40P	-37.63045883178711	-31.66948127746582	-17.468486785888672	-15.167132377624512	-34.15151596069336	-34.34330368041992	-23.042455673217773	-12.707101821899414	-24.41101837158203	-54.62274169921875	-28.521371841430664
F40Q	-33.477352142333984	-32.53615188598633	-15.718528747558594	-17.5716552734375	-36.054786682128906	-37.111873626708984	-25.056840896606445	-2.2872369289398193	-21.259349822998047	-54.587528228759766	-27.566131591796875
F40R	-31.050697326660156	-26.179475784301758	-14.91141128540039	-14.088753700256348	-36.67646789550781	-35.63373565673828	-22.01413917541504	10.04830265045166	-16.20843505859375	-57.9322395324707	-24.464704513549805
F40S	-24.823713302612305	-22.803403854370117	-18.32343864440918	-11.3989839553833	-36.412132263183594	-43.536808013916016	-20.210189819335938	16.24217987060547	-33.31011199951172	-59.465396881103516	-25.404199600219727
F40T	-24.447002410888672	-24.59817886352539	-16.657075881958008	-16.594341278076172	-35.852840423583984	-38.573734283447266	-23.281841278076172	5.665616512298584	-24.510805130004883	-53.57366943359375	-25.242387771606445
F40V	-28.933725357055664	-10.878433227539062	-14.745672225952148	-0.3488709628582001	-8.280994415283203	-38.38282012939453	-4.788329124450684	35.6707763671875	-22.15976333618164	-58.366432189941406	-15.121426582336426
F40W	-41.71467971801758	-37.7642707824707	-15.8728666305542	-17.659074783325195	-28.53662109375	-27.776775360107422	-33.55467987060547	-19.020973205566406	-22.116323471069336	-61.92366027832031	-30.593990325927734
F40Y	-27.117107391357422	-27.449193954467773	-13.072548866271973	-14.264966011047363	-27.029964447021484	-30.292217254638672	-21.78141212463379	1.1381012201309204	-19.91070556640625	-50.8640251159668	-23.064403533935547
H41A	-18.17420768737793	-5.455634593963623	-12.212972640991211	-4.525472164154053	-22.472787857055664	-34.397674560546875	-9.940715789794922	22.768800735473633	-20.76001739501953	-52.163047790527344	-15.733372688293457
H41C	-35.19411087036133	-25.421377182006836	-11.147255897521973	-14.197013854980469	-24.152164459228516	-21.57944107055664	-20.279088973999023	-8.876129150390625	-12.64206600189209	-47.65860366821289	-22.114723205566406
H41D	-19.689857482910156	-19.938779830932617	-14.665657043457031	-16.75235366821289	-28.70611572265625	-36.51072311401367	-13.876791954040527	-4.090368747711182	-23.85845947265625	-43.389163970947266	-22.147825241088867
H41E	-20.399852752685547	-20.273517608642578	-12.229988098144531	-14.223979949951172	-24.135780334472656	-34.04873275756836	-11.991532325744629	-0.9485877752304077	-16.757627487182617	-46.01200866699219	-20.102161407470703
H41F	-24.843746185302734	1.3388135433197021	-18.160898208618164	-1.795994520187378	-15.031054496765137	-34.06629943847656	-11.434664726257324	18.950735092163086	-29.693845748901367	-40.212982177734375	-15.494993209838867
H41G	-21.04737091064453	-11.2308931350708	-15.703841209411621	-19.848936080932617	-29.517162322998047	-27.491788864135742	-13.63457202911377	8.525053024291992	-24.449779510498047	-49.0378532409668	-20.34371566772461
H41I	-22.62009048461914	-8.586647987365723	-11.21996784210205	-6.359832286834717	-10.451000213623047	-38.316497802734375	-7.020678520202637	31.487361907958984	-22.402631759643555	-34.54597091674805	-13.003595352172852
H41K	-32.621803283691406	-28.031309127807617	-13.385334014892578	-16.9216251373291	-25.325923919677734	-22.50428009033203	-20.324682235717773	-13.319733619689941	-14.329183578491211	-47.254451751708984	-23.401832580566406
H41L	-42.091548919677734	-20.743267059326172	-20.848487854003906	-9.2963285446167	-22.167156219482422	-39.1265869140625	-3.4262239933013916	54.42293930053711	-23.509441375732422	-30.669551849365234	-15.745565414428711
H41M	-32.52842330932617	-24.414020538330078	-11.282724380493164	-12.394816398620605	-22.21373176574707	-26.04575538635254	-15.337748527526855	-3.576509714126587	-11.342184066772461	-45.924049377441406	-20.505996704101562
H41N	-23.81932258605957	-21.70871353149414	-13.40963363647461	-18.82625961303711	-26.885740280151367	-23.616146087646484	-18.192283630371094	-8.098231315612793	-19.536888122558594	-45.4259147644043	-21.951915740966797
H41P	-18.81123924255371	-22.334993362426758	-13.66250228881836	-15.571172714233398	-26.07478904724121	-17.810094833374023	-18.282472610473633	-3.0998265743255615	-22.895877838134766	-37.783119201660156	-19.63260841369629
H41Q	-23.42660140991211	-24.424829483032227	-12.851908683776855	-18.326566696166992	-23.083059310913086	-32.37918472290039	-13.739253044128418	-8.604208946228027	-18.86560821533203	-44.327178955078125	-22.00284194946289
H41R	-20.32741355895996	-22.06416130065918	-11.484504699707031	-15.112432479858398	-23.58087730407715	-29.45154571533203	-11.64197826385498	-1.6224347352981567	-13.451728820800781	-43.43910217285156	-19.217618942260742
H41S	-15.913182258605957	-11.619081497192383	-13.2457275390625	-11.162938117980957	-24.722307205200195	-31.44680404663086	-12.941649436950684	13.209775924682617	-21.150957107543945	-48.947792053222656	-17.7940673828125
H41T	-20.476369857788086	-18.09332275390625	-12.294281005859375	-13.444367408752441	-23.09658432006836	-31.70587921142578	-13.997523307800293	7.131083011627197	-16.58054542541504	-44.94796371459961	-18.75057601928711
H41V	-28.83397674560547	-10.358186721801758	-13.692597389221191	-6.652562141418457	-12.253673553466797	-42.062530517578125	-7.146732807159424	33.88208770751953	-27.556293487548828	-35.16535186767578	-14.983981132507324
H41W	-34.118953704833984	-29.183046340942383	-16.387340545654297	-12.03636360168457	-20.39943504333496	-16.812820434570312	-21.104570388793945	-21.112123489379883	-15.806645393371582	-47.32054138183594	-23.42818260192871
H41Y	-21.642881393432617	-22.031108856201172	-10.423675537109375	-11.724919319152832	-21.601715087890625	-22.020097732543945	-14.672767639160156	-2.9356348514556885	-14.214051246643066	-44.689598083496094	-18.595645904541016
Q42A	-3.5631425380706787	6.6414875984191895	-1.8220758438110352	11.841934204101562	-0.7014269232749939	-6.425820827484131	2.6331567764282227	1.2932630777359009	2.364840507507324	-8.290699005126953	0.39715176820755005
Q42C	4.113074779510498	1.6112804412841797	-4.647164344787598	14.915228843688965	-0.2982107996940613	-4.120497226715088	-7.460738658905029	3.963120698928833	3.4821887016296387	-4.5808610916137695	0.6977421641349792
Q42D	-5.691603660583496	0.9740922451019287	-4.583121299743652	23.371856689453125	-4.313342571258545	-1.7065081596374512	-1.4577910900115967	-0.7793813943862915	2.2431130409240723	-3.4808192253112793	0.4576493799686432
Q42E	-4.266908645629883	1.2091764211654663	-1.6888065338134766	25.707122802734375	-0.769317090511322	3.829470634460449	-0.7638460993766785	-1.457518219947815	3.4264614582061768	-0.8082166910171509	2.4417619705200195
Q42F	-8.328607559204102	-0.8413374423980713	-4.504871368408203	4.49467134475708	-0.5772497653961182	-8.550822257995605	0.05462101474404335	9.834992408752441	1.5984569787979126	-12.951266288757324	-1.9771411418914795
Q42G	-6.0072455406188965	0.35466572642326355	-4.5147705078125	17.923959732055664	-4.3737616539001465	-3.962543249130249	-1.5111666917800903	-4.520932197570801	2.3091161251068115	-5.301341533660889	-0.9604021310806274
Q42H	7.166773796081543	1.045835256576538	-1.722179889678955	14.903487205505371	-5.940463542938232	5.790389537811279	-8.318656921386719	4.853119850158691	6.020116806030273	2.4698526859283447	2.6268274784088135
Q42I	-1.6776765584945679	-14.75638484954834	0.4543481171131134	2.106527805328369	4.214675426483154	-9.944265365600586	3.9570746421813965	5.442806243896484	2.899540424346924	-7.918798923492432	-1.5222151279449463
Q42K	5.9968719482421875	0.7694917917251587	-5.507853984832764	18.415029525756836	-6.781197547912598	-1.023850440979004	-10.831733703613281	-3.0415332317352295	4.247671127319336	1.686936616897583	0.3929831087589264
Q42L	-9.30487060546875	-31.33204460144043	-11.096529960632324	2.703681707382202	1.45481538772583	-15.694472312927246	1.1616008281707764	6.872076511383057	-0.17893065512180328	-10.146987915039062	-6.556166172027588
Q42M	1.7141724824905396	1.581639289855957	-2.709505558013916	11.747238159179688	0.6718672513961792	-2.9920737743377686	-3.9558353424072266	2.398296594619751	3.8766939640045166	-3.8056373596191406	0.8526854515075684
Q42N	2.146867275238037	0.4162409007549286	-6.346612930297852	20.394866943359375	-6.670032501220703	-4.673404693603516	-7.770847320556641	-0.6021578907966614	4.671049118041992	1.6813156604766846	0.32472848892211914
Q42P	3.1154308319091797	-1.4111201763153076	-11.484685897827148	21.274641036987305	-13.105924606323242	-7.32559061050415	-9.859002113342285	-3.7410686016082764	3.0976080894470215	1.992503046989441	-1.7447210550308228
Q42R	2.653193950653076	1.622119426727295	-1.0150564908981323	18.484477996826172	-0.3386088013648987	0.4986172318458557	-3.2217764854431152	-2.0562753677368164	4.4130988121032715	-0.9448204636573792	2.0094969272613525
Q42S	-5.75150203704834	5.344512462615967	-5.536118030548096	17.753742218017578	-2.4981188774108887	-5.284303665161133	0.45116299390792847	-2.8842811584472656	2.022139310836792	-4.063556671142578	-0.04463241249322891
Q42T	-1.7417209148406982	2.335291862487793	-3.397751808166504	18.270465850830078	0.7721582055091858	-6.126823425292969	-2.1155142784118652	-0.7745551466941833	3.2832536697387695	-4.812031269073486	0.5692773461341858
Q42V	-2.1959593296051025	-16.212276458740234	-1.9249181747436523	1.4117716550827026	1.9415208101272583	-13.0302734375	3.200404644012451	7.050012588500977	2.596320867538452	-8.416749000549316	-2.558014392852783
Q42W	8.636910438537598	3.2224273681640625	-9.024787902832031	9.669356346130371	-8.137866973876953	-0.46943843364715576	-14.060330390930176	2.2379415035247803	4.2375712394714355	0.06892814487218857	-0.3619288504123688
Q42Y	3.437346935272217	1.4670253992080688	-5.288862228393555	14.796684265136719	-1.5575364828109741	-4.463547706604004	-6.6994547843933105	2.5346758365631104	3.8830184936523438	-4.7978692054748535	0.33114808797836304
E43A	7.987680435180664	28.368370056152344	1.8997260332107544	12.171341896057129	3.6606857776641846	20.76790428161621	3.9711530208587646	17.305360794067383	5.731427192687988	9.779897689819336	11.16435432434082
E43C	13.420172691345215	11.887582778930664	8.362005233764648	5.695979118347168	2.368861436843872	20.240182876586914	4.637399196624756	6.381619453430176	3.211940288543701	12.555377960205078	8.87611198425293
E43D	12.649292945861816	26.45056915283203	5.824761390686035	4.766753196716309	3.211054801940918	16.829666137695312	4.281961441040039	21.533493041992188	7.177951335906982	18.915639877319336	12.164113998413086
E43F	0.4532508850097656	15.649487495422363	-5.075814247131348	11.970746994018555	0.49634474515914917	17.9432373046875	-0.2360357642173767	11.401177406311035	6.3106865882873535	3.4481747150421143	6.236125469207764
E43G	13.651193618774414	23.704837799072266	4.503448486328125	7.126105308532715	4.119894981384277	21.045503616333008	3.8451168537139893	18.20054817199707	6.148928165435791	16.72287368774414	11.906845092773438
E43H	21.326534271240234	12.181462287902832	7.462413787841797	9.5631685256958	5.035608291625977	19.36310386657715	4.425235271453857	5.414296627044678	2.2594265937805176	13.935068130493164	10.09663200378418
E43I	1.3021411895751953	20.299518585205078	-2.6880600452423096	7.38332462310791	0.5864048004150391	16.126771926879883	1.7611278295516968	11.361922264099121	3.4422378540039062	3.4715235233306885	6.304691314697266
E43K	17.380979537963867	14.25313949584961	8.5445556640625	6.6096038818359375	4.426519870758057	22.98723793029785	6.258450984954834	5.179823875427246	4.082991600036621	14.338290214538574	10.406159400939941
E43L	-10.820978164672852	17.01409912109375	-19.028743743896484	0.6993106603622437	-9.618383407592773	1.679882526397705	-0.9066606760025024	3.594799280166626	5.267558574676514	-7.3015971183776855	-1.9420713186264038
E43M	14.455193519592285	10.574686050415039	7.945253849029541	5.173550605773926	4.097979545593262	15.999671936035156	5.203797817230225	5.923713684082031	1.2568596601486206	11.955371856689453	8.258607864379883
E43N	16.939565658569336	13.384665489196777	7.438214302062988	4.090204238891602	3.5887949466705322	20.274234771728516	4.692385196685791	5.701086521148682	5.376940727233887	16.427001953125	9.791308403015137
E43P	16.084491729736328	10.912425994873047	7.618010997772217	0.5088913440704346	3.7010393142700195	18.6252498626709	3.5600385665893555	4.449846267700195	4.280398845672607	13.538522720336914	8.32789134979248
E43Q	16.809377670288086	18.573230743408203	7.408382892608643	5.803832054138184	3.319408893585205	18.610788345336914	5.688908100128174	9.648618698120117	6.057502269744873	17.18229103088379	10.910234451293945
E43R	14.24544906616211	20.176843643188477	7.037191867828369	5.209385395050049	3.9864683151245117	18.3710880279541	5.318517208099365	11.290616989135742	6.230885028839111	16.771825790405273	10.863828659057617
E43S	12.89484691619873	28.8046932220459	4.25347375869751	6.763631820678711	3.2340569496154785	17.8498592376709	3.762775421142578	19.786090850830078	5.473884582519531	18.133697509765625	12.095701217651367
E43T	10.00326919555664	20.049589157104492	6.796372890472412	4.766757965087891	2.436445474624634	14.135211944580078	3.3165221214294434	15.574560165405273	5.289000988006592	15.37569522857666	9.77434253692627
E43V	0.6595136523246765	27.64934730529785	-6.8203511238098145	7.161957263946533	1.7164632081985474	13.871378898620605	-0.5830631852149963	9.503915786743164	5.529542446136475	-3.3449881076812744	5.5343708992004395
E43W	12.420825004577637	11.636436462402344	17.76337432861328	7.312623023986816	10.098929405212402	24.766620635986328	9.000214576721191	1.9069745540618896	0.2714412212371826	10.671823501586914	10.584925651550293
E43Y	14.851511001586914	11.511414527893066	8.752908706665039	5.140063762664795	3.2682745456695557	17.028018951416016	3.5951082706451416	6.270266532897949	3.8679287433624268	13.53880500793457	8.782430648803711
Q44A	22.952701568603516	55.75135040283203	4.5575666427612305	26.193410873413086	-2.342219829559326	17.30321502685547	6.3215203285217285	20.618133544921875	12.397099494934082	23.721534729003906	18.7474308013916
Q44C	34.69530487060547	24.676347732543945	6.374330997467041	5.11167049407959	0.170620858669281	12.590532302856445	7.187644958496094	8.681995391845703	9.363286018371582	19.890317916870117	12.874204635620117
Q44D	31.794713973999023	46.82332992553711	7.810143947601318	15.5529203414917	-2.2453408241271973	17.54645538330078	8.491930961608887	16.917749404907227	16.710176467895508	21.942520141601562	18.134458541870117
Q44E	31.75322723388672	50.1810188293457	8.21176528930664	24.349702835083008	-1.8446946144104004	15.398136138916016	8.480009078979492	16.700660705566406	16.671964645385742	28.479299545288086	19.83810806274414
Q44F	5.372805118560791	35.03452682495117	3.3290505409240723	20.174654006958008	-0.07049471884965897	21.68813705444336	4.053147315979004	22.94597625732422	6.047783851623535	14.209486961364746	13.278508186340332
Q44G	26.54745864868164	38.431034088134766	6.065566062927246	17.897552490234375	-1.9992181062698364	16.587608337402344	7.654745101928711	19.761760711669922	14.020618438720703	24.624860763549805	16.959197998046875
Q44H	34.83631896972656	22.58110809326172	7.021157264709473	7.1981024742126465	0.07990675419569016	12.990140914916992	6.825311660766602	8.580108642578125	7.833823204040527	23.875394821166992	13.182138442993164
Q44I	7.522903919219971	37.80548858642578	2.702399253845215	9.50634479522705	-2.466785430908203	18.628448486328125	3.3804750442504883	15.63947868347168	4.466466426849365	11.166263580322266	10.835148811340332
Q44K	39.72369384765625	26.266584396362305	7.769519805908203	4.264058589935303	1.4665814638137817	14.947430610656738	8.235102653503418	8.177098274230957	10.522424697875977	23.179052352905273	14.455154418945312
Q44L	-1.3400707244873047	3.568528890609741	0.567190408706665	11.884282112121582	5.356812000274658	25.884851455688477	5.231400966644287	5.386835098266602	2.1871864795684814	-0.3963335156440735	5.833067893981934
Q44M	31.28160285949707	23.79821014404297	6.778195381164551	7.4692816734313965	1.5606416463851929	10.451336860656738	6.871190071105957	8.314002990722656	7.7928643226623535	19.02747917175293	12.334480285644531
Q44N	34.48465347290039	26.175397872924805	7.3812079429626465	7.392603397369385	-0.17929023504257202	15.193326950073242	7.312994956970215	8.551543235778809	11.787590026855469	22.969690322875977	14.106971740722656
Q44P	35.38729476928711	21.536954879760742	6.067065715789795	4.237462520599365	-1.6751630306243896	17.539546966552734	6.294423580169678	6.097439765930176	11.12267017364502	17.53572654724121	12.414342880249023
Q44R	33.2319450378418	42.64690399169922	7.522090911865234	14.121439933776855	-0.6933245062828064	14.005663871765137	8.118518829345703	13.479925155639648	13.801770210266113	25.124197006225586	17.13591194152832
Q44S	30.94694709777832	50.303955078125	6.170341968536377	17.91435432434082	-3.6961302757263184	16.338565826416016	6.785660266876221	18.390316009521484	15.007699012756348	24.619224548339844	18.278095245361328
Q44T	30.898767471313477	40.1688117980957	6.858006954193115	12.644120216369629	-2.2239184379577637	14.388087272644043	6.452353000640869	13.116531372070312	14.184083938598633	22.042461395263672	15.852931022644043
Q44V	5.440147399902344	35.4017333984375	2.045917510986328	11.172280311584473	2.8563132286071777	24.512004852294922	3.3872618675231934	15.40772533416748	3.6432106494903564	9.971982955932617	11.383856773376465
Q44W	39.958744049072266	16.408266067504883	8.904929161071777	1.3932815790176392	4.151876449584961	15.693521499633789	9.529768943786621	6.099912643432617	4.928947925567627	17.857202529907227	12.492645263671875
Q44Y	30.86760711669922	26.660480499267578	6.173524856567383	8.870895385742188	-0.8166933655738831	13.088279724121094	6.241587162017822	10.092867851257324	10.01656436920166	21.233797073364258	13.242891311645508
G45A	-22.061033248901367	-9.754739761352539	-18.266098022460938	10.069863319396973	-13.403239250183105	-16.51093864440918	-0.7369210124015808	4.991941928863525	1.8031561374664307	-23.97601890563965	-8.784402847290039
G45C	-5.8553266525268555	-9.910685539245605	-7.547480583190918	10.2090425491333	-7.973549842834473	-10.506997108459473	-9.63405704498291	0.30600324273109436	2.3156843185424805	-19.976463317871094	-5.857382774353027
G45D	-17.975934982299805	-14.187809944152832	-12.141023635864258	7.105042934417725	-14.147868156433105	-15.667816162109375	-3.0654211044311523	3.403703451156616	-0.016397491097450256	-26.773998260498047	-9.346753120422363
G45E	-15.969991683959961	-16.651281356811523	-12.034127235412598	7.240925312042236	-12.145913124084473	-13.839923858642578	-1.7422552108764648	4.300340175628662	0.0713353082537651	-25.324363708496094	-8.609525680541992
G45F	-5.638472557067871	1.4112930297851562	-24.579980850219727	8.319735527038574	-8.389934539794922	-11.00295639038086	1.0009024143218994	8.74330997467041	4.158271789550781	-22.67218589782715	-4.865001678466797
G45H	-6.818243980407715	-2.817575454711914	-2.8519132137298584	15.47496509552002	-12.841858863830566	-7.141862869262695	-9.892998695373535	2.0064892768859863	3.613456964492798	-19.33997344970703	-4.0609517097473145
G45I	-9.232322692871094	0.5967010259628296	-9.437727928161621	3.80884051322937	-6.383914947509766	-15.817319869995117	1.513313889503479	8.682467460632324	2.772254467010498	-29.425600051879883	-5.292330741882324
G45K	-7.6426239013671875	-11.118735313415527	-4.904961109161377	12.755388259887695	-8.534337997436523	-11.517557144165039	-11.816845893859863	-0.44252046942710876	3.8797359466552734	-21.139909744262695	-6.048236846923828
G45L	-11.683672904968262	-14.254958152770996	-28.967226028442383	7.0083441734313965	-6.008724689483643	-17.775543212890625	1.733742117881775	4.480062007904053	6.388462066650391	-17.27283477783203	-7.6352338790893555
G45M	-3.5795674324035645	-5.938718795776367	-9.0352201461792	8.53804874420166	-5.633435249328613	-6.982173919677734	-6.685632705688477	1.1595369577407837	4.544496059417725	-13.765599250793457	-3.7378265857696533
G45N	-10.835159301757812	-13.356980323791504	-6.818625450134277	18.36897850036621	-13.181140899658203	-16.53839874267578	-6.862024307250977	1.2786672115325928	1.9038678407669067	-22.090246200561523	-6.813105583190918
G45P	-11.123512268066406	-16.216028213500977	-9.043973922729492	16.65330696105957	-14.577458381652832	-16.07326889038086	-8.402240753173828	-1.4106675386428833	-0.29016220569610596	-21.953128814697266	-8.24371337890625
G45Q	-10.926765441894531	-10.293684959411621	-6.3849639892578125	15.463690757751465	-10.625680923461914	-11.59294605255127	-5.057798862457275	1.5404690504074097	3.394270420074463	-19.886878967285156	-5.437028884887695
G45R	-12.273481369018555	-12.375550270080566	-9.13306999206543	10.331982612609863	-10.501254081726074	-17.891897201538086	-5.744022846221924	3.3126871585845947	1.508004069328308	-23.182619094848633	-7.5949225425720215
G45S	-19.71626091003418	-11.967135429382324	-16.929330825805664	9.315746307373047	-14.419833183288574	-18.756860733032227	-1.3597474098205566	3.3792688846588135	1.4575307369232178	-29.30946159362793	-9.830608367919922
G45T	-11.022686958312988	-10.302448272705078	-11.32943058013916	8.061957359313965	-11.171005249023438	-17.72939109802246	-4.279721736907959	4.79118537902832	1.0464861392974854	-25.18074607849121	-7.7115797996521
G45V	-12.379300117492676	1.559078574180603	-14.694999694824219	4.095557689666748	-9.22321891784668	-17.84911346435547	1.2659955024719238	8.665332794189453	2.0716769695281982	-30.05916404724121	-6.654815673828125
G45W	3.167405843734741	-5.5107035636901855	-1.7285027503967285	5.554286003112793	-7.832333564758301	-1.0042635202407837	-19.598772048950195	-2.0731117725372314	3.6524760723114014	-14.621829986572266	-3.999535083770752
G45Y	-7.398724555969238	-10.806703567504883	-10.092781066894531	11.860573768615723	-8.055578231811523	-9.3462495803833	-8.039101600646973	0.5212939977645874	2.009866714477539	-16.052162170410156	-5.539956569671631
H46A	-18.407087326049805	-8.98405647277832	-11.594970703125	4.193497180938721	-26.54184913635254	-23.921228408813477	-9.807616233825684	15.752500534057617	-16.607925415039062	-45.793270111083984	-14.1712007522583
H46C	-35.17849349975586	-26.46839714050293	-11.942578315734863	-2.7235894203186035	-30.469324111938477	-20.245473861694336	-26.80107879638672	0.3355397880077362	-11.19064998626709	-29.436141967773438	-19.412017822265625
H46D	-25.796531677246094	-17.30740737915039	-15.192710876464844	-3.5428709983825684	-31.959514617919922	-27.14139747619629	-21.390844345092773	0.045517902821302414	-19.44690704345703	-34.93083572387695	-19.666349411010742
H46E	-22.500940322875977	-18.53682518005371	-10.908097267150879	-1.8728132247924805	-29.03078269958496	-24.795896530151367	-15.800320625305176	10.471660614013672	-10.192000389099121	-36.88583755493164	-16.005184173583984
H46F	-11.932255744934082	-3.642177104949951	-27.187170028686523	3.120051622390747	-16.861169815063477	-23.111618041992188	-6.009363651275635	11.155884742736816	-12.803038597106934	-32.23881530761719	-11.950967788696289
H46G	-25.13552474975586	-13.977015495300293	-17.199758529663086	-10.719938278198242	-28.436866760253906	-27.075464248657227	-21.158321380615234	3.901235818862915	-27.939624786376953	-45.3026008605957	-21.30438804626465
H46I	-12.595779418945312	-28.780824661254883	-16.774934768676758	-0.010705411434173584	-10.580120086669922	-25.56713104248047	-6.270321369171143	6.090642929077148	-9.123467445373535	-23.07411766052246	-12.668675422668457
H46K	-33.61861801147461	-22.3601016998291	-13.437210083007812	-0.8622609376907349	-27.6216983795166	-21.109338760375977	-28.370624542236328	-2.379800319671631	-11.396692276000977	-32.7673225402832	-19.39236831665039
H46L	-23.112672805786133	-29.728235244750977	-34.08431625366211	-1.716329574584961	-11.940058708190918	-21.247753143310547	-4.335546970367432	8.764935493469238	1.9131848812103271	-26.211740493774414	-14.169853210449219
H46M	-30.6146297454834	-27.777240753173828	-8.868549346923828	-1.6347339153289795	-28.51496124267578	-19.03394317626953	-18.65183448791504	2.9504520893096924	-7.297298431396484	-29.057567596435547	-16.850032806396484
H46N	-23.120656967163086	-17.636186599731445	-13.146841049194336	-2.8139984607696533	-26.027238845825195	-21.742218017578125	-28.16048812866211	1.9190877676010132	-13.026351928710938	-33.21184539794922	-17.696674346923828
H46P	-25.40018653869629	-16.621871948242188	-19.95896339416504	0.3697626292705536	-25.831140518188477	-24.199630737304688	-30.592870712280273	-4.1984429359436035	-16.06444549560547	-28.712736129760742	-19.121051788330078
H46Q	-25.55689811706543	-20.19041633605957	-11.718083381652832	-0.7642232179641724	-31.682315826416016	-24.836589813232422	-23.21629524230957	2.8718223571777344	-10.076326370239258	-37.4963493347168	-18.26656723022461
H46R	-26.491498947143555	-23.047958374023438	-11.353461265563965	-7.415464878082275	-31.89990234375	-22.923776626586914	-23.23577308654785	3.0830705165863037	-14.78217601776123	-30.528541564941406	-18.859548568725586
H46S	-20.049396514892578	-13.029255867004395	-14.046944618225098	5.357194900512695	-33.20442199707031	-26.23656463623047	-20.923585891723633	17.584917068481445	-17.175392150878906	-40.511619567871094	-16.223506927490234
H46T	-21.240633010864258	-21.808744430541992	-11.311064720153809	1.9445812702178955	-34.19929504394531	-22.132526397705078	-24.667369842529297	13.609174728393555	-10.647943496704102	-35.87168884277344	-16.632551193237305
H46V	-12.774150848388672	-23.03847885131836	-20.242013931274414	0.08621355891227722	-9.100630760192871	-29.186084747314453	-7.757760047912598	3.823589324951172	-11.562063217163086	-26.32796287536621	-13.607934951782227
H46W	-33.07541275024414	-18.07389259338379	-17.264934539794922	5.329423904418945	-21.528339385986328	-15.484729766845703	-29.739397048950195	-11.13432788848877	-9.857068061828613	-27.607023239135742	-17.843570709228516
H46Y	-27.062252044677734	-22.340744018554688	-10.331761360168457	2.440885305404663	-29.709806442260742	-18.922653198242188	-24.220985412597656	10.746371269226074	-9.381113052368164	-27.482072830200195	-15.626413345336914
Q47A	13.328658103942871	41.381717681884766	1.8926395177841187	13.597853660583496	-0.4426254630088806	31.162921905517578	3.8672544956207275	7.554556369781494	13.254693031311035	15.736720085144043	14.133438110351562
Q47C	24.023141860961914	21.640792846679688	12.887412071228027	8.471821784973145	4.709589004516602	24.78426170349121	6.270115375518799	4.857868671417236	9.242185592651367	14.67337417602539	13.156057357788086
Q47D	21.19464683532715	42.220829010009766	3.877963066101074	9.778155326843262	0.3598354458808899	25.97596549987793	6.9374775886535645	9.1753511428833	9.623517990112305	17.92005729675293	14.706379890441895
Q47E	17.539005279541016	48.19530487060547	6.1408491134643555	12.126579284667969	0.4670447111129761	22.9064998626709	7.320423603057861	9.274218559265137	11.654670715332031	20.253496170043945	15.587809562683105
Q47F	4.88400936126709	21.35687828063965	-1.2680076360702515	4.632972717285156	-4.387394428253174	20.74417495727539	3.2003085613250732	3.6112310886383057	8.371784210205078	7.9442458152771	6.90902042388916
Q47G	19.299846649169922	30.950218200683594	0.7723588943481445	9.842728614807129	-0.28495466709136963	25.8852596282959	4.9729084968566895	6.903294563293457	9.07586669921875	20.44147491455078	12.785900115966797
Q47H	36.43013381958008	22.408859252929688	13.320143699645996	6.628930568695068	2.8848671913146973	25.554031372070312	7.411920070648193	5.012233734130859	8.13437271118164	17.126239776611328	14.491170883178711
Q47I	2.923154354095459	20.33477210998535	-1.7270489931106567	6.237247943878174	-1.8719701766967773	18.217971801757812	2.1311097145080566	1.7742767333984375	6.534753799438477	6.666653156280518	6.122092247009277
Q47K	30.882165908813477	23.047651290893555	16.67986297607422	9.437983512878418	5.6881842613220215	29.704601287841797	8.221000671386719	4.519166946411133	9.013373374938965	17.15790367126465	15.435188293457031
Q47L	-7.741059303283691	10.958194732666016	-17.61962127685547	-1.8778492212295532	-13.750717163085938	6.778417587280273	-0.16864508390426636	1.2484207153320312	5.303292274475098	-6.813253879547119	-2.3682820796966553
Q47M	23.08780860900879	20.454631805419922	10.027973175048828	8.962450981140137	6.766545295715332	15.418998718261719	5.195159435272217	3.5066182613372803	7.12043571472168	12.392435073852539	11.293306350708008
Q47N	33.10844421386719	24.666963577270508	11.972728729248047	6.142917633056641	4.8840532302856445	27.05249786376953	7.027779579162598	5.867454528808594	10.025572776794434	16.380979537963867	14.712939262390137
Q47P	30.952028274536133	15.819229125976562	11.584567070007324	5.683321475982666	6.9233622550964355	27.93881607055664	6.069210529327393	3.5062949657440186	5.306128978729248	11.426336288452148	12.520929336547852
Q47R	20.53228187561035	34.68904495239258	8.000022888183594	10.119122505187988	5.379560947418213	20.658451080322266	5.317220687866211	5.753361225128174	11.29598331451416	17.652421951293945	13.939748764038086
Q47S	16.83138656616211	43.1488037109375	1.364077091217041	9.294075965881348	0.2112237811088562	31.777469635009766	5.227819919586182	12.421055793762207	12.81846809387207	18.70252227783203	15.17969036102295
Q47T	19.1762638092041	36.754310607910156	5.634477615356445	8.219245910644531	2.462845802307129	21.877164840698242	5.649472713470459	7.9104719161987305	11.419145584106445	15.088958740234375	13.419235229492188
Q47V	3.936077833175659	19.186254501342773	-6.796716213226318	6.856759071350098	-0.47156649827957153	17.441564559936523	1.458279013633728	2.7448818683624268	8.736504554748535	2.6421895027160645	5.573422431945801
Q47W	33.420806884765625	19.09041976928711	25.528682708740234	9.53368091583252	6.579431533813477	32.891475677490234	9.085347175598145	-2.8578391075134277	7.303844451904297	16.670949935913086	15.724679946899414
Q47Y	22.557418823242188	23.36371612548828	10.053850173950195	7.576013088226318	5.866485595703125	20.728839874267578	5.609067916870117	5.298108100891113	8.47844123840332	13.632948875427246	12.316488265991211
L48A	-18.849973678588867	-10.525008201599121	-11.682233810424805	8.445355415344238	-23.156597137451172	-30.098613739013672	-9.309508323669434	8.044466018676758	-12.171119689941406	-35.58067321777344	-13.488390922546387
L48C	-17.686384201049805	-23.756521224975586	-12.867459297180176	10.037766456604004	-18.58177947998047	-27.974721908569336	-14.062392234802246	-1.2592626810073853	-4.734924793243408	-31.468128204345703	-14.235380172729492
L48D	-24.726482391357422	-30.773548126220703	-12.256290435791016	9.40931510925293	-33.264404296875	-36.83658981323242	-8.76872730255127	-0.20871108770370483	-11.704662322998047	-31.24924087524414	-18.037933349609375
L48E	-16.791919708251953	-26.102956771850586	-11.202217102050781	8.503218650817871	-29.745901107788086	-31.422607421875	-5.7215423583984375	2.91164493560791	-7.4203691482543945	-32.53620529174805	-14.952885627746582
L48F	-15.049386978149414	-8.931119918823242	-14.555889129638672	6.913236618041992	-7.9435834884643555	-18.35675621032715	-6.207096099853516	7.647945880889893	-5.707656383514404	-19.789426803588867	-8.197973251342773
L48G	-24.541717529296875	-30.274877548217773	-11.053154945373535	9.509269714355469	-24.162166595458984	-32.00029754638672	-9.020660400390625	5.3039021492004395	-16.126787185668945	-34.67897033691406	-16.704545974731445
L48H	-17.44548988342285	-14.341742515563965	-12.132556915283203	13.864526748657227	-28.801939010620117	-29.88453483581543	-18.32110023498535	1.3546476364135742	-5.929779529571533	-27.286733627319336	-13.89246940612793
L48I	-10.541170120239258	-11.435446739196777	-6.358789920806885	1.6781704425811768	-5.451196193695068	-16.839942932128906	0.09909442067146301	0.8823902010917664	1.2979413270950317	-15.545564651489258	-6.2214508056640625
L48K	-20.927949905395508	-25.620372772216797	-14.162446975708008	11.009395599365234	-23.991947174072266	-31.855276107788086	-15.996623039245605	-4.979542255401611	-6.6233439445495605	-30.099090576171875	-16.324718475341797
L48M	-16.170391082763672	-13.443902969360352	-10.949519157409668	6.604910373687744	-14.654447555541992	-29.763031005859375	-12.666102409362793	0.2770489752292633	-1.5641109943389893	-27.218917846679688	-11.954846382141113
L48N	-20.006378173828125	-31.097476959228516	-13.943219184875488	15.311716079711914	-29.001243591308594	-32.0078010559082	-10.675004959106445	-3.524739980697632	-10.262194633483887	-33.02770233154297	-16.82340431213379
L48P	-21.050382614135742	-33.898719787597656	-17.095840454101562	10.417040824890137	-26.944454193115234	-25.774883270263672	-13.077345848083496	-8.8912353515625	-12.710317611694336	-27.79668617248535	-17.682283401489258
L48Q	-17.229351043701172	-30.297592163085938	-10.896242141723633	13.989516258239746	-25.55950927734375	-37.50972366333008	-9.844621658325195	-3.2906124591827393	-5.290520668029785	-32.04771423339844	-15.797636032104492
L48R	-20.45288848876953	-34.26400375366211	-10.475311279296875	11.377046585083008	-23.43088150024414	-39.30569839477539	-8.885676383972168	-0.634885847568512	-5.947885036468506	-34.40473937988281	-16.64249038696289
L48S	-24.466463088989258	-21.941728591918945	-12.859282493591309	12.995981216430664	-28.787702560424805	-33.80208206176758	-8.699627876281738	6.403042793273926	-10.634007453918457	-34.865936279296875	-15.665781021118164
L48T	-18.720308303833008	-24.871206283569336	-12.418523788452148	8.678647994995117	-24.476381301879883	-36.20831298828125	-7.830428123474121	1.2540391683578491	-4.400084018707275	-31.28951072692871	-15.028207778930664
L48V	-9.199674606323242	-20.252342224121094	-4.374153137207031	0.5853708982467651	-2.4801430702209473	-13.98175048828125	1.4639304876327515	1.3845089673995972	1.0859042406082153	-12.826045989990234	-5.859439849853516
L48W	-12.51568603515625	-5.573392868041992	-11.864975929260254	1.5738980770111084	-12.118566513061523	-15.534071922302246	-24.79698371887207	-7.660658359527588	-3.7607245445251465	-27.227243423461914	-11.947840690612793
L48Y	-16.89693260192871	-22.662654876708984	-13.34791374206543	11.192206382751465	-17.97093963623047	-27.166223526000977	-11.964264869689941	-0.29624369740486145	-4.692255973815918	-29.693395614624023	-13.349861145019531
L49A	-26.96965789794922	-22.167810440063477	-21.378633499145508	-5.9455060958862305	-39.179237365722656	-40.30617904663086	-14.970141410827637	2.817864179611206	-41.36183166503906	-52.03846740722656	-26.14995765686035
L49C	-44.27416229248047	-33.69330978393555	-10.981255531311035	-15.76401138305664	-35.7078971862793	-28.22795295715332	-19.75800323486328	8.457844734191895	-22.01953125	-60.143898010253906	-26.211217880249023
L49D	-42.85353088378906	-34.42702102661133	-17.834033966064453	-19.05254364013672	-54.69334030151367	-48.143001556396484	-19.546335220336914	-7.156989097595215	-41.62586212158203	-61.464900970458984	-34.67975616455078
L49E	-39.90935516357422	-33.130531311035156	-16.425722122192383	-17.153980255126953	-51.18684005737305	-43.820369720458984	-15.69879150390625	-4.1823649406433105	-33.69294357299805	-59.56922149658203	-31.47701072692871
L49F	-16.775678634643555	-13.663286209106445	-25.261760711669922	-0.9307013750076294	-17.792646408081055	-26.835481643676758	-4.450756072998047	3.4275693893432617	-23.913339614868164	-36.6377067565918	-16.28337860107422
L49G	-37.227962493896484	-35.54421615600586	-20.07137680053711	-19.834293365478516	-45.8171501159668	-45.31479263305664	-16.475210189819336	-11.018203735351562	-45.013633728027344	-62.26322937011719	-33.858009338378906
L49H	-39.025325775146484	-36.29029846191406	-9.89179801940918	-12.58734130859375	-34.35192108154297	-26.833805084228516	-19.541242599487305	5.894195079803467	-20.069185256958008	-56.71847152709961	-24.94152069091797
L49I	-14.35595703125	-21.90922737121582	-15.75907039642334	-0.9824914932250977	-14.14456558227539	-25.888572692871094	-7.231108665466309	13.32990550994873	-22.78422737121582	-33.99436569213867	-14.371968269348145
L49K	-52.73526382446289	-40.34946060180664	-13.227313995361328	-19.327518463134766	-42.85576629638672	-34.27665328979492	-24.210378646850586	-2.7655880451202393	-26.688997268676758	-63.7164306640625	-32.01533889770508
L49M	-38.71809387207031	-33.051212310791016	-9.937670707702637	-11.989075660705566	-30.194055557250977	-23.655338287353516	-15.259867668151855	21.34479522705078	-14.18100643157959	-61.182682037353516	-21.682418823242188
L49N	-43.9327278137207	-37.83391571044922	-14.477407455444336	-17.565353393554688	-47.54993438720703	-35.75917434692383	-18.956405639648438	-2.7662010192871094	-34.01316833496094	-57.978050231933594	-31.083232879638672
L49P	-42.523006439208984	-38.95744705200195	-16.3854923248291	-21.770723342895508	-44.67398452758789	-38.53181076049805	-22.161415100097656	-4.662445068359375	-35.71839904785156	-52.25689697265625	-31.76416015625
L49Q	-43.523250579833984	-35.45849609375	-13.828328132629395	-16.635042190551758	-47.254913330078125	-39.937400817871094	-16.230201721191406	-2.1798079013824463	-29.56942367553711	-57.949913024902344	-30.25667953491211
L49R	-39.999839782714844	-35.48898696899414	-14.006346702575684	-15.68088150024414	-45.115966796875	-40.854713439941406	-15.952906608581543	-2.0298244953155518	-31.964763641357422	-62.203792572021484	-30.329803466796875
L49S	-31.93855857849121	-27.489830017089844	-18.40644645690918	-10.778178215026855	-50.344505310058594	-45.399627685546875	-17.695106506347656	-0.23652519285678864	-42.4591178894043	-59.40352249145508	-30.415142059326172
L49T	-35.72822570800781	-31.253128051757812	-14.093250274658203	-11.791664123535156	-45.2130126953125	-37.93128204345703	-16.58153533935547	7.2313103675842285	-32.47737503051758	-60.24822998046875	-27.808639526367188
L49V	-18.311969757080078	-25.678224563598633	-17.782344818115234	-5.442165374755859	-10.536606788635254	-26.397306442260742	-7.277949333190918	13.317217826843262	-22.228670120239258	-35.98906326293945	-15.632708549499512
L49W	-34.539398193359375	-41.45748519897461	-11.327564239501953	-15.951949119567871	-25.579273223876953	-27.58173370361328	-25.977611541748047	-9.920174598693848	-15.034261703491211	-55.79728317260742	-26.316675186157227
L49Y	-38.81227493286133	-32.93321228027344	-11.1353759765625	-12.792766571044922	-34.54496765136719	-27.34650230407715	-15.129210472106934	9.022254943847656	-19.900163650512695	-51.95563888549805	-23.552785873413086
K50A	2.9565012454986572	22.909860610961914	-0.9977223873138428	3.0712218284606934	-1.947902798652649	6.3938751220703125	3.140394926071167	10.91359806060791	10.084728240966797	-0.32022613286972046	5.6204328536987305
K50C	4.861422061920166	0.40381816029548645	3.191511631011963	1.6716958284378052	-0.5070585608482361	5.154296398162842	2.77085280418396	6.412215232849121	2.643418312072754	2.5094566345214844	2.911162853240967
K50D	-2.025355577468872	7.270605564117432	-1.6364448070526123	2.567229747772217	-6.4922709465026855	0.5299651622772217	2.016817092895508	10.430662155151367	2.8964457511901855	2.5674662590026855	1.8125120401382446
K50E	3.290285110473633	8.830391883850098	0.8597143888473511	1.3352224826812744	-3.179623603820801	5.025306701660156	1.5034992694854736	8.351974487304688	3.676334857940674	3.6567094326019287	3.3349814414978027
K50F	0.7979214191436768	12.414449691772461	-7.274154186248779	9.931899070739746	0.06719540804624557	0.8997477889060974	1.6955950260162354	-2.3030316829681396	2.948537826538086	3.698263645172119	2.287642002105713
K50G	4.850791931152344	4.9570746421813965	-0.17581942677497864	6.357469081878662	-3.806013584136963	3.6209487915039062	-0.04977869614958763	5.221776485443115	4.950170993804932	1.1461459398269653	2.7072768211364746
K50H	3.5626959800720215	-0.10230173915624619	3.1459293365478516	0.8853142261505127	-3.1969661712646484	5.948388576507568	1.3958369493484497	5.774393081665039	2.574103355407715	1.0886138677597046	2.107600688934326
K50I	4.970954418182373	13.006057739257812	-3.7337839603424072	2.7076163291931152	3.8871500492095947	-3.26581072807312	3.7106900215148926	0.690157413482666	2.7584736347198486	3.1388278007507324	2.7870335578918457
K50L	-4.074565410614014	-21.198760986328125	-10.720685005187988	-9.003396987915039	1.9610588550567627	-7.421901226043701	7.656203269958496	5.848649024963379	4.484157562255859	13.024714469909668	-1.9444522857666016
K50M	6.448696136474609	3.486074686050415	3.7005786895751953	4.320566177368164	0.5597033500671387	4.893235683441162	-0.6540319919586182	7.38537073135376	2.4034645557403564	-0.397927463054657	3.214573383331299
K50N	4.891430854797363	-1.938992977142334	0.744236946105957	2.075366497039795	-5.578524112701416	2.2196197509765625	1.816112756729126	4.89182186126709	-0.6474750638008118	-0.3256196081638336	0.8147976994514465
K50P	6.0588531494140625	-5.193482398986816	-3.201226234436035	8.234545707702637	-8.216818809509277	0.021609734743833542	-3.5495221614837646	-0.7109772562980652	-2.84213924407959	-10.491178512573242	-1.9890334606170654
K50Q	3.2274346351623535	2.3041203022003174	1.4090508222579956	3.4155683517456055	-3.5471906661987305	5.083309173583984	1.5768470764160156	8.349226951599121	0.6849358677864075	1.819620966911316	2.4322924613952637
K50R	6.444202423095703	5.906034469604492	2.128174304962158	1.9978073835372925	-1.306518316268921	5.511822700500488	2.2073373794555664	9.236248970031738	0.6471905708312988	1.8563376665115356	3.4628634452819824
K50S	0.4859221577644348	13.698354721069336	-1.0530582666397095	3.5573463439941406	-6.699982643127441	4.9442853927612305	0.26828813552856445	11.872082710266113	7.472667217254639	3.6789908409118652	3.8224895000457764
K50T	2.2585020065307617	6.884139537811279	0.4757747948169708	1.7105777263641357	-5.9441962242126465	4.256967067718506	0.8606795072555542	11.101665496826172	4.731309413909912	1.9199305772781372	2.825535297393799
K50V	0.3695288896560669	12.975893020629883	-6.825761795043945	-1.687209963798523	3.015822172164917	-6.045751571655273	4.999486923217773	1.220802903175354	-0.1040976494550705	3.6711533069610596	1.1589866876602173
K50W	16.415056228637695	0.6628963947296143	1.659343957901001	-6.529956340789795	0.18424195051193237	10.7264404296875	-2.93215012550354	-1.775670051574707	1.5046077966690063	-2.539114236831665	1.7375695705413818
K50Y	3.647169589996338	2.127948522567749	3.1661500930786133	3.935858726501465	-0.4642783999443054	6.921448230743408	2.455758571624756	7.674027919769287	2.8202853202819824	2.5316238403320312	3.4815993309020996
K51A	27.477155685424805	49.59213638305664	5.431308746337891	10.48298168182373	2.9947903156280518	11.127572059631348	1.3866606950759888	5.187288761138916	10.334659576416016	11.319114685058594	13.533365249633789
K51C	37.459529876708984	12.282567977905273	4.29847526550293	1.5611158609390259	1.2605818510055542	8.66416072845459	3.6400413513183594	4.6836748123168945	3.9902775287628174	3.776716947555542	8.161714553833008
K51D	31.79240608215332	30.34906578063965	3.815463066101074	-1.821333885192871	2.3465466499328613	15.069934844970703	3.405930757522583	-7.372060775756836	11.109196662902832	3.1111481189727783	9.180628776550293
K51E	36.97441864013672	31.71661949157715	5.29442834854126	2.4870920181274414	4.323855400085449	14.325491905212402	4.337757587432861	-0.48094335198402405	9.973528861999512	5.649622440338135	11.460186958312988
K51F	9.03783130645752	38.41337203979492	4.031640529632568	13.569072723388672	-1.1040798425674438	11.00412654876709	-0.3224061131477356	9.763290405273438	6.109796047210693	11.123645782470703	10.162628173828125
K51G	27.26980209350586	31.407129287719727	2.7657241821289062	3.743595600128174	1.4889947175979614	13.665750503540039	1.745334506034851	3.0200917720794678	12.041365623474121	7.129421710968018	10.42772102355957
K51H	38.26576232910156	11.53286361694336	4.052253723144531	0.5980206727981567	2.059046506881714	10.170150756835938	3.839027166366577	4.909625053405762	4.924283981323242	5.792067050933838	8.614310264587402
K51I	15.24100112915039	36.74204635620117	4.522616386413574	3.7315731048583984	-0.01356322318315506	6.057865142822266	1.1673171520233154	6.364058017730713	6.811760902404785	10.515437126159668	9.114011764526367
K51L	2.481569290161133	6.925642490386963	-1.5265746116638184	2.3449594974517822	9.223387718200684	13.663822174072266	3.222744941711426	8.006597518920898	5.043220043182373	9.263745307922363	5.864911079406738
K51M	31.63875389099121	17.73854637145996	5.055920124053955	4.623415946960449	2.7648537158966064	6.998153209686279	2.355362892150879	5.982198238372803	4.871799468994141	2.6195080280303955	8.464851379394531
K51N	39.4320182800293	10.462507247924805	5.696816921234131	-3.094489574432373	0.9893552660942078	11.12898063659668	2.8653132915496826	0.44525548815727234	5.125699043273926	3.839379072189331	7.689084053039551
K51P	30.070955276489258	7.8929619789123535	3.143264055252075	-10.357552528381348	0.22884172201156616	9.08781623840332	0.29235565662384033	-6.146531105041504	7.535040855407715	-1.1576900482177734	4.058946132659912
K51Q	39.13962936401367	19.864723205566406	5.723984718322754	3.0271456241607666	2.6881422996520996	11.156655311584473	4.995133876800537	4.107985496520996	5.421803951263428	3.653564929962158	9.977876663208008
K51R	37.531105041503906	21.809431076049805	5.704514503479004	3.4728879928588867	3.107968330383301	9.742225646972656	5.2227783203125	3.9414379596710205	5.2366533279418945	3.9084770679473877	9.967748641967773
K51S	33.230472564697266	40.2763557434082	4.178119659423828	5.405940532684326	2.7273666858673096	14.659457206726074	3.181248664855957	-0.904786229133606	13.684795379638672	7.411991596221924	12.385095596313477
K51T	36.88149642944336	27.794218063354492	5.521892070770264	3.931328058242798	1.9363301992416382	10.959734916687012	4.270839214324951	2.031627893447876	6.4074835777282715	2.691035032272339	10.242597579956055
K51V	10.733721733093262	29.769580841064453	3.2213001251220703	0.1263277232646942	4.0976409912109375	6.796764373779297	0.6702134013175964	9.4381685256958	6.49450159072876	10.4337158203125	8.178193092346191
K51W	35.87772750854492	11.525325775146484	3.771665096282959	-2.445768117904663	6.683682441711426	11.007169723510742	3.3617935180664062	1.7939285039901733	3.477952480316162	6.045416831970215	8.109889030456543
K51Y	37.7133903503418	16.112892150878906	4.0155720710754395	2.5876901149749756	1.852605938911438	9.18648910522461	4.285640239715576	6.131162643432617	3.5449564456939697	3.9412505626678467	8.937166213989258
H52A	-7.849575996398926	-17.252857208251953	-20.644912719726562	-13.362438201904297	-30.545806884765625	-10.96976089477539	-10.723782539367676	-1.706175684928894	-7.179938316345215	-27.51199722290039	-14.774724960327148
H52C	-14.338240623474121	-31.58523941040039	-19.31899642944336	1.0760538578033447	-15.605756759643555	-12.543427467346191	-8.572340965270996	-4.8363423347473145	-10.784051895141602	-38.489620208740234	-15.499795913696289
H52D	-25.531015396118164	-37.309268951416016	-28.577116012573242	-13.719619750976562	-39.126495361328125	-18.510761260986328	-14.601508140563965	-11.663375854492188	-18.983482360839844	-35.09235382080078	-24.311498641967773
H52E	-16.244699478149414	-31.631946563720703	-23.45455551147461	-10.831868171691895	-30.038782119750977	-13.685688018798828	-11.4583740234375	-11.25510025024414	-18.43785858154297	-29.41354751586914	-19.64524269104004
H52F	-5.201938152313232	-9.474763870239258	-17.757287979125977	-4.469060897827148	-13.925435066223145	-8.591957092285156	-5.418478965759277	3.698056936264038	-0.8000473976135254	-12.550917625427246	-7.449182987213135
H52G	-14.793399810791016	-43.57730484008789	-28.873212814331055	-9.56887435913086	-32.91643142700195	-12.483362197875977	-10.495748519897461	-9.51366901397705	-23.461973190307617	-42.52312088012695	-22.820709228515625
H52I	-2.2175097465515137	-3.3692398071289062	-13.319793701171875	-6.527871131896973	-6.275981903076172	-11.5792818069458	-2.95721173286438	4.595404148101807	1.0174914598464966	-10.960297584533691	-5.159428596496582
H52K	-19.404829025268555	-37.800758361816406	-25.956146240234375	3.1137096881866455	-17.789730072021484	-20.739084243774414	-7.780000686645508	-12.894270896911621	-13.543342590332031	-40.81304168701172	-19.360748291015625
H52L	-5.705690383911133	-17.377838134765625	-11.000482559204102	-15.726698875427246	-0.13980895280838013	-8.283538818359375	-3.955906629562378	8.532279014587402	5.620863914489746	-18.879648208618164	-6.691646575927734
H52M	-11.418067932128906	-25.165775299072266	-16.87505340576172	3.23978590965271	-15.401036262512207	-6.488614082336426	-6.232265472412109	-4.929368019104004	-6.784372806549072	-27.062223434448242	-11.711699485778809
H52N	-21.197546005249023	-35.61811828613281	-32.14830780029297	-0.552565336227417	-24.825992584228516	-11.778666496276855	-7.154175758361816	-9.707889556884766	-19.228986740112305	-39.11037826538086	-20.13226318359375
H52P	-29.282072067260742	-36.40420913696289	-44.51277160644531	2.1117022037506104	-27.7019100189209	-16.70050621032715	-8.684053421020508	-14.091819763183594	-24.579776763916016	-38.04926300048828	-23.789464950561523
H52Q	-17.881879806518555	-33.46586608886719	-22.46778106689453	-0.26511290669441223	-25.20063018798828	-12.476743698120117	-7.351430416107178	-10.608991622924805	-17.216981887817383	-30.02982521057129	-17.69652557373047
H52R	-13.470352172851562	-32.203250885009766	-24.352083206176758	0.6020197868347168	-25.20293426513672	-12.16165542602539	-6.18873929977417	-9.635710716247559	-13.146636009216309	-32.543235778808594	-16.830257415771484
H52S	-16.20241928100586	-33.18163299560547	-28.17336082458496	-15.996417999267578	-40.744625091552734	-15.848423957824707	-11.008078575134277	-2.175250291824341	-17.635337829589844	-34.14910888671875	-21.511465072631836
H52T	-12.599251747131348	-30.447240829467773	-22.650144577026367	-6.42365837097168	-31.405088424682617	-10.197541236877441	-8.785842895507812	-7.126036643981934	-17.0250244140625	-26.57755470275879	-17.323740005493164
H52V	-7.7162861824035645	-5.359245300292969	-13.359587669372559	-10.238082885742188	-4.757193565368652	-13.414326667785645	-2.3518919944763184	8.161575317382812	3.4437570571899414	-10.669322967529297	-5.626060485839844
H52W	-17.748451232910156	-36.065696716308594	-23.383480072021484	6.843735694885254	-6.501197338104248	-29.42020034790039	-14.090337753295898	-17.085384368896484	-10.056340217590332	-32.01068878173828	-17.95180320739746
H52Y	-13.81654167175293	-30.21999168395996	-21.132577896118164	1.3478672504425049	-19.068389892578125	-7.001948356628418	-5.62086820602417	-6.5291972160339355	-12.771845817565918	-31.489526748657227	-14.630300521850586
L53A	-19.17474365234375	-18.44497299194336	-12.4464750289917	-2.2326011657714844	-32.01141357421875	-26.924560546875	-8.034862518310547	-7.185928821563721	-17.0966854095459	-23.560970306396484	-16.711322784423828
L53C	-13.103099822998047	-14.74848461151123	-4.9206156730651855	3.9671759605407715	-11.395938873291016	-6.8550004959106445	-4.510945796966553	-3.080326557159424	-11.118142127990723	-21.284122467041016	-8.704950332641602
L53D	-29.582149505615234	-18.74970054626465	-10.737281799316406	-4.74908447265625	-35.77593231201172	-19.17845916748047	-8.223767280578613	-7.439534664154053	-10.251639366149902	-21.599746704101562	-16.62872886657715
L53E	-19.523578643798828	-14.454215049743652	-9.259248733520508	-3.0948314666748047	-27.398908615112305	-18.350669860839844	-6.648377895355225	-8.078665733337402	-11.159415245056152	-22.670276641845703	-14.063819885253906
L53F	-13.19253921508789	-9.800930976867676	-10.188360214233398	4.753628730773926	-15.169205665588379	-21.18880844116211	-4.334871768951416	2.428462028503418	-8.092845916748047	-8.89438533782959	-8.367986679077148
L53G	-21.62030029296875	-21.477951049804688	-9.612131118774414	-4.9693284034729	-28.311471939086914	-19.74057960510254	-4.765024662017822	-6.579957962036133	-11.376178741455078	-25.11269760131836	-15.356561660766602
L53H	-11.936126708984375	-16.868480682373047	-5.587997913360596	-0.6033635139465332	-12.144658088684082	-10.874242782592773	-5.609779357910156	-5.798612594604492	-10.883893966674805	-22.77765655517578	-10.308481216430664
L53I	-10.692692756652832	-14.005992889404297	-11.218175888061523	-2.8464725017547607	-12.139477729797363	-26.93824577331543	-3.905229330062866	-2.0739760398864746	-9.259897232055664	-10.67071533203125	-10.375086784362793
L53K	-13.930692672729492	-15.013479232788086	-5.846357345581055	-1.2273163795471191	-14.095746994018555	-10.180063247680664	-9.328171730041504	-1.290427565574646	-13.977317810058594	-24.49643325805664	-10.938600540161133
L53M	-8.99178695678711	-10.107998847961426	-5.213468074798584	5.711050510406494	-11.977217674255371	-8.5553560256958	-4.674395561218262	-4.554294586181641	-5.962276935577393	-22.58344078063965	-7.690918922424316
L53N	-17.588193893432617	-17.831661224365234	-7.110475063323975	0.9395825862884521	-19.72958755493164	-14.290093421936035	-4.565957546234131	-5.742137908935547	-11.619482040405273	-21.41773223876953	-11.895573616027832
L53P	-18.739437103271484	-19.09208869934082	-9.368560791015625	-4.057964324951172	-25.378162384033203	-18.406858444213867	-8.364519119262695	-9.369032859802246	-15.852018356323242	-18.8831729888916	-14.751182556152344
L53Q	-17.54714012145996	-16.380979537963867	-8.068620681762695	-0.08780506253242493	-19.431941986083984	-16.936471939086914	-6.3912577629089355	-7.52119255065918	-11.06063175201416	-20.780324935913086	-12.420637130737305
L53R	-14.8245849609375	-16.5231990814209	-8.328445434570312	-0.7830454111099243	-19.364721298217773	-17.048583984375	-3.9945178031921387	-9.07811164855957	-11.938482284545898	-22.648361206054688	-12.453205108642578
L53S	-22.169574737548828	-15.689224243164062	-12.509202003479004	-3.3955154418945312	-31.344667434692383	-20.14211082458496	-7.91432523727417	-6.656929016113281	-14.90367603302002	-24.592897415161133	-15.931811332702637
L53T	-15.864572525024414	-11.57490062713623	-9.47492504119873	-0.4117029011249542	-22.879173278808594	-16.529367446899414	-5.89673376083374	-7.163774013519287	-12.083550453186035	-19.442249298095703	-12.132095336914062
L53V	-10.304969787597656	-15.562997817993164	-12.921895980834961	-1.6099786758422852	-10.570592880249023	-26.66596794128418	-1.872713565826416	0.930137038230896	-9.312246322631836	-8.646059036254883	-9.653728485107422
L53W	-7.287507057189941	-11.408623695373535	-3.5790960788726807	-7.936643123626709	-7.535361289978027	-14.287101745605469	-7.305243015289307	-6.18035888671875	-16.320362091064453	-16.570444107055664	-9.841073989868164
L53Y	-12.146801948547363	-12.926249504089355	-5.707735061645508	4.827548027038574	-13.405343055725098	-9.857056617736816	-3.1020331382751465	-3.937952756881714	-8.096197128295898	-17.671545028686523	-8.202337265014648
D54A	21.515602111816406	43.43465042114258	4.045225143432617	9.813803672790527	5.604580879211426	11.60689926147461	6.868709564208984	9.334238052368164	7.16094970703125	7.522187232971191	12.690685272216797
D54C	23.77086067199707	11.557966232299805	9.219234466552734	14.890616416931152	1.6175404787063599	22.174285888671875	9.840582847595215	7.889134407043457	8.63728141784668	11.312687873840332	12.091020584106445
D54E	23.761356353759766	30.499235153198242	6.873232841491699	11.597103118896484	6.151987075805664	15.85161018371582	6.016302108764648	16.436609268188477	9.820114135742188	9.141952514648438	13.614950180053711
D54F	7.418321132659912	9.425804138183594	-5.107797145843506	3.075152635574341	1.3926249742507935	5.590552806854248	4.09517240524292	1.3948649168014526	5.6878204345703125	6.074613094329834	3.9047131538391113
D54G	24.303117752075195	29.374895095825195	5.511636734008789	8.573378562927246	4.816277503967285	18.491846084594727	6.188826084136963	14.427940368652344	9.298322677612305	9.29133415222168	13.02775764465332
D54H	27.399276733398438	13.419427871704102	11.876513481140137	12.128921508789062	0.8325278759002686	22.73763656616211	10.215847969055176	5.7586259841918945	9.082416534423828	12.307964324951172	12.57591724395752
D54I	7.2885847091674805	8.04069995880127	-0.28514495491981506	2.0099575519561768	-1.828686237335205	6.814181327819824	4.440639495849609	5.582916736602783	2.153456449508667	5.3735270500183105	3.9590134620666504
D54K	32.78802490234375	13.348443031311035	13.573808670043945	10.534170150756836	1.4397081136703491	27.139699935913086	10.211511611938477	4.336053371429443	7.237264156341553	11.598137855529785	13.220682144165039
D54L	-11.062625885009766	-14.718107223510742	-8.683066368103027	-32.23860549926758	-13.106664657592773	0.4369068741798401	-0.746518075466156	-12.78715991973877	4.571985244750977	3.7701423168182373	-8.45637321472168
D54M	20.15497589111328	12.599798202514648	5.609185695648193	14.290827751159668	2.6028897762298584	18.91634750366211	9.354256629943848	7.740501403808594	8.439234733581543	9.102033615112305	10.88100528717041
D54N	26.38291358947754	16.668794631958008	7.7516984939575195	11.998056411743164	-0.34954798221588135	21.777938842773438	9.207061767578125	7.667330741882324	9.648775100708008	10.864213943481445	12.161722183227539
D54P	23.452524185180664	11.077178955078125	12.187423706054688	10.082180976867676	0.6598157286643982	26.184621810913086	8.502753257751465	0.8515257835388184	5.141735076904297	9.857925415039062	10.799768447875977
D54Q	24.951597213745117	19.488744735717773	8.09598159790039	14.773696899414062	1.9925662279129028	17.046018600463867	8.663808822631836	12.459650039672852	11.583675384521484	10.566292762756348	12.962203979492188
D54R	21.23975944519043	24.745378494262695	6.467776775360107	13.891069412231445	0.6125816702842712	16.26410484313965	8.492103576660156	17.402353286743164	13.391899108886719	9.215757369995117	13.172277450561523
D54S	24.438322067260742	36.42901611328125	6.0613203048706055	10.169510841369629	4.344246864318848	17.777135848999023	6.40557336807251	15.951562881469727	7.503736972808838	10.215500831604004	13.929591178894043
D54T	19.03074073791504	21.129119873046875	5.576529026031494	12.346050262451172	3.2365024089813232	15.873466491699219	6.391096591949463	18.4854736328125	10.570981979370117	8.627982139587402	12.126794815063477
D54V	5.476975917816162	6.055870056152344	-1.6514486074447632	-4.947422981262207	0.6279207468032837	9.416805267333984	3.856405735015869	7.293929100036621	1.428650140762329	3.644909143447876	3.1202595233917236
D54W	35.193729400634766	13.675725936889648	32.580684661865234	5.08493185043335	4.509753227233887	31.485504150390625	11.910319328308105	-14.485389709472656	5.658028602600098	12.967904090881348	13.858119010925293
D54Y	22.135910034179688	13.653057098388672	6.522698402404785	12.99057388305664	1.7389800548553467	21.66982078552246	8.456698417663574	9.29232120513916	9.08735466003418	10.228304862976074	11.577570915222168
T55A	36.77009201049805	51.21889114379883	4.840489864349365	19.19235610961914	2.8326950073242188	13.643027305603027	6.299575328826904	12.10114860534668	11.201605796813965	19.873695373535156	17.7973575592041
T55C	15.891451835632324	13.607076644897461	11.135660171508789	-4.21368932723999	2.0222485065460205	8.828096389770508	9.217307090759277	4.7135772705078125	2.349212884902954	13.382774353027344	7.693371772766113
T55D	34.34798812866211	34.63802719116211	5.3511505126953125	3.293010711669922	0.618537962436676	18.169464111328125	7.806827068328857	12.6351318359375	9.030608177185059	18.075429916381836	14.39661693572998
T55E	25.167173385620117	35.628047943115234	6.326201438903809	12.585203170776367	1.0712177753448486	14.463756561279297	5.9323859214782715	19.389476776123047	5.416719436645508	20.908781051635742	14.688898086547852
T55F	14.458492279052734	44.396697998046875	3.63442325592041	14.139938354492188	5.434307098388672	15.704643249511719	3.9454824924468994	9.096421241760254	10.528048515319824	13.482043266296387	13.482049942016602
T55G	40.23830032348633	35.004615783691406	4.8370137214660645	8.180837631225586	0.08334093540906906	16.299949645996094	6.496251583099365	16.505769729614258	11.591288566589355	25.28281593322754	16.4520206451416
T55H	14.83144760131836	15.102094650268555	10.3274564743042	-3.5688352584838867	2.213683843612671	8.36186408996582	8.913717269897461	5.323990345001221	0.9384527802467346	14.183431625366211	7.6627302169799805
T55I	8.172884941101074	25.708194732666016	3.136213541030884	6.216511249542236	10.157928466796875	7.276716232299805	5.0847883224487305	3.4178802967071533	5.263812065124512	11.414819717407227	8.58497428894043
T55K	21.101234436035156	16.91175651550293	11.125730514526367	-9.64437484741211	1.775393009185791	10.259021759033203	8.359192848205566	4.106103897094727	-0.18970303237438202	14.294279098510742	7.809864044189453
T55L	2.5787465572357178	16.75440216064453	1.7813259363174438	5.508888244628906	8.579879760742188	9.403757095336914	7.260107517242432	4.232763290405273	6.304632186889648	8.60035228729248	7.100485801696777
T55M	7.522764682769775	14.290509223937988	12.916168212890625	4.027482986450195	4.974706649780273	6.348005771636963	7.2010111808776855	5.725767135620117	3.002504587173462	12.793606758117676	7.880253791809082
T55N	23.471790313720703	17.587785720825195	7.437826633453369	-4.070527076721191	0.357108473777771	12.383978843688965	7.887114524841309	6.553234577178955	1.484660267829895	16.424673080444336	8.951765060424805
T55P	25.109254837036133	15.393875122070312	5.2003583908081055	-17.669124603271484	-1.3591610193252563	9.362625122070312	4.9264421463012695	1.743647813796997	1.75212562084198	10.64596939086914	5.510601043701172
T55Q	18.98069190979004	20.986536026000977	8.998759269714355	7.161408424377441	1.891743779182434	13.697771072387695	8.031044960021973	12.746782302856445	2.4320151805877686	17.87474822998047	11.280149459838867
T55R	16.426023483276367	25.277183532714844	7.018885612487793	7.614393711090088	1.4965970516204834	12.021574020385742	6.999849319458008	15.94491195678711	3.4634366035461426	20.660829544067383	11.69236946105957
T55S	38.89468765258789	43.05324935913086	4.844926834106445	7.736569404602051	1.5664398670196533	14.855324745178223	6.030467987060547	18.259424209594727	12.41501522064209	21.139158248901367	16.879526138305664
T55V	10.39339828491211	31.46786117553711	5.2623443603515625	10.56503963470459	8.963532447814941	8.735241889953613	4.491125106811523	6.550424575805664	5.665904998779297	10.631232261657715	10.272611618041992
T55W	11.124228477478027	16.929405212402344	19.81181526184082	-14.61864185333252	0.43958091735839844	3.886026620864868	12.218881607055664	-10.980494499206543	-3.0538010597229004	12.4457426071167	4.820274353027344
T55Y	14.551536560058594	13.699117660522461	9.877032279968262	-1.1867882013320923	2.933741807937622	8.624069213867188	8.978860855102539	7.599241256713867	2.0841567516326904	13.801764488220215	8.096273422241211
F56A	-14.382685661315918	-22.93534278869629	-17.079668045043945	-16.23043441772461	-30.730220794677734	-25.34453582763672	-5.633994102478027	-7.856297969818115	-3.6356875896453857	-24.46845817565918	-16.829730987548828
F56C	-14.216236114501953	-19.21598243713379	-11.060203552246094	-11.258573532104492	-12.721345901489258	-40.92217254638672	-6.475000381469727	-14.077455520629883	-4.096560955047607	-27.91206169128418	-16.195560455322266
F56D	-23.32233238220215	-37.2497444152832	-25.77547264099121	-30.66397476196289	-48.082767486572266	-40.329261779785156	-9.937508583068848	-23.862472534179688	-8.134134292602539	-36.62095260620117	-28.397863388061523
F56E	-19.383262634277344	-34.274078369140625	-24.592365264892578	-21.315000534057617	-38.8913688659668	-35.16435241699219	-8.263545989990234	-23.161821365356445	-8.820755004882812	-32.27646255493164	-24.614301681518555
F56G	-23.151390075683594	-38.81520080566406	-29.220111846923828	-25.788084030151367	-41.69367599487305	-27.079532623291016	-8.834356307983398	-17.583364486694336	-7.185731887817383	-38.15292739868164	-25.750436782836914
F56H	-18.911394119262695	-22.602331161499023	-12.591268539428711	-15.33519172668457	-14.936275482177734	-41.26095962524414	-9.066277503967285	-16.927705764770508	-3.241086006164551	-32.1202278137207	-18.69927215576172
F56I	-2.8300511837005615	-19.267833709716797	-6.679684638977051	-2.696213483810425	-6.248085975646973	-19.318662643432617	2.4982492923736572	3.997144937515259	1.6229093074798584	6.142102241516113	-4.278012275695801
F56K	-24.252296447753906	-25.790693283081055	-13.002138137817383	-15.725204467773438	-16.23401641845703	-47.536102294921875	-14.149130821228027	-17.488998413085938	-5.061850070953369	-29.704042434692383	-20.894445419311523
F56L	-1.6945878267288208	-39.536495208740234	-5.0433759689331055	2.1299891471862793	-1.479784607887268	-2.5994620323181152	3.5450868606567383	3.3087704181671143	4.893096446990967	8.178095817565918	-2.829866886138916
F56M	-7.81044864654541	-12.600269317626953	-11.18966007232666	-8.449177742004395	-11.590109825134277	-33.26729965209961	-2.8676886558532715	-12.32343864440918	-2.016378879547119	-15.926179885864258	-11.804065704345703
F56N	-20.829965591430664	-31.28529930114746	-22.833765029907227	-21.48033332824707	-22.773788452148438	-38.6624755859375	-10.078601837158203	-18.600013732910156	-7.896519184112549	-34.82475662231445	-22.926551818847656
F56P	-30.160369873046875	-40.547691345214844	-26.6020450592041	-29.07561492919922	-26.38534927368164	-50.469581604003906	-16.783397674560547	-26.335317611694336	-14.060601234436035	-33.83894729614258	-29.425893783569336
F56Q	-19.15450668334961	-30.27739143371582	-22.128328323364258	-19.76172637939453	-26.023330688476562	-38.9554443359375	-8.66182804107666	-19.107666015625	-7.260984897613525	-36.48661422729492	-22.781782150268555
F56R	-21.327136993408203	-29.53965950012207	-26.391456604003906	-22.02263069152832	-31.118227005004883	-41.82061004638672	-7.165551662445068	-19.65052604675293	-7.150415897369385	-41.43971633911133	-24.76259422302246
F56S	-18.691864013671875	-32.19480895996094	-24.443525314331055	-19.103206634521484	-37.70891571044922	-30.865001678466797	-8.354777336120605	-12.059577941894531	-8.729972839355469	-30.607877731323242	-22.275955200195312
F56T	-12.917675018310547	-24.280860900878906	-18.05621910095215	-17.148881912231445	-24.972915649414062	-33.71360778808594	-5.27165412902832	-15.35739803314209	-7.2791571617126465	-25.33076286315918	-18.432910919189453
F56V	-6.640111923217773	-27.95344352722168	-5.232641696929932	-0.3872877061367035	-5.978339672088623	-18.36479949951172	1.9226350784301758	2.8998451232910156	2.5467522144317627	9.591841697692871	-4.759554862976074
F56W	-21.767854690551758	-13.99832534790039	-9.376039505004883	-13.552435874938965	-13.389627456665039	-39.30828857421875	-10.7633056640625	-19.47258186340332	-2.7596395015716553	-22.466707229614258	-16.685482025146484
F56Y	-10.984977722167969	-18.624998092651367	-12.988601684570312	-16.13417625427246	-18.422691345214844	-35.39017105102539	-5.268691539764404	-15.611722946166992	-5.216904163360596	-24.67241859436035	-16.3315372467041
L57A	0.7657085657119751	-8.989215850830078	-13.66090202331543	4.751726150512695	-17.466062545776367	-24.137292861938477	-0.6310576796531677	-1.3272055387496948	-0.14787109196186066	-2.213972806930542	-6.305614948272705
L57C	-6.0477800369262695	-21.1424503326416	-13.041661262512207	-1.6345584392547607	-4.347965240478516	-26.650318145751953	-5.2215118408203125	-13.561827659606934	-6.491876125335693	-13.520015716552734	-11.165995597839355
L57D	-9.50629711151123	-29.478864669799805	-22.188087463378906	-12.900567054748535	-15.686164855957031	-43.40815734863281	-6.093500137329102	-23.230052947998047	-13.782373428344727	-18.17713165283203	-19.445119857788086
L57E	-9.980859756469727	-29.959623336791992	-20.83245086669922	-8.81361198425293	-12.208189010620117	-47.25880432128906	-6.568151950836182	-21.525188446044922	-13.989680290222168	-18.32152557373047	-18.945810317993164
L57F	7.2989935874938965	-7.431320667266846	-6.626236915588379	9.840811729431152	-12.041086196899414	-6.450264930725098	0.5503775477409363	1.2862457036972046	0.6964324116706848	-2.0638585090637207	-1.4939906597137451
L57G	-4.752449035644531	-27.69989585876465	-19.052215576171875	-4.461128234863281	-15.290818214416504	-30.945011138916016	-3.362205982208252	-15.002055168151855	-8.114446640014648	-10.516523361206055	-13.91967487335205
L57H	-8.944756507873535	-23.38994026184082	-15.613164901733398	-2.998154878616333	-5.526491165161133	-29.205385208129883	-6.997640609741211	-15.73532485961914	-6.381603717803955	-13.964479446411133	-12.875694274902344
L57I	5.640406131744385	3.98899245262146	-4.278908729553223	5.3057427406311035	-0.003228016197681427	-6.296130657196045	4.393575668334961	1.4944305419921875	3.8178253173828125	5.650409698486328	1.9713115692138672
L57K	-12.254798889160156	-31.19846534729004	-16.02127456665039	-8.866446495056152	-6.835262775421143	-40.91862487792969	-6.1220526695251465	-17.883970260620117	-4.851831912994385	-17.66096305847168	-16.261369705200195
L57M	-7.219065189361572	-13.452385902404785	-14.553691864013672	0.7530937194824219	-4.392359256744385	-20.86414337158203	-5.572917938232422	-12.79892635345459	-5.173567295074463	-6.011868953704834	-8.928583145141602
L57N	-11.537405014038086	-28.03276252746582	-20.708335876464844	-8.563922882080078	-9.541349411010742	-37.04896545410156	-5.412241458892822	-19.961050033569336	-9.915848731994629	-17.745859146118164	-16.84677505493164
L57P	-10.169548988342285	-30.342138290405273	-26.747072219848633	-13.126300811767578	-11.220667839050293	-35.30834197998047	-5.410910129547119	-22.64955711364746	-16.335678100585938	-23.985008239746094	-19.52952003479004
L57Q	-10.672938346862793	-24.843122482299805	-18.10633659362793	-6.225610733032227	-9.852991104125977	-42.31352996826172	-5.510704517364502	-17.457645416259766	-10.091487884521484	-14.077594757080078	-15.915196418762207
L57R	-9.321213722229004	-22.01430320739746	-18.149229049682617	-4.524493217468262	-10.428175926208496	-45.12055587768555	-4.1856369972229	-16.284954071044922	-8.91823673248291	-12.057167053222656	-15.100397109985352
L57S	-4.707691192626953	-26.17639923095703	-19.807409286499023	-4.4817214012146	-15.966846466064453	-30.62752914428711	-3.536013603210449	-11.648345947265625	-7.8400092124938965	-8.406608581542969	-13.319857597351074
L57T	-4.401661396026611	-23.187484741210938	-19.051122665405273	-4.968330383300781	-10.691251754760742	-37.42366027832031	-3.833634614944458	-16.38711166381836	-12.074390411376953	-8.55485725402832	-14.057350158691406
L57V	2.8290741443634033	-5.008623123168945	-3.4188592433929443	4.115267276763916	-1.0683197975158691	-9.908392906188965	6.332300662994385	2.6429569721221924	2.9923245906829834	6.602952003479004	0.6110680103302002
L57W	-7.044572830200195	-33.81291198730469	-21.1733341217041	-4.031756401062012	-3.351487398147583	-28.53525161743164	-10.3592529296875	-29.125709533691406	-15.380167007446289	-15.975334167480469	-16.878976821899414
L57Y	-6.147645950317383	-17.20484733581543	-16.719884872436523	-1.708235263824463	-6.918529033660889	-22.67154884338379	-4.299862384796143	-16.669591903686523	-6.703438758850098	-11.62535572052002	-11.066895484924316
K58A	30.100210189819336	50.25034713745117	0.182152658700943	17.54926109313965	-0.4877970218658447	35.38064956665039	4.6617255210876465	13.231143951416016	20.10905647277832	25.002599716186523	19.59793472290039
K58C	18.34873390197754	40.082637786865234	11.185169219970703	4.885680198669434	0.5467236042022705	29.755630493164062	6.731912136077881	12.233710289001465	13.901123046875	21.06612205505371	15.873744010925293
K58D	30.142494201660156	47.0938835144043	8.585772514343262	13.928589820861816	1.5169315338134766	38.981285095214844	7.340442657470703	16.8856201171875	19.00629425048828	28.95908546447754	21.244037628173828
K58E	26.939939498901367	56.52081298828125	8.511985778808594	17.10428810119629	3.442255973815918	37.04191589355469	6.559484004974365	16.72164535522461	21.97673797607422	32.20526123046875	22.70243263244629
K58F	9.844940185546875	47.63313293457031	0.8774890899658203	19.670928955078125	-4.033440589904785	29.462772369384766	3.7856855392456055	9.78840446472168	14.760482788085938	26.214826583862305	15.80052375793457
K58G	32.832637786865234	41.44028854370117	2.004406213760376	15.89944076538086	0.7831382155418396	33.78802490234375	4.728386878967285	14.659703254699707	16.371091842651367	24.479398727416992	18.698650360107422
K58H	15.483695030212402	40.54398727416992	11.187417030334473	1.484534740447998	1.5085409879684448	30.121654510498047	8.119019508361816	11.137697219848633	12.49246597290039	23.849498748779297	15.592851638793945
K58I	9.297481536865234	44.181968688964844	-0.0795184075832367	11.633346557617188	-2.492703676223755	23.169727325439453	2.0479185581207275	8.250539779663086	9.00223159790039	24.85725975036621	12.986825942993164
K58L	-1.0834189653396606	23.401519775390625	-13.141519546508789	7.759672164916992	-1.7098366022109985	19.425737380981445	0.9567441344261169	0.6790777444839478	6.719935894012451	3.8382205963134766	4.684613227844238
K58M	13.790326118469238	38.946956634521484	10.681587219238281	4.258638858795166	-0.33549803495407104	22.79800796508789	6.28106164932251	11.55855941772461	10.026666641235352	20.607126235961914	13.86134147644043
K58N	22.338329315185547	42.457454681396484	11.062328338623047	5.720271110534668	1.5978232622146606	36.22004318237305	7.093352794647217	12.616543769836426	13.88547134399414	25.362794876098633	17.835439682006836
K58P	20.26558494567871	28.822778701782227	9.721624374389648	1.628753423690796	0.31106409430503845	31.694442749023438	5.326070785522461	10.461729049682617	9.759350776672363	21.435672760009766	13.942708015441895
K58Q	21.13518714904785	50.1673469543457	10.513816833496094	11.571998596191406	2.7520928382873535	35.243350982666016	7.234928607940674	14.2545166015625	19.627649307250977	26.712575912475586	19.921344757080078
K58R	28.966352462768555	48.25511932373047	8.989148139953613	13.40122127532959	3.789879560470581	33.67239761352539	7.180756568908691	13.140787124633789	21.400136947631836	26.653514862060547	20.544933319091797
K58S	33.357627868652344	47.9898796081543	4.024681568145752	13.998133659362793	1.9297659397125244	35.59731674194336	5.73231840133667	16.333494186401367	18.082788467407227	27.892671585083008	20.493867874145508
K58T	21.390117645263672	49.260562896728516	8.57769775390625	11.813963890075684	1.96310555934906	32.60000228881836	5.83691930770874	15.262222290039062	18.104339599609375	27.280576705932617	19.20895004272461
K58V	6.414412498474121	44.87022399902344	-0.869410514831543	14.739538192749023	3.488321542739868	24.044429779052734	2.0375444889068604	7.050191402435303	6.880084037780762	20.370790481567383	12.902612686157227
K58W	14.712423324584961	33.24647521972656	15.85417652130127	-8.682554244995117	3.5882506370544434	26.490819931030273	9.867850303649902	7.650453090667725	5.001598834991455	22.108280181884766	12.98377799987793
K58Y	15.534988403320312	41.561519622802734	9.32144832611084	6.187235355377197	0.954138994216919	28.49176788330078	6.372448444366455	12.83963394165039	15.216567993164062	21.888492584228516	15.836824417114258
G59A	16.52155303955078	14.826675415039062	6.871160507202148	15.557483673095703	9.938738822937012	9.4788179397583	7.809569835662842	11.139188766479492	5.329895973205566	13.285862922668457	11.075895309448242
G59C	36.259952545166016	10.507741928100586	10.029692649841309	12.44347858428955	4.485546588897705	8.51551342010498	8.617462158203125	2.3583731651306152	11.538773536682129	17.381399154663086	12.213793754577637
G59D	22.442581176757812	20.225183486938477	12.138447761535645	14.427363395690918	2.6472010612487793	13.902402877807617	8.415270805358887	8.96078872680664	8.54159164428711	20.416881561279297	13.211771965026855
G59E	22.634523391723633	18.752614974975586	11.722594261169434	15.510656356811523	3.814845561981201	11.886489868164062	8.756415367126465	8.949167251586914	9.582194328308105	20.253793716430664	13.18632984161377
G59F	15.268938064575195	17.06167221069336	2.8335118293762207	17.16803741455078	10.454989433288574	6.674688339233398	7.834731578826904	12.168803215026855	4.891120433807373	9.478507995605469	10.383500099182129
G59H	37.30562210083008	11.601351737976074	10.639130592346191	10.40006160736084	3.197232723236084	7.48142147064209	8.433978080749512	2.588515520095825	12.032112121582031	18.60744857788086	12.22868824005127
G59I	12.193138122558594	14.846723556518555	2.9300737380981445	16.243738174438477	7.407339572906494	6.462974548339844	5.71454381942749	5.535945892333984	4.110989570617676	8.51554012298584	8.396101951599121
G59K	37.40757369995117	13.035285949707031	10.823798179626465	10.1483793258667	6.29140043258667	9.974785804748535	9.796904563903809	3.140986204147339	14.208571434020996	20.13959503173828	13.496728897094727
G59L	-0.0260445699095726	19.364551544189453	-16.861303329467773	11.331905364990234	8.406780242919922	9.799477577209473	2.338571071624756	0.9862905740737915	5.6123199462890625	-14.201617240905762	2.6750926971435547
G59M	33.64971160888672	9.129762649536133	8.893534660339355	15.586724281311035	3.155014753341675	6.058680534362793	8.3840970993042	2.7522335052490234	11.196619033813477	15.702069282531738	11.450844764709473
G59N	30.188125610351562	13.880199432373047	11.081082344055176	10.080450057983398	1.50191068649292	9.197635650634766	8.821918487548828	5.540946006774902	10.141883850097656	19.797639846801758	12.023178100585938
G59P	26.34902572631836	11.931869506835938	11.35407829284668	8.339605331420898	1.5788694620132446	6.949914455413818	8.521759986877441	2.791595935821533	7.79675817489624	17.586977005004883	10.320045471191406
G59Q	30.663530349731445	15.6224365234375	11.539710998535156	13.979153633117676	0.09255921095609665	9.161705017089844	8.55808162689209	6.508631229400635	10.363457679748535	19.116531372070312	12.560579299926758
G59R	29.027917861938477	14.836606979370117	11.75057601928711	15.113417625427246	1.8063788414001465	9.517763137817383	8.689953804016113	7.324158668518066	9.924520492553711	18.16336441040039	12.615466117858887
G59S	17.198871612548828	16.087404251098633	9.296789169311523	15.145759582519531	7.564774513244629	11.760371208190918	7.435508728027344	10.687044143676758	7.2514519691467285	17.298433303833008	11.972640037536621
G59T	24.746145248413086	14.51032829284668	10.467638969421387	16.090438842773438	1.545174241065979	10.428861618041992	7.98621940612793	7.338974952697754	9.078579902648926	17.441741943359375	11.963411331176758
G59V	11.030491828918457	18.469362258911133	1.6600368022918701	17.245386123657227	8.27345085144043	9.347860336303711	6.07235860824585	5.530154228210449	4.715455532073975	6.970643520355225	8.931519508361816
G59W	44.480648040771484	10.99066162109375	14.578290939331055	15.107583999633789	9.5384521484375	10.976452827453613	10.779707908630371	-6.300539970397949	8.348557472229004	17.640777587890625	13.614059448242188
G59Y	32.14693832397461	10.677539825439453	9.43248462677002	12.768746376037598	2.9837093353271484	7.707180976867676	7.839548587799072	3.5415523052215576	9.605461120605469	16.576601028442383	11.32797622680664
K60A	20.784460067749023	31.099214553833008	6.175115585327148	18.050220489501953	1.5469861030578613	21.690414428710938	7.878614902496338	23.04107666015625	11.838150024414062	23.929283142089844	16.60335350036621
K60C	26.48505973815918	24.940420150756836	10.336881637573242	6.045164585113525	1.8425825834274292	16.095901489257812	11.08851146697998	11.92559814453125	14.75502872467041	22.306638717651367	14.582178115844727
K60D	28.220182418823242	31.69210433959961	8.062629699707031	7.293822765350342	-2.4003894329071045	24.085472106933594	10.470497131347656	20.708740234375	12.827293395996094	26.163028717041016	16.712337493896484
K60E	27.841970443725586	31.562162399291992	7.120659828186035	9.661637306213379	0.0860954150557518	22.097999572753906	9.952576637268066	24.601871490478516	15.20521354675293	27.147634506225586	17.527782440185547
K60F	15.843265533447266	24.04241371154785	5.3966803550720215	20.968048095703125	5.309925079345703	18.060340881347656	8.202545166015625	16.80813217163086	8.807683944702148	20.315494537353516	14.375452995300293
K60G	27.172609329223633	29.365028381347656	6.112000465393066	10.628211975097656	-1.7763043642044067	23.542190551757812	8.564271926879883	25.59800148010254	11.643505096435547	25.105709075927734	16.595523834228516
K60H	27.4646053314209	25.802215576171875	10.584959983825684	5.508642196655273	1.3016422986984253	17.466922760009766	11.447667121887207	12.327596664428711	14.2920503616333	23.765207290649414	14.996152877807617
K60I	14.762561798095703	26.843931198120117	6.523995876312256	13.855508804321289	6.229959487915039	16.28362274169922	7.3454909324646	13.748373031616211	7.950332164764404	19.255107879638672	13.279887199401855
K60L	7.0430450439453125	24.42919158935547	-3.752424478530884	12.988903999328613	4.93968391418457	24.319595336914062	4.450964450836182	2.3707821369171143	9.162633895874023	9.376104354858398	9.532848358154297
K60M	28.762758255004883	25.33599281311035	8.089481353759766	7.021965503692627	3.3548107147216797	12.66991138458252	10.54210090637207	11.881474494934082	11.41012954711914	19.3895320892334	13.845815658569336
K60N	28.16810417175293	28.782808303833008	8.791131019592285	4.814109802246094	-0.444996178150177	20.485963821411133	11.014090538024902	12.923946380615234	10.84793472290039	24.50541877746582	14.988850593566895
K60P	20.35332679748535	26.423076629638672	6.507862567901611	2.288997173309326	-0.6970467567443848	17.944873809814453	9.469210624694824	11.161218643188477	10.144100189208984	19.3773136138916	12.297292709350586
K60Q	26.875638961791992	30.009157180786133	8.179787635803223	6.496048927307129	0.6295496821403503	19.25447654724121	10.234786987304688	16.725284576416016	15.436361312866211	25.033044815063477	15.887413024902344
K60R	28.886003494262695	31.69230842590332	7.800475120544434	7.044726371765137	0.6230183243751526	19.363605499267578	9.830694198608398	18.071985244750977	15.73786449432373	24.641679763793945	16.36923599243164
K60S	23.561796188354492	29.812088012695312	7.176641941070557	13.279967308044434	-0.03809189796447754	23.119346618652344	7.958024978637695	24.3531551361084	13.070554733276367	24.910310745239258	16.720378875732422
K60T	24.07817268371582	28.508127212524414	7.34696102142334	7.424448013305664	-0.16812863945960999	17.890975952148438	9.113852500915527	19.643169403076172	14.196283340454102	23.5445556640625	15.157842636108398
K60V	17.4466495513916	28.34649658203125	5.924544334411621	17.13128662109375	9.075787544250488	18.969310760498047	8.158989906311035	17.336891174316406	10.004624366760254	19.30263328552246	15.169720649719238
K60W	34.690425872802734	22.995582580566406	18.44830894470215	5.856812000274658	4.854877471923828	17.464866638183594	14.99367618560791	7.244948863983154	9.557388305664062	21.322904586791992	15.742979049682617
K60Y	24.601028442382812	26.320402145385742	9.097447395324707	5.672154426574707	1.55280339717865	14.514978408813477	10.073201179504395	13.239652633666992	13.68126392364502	20.71324348449707	13.946619033813477
S61A	10.047595977783203	32.40575408935547	6.529996395111084	2.2816171646118164	1.3549129962921143	15.90281867980957	6.87380838394165	14.85297679901123	7.5893235206604	17.407480239868164	11.524627685546875
S61C	16.318256378173828	18.385807037353516	12.250259399414062	8.174309730529785	1.7909573316574097	21.72284507751465	9.866523742675781	7.664246559143066	6.317381858825684	19.024587631225586	12.151517868041992
S61D	13.58779525756836	26.049901962280273	12.89567756652832	3.7321572303771973	-0.5853989720344543	25.239742279052734	9.039566040039062	15.244325637817383	5.7851409912109375	18.87934112548828	12.986825942993164
S61E	15.437578201293945	31.363954544067383	11.14673900604248	5.234953880310059	0.7669233083724976	23.84939193725586	8.854409217834473	16.841585159301758	6.283932209014893	20.869747161865234	14.064921379089355
S61F	7.484291076660156	23.06319236755371	4.627415657043457	4.260712146759033	4.965615749359131	16.626657485961914	7.497869968414307	12.06808853149414	4.4216628074646	12.76063346862793	9.777613639831543
S61G	17.350229263305664	26.098268508911133	11.733427047729492	4.104784965515137	-0.46792590618133545	18.69477081298828	7.387969970703125	13.19208812713623	6.273339748382568	21.10021209716797	12.54671573638916
S61H	22.845996856689453	19.850589752197266	13.839546203613281	7.479513168334961	0.9458415508270264	23.161739349365234	10.475340843200684	6.751649379730225	7.523880481719971	20.448453903198242	13.332255363464355
S61I	8.362889289855957	28.311086654663086	5.419947624206543	3.4870080947875977	6.93980073928833	16.100887298583984	6.027466297149658	11.827422142028809	4.80300235748291	10.573707580566406	10.185321807861328
S61K	17.655521392822266	21.666288375854492	14.405352592468262	6.865418434143066	2.2055439949035645	27.18651580810547	10.773822784423828	6.556668281555176	5.226451396942139	19.160661697387695	13.1702241897583
S61L	-6.339367389678955	16.90394401550293	-1.9733506441116333	7.226677417755127	-7.8201117515563965	18.48357391357422	5.71079158782959	-6.110167980194092	5.505379676818848	0.6091593503952026	3.2196526527404785
S61M	17.32341957092285	18.713788986206055	10.207940101623535	10.545478820800781	4.410118579864502	18.013290405273438	8.471108436584473	7.026784420013428	5.491139888763428	16.384675979614258	11.658774375915527
S61N	16.792236328125	23.645212173461914	13.189451217651367	5.017711639404297	-0.558540940284729	25.206363677978516	8.771832466125488	8.028207778930664	5.772768974304199	18.12322425842285	12.398846626281738
S61P	13.233757972717285	21.391910552978516	12.711270332336426	2.350137233734131	-0.8024565577507019	24.24468421936035	7.507606029510498	5.177243232727051	5.525097846984863	15.336801528930664	10.66760540008545
S61Q	17.617238998413086	26.881120681762695	12.330178260803223	7.433597087860107	1.1867867708206177	25.221933364868164	8.714945793151855	11.621281623840332	5.601707458496094	19.71068572998047	13.63194751739502
S61R	16.291345596313477	30.515247344970703	11.024930953979492	5.8045830726623535	1.1697920560836792	25.06366539001465	7.133955478668213	12.471206665039062	5.807847499847412	19.31160545349121	13.459417343139648
S61T	12.737567901611328	25.189022064208984	10.474177360534668	6.1689958572387695	0.7377185821533203	21.288841247558594	7.424834728240967	12.960735321044922	5.782621383666992	17.498197555541992	12.026270866394043
S61V	6.22921085357666	29.34242820739746	3.9543867111206055	5.566080093383789	6.267325401306152	17.399066925048828	5.838138103485107	12.887866020202637	5.890771389007568	9.43368148803711	10.28089427947998
S61W	24.74875259399414	14.731073379516602	24.80562400817871	3.4990105628967285	3.868525743484497	25.833723068237305	13.209395408630371	3.5620920658111572	2.8206565380096436	18.396230697631836	13.547508239746094
S61Y	15.812261581420898	19.766542434692383	11.441941261291504	7.600142002105713	1.268858790397644	20.19558334350586	8.251150131225586	8.220870018005371	5.993730068206787	17.70215606689453	11.625323295593262
G62A	21.64830207824707	32.98725509643555	6.396142482757568	14.318347930908203	2.3580663204193115	19.327041625976562	5.821460247039795	18.375041961669922	8.131711959838867	22.186105728149414	15.154948234558105
G62C	16.590070724487305	24.939258575439453	11.529387474060059	9.526595115661621	5.17656135559082	12.855833053588867	8.342879295349121	9.772173881530762	8.842010498046875	18.472379684448242	12.604715347290039
G62D	18.48903465270996	37.38774490356445	11.200114250183105	10.083792686462402	-0.2714499235153198	18.717235565185547	6.965959072113037	21.123668670654297	7.991485118865967	26.054216384887695	15.77418041229248
G62E	19.984834671020508	41.6779670715332	8.840365409851074	12.716588973999023	2.558756113052368	17.239036560058594	6.854145526885986	22.30477523803711	8.510870933532715	28.07046890258789	16.87578010559082
G62F	8.446277618408203	26.75104522705078	4.112210273742676	19.064254760742188	3.0120558738708496	14.762157440185547	6.327497959136963	13.403105735778809	7.425759792327881	17.052827835083008	12.03571891784668
G62H	22.03567886352539	28.715757369995117	10.65717887878418	9.8450288772583	4.502866268157959	15.379609107971191	9.119397163391113	10.175600051879883	8.72288990020752	21.273784637451172	14.042779922485352
G62I	10.357281684875488	27.986387252807617	5.320171356201172	14.994194030761719	1.6378095149993896	14.327524185180664	4.9431071281433105	9.639274597167969	5.297226428985596	14.330223083496094	10.883319854736328
G62K	21.380048751831055	32.80516052246094	13.216063499450684	10.078314781188965	6.212398052215576	17.203609466552734	9.826620101928711	10.379264831542969	7.963052272796631	22.029958724975586	15.10944938659668
G62L	2.278806447982788	20.883092880249023	-8.003835678100586	0.041402667760849	5.3565473556518555	15.024027824401855	5.973878860473633	0.9080319404602051	8.279902458190918	2.9379284381866455	5.367978572845459
G62M	15.945721626281738	27.463544845581055	10.186013221740723	8.885478973388672	6.955197334289551	9.779479026794434	8.597640037536621	10.384319305419922	7.791007041931152	16.493139266967773	12.24815559387207
G62N	14.960866928100586	31.66463279724121	11.032684326171875	7.837690830230713	3.105027675628662	15.557222366333008	7.816507339477539	11.769355773925781	7.446359634399414	24.68010711669922	13.587045669555664
G62P	15.502107620239258	27.966598510742188	10.314753532409668	5.516767978668213	3.6638641357421875	13.879642486572266	5.648190021514893	10.067193031311035	7.599122524261475	22.66188621520996	12.282012939453125
G62Q	17.177900314331055	36.95155715942383	10.054093360900879	10.952765464782715	3.8528146743774414	15.093267440795898	8.243417739868164	17.026880264282227	8.188617706298828	25.418317794799805	15.2959623336792
G62R	17.531269073486328	38.917476654052734	9.448297500610352	10.310741424560547	3.6568679809570312	14.770414352416992	7.164787769317627	19.52113151550293	8.363107681274414	26.944347381591797	15.66284465789795
G62S	21.69279670715332	35.63209915161133	8.250545501708984	12.075490951538086	0.43977102637290955	18.626615524291992	5.665746212005615	21.137500762939453	8.928189277648926	26.1322078704834	15.8580961227417
G62T	16.276430130004883	34.9754524230957	8.769670486450195	11.065336227416992	2.5340421199798584	16.072601318359375	6.8581013679504395	18.20563507080078	8.332772254943848	23.001094818115234	14.609113693237305
G62V	7.421222686767578	26.48832130432129	3.910297155380249	17.078319549560547	5.131843090057373	15.446954727172852	5.784042835235596	10.554144859313965	6.8410868644714355	13.641523361206055	11.229776382446289
G62W	33.0882682800293	23.800439834594727	21.757234573364258	8.092890739440918	13.424358367919922	16.07004737854004	12.01845932006836	5.029609680175781	3.802422285079956	17.60005760192871	15.468379020690918
G62Y	16.21718978881836	26.69988441467285	9.862093925476074	8.356521606445312	3.872187376022339	11.463438034057617	7.66857385635376	10.608936309814453	8.013443946838379	19.125274658203125	12.188754081726074
L63A	3.7674436569213867	8.675275802612305	0.010620832443237305	13.140701293945312	0.9534754157066345	4.274200916290283	3.1095545291900635	-2.512758493423462	0.7336203455924988	4.131568431854248	3.628370761871338
L63C	-1.221985101699829	12.597369194030762	6.320544242858887	1.508651614189148	-1.8130759000778198	8.148345947265625	1.1016238927841187	0.641223669052124	-13.323586463928223	-0.10311543196439743	1.3855996131896973
L63D	0.7160065770149231	5.159353256225586	-0.8209806680679321	-2.7503130435943604	3.126866340637207	6.106831073760986	-1.0462778806686401	-5.131997585296631	-4.839076995849609	-2.2928035259246826	-0.17723925411701202
L63E	-0.32949304580688477	8.968697547912598	0.5892901420593262	3.5348129272460938	3.6877408027648926	5.336487770080566	-0.6917287111282349	-3.2758684158325195	-6.382467746734619	-0.6215497851371765	1.0815922021865845
L63F	-7.618189811706543	2.4714138507843018	-1.0116204023361206	-0.39716318249702454	-10.180441856384277	0.010625254362821579	1.720794916152954	0.5250663161277771	-0.6528273224830627	6.802205562591553	-0.8330137133598328
L63G	7.484493255615234	6.984409332275391	2.573289394378662	5.6736884117126465	2.922370195388794	8.719395637512207	1.5014002323150635	-3.991943120956421	-6.701744556427002	-0.18907690048217773	2.4976282119750977
L63H	0.4733102321624756	12.018659591674805	6.780727386474609	2.0951883792877197	-1.224246859550476	8.248559951782227	0.13527590036392212	-2.1460297107696533	-14.399009704589844	-0.055031634867191315	1.1927403211593628
L63I	-1.104495882987976	2.56027889251709	-0.18339285254478455	5.245713233947754	-1.1233031749725342	1.2988252639770508	5.102898120880127	1.1633305549621582	1.7027722597122192	8.53343391418457	2.319606065750122
L63K	0.07835749536752701	12.254097938537598	10.402873039245605	0.48984336853027344	-1.4792131185531616	8.437647819519043	0.9477317929267883	-2.357990264892578	-15.703767776489258	-0.6958519816398621	1.237372636795044
L63M	-5.265304088592529	14.02815055847168	5.14827823638916	3.8395867347717285	0.1048014685511589	7.1185455322265625	2.330289125442505	2.128051280975342	-8.713899612426758	1.761325478553772	2.2479825019836426
L63N	2.0307390689849854	10.122200965881348	6.586131572723389	-1.7283337116241455	-0.5595269799232483	7.748921871185303	-0.3871867060661316	-4.958744525909424	-10.231155395507812	-2.9074947834014893	0.5715552568435669
L63P	2.202310562133789	7.703368186950684	8.562954902648926	-7.349391937255859	-0.762262761592865	6.806077003479004	-2.3460581302642822	-7.032176971435547	-10.615756034851074	-5.553213119506836	-0.8384148478507996
L63Q	-0.5269888043403625	12.677370071411133	5.218100547790527	1.7101994752883911	0.849610447883606	7.964330673217773	-0.5054221749305725	-2.114757537841797	-10.869367599487305	-0.13313648104667664	1.426993727684021
L63R	3.277711868286133	12.373397827148438	7.417050361633301	6.130828380584717	0.7031831741333008	6.418551445007324	0.38094013929367065	-2.4195804595947266	-8.219653129577637	1.1054593324661255	2.7167887687683105
L63S	1.9716564416885376	7.152594089508057	-0.025939688086509705	9.350504875183105	3.3446199893951416	6.030816555023193	2.2331395149230957	2.796173334121704	-2.3495798110961914	4.420916557312012	3.492490291595459
L63T	-1.48819100856781	12.367206573486328	2.435049057006836	2.727987289428711	-0.08992890268564224	5.861722469329834	0.972018301486969	1.3825469017028809	-8.16305160522461	2.4633629322052	1.8468725681304932
L63V	-2.162531852722168	1.3963613510131836	-1.623268485069275	3.4862232208251953	-4.924239635467529	-1.3309508562088013	4.712252140045166	1.7032383680343628	-2.0733749866485596	6.808456897735596	0.5992165803909302
L63W	2.0004031658172607	12.07538890838623	7.783703804016113	3.0616583824157715	-2.8240082263946533	13.856710433959961	4.982200622558594	-0.7730406522750854	-21.844209671020508	2.524967670440674	2.0843775272369385
L63Y	-1.8332949876785278	12.78738784790039	5.079795837402344	-0.03479072451591492	-2.3692970275878906	7.417679309844971	0.6112967133522034	-0.46782615780830383	-14.067537307739258	-0.9236050248146057	0.6199809908866882
R64A	-2.422086238861084	-1.5309284925460815	-4.389986038208008	4.93765926361084	-12.196907997131348	-3.6836307048797607	3.6339383125305176	2.405034303665161	-7.734543323516846	-9.798510551452637	-3.077996015548706
R64C	-0.6407740712165833	1.1070809364318848	1.1918623447418213	-3.2881603240966797	-5.514190673828125	-1.4253548383712769	-12.515220642089844	0.20505736768245697	-12.947678565979004	-5.2475481033325195	-3.9074923992156982
R64D	-2.718118190765381	-0.09194054454565048	-5.547262191772461	2.009721517562866	-14.879522323608398	-10.896644592285156	-8.62983512878418	1.8073147535324097	-7.331798076629639	-10.42536449432373	-5.670344829559326
R64E	-3.007603645324707	-1.777689814567566	-4.521522045135498	5.127877235412598	-8.494918823242188	-8.237936019897461	-8.034716606140137	1.3432890176773071	-10.63114070892334	-9.427328109741211	-4.76616907119751
R64F	-12.909308433532715	1.7504080533981323	-6.333060264587402	3.891645908355713	-5.182979583740234	-10.109951972961426	6.211784839630127	0.5608099699020386	-4.404876232147217	-6.74589204788208	-3.3271420001983643
R64G	-3.8791112899780273	-4.733017444610596	-5.709599494934082	0.41855618357658386	-13.186866760253906	-9.664751052856445	-5.986336708068848	2.0906460285186768	-10.327435493469238	-11.125517845153809	-6.210343360900879
R64H	-2.1815719604492188	0.36195018887519836	-0.7983690500259399	-2.030616283416748	-7.851259231567383	-3.314664363861084	-14.979385375976562	0.7024174928665161	-10.409653663635254	-7.1210784912109375	-4.762223243713379
R64I	3.755847692489624	3.867398262023926	-4.222589492797852	4.024201393127441	5.38869047164917	-0.927185595035553	5.676548004150391	3.4927732944488525	0.8455965518951416	1.9022608995437622	2.380354404449463
R64K	-1.8565361499786377	4.26663064956665	1.5915818214416504	-6.552379131317139	-4.317972183227539	-3.35882830619812	-15.355530738830566	-1.7029961347579956	-11.256086349487305	-8.349498748779297	-4.68916130065918
R64L	-2.414886951446533	-19.526996612548828	-19.0886173248291	-8.988083839416504	2.403759479522705	-7.338828086853027	8.312880516052246	8.185636520385742	-1.9723349809646606	2.0539052486419678	-3.8373570442199707
R64M	-0.714850902557373	1.5434085130691528	1.417526125907898	-0.23267337679862976	0.8120508193969727	-0.07350888848304749	-10.018940925598145	-0.40585651993751526	-12.488323211669922	-3.850458860397339	-2.401162624359131
R64N	-0.5904210209846497	0.5140506625175476	-1.9900981187820435	-0.3028225600719452	-9.380730628967285	-5.282008171081543	-14.738093376159668	-0.34429842233657837	-8.038591384887695	-9.446399688720703	-4.959941387176514
R64P	-0.6517109274864197	-2.7327146530151367	-6.556577682495117	-5.563586235046387	-10.545978546142578	-7.646517753601074	-19.5571231842041	-0.9740466475486755	-13.868261337280273	-11.527457237243652	-7.962397575378418
R64Q	-0.8819544911384583	-1.0099152326583862	-3.1065475940704346	1.6208937168121338	-7.927890777587891	-5.254685401916504	-8.330729484558105	0.7423957586288452	-7.513835430145264	-8.822128295898438	-4.048439979553223
R64S	-3.689587116241455	0.3463277518749237	-5.109650135040283	2.121509313583374	-15.494176864624023	-8.768242835998535	-2.625349521636963	2.0639712810516357	-12.462909698486328	-8.104851722717285	-5.172296047210693
R64T	-0.20128631591796875	1.0089020729064941	-1.8280872106552124	1.0811601877212524	-11.883943557739258	-6.474733352661133	-6.4613423347473145	1.1743460893630981	-11.302528381347656	-6.782923221588135	-4.167043685913086
R64V	-1.9599498510360718	3.7863121032714844	-8.807709693908691	1.3614890575408936	2.8291356563568115	-3.3722636699676514	7.1384100914001465	3.071646213531494	1.739122986793518	0.20084276795387268	0.5987035036087036
R64W	-1.357452154159546	7.1820149421691895	1.0317044258117676	-12.330053329467773	-2.041109561920166	-4.437745094299316	-14.250185012817383	-5.335476875305176	-16.038490295410156	-2.2527496814727783	-4.982954502105713
R64Y	-0.8346037268638611	-0.06013169139623642	-2.129704713821411	1.9605417251586914	-7.131966590881348	-3.98909592628479	-11.7280855178833	-0.3242451548576355	-12.060470581054688	-6.01582145690918	-4.231358528137207
V65A	-33.183433532714844	-21.573930740356445	-27.486236572265625	-1.2559406757354736	-50.663970947265625	-44.11366653442383	-9.434374809265137	0.7819347381591797	-18.22534942626953	-44.408935546875	-24.956390380859375
V65C	-33.920284271240234	-32.87711715698242	-18.919301986694336	-17.78732681274414	-38.076416015625	-39.22426223754883	-17.087617874145508	-3.6383755207061768	-20.291240692138672	-47.14049530029297	-26.896244049072266
V65D	-53.2661018371582	-42.06772232055664	-29.713788986206055	-20.2298583984375	-66.79805755615234	-56.91342544555664	-20.691892623901367	-8.89997386932373	-29.27146339416504	-53.08674621582031	-38.093902587890625
V65E	-46.40269470214844	-38.48452377319336	-26.23415184020996	-14.309744834899902	-61.6374397277832	-52.644073486328125	-16.389081954956055	-8.805784225463867	-29.101287841796875	-58.117042541503906	-35.212581634521484
V65F	-19.744924545288086	-25.01536750793457	-27.109819412231445	8.976271629333496	-26.674060821533203	-26.09457015991211	-5.836955547332764	3.5777361392974854	-4.743458271026611	-18.943063735961914	-14.160821914672852
V65G	-48.04585266113281	-38.642276763916016	-34.68934631347656	-14.254961013793945	-55.86772537231445	-50.57944107055664	-12.488274574279785	-4.769763469696045	-30.945884704589844	-59.095062255859375	-34.93785858154297
V65H	-38.679473876953125	-34.34511947631836	-21.27554702758789	-21.764225006103516	-42.69211196899414	-45.29308319091797	-19.1031494140625	-7.505514144897461	-21.903621673583984	-42.826438903808594	-29.538827896118164
V65I	-10.054954528808594	-38.336402893066406	-15.729439735412598	0.8268499374389648	-7.464930534362793	-34.66466522216797	0.46636462211608887	1.8322502374649048	1.0145279169082642	-33.20771789550781	-13.531811714172363
V65K	-45.040584564208984	-39.404144287109375	-23.47976303100586	-23.46491050720215	-48.09427261352539	-52.48491287231445	-25.8654842376709	-7.096303462982178	-24.722782135009766	-51.154300689697266	-34.080745697021484
V65L	-15.894035339355469	-31.268573760986328	-16.325353622436523	1.760275959968567	-2.320920467376709	-11.128832817077637	8.980575561523438	8.874432563781738	11.064231872558594	-4.895351886749268	-5.115355014801025
V65M	-30.45952796936035	-33.22991180419922	-19.161176681518555	-8.088623046875	-40.18130111694336	-34.07152557373047	-12.23568058013916	-2.890634298324585	-17.515039443969727	-41.69699478149414	-23.953044891357422
V65N	-44.36344528198242	-39.83674240112305	-27.066083908081055	-21.592796325683594	-52.561222076416016	-50.95001220703125	-19.947895050048828	-5.187165260314941	-28.737010955810547	-48.811363220214844	-33.905372619628906
V65P	-51.60432815551758	-37.927764892578125	-39.406349182128906	-23.991376876831055	-49.31461715698242	-47.63904571533203	-26.898813247680664	-7.416750431060791	-35.80954360961914	-38.89325714111328	-35.89018249511719
V65Q	-43.44462585449219	-38.96540069580078	-25.7665958404541	-17.09845733642578	-56.92243576049805	-51.59259033203125	-19.78966522216797	-7.132956027984619	-25.997838973999023	-53.77693557739258	-34.04875183105469
V65R	-40.16008758544922	-35.872318267822266	-28.876998901367188	-14.493974685668945	-61.30124282836914	-52.316776275634766	-20.312915802001953	-7.838284492492676	-23.016006469726562	-61.24779510498047	-34.54364013671875
V65S	-44.54883575439453	-34.30753707885742	-30.019174575805664	-8.453238487243652	-58.61153793334961	-50.59419250488281	-13.640734672546387	-4.395540237426758	-31.971694946289062	-54.77800369262695	-33.132049560546875
V65T	-38.28533935546875	-35.68701171875	-23.831506729125977	-12.52632999420166	-52.65420150756836	-45.99720001220703	-16.45553970336914	-6.72623348236084	-23.917158126831055	-51.3343391418457	-30.741485595703125
V65W	-33.84654998779297	-33.30778121948242	-20.194089889526367	-28.325361251831055	-22.466354370117188	-46.6251220703125	-25.90299415588379	-11.104364395141602	-25.25564956665039	-27.279212951660156	-27.430749893188477
V65Y	-32.82308578491211	-32.76544952392578	-20.139236450195312	-14.768061637878418	-39.36267852783203	-37.757774353027344	-13.58275032043457	-5.032798767089844	-21.59378433227539	-40.906497955322266	-25.87320899963379
F66A	-25.444725036621094	-31.917055130004883	-24.60315704345703	2.95324969291687	-64.15615844726562	-32.449161529541016	-11.102856636047363	-11.197099685668945	-45.572818756103516	-33.60748291015625	-27.709726333618164
F66C	-38.84531021118164	-35.493038177490234	-14.07247543334961	-14.140256881713867	-27.455062866210938	-45.16355514526367	-20.776344299316406	-28.21637725830078	-32.699554443359375	-24.897804260253906	-28.175975799560547
F66D	-47.955562591552734	-41.8244514465332	-18.732681274414062	-21.579801559448242	-46.482120513916016	-50.24640655517578	-17.43843650817871	-31.65392303466797	-53.18029022216797	-37.939998626708984	-36.703365325927734
F66E	-44.87273025512695	-48.04473114013672	-16.225509643554688	-18.009597778320312	-42.01084518432617	-48.60380172729492	-17.030609130859375	-37.37099838256836	-51.054351806640625	-39.1182746887207	-36.23414611816406
F66G	-32.00120162963867	-44.247467041015625	-25.18167495727539	-12.143948554992676	-44.211341857910156	-48.20375442504883	-15.089611053466797	-27.858413696289062	-53.7794189453125	-38.12028503417969	-34.083717346191406
F66H	-51.9937629699707	-32.70791244506836	-11.928202629089355	-14.613473892211914	-27.121124267578125	-50.11577224731445	-23.13846778869629	-42.10212326049805	-35.8407096862793	-23.070293426513672	-31.26318359375
F66I	-14.976664543151855	-16.207548141479492	-12.319255828857422	0.26740941405296326	-44.27969741821289	-15.141716003417969	-5.8784332275390625	-5.152497291564941	-19.606773376464844	-17.852602005004883	-15.114776611328125
F66K	-63.2585334777832	-35.453399658203125	-15.00701904296875	-19.05161476135254	-28.07943344116211	-55.495361328125	-27.167724609375	-36.2310791015625	-38.439361572265625	-26.75484848022461	-34.493839263916016
F66L	-22.89222526550293	-36.861236572265625	-13.87779712677002	-9.992742538452148	-19.136632919311523	-25.15235137939453	-3.3976473808288574	4.184875011444092	-15.882160186767578	-13.43842601776123	-15.644635200500488
F66M	-37.22933578491211	-36.799442291259766	-15.68044662475586	-7.038063049316406	-22.724233627319336	-44.533355712890625	-10.970658302307129	-30.702871322631836	-21.942028045654297	-19.58817481994629	-24.720861434936523
F66N	-50.97444534301758	-43.968692779541016	-16.600727081298828	-22.813671112060547	-32.4828987121582	-51.56817626953125	-19.19413185119629	-37.71289825439453	-49.04460906982422	-29.153804779052734	-35.35140609741211
F66P	-57.806766510009766	-37.00678634643555	-21.710769653320312	-29.923612594604492	-34.037391662597656	-52.40513610839844	-23.691570281982422	-20.93695068359375	-53.974788665771484	-27.09293556213379	-35.85866928100586
F66Q	-47.2214469909668	-47.04553985595703	-15.125984191894531	-18.780921936035156	-35.52721405029297	-53.147361755371094	-18.229236602783203	-39.57090377807617	-44.531333923339844	-30.257568359375	-34.94375228881836
F66R	-44.997894287109375	-50.269004821777344	-15.93933391571045	-16.03009796142578	-39.781429290771484	-51.77028274536133	-19.623291015625	-36.554935455322266	-47.48973846435547	-39.27597427368164	-36.17319869995117
F66S	-39.66484069824219	-39.236087799072266	-24.090524673461914	-5.8309478759765625	-52.460044860839844	-42.4531135559082	-13.8373384475708	-18.380781173706055	-53.35002136230469	-41.16739273071289	-33.04711151123047
F66T	-41.56056594848633	-44.60888671875	-15.025859832763672	-15.995306015014648	-42.2769660949707	-45.230228424072266	-13.371567726135254	-28.808576583862305	-40.024723052978516	-35.928951263427734	-32.283164978027344
F66V	-24.3547420501709	-16.780006408691406	-15.494307518005371	-3.4221627712249756	-32.419586181640625	-19.844118118286133	-7.65208101272583	-3.2458152770996094	-16.79302978515625	-25.28078842163086	-16.52866554260254
F66W	-55.08072280883789	-15.625784873962402	-16.609745025634766	-14.986021041870117	-13.489340782165527	-48.37931442260742	-30.81789779663086	-26.470102310180664	-24.39957618713379	-22.573795318603516	-26.843231201171875
F66Y	-36.905330657958984	-36.326873779296875	-12.748126983642578	-13.890830993652344	-29.792156219482422	-43.87041091918945	-17.56254005432129	-38.8459358215332	-40.48268508911133	-21.87620735168457	-29.230112075805664
F67A	-35.85243225097656	-29.361108779907227	-18.588289260864258	-18.167203903198242	-60.582645416259766	-40.76247787475586	-14.556052207946777	-8.40362548828125	-37.239166259765625	-40.516029357910156	-30.402902603149414
F67C	-40.312828063964844	-29.50756072998047	-12.227853775024414	-22.515153884887695	-43.97002029418945	-36.67676544189453	-17.268024444580078	-12.361677169799805	-25.372478485107422	-47.10873031616211	-28.732107162475586
F67D	-59.59857177734375	-42.26647186279297	-17.410293579101562	-36.161155700683594	-65.61725616455078	-47.620689392089844	-20.54428482055664	-23.462059020996094	-38.69100570678711	-53.88380813598633	-40.52556228637695
F67E	-51.758663177490234	-39.405277252197266	-15.750754356384277	-33.4905891418457	-60.939414978027344	-49.34442138671875	-16.637359619140625	-27.152421951293945	-37.97085952758789	-51.71267318725586	-38.41624450683594
F67G	-51.32294845581055	-44.1440315246582	-19.13762855529785	-28.674251556396484	-57.791786193847656	-45.56541442871094	-15.651021957397461	-20.59453773498535	-39.40953063964844	-54.67683792114258	-37.696800231933594
F67H	-41.45702362060547	-35.53748321533203	-13.079058647155762	-25.657228469848633	-45.44001388549805	-39.69684600830078	-17.42724609375	-16.620441436767578	-27.742156982421875	-46.545448303222656	-30.920291900634766
F67I	-19.58748435974121	-25.31086540222168	-12.531686782836914	-1.9616637229919434	-21.596826553344727	-32.927955627441406	-6.723029136657715	1.8962026834487915	-13.542034149169922	-30.259599685668945	-16.254493713378906
F67K	-46.58135986328125	-36.8943977355957	-15.069843292236328	-28.253618240356445	-50.0004997253418	-43.03351593017578	-22.135250091552734	-18.081418991088867	-29.953861236572266	-50.40859603881836	-34.041236877441406
F67L	-22.110530853271484	-39.74918746948242	-13.053133010864258	-3.158238410949707	-13.27183723449707	-21.988182067871094	-3.1914966106414795	5.667269706726074	-3.4645071029663086	-8.22214126586914	-12.254199028015137
F67M	-34.221195220947266	-31.509761810302734	-11.323676109313965	-16.15477180480957	-38.84660339355469	-30.20003890991211	-9.537452697753906	-10.4463472366333	-25.602413177490234	-38.89456558227539	-24.673681259155273
F67N	-51.415435791015625	-43.25779342651367	-16.176401138305664	-29.045473098754883	-54.19750213623047	-45.20161056518555	-18.03245735168457	-16.999101638793945	-34.535282135009766	-49.031002044677734	-35.789207458496094
F67P	-50.50497055053711	-39.25896453857422	-17.92569351196289	-29.78154945373535	-51.51181411743164	-44.743045806884766	-24.55916404724121	-11.13021469116211	-35.528690338134766	-44.051124572753906	-34.89952087402344
F67Q	-48.52456283569336	-36.19705581665039	-14.34596061706543	-29.149063110351562	-56.6677131652832	-44.85776138305664	-17.276212692260742	-19.740421295166016	-35.01924514770508	-48.72268295288086	-35.050071716308594
F67R	-46.40541076660156	-36.33831024169922	-14.340380668640137	-26.833951950073242	-58.0650520324707	-44.892364501953125	-16.597660064697266	-23.188875198364258	-39.28921127319336	-49.55831527709961	-35.55095672607422
F67S	-45.79432678222656	-37.70704650878906	-17.830333709716797	-25.856027603149414	-61.39386749267578	-43.48587417602539	-17.811702728271484	-17.71953582763672	-42.853023529052734	-49.33717346191406	-35.9788932800293
F67T	-48.633750915527344	-35.47740173339844	-14.708313941955566	-25.10808753967285	-54.41522216796875	-43.243316650390625	-15.752835273742676	-18.95206642150879	-37.28946304321289	-47.42198181152344	-34.100242614746094
F67V	-24.74614715576172	-31.849491119384766	-12.985815048217773	-1.9427435398101807	-19.783620834350586	-32.39065170288086	-6.867062568664551	2.6740877628326416	-8.781225204467773	-32.14908218383789	-16.88217544555664
F67W	-40.98710250854492	-32.13288497924805	-16.151824951171875	-29.217592239379883	-33.39338302612305	-33.2680549621582	-22.977304458618164	-23.256149291992188	-23.5648250579834	-51.69492721557617	-30.664403915405273
F67Y	-38.89210891723633	-32.64425277709961	-12.65289306640625	-22.203786849975586	-44.51566696166992	-36.105289459228516	-13.848800659179688	-12.987420082092285	-27.534130096435547	-41.53420639038086	-28.291854858398438
P68A	-29.956464767456055	-16.398937225341797	-20.018953323364258	-9.78900146484375	-24.689735412597656	-46.081565856933594	-10.589465141296387	11.759716033935547	-31.395130157470703	-60.35972213745117	-23.75192642211914
P68C	-39.606449127197266	-24.09076690673828	-18.636398315429688	-14.224271774291992	-33.581974029541016	-37.04718780517578	-18.217700958251953	2.8617804050445557	-14.621989250183105	-57.876739501953125	-25.504169464111328
P68D	-41.52882385253906	-30.632080078125	-23.174381256103516	-13.364828109741211	-38.95199203491211	-52.860565185546875	-16.776960372924805	-2.000791311264038	-29.92478370666504	-68.23444366455078	-31.744964599609375
P68E	-41.742794036865234	-32.9031867980957	-22.05436134338379	-16.381431579589844	-38.47862243652344	-49.77015686035156	-13.071070671081543	-1.1027072668075562	-29.038522720336914	-65.47689819335938	-31.001977920532227
P68F	-25.739145278930664	-1.6597903966903687	-22.279008865356445	2.703233242034912	-13.97998332977295	-30.67236328125	-8.169922828674316	19.156688690185547	-22.37620735168457	-50.31891632080078	-15.333541870117188
P68G	-36.96162033081055	-24.536460876464844	-19.274085998535156	-20.366012573242188	-35.734466552734375	-48.8287353515625	-12.42648983001709	-1.1523929834365845	-31.137283325195312	-69.83635711669922	-30.025390625
P68H	-45.977333068847656	-30.484296798706055	-18.909561157226562	-17.22471809387207	-32.208377838134766	-37.45557403564453	-24.475780487060547	-3.7023980617523193	-13.979636192321777	-57.27158737182617	-28.16892433166504
P68I	-27.787092208862305	-10.99172592163086	-16.629228591918945	3.4231655597686768	-13.287842750549316	-34.640682220458984	-6.802880764007568	13.53080940246582	-25.068748474121094	-48.113075256347656	-16.636730194091797
P68K	-52.70146179199219	-32.06569290161133	-20.474365234375	-16.224918365478516	-34.48476028442383	-40.37133026123047	-23.7933292388916	-3.2325761318206787	-14.82865047454834	-64.06108093261719	-30.22381591796875
P68L	-40.59804916381836	1.494423508644104	-27.50006103515625	1.0407676696777344	-11.076753616333008	-30.638044357299805	-4.695377349853516	22.027225494384766	-43.11335754394531	-61.214534759521484	-19.42737579345703
P68M	-43.52385330200195	-31.831754684448242	-17.498184204101562	-13.21432113647461	-27.60812759399414	-36.06870651245117	-12.271939277648926	-4.412099838256836	-11.244901657104492	-47.62388229370117	-24.52977752685547
P68N	-46.89672088623047	-27.699546813964844	-19.479520797729492	-19.84922218322754	-36.69418716430664	-42.04817581176758	-21.04841423034668	-3.439857006072998	-18.133338928222656	-62.505340576171875	-29.779430389404297
P68Q	-45.95138931274414	-32.51556396484375	-21.048477172851562	-19.198423385620117	-35.68727111816406	-44.715850830078125	-16.28845977783203	-3.3338892459869385	-20.471574783325195	-59.690853118896484	-29.890172958374023
P68R	-43.05647277832031	-31.14708137512207	-20.676441192626953	-18.81893539428711	-34.907676696777344	-44.83150100708008	-13.364618301391602	-4.131505966186523	-20.99863624572754	-61.471458435058594	-29.34043312072754
P68S	-32.821014404296875	-23.753849029541016	-22.06522560119629	-12.59896183013916	-31.561803817749023	-49.02412033081055	-13.821111679077148	6.190103054046631	-30.210243225097656	-66.66740417480469	-27.63336181640625
P68T	-39.84735107421875	-31.791719436645508	-22.119123458862305	-14.08566951751709	-32.90926742553711	-44.61989974975586	-12.336766242980957	-1.4352020025253296	-22.772829055786133	-59.42374801635742	-28.1341552734375
P68V	-35.08578109741211	-6.129602909088135	-19.684974670410156	2.640994071960449	-15.437674522399902	-36.450172424316406	-7.837911128997803	17.359853744506836	-31.547264099121094	-55.95079803466797	-18.812332153320312
P68W	-47.23905944824219	-29.942890167236328	-27.67999839782715	-8.202272415161133	-30.10919189453125	-31.777912139892578	-20.346540451049805	-11.568880081176758	-11.407186508178711	-55.03049087524414	-27.330440521240234
P68Y	-43.95430374145508	-32.11933898925781	-19.225120544433594	-14.827306747436523	-29.755279541015625	-34.87031173706055	-18.606632232666016	-3.8125178813934326	-16.865219116210938	-51.63408279418945	-26.5670108795166
L69A	-25.736560821533203	-22.95874786376953	-16.42679786682129	-6.35868501663208	-32.00505065917969	-37.03800964355469	-10.619633674621582	-5.338015556335449	-44.1581916809082	-45.53416442871094	-24.617385864257812
L69C	-36.020599365234375	-33.070926666259766	-13.902355194091797	-14.161283493041992	-26.675628662109375	-26.20378303527832	-12.374780654907227	-15.094450950622559	-24.62256622314453	-52.88250732421875	-25.50088882446289
L69D	-39.01387405395508	-35.28097152709961	-16.857847213745117	-11.702798843383789	-39.569217681884766	-45.67324447631836	-11.43309497833252	-15.64021110534668	-43.957557678222656	-56.23807907104492	-31.53668785095215
L69E	-37.10318374633789	-36.61375427246094	-15.23449993133545	-13.275577545166016	-35.75284194946289	-40.8234748840332	-10.18757152557373	-16.634408950805664	-38.51230239868164	-58.39701461791992	-30.253459930419922
L69F	-18.568153381347656	-17.87676239013672	-26.13433074951172	0.5402050018310547	-17.888572692871094	-32.05641555786133	-7.4179816246032715	0.06358122825622559	-35.250240325927734	-37.509674072265625	-19.209835052490234
L69G	-36.545997619628906	-33.795955657958984	-17.153514862060547	-15.029427528381348	-34.26311492919922	-42.87038040161133	-12.447855949401855	-17.593204498291016	-44.05067825317383	-55.31923294067383	-30.906936645507812
L69H	-32.15431213378906	-29.53074836730957	-11.382111549377441	-8.201175689697266	-22.44283676147461	-26.636995315551758	-9.072488784790039	-8.177490234375	-23.579097747802734	-52.01521682739258	-22.31924819946289
L69I	-14.202780723571777	-26.260656356811523	-12.29063606262207	-3.3276851177215576	-14.670124053955078	-26.670745849609375	-5.651453971862793	-0.06789825856685638	-34.86846160888672	-28.197874069213867	-16.620830535888672
L69K	-39.31094741821289	-32.80167007446289	-13.37266731262207	-10.83316707611084	-26.98003387451172	-31.450252532958984	-12.683014869689941	-10.595571517944336	-25.59174919128418	-60.4735107421875	-26.409259796142578
L69M	-27.789745330810547	-30.88532257080078	-11.742234230041504	-4.900670051574707	-19.34259605407715	-26.62969970703125	-6.410004138946533	-6.20596170425415	-21.798015594482422	-46.290382385253906	-20.199462890625
L69N	-35.858726501464844	-35.75514221191406	-14.037275314331055	-12.372093200683594	-29.065282821655273	-33.280635833740234	-9.755082130432129	-12.683578491210938	-36.191261291503906	-54.454288482666016	-27.3453369140625
L69P	-36.55379104614258	-34.26080322265625	-14.75735855102539	-10.355781555175781	-30.449052810668945	-33.13860321044922	-12.359827995300293	-8.941329956054688	-34.17029571533203	-48.39349365234375	-26.33803367614746
L69Q	-32.95243453979492	-35.93228530883789	-13.913751602172852	-13.307510375976562	-29.03829002380371	-35.32737731933594	-9.141769409179688	-15.20571231842041	-34.460784912109375	-54.90296173095703	-27.418289184570312
L69R	-32.4755744934082	-32.48723220825195	-14.42940902709961	-15.574263572692871	-29.89779281616211	-37.840919494628906	-8.708666801452637	-12.610286712646484	-32.51543426513672	-57.0779914855957	-27.361759185791016
L69S	-32.219581604003906	-33.45587921142578	-16.597217559814453	-10.039230346679688	-34.614566802978516	-42.123626708984375	-11.063267707824707	-12.217269897460938	-45.91130828857422	-51.345027923583984	-28.958698272705078
L69T	-28.066938400268555	-30.2110595703125	-15.14794635772705	-10.999353408813477	-29.1875	-37.846248626708984	-8.559043884277344	-11.002060890197754	-35.52717971801758	-50.76298141479492	-25.731029510498047
L69V	-16.123960494995117	-26.67857551574707	-13.056440353393555	-4.89076042175293	-11.808979034423828	-28.195144653320312	-7.721819877624512	0.18344058096408844	-31.83456039428711	-31.71079444885254	-17.183759689331055
L69W	-34.368324279785156	-27.881797790527344	-11.966794967651367	-1.6246016025543213	-20.71690559387207	-21.621002197265625	-20.621192932128906	-10.816008567810059	-15.694538116455078	-52.27291488647461	-21.75840950012207
L69Y	-28.179296493530273	-30.802885055541992	-12.382126808166504	-7.621691703796387	-20.022607803344727	-27.038293838500977	-7.059620380401611	-8.87123966217041	-28.531816482543945	-44.14931869506836	-21.465890884399414
C70A	-9.584479331970215	-1.2488415241241455	-11.311914443969727	9.555103302001953	-14.530220031738281	-25.954418182373047	-5.955114364624023	-0.27043548226356506	-5.888897895812988	-32.175106048583984	-9.736432075500488
C70D	-14.278881072998047	-12.081575393676758	-11.51569652557373	10.124490737915039	-14.422307968139648	-27.702938079833984	-6.1428093910217285	-10.33438491821289	-9.454360008239746	-16.65372085571289	-11.246217727661133
C70E	-12.226812362670898	-11.924175262451172	-8.810298919677734	9.507946014404297	-13.923948287963867	-25.19403076171875	-5.369833946228027	-10.323624610900879	-7.0230865478515625	-14.59706974029541	-9.988492965698242
C70F	-11.208189010620117	10.007386207580566	-16.337467193603516	7.217021465301514	-7.053630352020264	-22.375267028808594	-5.603587627410889	16.399808883666992	-6.939523220062256	-32.737491607666016	-6.863093376159668
C70G	-12.237604141235352	-14.162911415100098	-11.646655082702637	-0.03686535358428955	-16.176544189453125	-23.258323669433594	-7.560474872589111	-11.422991752624512	-7.754169464111328	-22.15843963623047	-12.641498565673828
C70H	-11.468721389770508	-10.814273834228516	-7.90255069732666	9.271245956420898	-12.096936225891113	-17.504884719848633	-7.19868278503418	-9.185547828674316	-0.6153628826141357	-14.907349586486816	-8.24230670928955
C70I	-14.602191925048828	-4.634860038757324	-9.399290084838867	0.7550526857376099	-6.628260612487793	-29.88760757446289	-6.003635406494141	3.9429376125335693	-9.367663383483887	-32.71662521362305	-10.854212760925293
C70K	-13.660479545593262	-10.253677368164062	-8.897087097167969	9.613268852233887	-12.3413724899292	-19.55527687072754	-8.16451358795166	-9.61691951751709	-1.2875241041183472	-15.256205558776855	-8.941978454589844
C70L	-40.758079528808594	12.079669952392578	-18.750852584838867	3.3063805103302	-5.68477201461792	-23.69426155090332	-5.433805465698242	23.791906356811523	-7.056458950042725	-35.10410690307617	-9.730438232421875
C70M	-12.005596160888672	-14.110189437866211	-7.555352210998535	6.551289081573486	-12.415069580078125	-24.641868591308594	-4.6516523361206055	-7.609779357910156	-3.1758675575256348	-17.655000686645508	-9.726907730102539
C70N	-13.662879943847656	-10.382258415222168	-11.908687591552734	4.092005252838135	-12.586471557617188	-20.472536087036133	-7.295338153839111	-8.213836669921875	-3.48032546043396	-15.600927352905273	-9.951126098632812
C70P	-12.529415130615234	-12.460284233093262	-12.304398536682129	6.978063583374023	-11.995550155639648	-15.576913833618164	-11.658001899719238	-10.202723503112793	-3.816896677017212	-14.40662670135498	-9.797273635864258
C70Q	-13.689456939697266	-11.928410530090332	-9.538082122802734	8.097283363342285	-11.795483589172363	-26.693138122558594	-5.989712238311768	-8.115452766418457	-4.730344772338867	-14.616543769836426	-9.899934768676758
C70R	-12.909309387207031	-12.44072437286377	-9.226716995239258	5.4095234870910645	-13.43820858001709	-26.98843002319336	-5.837071895599365	-9.415826797485352	-5.433866024017334	-16.156394958496094	-10.64370346069336
C70S	-11.6212158203125	-5.345329284667969	-10.010059356689453	9.597820281982422	-14.179420471191406	-23.213886260986328	-6.662039756774902	-6.66570520401001	-7.0481696128845215	-21.62900733947754	-9.677701950073242
C70T	-12.787605285644531	-13.994318962097168	-9.628642082214355	7.241693496704102	-12.261667251586914	-26.98830795288086	-5.283721923828125	-7.776094436645508	-4.200733184814453	-18.289644241333008	-10.396903991699219
C70V	-18.18482208251953	0.14702865481376648	-10.909859657287598	1.9962050914764404	-8.120542526245117	-31.641399383544922	-6.559693813323975	12.369146347045898	-8.146562576293945	-39.81937026977539	-10.886987686157227
C70W	-7.623173236846924	-10.204134941101074	-7.80846643447876	12.461050987243652	-6.537086486816406	-17.540311813354492	-8.447497367858887	-8.973089218139648	-0.5190170407295227	-11.477327346801758	-6.666905403137207
C70Y	-11.512150764465332	-16.575387954711914	-7.297260284423828	8.540983200073242	-11.770878791809082	-19.167314529418945	-7.95936918258667	-9.147093772888184	-4.824488162994385	-18.707469940185547	-9.842042922973633
G71A	-15.70909595489502	-9.040687561035156	-13.47094440460205	-1.949090838432312	-14.917033195495605	-21.628475189208984	-10.033561706542969	-3.7363948822021484	-13.689664840698242	-45.02993392944336	-14.920488357543945
G71C	-15.722925186157227	-31.047693252563477	-15.367193222045898	-10.190784454345703	-16.104101181030273	-16.132909774780273	-24.847023010253906	-11.656856536865234	-11.150894165039062	-28.506927490234375	-18.072731018066406
G71D	-15.904634475708008	-21.3461971282959	-9.691997528076172	-0.18398889899253845	-15.542192459106445	-20.67516326904297	-13.05512523651123	-7.4494218826293945	-13.570530891418457	-26.624614715576172	-14.404386520385742
G71E	-21.401626586914062	-25.72813606262207	-8.79487133026123	-2.0057623386383057	-15.124210357666016	-18.305755615234375	-12.3781156539917	-7.485098361968994	-10.78133773803711	-23.40273666381836	-14.540765762329102
G71F	-15.934856414794922	-0.777153730392456	-20.41798973083496	0.30971792340278625	-9.553378105163574	-22.815732955932617	-7.370733737945557	1.2827163934707642	-15.1820650100708	-38.80164337158203	-12.926112174987793
G71H	-11.682332992553711	-33.121299743652344	-10.64304256439209	-5.724609375	-13.335205078125	-13.030152320861816	-22.871389389038086	-13.562007904052734	-3.1790273189544678	-21.236265182495117	-14.838533401489258
G71I	-13.341911315917969	-12.00501823425293	-10.562718391418457	-0.934760332107544	-10.669706344604492	-22.219913482666016	-7.3273749351501465	-4.3840012550354	-18.09674835205078	-37.046077728271484	-13.658823013305664
G71K	-12.58945369720459	-33.461708068847656	-11.25623893737793	-3.1247425079345703	-13.086868286132812	-13.724849700927734	-21.51450538635254	-15.080718040466309	-4.301082611083984	-21.613557815551758	-14.975372314453125
G71L	-38.71805953979492	1.8724439144134521	-33.0394172668457	3.466366767883301	-13.681684494018555	-29.34035301208496	-6.297497272491455	-0.41172972321510315	-32.87249755859375	-34.40365219116211	-18.342609405517578
G71M	-28.236921310424805	-31.35791015625	-10.230140686035156	-4.825486660003662	-13.157844543457031	-15.25584888458252	-18.18000602722168	-13.202985763549805	-10.199061393737793	-21.8229923248291	-16.646921157836914
G71N	-14.822943687438965	-27.565942764282227	-10.593957901000977	-4.784112930297852	-13.090307235717773	-16.807767868041992	-21.73880386352539	-11.451154708862305	-7.555120468139648	-24.821800231933594	-15.323190689086914
G71P	-7.565365314483643	-28.70589828491211	-9.46634292602539	0.7452597618103027	-12.554359436035156	-12.559463500976562	-17.929113388061523	-9.819165229797363	-3.519345998764038	-19.144758224487305	-12.05185604095459
G71Q	-18.09617805480957	-29.36801528930664	-9.994770050048828	-5.552429676055908	-12.417801856994629	-17.668031692504883	-17.4931583404541	-10.298986434936523	-8.82437515258789	-23.623292922973633	-15.333703994750977
G71R	-14.105752944946289	-26.156949996948242	-10.282929420471191	-7.044062614440918	-11.79174518585205	-17.823617935180664	-15.350532531738281	-9.514296531677246	-8.68189811706543	-25.10696792602539	-14.585874557495117
G71S	-15.562402725219727	-16.97002410888672	-9.261312484741211	-2.577697515487671	-13.901378631591797	-21.517824172973633	-11.416702270507812	-6.720026969909668	-14.733694076538086	-34.20440673828125	-14.686548233032227
G71T	-21.10555076599121	-23.17459487915039	-10.858315467834473	-3.9393677711486816	-13.413898468017578	-20.25467300415039	-16.87883949279785	-8.931852340698242	-11.10391902923584	-26.625255584716797	-15.628626823425293
G71V	-19.139488220214844	-1.8163126707077026	-12.595271110534668	2.933889865875244	-9.444164276123047	-25.831701278686523	-6.2158026695251465	-2.8080403804779053	-16.69098663330078	-33.58214569091797	-12.519002914428711
G71W	-6.806127071380615	-34.25262451171875	-14.142973899841309	-0.08777138590812683	-10.405881881713867	-8.94985294342041	-23.39529800415039	-19.768733978271484	-3.1022701263427734	-24.50739860534668	-14.541893005371094
G71Y	-21.16722869873047	-31.185693740844727	-11.498507499694824	-4.503285884857178	-13.491758346557617	-15.561657905578613	-20.573286056518555	-11.854015350341797	-6.311214923858643	-21.565143585205078	-15.77117919921875
K72A	-25.516443252563477	-9.846124649047852	-11.338047981262207	3.870861053466797	-16.051137924194336	-28.858139038085938	-9.857911109924316	10.34703540802002	-18.1363468170166	-50.19901657104492	-15.558526992797852
K72C	-28.843765258789062	-26.483047485351562	-11.854604721069336	0.7433122396469116	-17.49294662475586	-21.24741554260254	-15.576776504516602	3.9589040279388428	-8.74753189086914	-40.69389343261719	-16.623777389526367
K72D	-25.984031677246094	-25.153724670410156	-16.10972785949707	14.149460792541504	-18.904666900634766	-25.540645599365234	-10.103811264038086	2.658130407333374	-13.401466369628906	-42.93150329589844	-16.132198333740234
K72E	-18.076309204101562	-24.637189865112305	-15.382221221923828	5.283204078674316	-16.02389144897461	-24.712175369262695	-5.6474409103393555	11.159055709838867	-8.829680442810059	-36.37760543823242	-13.324424743652344
K72F	-19.969863891601562	-7.894520282745361	-20.172758102416992	2.4727799892425537	-6.054953575134277	-27.947847366333008	-4.853858470916748	10.181740760803223	-20.373634338378906	-37.007965087890625	-13.162088394165039
K72G	-20.91510581970215	-27.9706974029541	-13.534246444702148	3.0455219745635986	-17.008106231689453	-26.929737091064453	-12.441411018371582	5.899449348449707	-28.75413703918457	-57.78609085083008	-19.639455795288086
K72H	-20.97345542907715	-26.04884147644043	-11.939114570617676	15.100253105163574	-13.024469375610352	-21.457441329956055	-12.907596588134766	-1.589093804359436	-4.631954193115234	-33.82035446166992	-13.1292085647583
K72I	-18.316797256469727	-12.828401565551758	-9.869874000549316	1.1721882820129395	-3.7998251914978027	-26.52431869506836	-5.8099260330200195	18.767520904541016	-13.90134334564209	-54.0401611328125	-12.515092849731445
K72L	-36.135677337646484	-8.261714935302734	-19.9356632232666	1.5364961624145508	-5.801999092102051	-33.93513488769531	-4.9593610763549805	16.96234703063965	-24.208341598510742	-54.228031158447266	-16.89670753479004
K72M	-32.4575080871582	-32.427452087402344	-15.207079887390137	0.17240256071090698	-11.948331832885742	-23.559358596801758	-16.16160011291504	-3.6023833751678467	-3.834930658340454	-38.11504364013672	-17.714130401611328
K72N	-25.114866256713867	-26.660167694091797	-15.205772399902344	13.151337623596191	-18.73181915283203	-26.59950065612793	-12.791049003601074	-3.203887701034546	-11.012601852416992	-37.44426345825195	-16.36125946044922
K72P	-18.445812225341797	-23.94768714904785	-16.551128387451172	18.885957717895508	-21.65782928466797	-19.509769439697266	-14.691895484924316	-5.5211286544799805	-15.90815544128418	-30.803247451782227	-14.815069198608398
K72Q	-29.173551559448242	-32.060787200927734	-14.37532901763916	7.637289524078369	-15.395645141601562	-25.52718734741211	-9.300705909729004	-0.10270379483699799	-8.095901489257812	-39.947784423828125	-16.63422966003418
K72R	-27.925195693969727	-35.574031829833984	-15.838397026062012	6.137975692749023	-16.417417526245117	-29.408039093017578	-11.869336128234863	0.07158853113651276	-12.336410522460938	-46.73737716674805	-18.98966407775879
K72S	-25.00676155090332	-20.968507766723633	-14.450068473815918	8.926030158996582	-17.54930877685547	-25.931114196777344	-10.669885635375977	4.190174579620361	-20.16942024230957	-50.4360237121582	-17.20648765563965
K72T	-28.025110244750977	-33.68455123901367	-15.152657508850098	2.711171865463257	-15.389598846435547	-26.257972717285156	-12.259998321533203	-1.6261988878250122	-12.683314323425293	-44.61806106567383	-18.69862937927246
K72V	-22.575716018676758	-6.728708267211914	-10.647128105163574	1.1619486808776855	-3.5532727241516113	-31.022727966308594	-6.832447528839111	19.88094139099121	-19.70523452758789	-56.49052810668945	-13.651286125183105
K72W	-18.748329162597656	-13.841919898986816	-14.522164344787598	23.33757781982422	-14.002558708190918	-17.43851661682129	-29.717748641967773	-9.476628303527832	-2.8130061626434326	-32.327789306640625	-12.955108642578125
K72Y	-27.42567253112793	-29.660213470458984	-13.01639175415039	6.443127632141113	-11.741235733032227	-22.070518493652344	-15.077812194824219	-2.969064950942993	-9.072822570800781	-32.80025100708008	-15.73908519744873
A73C	-3.922356605529785	-7.4901041984558105	-6.556506156921387	12.459346771240234	-7.071644306182861	-13.445450782775879	-8.298161506652832	-6.390157699584961	-6.4413371086120605	-15.657795906066895	-6.281416893005371
A73D	-9.495548248291016	-20.813873291015625	-10.72359848022461	9.44095230102539	-12.346219062805176	-19.517362594604492	-7.270587921142578	-5.529391765594482	-10.91799545288086	-19.923828125	-10.709745407104492
A73E	-7.6276068687438965	-20.80320930480957	-9.80301570892334	5.1757426261901855	-10.274788856506348	-18.546977996826172	-4.3378682136535645	-3.526644229888916	-8.944605827331543	-20.104902267456055	-9.879387855529785
A73F	-11.23210334777832	-8.61577320098877	-11.303143501281738	3.394469738006592	-8.624871253967285	-20.518089294433594	-2.7244033813476562	6.883244514465332	-13.463740348815918	-37.620357513427734	-10.382476806640625
A73G	-10.815966606140137	-26.84832191467285	-10.062959671020508	13.151663780212402	-12.957497596740723	-20.924964904785156	-5.723464488983154	-4.624678134918213	-14.844374656677246	-23.984098434448242	-11.763466835021973
A73H	-5.839738368988037	-12.660905838012695	-6.958263397216797	17.39304542541504	-2.562376022338867	-13.12045955657959	-6.647669792175293	-5.674637317657471	-6.083198070526123	-13.481775283813477	-5.563597679138184
A73I	-9.740547180175781	-13.50837516784668	-11.094058990478516	1.934988021850586	-8.455020904541016	-23.764404296875	-0.6675065159797668	0.3835099935531616	-4.857223033905029	-27.574628829956055	-9.734326362609863
A73K	-6.441760063171387	-10.744086265563965	-8.699085235595703	17.032865524291992	-3.994932174682617	-15.996345520019531	-8.547325134277344	-4.698968887329102	-9.715971946716309	-14.800488471984863	-6.660610198974609
A73L	-15.385671615600586	-14.378985404968262	-11.32017993927002	5.706718921661377	-7.242036819458008	-34.728843688964844	-2.313704013824463	2.4228129386901855	-4.221678256988525	-36.872737884521484	-11.833430290222168
A73M	-2.4523987770080566	-8.931177139282227	-5.695832252502441	14.391637802124023	0.3506057858467102	-12.265948295593262	-5.3931145668029785	-3.644462823867798	-5.073675155639648	-16.4595947265625	-4.517395973205566
A73N	-7.854157447814941	-17.043285369873047	-9.339553833007812	15.2389554977417	-7.090217590332031	-15.073745727539062	-7.600366115570068	-5.854432582855225	-10.750852584838867	-15.560158729553223	-8.092781066894531
A73P	-10.886319160461426	-16.6983585357666	-9.878215789794922	10.244264602661133	-8.933749198913574	-13.115461349487305	-9.860261917114258	-6.5869035720825195	-10.663110733032227	-12.476011276245117	-8.885412216186523
A73Q	-5.406768321990967	-17.683134078979492	-8.496808052062988	13.351791381835938	-4.716938018798828	-15.886739730834961	-5.853320121765137	-5.046821594238281	-8.452730178833008	-14.04382610321045	-7.223529815673828
A73R	-8.340141296386719	-17.62586784362793	-9.332551956176758	11.199848175048828	-5.819797515869141	-18.583213806152344	-6.012804985046387	-5.553927898406982	-10.79673957824707	-16.918590545654297	-8.7783784866333
A73S	-9.180747032165527	-19.00345802307129	-10.650345802307129	10.20932388305664	-12.671785354614258	-20.400466918945312	-6.6290283203125	-4.166241645812988	-8.983233451843262	-23.38429832458496	-10.486028671264648
A73T	-7.814714431762695	-15.222208023071289	-10.555147171020508	7.17862606048584	-8.252126693725586	-17.31369400024414	-7.209174156188965	-7.52647590637207	-8.214900016784668	-20.136859893798828	-9.506668090820312
A73V	-14.234840393066406	-9.120367050170898	-12.993093490600586	2.5631754398345947	-9.995698928833008	-28.601150512695312	-2.9918320178985596	-1.2574741840362549	-9.287256240844727	-31.20318031311035	-11.71217155456543
A73W	-4.014674186706543	-1.686877727508545	-7.0372819900512695	13.272628784179688	-2.1200499534606934	-19.026840209960938	-8.77146053314209	-3.5957348346710205	-7.0583930015563965	-14.170122146606445	-5.420880317687988
A73Y	-4.997955322265625	-10.431005477905273	-7.4533796310424805	14.282256126403809	-2.5215916633605957	-13.816844940185547	-6.518783092498779	-5.5311689376831055	-8.368354797363281	-14.193689346313477	-5.955051422119141
V74A	-12.484441757202148	15.267396926879883	-20.366138458251953	0.052154868841171265	-17.97228240966797	-7.083574295043945	-0.13158941268920898	5.932849884033203	-5.278122901916504	-8.810870170593262	-5.087461471557617
V74C	-2.265634775161743	5.863465309143066	-10.012964248657227	4.076099395751953	-15.22544002532959	-8.031850814819336	-14.140192985534668	2.2083678245544434	-0.7282192707061768	-7.407806396484375	-4.566417694091797
V74D	-10.36579704284668	3.386268138885498	-16.45662498474121	5.027519226074219	-21.543825149536133	-9.000065803527832	-3.8364570140838623	1.1823774576187134	-7.691596508026123	-8.374608039855957	-6.767281532287598
V74E	-11.333372116088867	8.115842819213867	-12.915858268737793	4.847192764282227	-17.236255645751953	-5.1989288330078125	-2.829488754272461	-0.6369085311889648	-6.057882785797119	-5.040656089782715	-4.828632354736328
V74F	-7.569707870483398	-3.166818141937256	-10.38050365447998	2.7156546115875244	-8.939763069152832	-9.561395645141602	3.23358416557312	5.062336444854736	2.3110105991363525	-5.48446798324585	-3.178007125854492
V74G	-10.964828491210938	0.8931443095207214	-14.656991958618164	8.809564590454102	-21.135725021362305	-10.476763725280762	-3.280241012573242	1.564473032951355	-8.94420051574707	-8.852897644042969	-6.704447269439697
V74H	-3.852346181869507	9.728694915771484	-6.211169719696045	0.23783180117607117	-12.715214729309082	-6.128108501434326	-12.809374809265137	1.1883392333984375	-1.2579318284988403	-4.13431453704834	-3.5953593254089355
V74I	-2.2696125507354736	-13.374689102172852	-4.052707195281982	0.15187618136405945	-2.048100709915161	-10.70591926574707	3.759366035461426	2.538684844970703	4.0192670822143555	-4.514360427856445	-2.6496195793151855
V74K	-3.9232640266418457	6.61193323135376	-8.27997875213623	2.2081856727600098	-15.939695358276367	-9.826187133789062	-14.463851928710938	0.8272660970687866	-2.2734427452087402	-5.682929515838623	-5.0741963386535645
V74L	-11.165665626525879	-26.347726821899414	-11.346884727478027	-0.19261565804481506	-2.9188201427459717	-21.37166976928711	7.871903896331787	7.506011962890625	7.978209018707275	0.40101900696754456	-4.958623886108398
V74M	-2.032388210296631	1.8270611763000488	-8.02116584777832	2.886547803878784	-13.42959976196289	-7.853865623474121	-11.630819320678711	1.1274633407592773	-0.632335901260376	-7.3835225105285645	-4.5142621994018555
V74N	-4.8299241065979	3.943859577178955	-12.330155372619629	7.407809257507324	-18.508359909057617	-7.878447532653809	-7.820136547088623	1.9814239740371704	-3.3090245723724365	-6.6806206703186035	-4.8023576736450195
V74P	-7.36884880065918	-5.183185577392578	-17.833480834960938	-2.0661699771881104	-25.053014755249023	-9.375351905822754	-12.890506744384766	-2.415451765060425	-11.595579147338867	-11.195327758789062	-10.49769115447998
V74Q	-4.243123531341553	6.1244049072265625	-11.32178783416748	10.89140510559082	-16.101856231689453	-5.934454917907715	-4.8480682373046875	1.554360032081604	-2.8489065170288086	-5.260814189910889	-3.1988842487335205
V74R	-4.211129188537598	6.936250686645508	-9.88447093963623	12.737470626831055	-16.025890350341797	-7.793830871582031	-4.387463092803955	2.041958808898926	-1.5145230293273926	-5.823085308074951	-2.792471408843994
V74S	-9.696829795837402	5.689295768737793	-20.602428436279297	3.083348512649536	-21.43524169921875	-8.065019607543945	-2.4769294261932373	1.5216671228408813	-6.797845840454102	-9.2426118850708	-6.8022589683532715
V74T	-4.815488815307617	3.535922050476074	-13.674590110778809	5.453265190124512	-19.249649047851562	-10.160993576049805	-6.034372806549072	1.7040679454803467	-3.9420087337493896	-6.723198890686035	-5.390705108642578
V74W	-1.7317200899124146	8.690654754638672	-2.7621724605560303	-7.9584808349609375	-9.997945785522461	-13.02700138092041	-18.47994041442871	-6.203511714935303	0.45264744758605957	-4.920335292816162	-5.593780517578125
V74Y	-3.1638364791870117	3.9356212615966797	-9.478724479675293	7.559475421905518	-15.313586235046387	-6.61928653717041	-11.410717964172363	1.3098841905593872	-2.1967029571533203	-5.854670524597168	-4.123254776000977
E75A	-18.089078903198242	-11.28951644897461	-12.936986923217773	6.605573654174805	-18.964599609375	-23.942602157592773	-4.390347957611084	4.015363693237305	-23.91827964782715	-51.4947624206543	-15.440524101257324
E75C	-18.610042572021484	-27.076904296875	-7.592373847961426	3.8674447536468506	-16.647480010986328	-16.498676300048828	-18.300403594970703	7.496749401092529	-5.344210147857666	-23.510683059692383	-12.221656799316406
E75D	-18.527957916259766	-26.03511619567871	-12.319230079650879	9.84839153289795	-16.824403762817383	-20.595088958740234	-10.00678825378418	-0.2617919147014618	-17.355722427368164	-32.292869567871094	-14.437057495117188
E75F	-23.4182071685791	-17.052419662475586	-18.39912223815918	3.5450215339660645	-16.003314971923828	-23.773237228393555	-1.4838651418685913	7.815009593963623	-29.984691619873047	-43.12639617919922	-16.188121795654297
E75G	-16.557546615600586	-27.437211990356445	-10.583959579467773	2.9586706161499023	-17.375850677490234	-23.196367263793945	-9.643024444580078	-0.1518046110868454	-25.455429077148438	-44.65935516357422	-17.210186004638672
E75H	-14.748528480529785	-20.281625747680664	-10.336624145507812	5.461837291717529	-15.938874244689941	-19.108503341674805	-15.27005672454834	1.0428217649459839	-6.672143936157227	-24.200944900512695	-12.005263328552246
E75I	-23.79057502746582	-27.854700088500977	-13.600142478942871	-0.9162224531173706	-22.28816795349121	-33.30333709716797	-4.358382701873779	12.136101722717285	-31.953025817871094	-44.80550003051758	-19.073394775390625
E75K	-16.962919235229492	-20.687931060791016	-11.55141830444336	7.690453052520752	-18.094072341918945	-23.35041046142578	-19.31128692626953	1.4911364316940308	-6.769819736480713	-25.337629318237305	-13.288389205932617
E75L	-37.563209533691406	-12.287933349609375	-22.80740737915039	-0.0789419412612915	-27.700653076171875	-43.68424987792969	-14.286062240600586	3.6850879192352295	-37.551292419433594	-74.60699462890625	-26.68816566467285
E75M	-24.74062156677246	-27.03830909729004	-15.412734985351562	2.231377601623535	-16.704940795898438	-27.278623580932617	-11.77121639251709	12.318825721740723	-5.5163421630859375	-28.821813583374023	-14.27344036102295
E75N	-18.17513084411621	-25.376989364624023	-10.316580772399902	7.7912445068359375	-18.927284240722656	-20.543519973754883	-17.188461303710938	-0.2588421702384949	-11.097341537475586	-26.89174461364746	-14.098464965820312
E75P	-15.8226900100708	-25.049943923950195	-13.079620361328125	7.472899436950684	-17.433900833129883	-23.232975006103516	-21.04607391357422	-5.069716930389404	-15.93216323852539	-23.366098403930664	-15.25602912902832
E75Q	-22.135305404663086	-27.849140167236328	-10.515789031982422	6.2314229011535645	-17.191930770874023	-22.43044662475586	-14.458821296691895	1.6286460161209106	-12.906021118164062	-27.106142044067383	-14.67335319519043
E75R	-22.649620056152344	-26.730051040649414	-11.165432929992676	1.3002808094024658	-17.460512161254883	-21.603404998779297	-9.047433853149414	3.321047067642212	-3.1321675777435303	-25.984214782714844	-13.315149307250977
E75S	-18.50222396850586	-19.59442710876465	-12.632179260253906	6.9922194480896	-15.856739044189453	-20.942493438720703	-6.239864826202393	2.856545925140381	-13.793407440185547	-39.02812576293945	-13.67406940460205
E75T	-21.702058792114258	-28.895721435546875	-9.693563461303711	4.975550651550293	-17.752037048339844	-20.47237777709961	-13.383709907531738	5.776854991912842	-10.918973922729492	-29.94769287109375	-14.201373100280762
E75V	-29.690549850463867	-17.05890464782715	-16.484912872314453	0.9024711847305298	-24.45183563232422	-38.963600158691406	-8.57696533203125	5.619991302490234	-33.94118118286133	-59.218345642089844	-22.186382293701172
E75W	-13.942728042602539	-6.365556716918945	-11.611740112304688	5.759570121765137	-13.72533130645752	-21.75459861755371	-22.40362548828125	-5.1276373863220215	-7.465474605560303	-25.175676345825195	-12.181280136108398
E75Y	-16.278133392333984	-29.2540225982666	-8.067861557006836	4.2323317527771	-14.850984573364258	-17.00062370300293	-13.900410652160645	1.9957650899887085	-9.715631484985352	-20.036483764648438	-12.287606239318848
M76A	-23.536834716796875	-18.957759857177734	-29.634563446044922	-5.723040580749512	-35.01663589477539	-26.797527313232422	-10.368449211120605	-0.3283546268939972	-23.688426971435547	-33.684017181396484	-20.773563385009766
M76C	-25.586570739746094	-23.67164421081543	-19.34494400024414	-14.206269264221191	-27.36466407775879	-28.785375595092773	-14.051286697387695	-6.792593955993652	-20.285383224487305	-30.6433162689209	-21.073204040527344
M76D	-41.4509391784668	-34.679927825927734	-30.02752113342285	-20.76154136657715	-42.49430465698242	-37.59958267211914	-16.390546798706055	-9.419775009155273	-19.656116485595703	-40.02806091308594	-29.250829696655273
M76E	-33.77701950073242	-36.734954833984375	-23.367359161376953	-19.11480140686035	-34.07266616821289	-39.6563720703125	-14.171198844909668	-8.443646430969238	-18.80467987060547	-42.98942565917969	-27.11321449279785
M76F	-15.28369140625	-20.652692794799805	-43.38465118408203	7.6987457275390625	-30.330219268798828	-28.058225631713867	-5.19042444229126	1.6003614664077759	-14.898393630981445	-18.181955337524414	-16.66811752319336
M76G	-41.785945892333984	-33.84909439086914	-34.11885452270508	-21.50705337524414	-41.749446868896484	-34.849239349365234	-11.289362907409668	-5.190546035766602	-21.72765350341797	-47.19070053100586	-29.325790405273438
M76H	-26.37599754333496	-24.315126419067383	-17.601293563842773	-10.222949981689453	-27.213581085205078	-26.468170166015625	-12.271639823913574	-6.749978065490723	-17.382171630859375	-31.269617080688477	-19.98705291748047
M76I	-12.223844528198242	-35.80758285522461	-30.722301483154297	-8.155242919921875	-33.31089782714844	-38.02042007446289	-2.5749354362487793	-0.9997336268424988	-10.038634300231934	-18.591264724731445	-19.044485092163086
M76K	-29.449512481689453	-25.330671310424805	-23.669872283935547	-11.727453231811523	-30.787677764892578	-33.375240325927734	-16.338407516479492	-8.859867095947266	-21.723730087280273	-32.22278594970703	-23.348522186279297
M76L	-10.82850456237793	-53.8466796875	-35.251220703125	-6.972548484802246	-9.414484024047852	-33.80412673950195	3.057995319366455	2.6722912788391113	2.125683546066284	-14.96944522857666	-15.723104476928711
M76N	-34.06888198852539	-27.420372009277344	-25.581464767456055	-13.874971389770508	-36.02983474731445	-29.1994686126709	-12.571635246276855	-7.807654857635498	-22.769731521606445	-34.396324157714844	-24.372034072875977
M76P	-40.02927017211914	-24.650266647338867	-29.703697204589844	-14.822593688964844	-37.46680450439453	-26.111772537231445	-19.329675674438477	-8.198537826538086	-28.657779693603516	-28.59922218322754	-25.756961822509766
M76Q	-31.614086151123047	-29.256298065185547	-22.20815658569336	-14.81917953491211	-35.527442932128906	-32.76670837402344	-12.733194351196289	-8.778059005737305	-17.386825561523438	-37.063560485839844	-24.21535301208496
M76R	-30.936887741088867	-31.802997589111328	-22.84599494934082	-13.238699913024902	-35.02083206176758	-34.66712188720703	-13.962480545043945	-7.151461601257324	-18.87261199951172	-43.82558059692383	-25.232465744018555
M76S	-36.46058654785156	-26.368682861328125	-31.28829002380371	-15.384114265441895	-40.9692268371582	-33.41303253173828	-12.89899730682373	-5.19746732711792	-20.14295196533203	-39.52910232543945	-26.165246963500977
M76T	-27.751508712768555	-26.981616973876953	-26.126829147338867	-13.85151481628418	-33.07685852050781	-34.383235931396484	-10.900388717651367	-7.682431697845459	-20.71172332763672	-34.438262939453125	-23.590438842773438
M76V	-11.618330955505371	-42.423099517822266	-39.569061279296875	-9.535476684570312	-31.78618621826172	-39.762977600097656	-2.6032657623291016	-1.4193195104599	-8.150238037109375	-22.41240882873535	-20.928037643432617
M76W	-20.94586944580078	-19.36890411376953	-18.8032283782959	-11.191162109375	-24.32794952392578	-29.122665405273438	-16.916902542114258	-7.23304557800293	-18.424373626708984	-22.563581466674805	-18.889768600463867
M76Y	-23.406150817871094	-24.80956268310547	-20.987939834594727	-10.921637535095215	-26.830663681030273	-24.68870735168457	-10.798002243041992	-7.264988899230957	-19.64242935180664	-27.3702335357666	-19.67203140258789
K77A	4.188898086547852	20.534250259399414	3.6659579277038574	12.780102729797363	6.254149913787842	2.7729907035827637	1.8221333026885986	2.692563772201538	7.378341197967529	0.8143972754478455	6.290378093719482
K77C	-0.08074099570512772	9.23447322845459	7.511435031890869	2.5818986892700195	1.4103091955184937	-0.27370619773864746	-0.4299317002296448	11.923615455627441	-21.442956924438477	-2.4915549755096436	0.7942841649055481
K77D	2.1750118732452393	13.721972465515137	1.729195237159729	4.7689127922058105	-0.7376969456672668	2.5423731803894043	0.368119478225708	0.4174807369709015	-8.338573455810547	-3.033708095550537	1.3613086938858032
K77E	0.5600520372390747	15.361322402954102	5.884068965911865	8.15068531036377	-1.0935472249984741	5.550331115722656	-0.13059084117412567	0.5554970502853394	-4.609967231750488	0.3084619641304016	3.053631067276001
K77F	-1.8678326606750488	2.911561965942383	1.9995733499526978	13.881730079650879	9.278627395629883	-2.3401689529418945	7.095583915710449	-0.2296166718006134	1.4602570533752441	2.0210072994232178	3.421072483062744
K77G	1.7415794134140015	8.4592866897583	1.9763439893722534	10.14532470703125	2.7231013774871826	1.9319838285446167	-1.110999345779419	2.4221296310424805	-0.36682015657424927	-1.6028622388839722	2.6319069862365723
K77H	2.772096872329712	9.375246047973633	11.88347339630127	1.2690179347991943	-1.814594030380249	3.744023323059082	-0.772002637386322	10.227478981018066	-17.94268798828125	-0.9887318015098572	1.7753318548202515
K77I	1.4010462760925293	14.820632934570312	4.523093223571777	5.082374095916748	13.879912376403809	-1.9479480981826782	6.494859218597412	6.650111198425293	3.28971791267395	2.8685131072998047	5.706231594085693
K77L	-4.42759895324707	-7.701983451843262	-3.139827251434326	-1.2093045711517334	-1.0103875398635864	-10.310465812683105	4.52640438079834	11.753876686096191	2.4901134967803955	9.318624496459961	0.028945159167051315
K77M	1.6669421195983887	12.965953826904297	7.47559928894043	5.525867462158203	1.6637616157531738	6.645325660705566	1.9219615459442139	14.457498550415039	-12.452248573303223	5.018423557281494	4.4889092445373535
K77N	1.9580122232437134	7.349848747253418	10.406054496765137	-2.1287941932678223	-6.3187575340271	2.808687686920166	-3.5337517261505127	6.856247425079346	-12.303560256958008	-5.263918399810791	-0.016992997378110886
K77P	0.4139629006385803	1.2702045440673828	2.2989697456359863	-9.501579284667969	-7.54456090927124	-5.529124736785889	-8.172860145568848	2.80108380317688	-13.402181625366211	-10.530048370361328	-4.789613246917725
K77Q	1.3443523645401	15.53439712524414	9.707342147827148	4.782512187957764	-3.2507407665252686	6.090348243713379	-0.7178544998168945	5.690824031829834	-7.952534198760986	0.07510336488485336	3.130375385284424
K77R	4.525778293609619	14.323261260986328	6.67162561416626	7.748229503631592	1.2849043607711792	4.7411417961120605	-0.20756113529205322	6.271473407745361	-7.33422327041626	-0.8226414322853088	3.720198392868042
K77S	4.3238091468811035	15.763368606567383	1.7392369508743286	8.978151321411133	3.119610071182251	1.2843091487884521	1.5581361055374146	1.1700308322906494	-0.38424181938171387	-0.10636972635984421	3.7446041107177734
K77T	2.0037176609039307	13.522309303283691	2.923739433288574	3.3951122760772705	1.8803954124450684	-0.06338207423686981	0.2285154163837433	2.316655397415161	-10.372176170349121	0.056173358112573624	1.5891063213348389
K77V	-0.7357826232910156	4.8816118240356445	3.1127092838287354	4.541189670562744	13.003213882446289	-3.344881534576416	10.069500923156738	7.40542459487915	3.775383710861206	5.105669021606445	4.7814040184021
K77W	1.5777188539505005	5.206877708435059	11.855680465698242	-5.606888294219971	0.5039824843406677	4.568668365478516	1.0784296989440918	1.191773772239685	-17.081703186035156	-1.5674031972885132	0.17271390557289124
K77Y	1.1020036935806274	11.102632522583008	7.776584625244141	4.486978530883789	0.7155990600585938	0.32231128215789795	-0.6203001141548157	12.765645027160645	-15.88454532623291	-0.30955660343170166	2.145735263824463
W78A	-8.180486679077148	-0.17980092763900757	-6.254782676696777	-0.8192312717437744	-11.838695526123047	-16.81989288330078	-3.9367146492004395	-6.498787879943848	-5.673609733581543	-17.880027770996094	-7.808203220367432
W78C	-0.9171593189239502	-9.755990982055664	-3.688213586807251	3.0740745067596436	-3.7686901092529297	-4.341678619384766	-6.817009925842285	-3.2034313678741455	1.1962590217590332	-6.287116527557373	-3.4508957862854004
W78D	-6.171719074249268	-0.22564655542373657	-7.503918647766113	-0.07869485020637512	-13.578813552856445	-8.923527717590332	-4.232800006866455	-6.649290561676025	-1.9192661046981812	-6.270688056945801	-5.555436134338379
W78E	-4.213449001312256	1.8355352878570557	-6.1072797775268555	0.2498168647289276	-12.877755165100098	-10.825987815856934	-3.8288989067077637	-5.446032524108887	-1.7195719480514526	-5.826689720153809	-4.876031398773193
W78F	-2.391382932662964	0.482592910528183	-7.289302349090576	3.314359426498413	-5.1839118003845215	-10.491277694702148	1.2053847312927246	-0.8128199577331543	-3.9418485164642334	-12.660136222839355	-3.776834011077881
W78G	-3.046060562133789	-1.0703516006469727	-5.438565254211426	5.696080207824707	-4.6478352546691895	-7.326514720916748	-2.0277016162872314	-1.776037335395813	-2.003127336502075	-7.984593868255615	-2.9624710083007812
W78H	0.33615002036094666	-10.208361625671387	-2.3886170387268066	3.598365306854248	-6.335111618041992	-3.7172954082489014	-6.048289775848389	-5.7472429275512695	1.3048328161239624	-7.2308502197265625	-3.643641948699951
W78I	-3.3407387733459473	-13.85034465789795	-3.737943649291992	-3.670441150665283	-6.5202717781066895	-18.89564323425293	-0.4055348038673401	-2.839115619659424	-3.6470413208007812	-9.00822639465332	-6.591529846191406
W78K	0.002908371388912201	-9.70776653289795	-4.532307147979736	6.790501594543457	-3.4373912811279297	-3.5742781162261963	-9.614326477050781	-3.162188768386841	2.029167652130127	-7.593722820281982	-3.279940366744995
W78L	-7.239418983459473	-21.94307518005371	-7.177550315856934	-1.1272996664047241	-6.5808916091918945	-11.599114418029785	-3.291321277618408	1.8768612146377563	0.015376552939414978	-16.336973190307617	-7.340340614318848
W78M	-3.748772382736206	-13.03987979888916	-7.146059513092041	-0.3111659586429596	-3.6584208011627197	-5.574411392211914	-6.921572208404541	-10.781981468200684	0.7461508512496948	-6.953652381896973	-5.73897647857666
W78N	-1.1463240385055542	-11.054019927978516	-5.93997049331665	6.0268402099609375	-5.405250072479248	-5.41496467590332	-3.741095781326294	-5.016023635864258	0.5074598789215088	-8.104888916015625	-3.928823947906494
W78P	-1.4046076536178589	-6.003803253173828	-7.244034290313721	9.800192832946777	-9.575397491455078	-7.470611572265625	-3.810810089111328	-3.4729161262512207	-1.924542784690857	-6.968860149383545	-3.8075389862060547
W78Q	-3.0288503170013428	-6.464773178100586	-5.803442001342773	4.027255058288574	-5.272972583770752	-7.776141166687012	-2.884035348892212	-5.296866416931152	1.2088565826416016	-7.251704216003418	-3.854267120361328
W78R	-3.3502254486083984	-7.208588600158691	-6.515524864196777	1.9069911241531372	-6.3837385177612305	-11.174281120300293	-2.782802104949951	-6.138708114624023	1.313560128211975	-6.834270477294922	-4.716759204864502
W78S	-5.977910041809082	0.4132775366306305	-7.189413547515869	-0.31772926449775696	-12.941156387329102	-11.333253860473633	-2.978316068649292	-5.259216785430908	-4.873830318450928	-8.0984525680542	-5.855599880218506
W78T	-4.986824035644531	-3.664760112762451	-6.57870626449585	-1.5501575469970703	-8.881848335266113	-10.053504943847656	-3.814432382583618	-5.8994646072387695	-0.13686539232730865	-5.880019664764404	-5.144658088684082
W78V	-4.191644668579102	-12.256568908691406	-4.80392599105835	-1.6187385320663452	-6.180299758911133	-20.48867416381836	-1.5342919826507568	-1.1623622179031372	-4.757352828979492	-14.099117279052734	-7.109297275543213
W78Y	-1.3575670719146729	-6.507730484008789	-3.1209845542907715	2.4996120929718018	-3.9220592975616455	-4.524626731872559	-6.263339519500732	-5.78830623626709	1.6385154724121094	-5.732432842254639	-3.307892322540283
F79A	-40.80888366699219	-40.64151382446289	-21.15532112121582	-23.900854110717773	-53.895023345947266	-36.304603576660156	-13.014527320861816	-12.6666898727417	-29.742084503173828	-43.847415924072266	-31.597692489624023
F79C	-40.2244758605957	-33.16050338745117	-11.200756072998047	-19.127113342285156	-28.516334533691406	-34.30301284790039	-10.713309288024902	-9.81165885925293	-18.81369972229004	-59.15497589111328	-26.50258445739746
F79D	-57.42097854614258	-47.20664978027344	-18.57387351989746	-31.067033767700195	-65.04669952392578	-49.642154693603516	-10.698590278625488	-22.09126091003418	-40.7928581237793	-68.67476654052734	-41.121482849121094
F79E	-54.95160675048828	-45.39799118041992	-16.3603458404541	-28.541128158569336	-58.103492736816406	-49.83740234375	-9.371338844299316	-20.232240676879883	-37.58681869506836	-67.81201934814453	-38.819435119628906
F79G	-49.85108947753906	-47.4411735534668	-21.409420013427734	-22.574506759643555	-62.33839797973633	-44.07611846923828	-10.199796676635742	-15.625925064086914	-38.92380905151367	-65.14698028564453	-37.75872039794922
F79H	-33.13612747192383	-37.615196228027344	-14.542202949523926	-21.092487335205078	-30.510364532470703	-31.821552276611328	-9.620171546936035	-4.9623003005981445	-15.050924301147461	-66.3731918334961	-26.47245216369629
F79I	-18.58000946044922	-33.50792694091797	-10.304550170898438	-3.1997528076171875	-19.664453506469727	-26.48242950439453	-3.2838900089263916	-1.169486165046692	-7.110044479370117	-19.087902069091797	-14.239044189453125
F79K	-52.55976486206055	-39.97983169555664	-17.1163387298584	-27.672931671142578	-37.948265075683594	-42.40755081176758	-14.709888458251953	-17.26382827758789	-23.469051361083984	-67.3825912475586	-34.051002502441406
F79L	-13.536081314086914	-43.95730972290039	-7.458529949188232	3.1691195964813232	-12.410706520080566	-18.499801635742188	-5.79920768737793	10.28388500213623	3.2361342906951904	-4.683635234832764	-8.965612411499023
F79M	-35.28171157836914	-27.72003746032715	-12.977640151977539	-11.355960845947266	-26.654382705688477	-24.975078582763672	-5.431994915008545	-3.373736619949341	-9.541329383850098	-47.96016311645508	-20.527202606201172
F79N	-48.90064239501953	-42.89616775512695	-16.50434684753418	-24.482967376708984	-43.99399948120117	-42.18199157714844	-10.222535133361816	-17.745935440063477	-24.353986740112305	-64.00116729736328	-33.52837371826172
F79P	-54.14134979248047	-40.218109130859375	-18.38129425048828	-26.317527770996094	-48.0849609375	-43.59623718261719	-13.624818801879883	-19.5635986328125	-30.48203468322754	-53.682315826416016	-34.809226989746094
F79Q	-49.73134231567383	-39.10282897949219	-15.337568283081055	-25.522531509399414	-46.40644073486328	-45.38748550415039	-9.676409721374512	-18.17901611328125	-26.657028198242188	-65.99596405029297	-34.19966125488281
F79R	-49.13196563720703	-42.07368850708008	-16.570327758789062	-26.539892196655273	-49.81393814086914	-47.57328414916992	-8.943177223205566	-21.118471145629883	-30.414274215698242	-63.397377014160156	-35.557640075683594
F79S	-50.07160568237305	-45.78685760498047	-19.720117568969727	-23.7044734954834	-64.07632446289062	-46.20833969116211	-10.379498481750488	-13.264142990112305	-46.960330963134766	-58.9488410949707	-37.912052154541016
F79T	-48.346920013427734	-38.95771408081055	-14.850887298583984	-24.17074966430664	-47.86801528930664	-42.71662902832031	-8.941554069519043	-16.918441772460938	-39.46296691894531	-57.19752502441406	-33.943138122558594
F79V	-22.900957107543945	-43.33344650268555	-12.128161430358887	-2.151221752166748	-21.137941360473633	-28.47214126586914	-5.878813743591309	0.11415795981884003	-7.594380855560303	-17.200119018554688	-16.068302154541016
F79W	-32.25862121582031	-32.62784194946289	-23.850252151489258	-22.11933135986328	-21.73760986328125	-45.936134338378906	-16.98744010925293	-10.393171310424805	-12.051216125488281	-62.24750900268555	-28.020910263061523
F79Y	-37.61726760864258	-33.31094741821289	-11.143933296203613	-18.5002498626709	-32.13960266113281	-31.075115203857422	-6.9788312911987305	-6.504767894744873	-17.98578453063965	-55.44221878051758	-25.06987190246582
A80C	-2.972881317138672	3.598630905151367	-3.5798606872558594	-9.265196800231934	-17.148717880249023	-3.4163386821746826	-8.315129280090332	-1.6438974142074585	-5.040332317352295	-3.9469668865203857	-5.173069477081299
A80D	-8.12651252746582	-1.8183422088623047	-10.258281707763672	-12.608824729919434	-14.94247817993164	-5.450356483459473	-5.308263778686523	-1.9038602113723755	-9.198417663574219	-4.03542947769165	-7.365077018737793
A80E	-7.161775588989258	1.5252463817596436	-8.672950744628906	-10.874808311462402	-10.648896217346191	-3.3222286701202393	-7.048967361450195	-1.2728607654571533	-6.132608890533447	-0.7305909991264343	-5.434043884277344
A80F	-7.206897735595703	-14.05210018157959	-12.84227180480957	-5.336458206176758	-13.70892333984375	-12.336894989013672	4.616954326629639	-0.16521377861499786	-9.793688774108887	0.23711231350898743	-7.058838844299316
A80G	-6.1301140785217285	-1.2207615375518799	-8.561951637268066	-12.7711763381958	-23.2208251953125	-3.8515095710754395	-6.0665507316589355	2.465803623199463	-6.346303462982178	-9.722559928894043	-7.542594909667969
A80H	-2.0790343284606934	1.362100601196289	-2.8777575492858887	-11.657482147216797	-18.84178924560547	-2.2465295791625977	-10.69089412689209	-1.9629625082015991	-4.700870990753174	-3.8532683849334717	-5.754848957061768
A80I	-2.7538158893585205	-13.47825813293457	-10.138079643249512	-12.818283081054688	-5.89183235168457	-10.40656852722168	3.7444653511047363	1.611792802810669	0.9029021263122559	3.0467684268951416	-4.618091106414795
A80K	-2.37949538230896	1.4437100887298584	-6.48314094543457	-10.322452545166016	-22.0914249420166	-4.158059120178223	-8.715092658996582	-3.710996627807617	-4.871942043304443	-6.392917633056641	-6.768180847167969
A80L	2.915842294692993	-29.49630355834961	-6.954386234283447	-2.7019548416137695	-3.6753573417663574	-18.885007858276367	2.495582103729248	5.299729347229004	5.042340278625488	-8.274384498596191	-5.423389911651611
A80M	-2.7674942016601562	1.2960299253463745	-0.9648170471191406	-8.955876350402832	-18.836984634399414	-4.229535102844238	-17.15877914428711	-0.4036797285079956	-3.85182523727417	-4.197207927703857	-6.007016658782959
A80N	-3.4929981231689453	0.41203126311302185	-8.284187316894531	-8.535711288452148	-24.898324966430664	-4.158597946166992	-6.179744720458984	-2.413987398147583	-6.780993938446045	-6.642451763153076	-7.097496032714844
A80P	-3.6589431762695312	0.6937385201454163	-14.470427513122559	-15.286388397216797	-34.49919509887695	-8.403539657592773	-8.939130783081055	-5.7379961013793945	-9.10233211517334	-8.223849296569824	-10.762807846069336
A80Q	-2.9090514183044434	2.752042770385742	-6.367878437042236	-8.706632614135742	-17.239994049072266	-1.80049467086792	-10.49366283416748	-3.0172245502471924	-5.116331100463867	-2.998851776123047	-5.589807510375977
A80R	-3.3582229614257812	3.7388336658477783	-6.538939476013184	-2.758490562438965	-14.84442138671875	-2.4549343585968018	-6.007909774780273	-2.371640682220459	-4.833347320556641	-0.5404790639877319	-3.996955156326294
A80S	-4.849722862243652	4.027403354644775	-7.926717758178711	-13.111860275268555	-13.553308486938477	-4.582900524139404	-3.6947364807128906	0.9433138966560364	-6.178393840789795	0.05557539314031601	-4.887135028839111
A80T	-4.575161457061768	5.470484733581543	-7.2626471519470215	-8.770505905151367	-14.103813171386719	-5.497088432312012	-6.669882774353027	-0.8779818415641785	-4.633509159088135	-0.7030268311500549	-4.762313365936279
A80V	-1.0690759420394897	-13.422245979309082	-8.718263626098633	-10.256831169128418	-3.148510217666626	-14.237737655639648	4.992669105529785	2.2251877784729004	3.1677379608154297	2.691995620727539	-3.7775070667266846
A80W	2.2125775814056396	-0.1977424919605255	-7.22111701965332	-19.88925552368164	-7.920162200927734	-5.472557067871094	-11.458809852600098	-9.16490650177002	-7.322068691253662	-8.612898826599121	-7.50469446182251
A80Y	-4.284996509552002	3.3852758407592773	-3.758125066757202	-6.36106014251709	-21.0294189453125	-3.1442158222198486	-8.096362113952637	-2.2346513271331787	-4.313998699188232	-2.7111496925354004	-5.254870414733887
D81A	27.093812942504883	35.77992248535156	3.6062235832214355	12.546886444091797	8.834382057189941	14.214972496032715	4.788037300109863	17.058101654052734	13.934189796447754	7.936929225921631	14.579345703125
D81C	16.65424346923828	11.572263717651367	-1.809866189956665	9.315482139587402	2.7858223915100098	5.46803617477417	0.9918569922447205	1.2411613464355469	3.958425998687744	-0.09345800429582596	5.008397102355957
D81E	35.09461212158203	29.12031364440918	4.525760650634766	20.7672119140625	7.321190357208252	19.820907592773438	4.15070915222168	16.2591552734375	7.732372760772705	5.484089374542236	15.027633666992188
D81F	5.5547380447387695	4.1433210372924805	-1.2488130331039429	5.941671371459961	7.652569770812988	10.276195526123047	-1.4145931005477905	5.315794944763184	3.574232578277588	7.008914947509766	4.680403709411621
D81G	20.274526596069336	17.859275817871094	0.8893555402755737	14.392684936523438	6.0285749435424805	22.332304000854492	0.7325620055198669	6.50629997253418	8.54871940612793	10.813427925109863	10.837774276733398
D81H	21.971925735473633	13.779485702514648	-5.907210826873779	6.786397933959961	2.51611590385437	4.62551212310791	1.6800470352172852	-1.2108272314071655	4.533030033111572	-0.37409067153930664	4.840038776397705
D81I	6.343501567840576	0.3085719048976898	0.06312054395675659	-3.263284206390381	10.992606163024902	4.210829257965088	-0.7229644060134888	5.83346700668335	2.0844337940216064	7.661107540130615	3.3511385917663574
D81K	16.91667366027832	12.175073623657227	-7.666714668273926	8.030977249145508	2.266052007675171	4.375734329223633	-0.0780741423368454	0.7897571325302124	3.5852901935577393	-1.4855599403381348	3.890920639038086
D81L	0.6876426339149475	-18.05782127380371	-2.222832679748535	-5.122295379638672	1.5689915418624878	5.734341621398926	-6.949842929840088	7.4415602684021	1.4773615598678589	-5.31663703918457	-2.0759530067443848
D81M	8.109816551208496	8.886800765991211	3.377601146697998	13.429243087768555	6.834360122680664	5.406955718994141	1.5661758184432983	1.9067384004592896	1.2312304973602295	1.1744651794433594	5.192338466644287
D81N	26.974422454833984	12.610814094543457	-7.053675174713135	11.627093315124512	2.5517983436584473	8.305254936218262	1.6603912115097046	4.006584644317627	6.902282238006592	-1.1226084232330322	6.646235466003418
D81P	8.890923500061035	-4.508115768432617	-21.4664306640625	9.01395320892334	-0.40931034088134766	4.313014984130859	-6.998708248138428	-3.016204833984375	2.3466992378234863	-14.547637939453125	-2.638181686401367
D81Q	29.78031349182129	22.387239456176758	-0.4220878779888153	17.111553192138672	4.209558486938477	8.676493644714355	3.622361898422241	6.436524391174316	6.924620151519775	3.622901201248169	10.234947204589844
D81R	31.050825119018555	22.958738327026367	2.4665699005126953	12.397787094116211	4.7740797996521	12.612882614135742	4.403945446014404	10.28255558013916	9.287616729736328	2.201941728591919	11.243694305419922
D81S	34.9650993347168	32.91067886352539	3.3803658485412598	13.840828895568848	6.269444465637207	21.139423370361328	3.3767125606536865	15.46633529663086	9.0352201461792	6.372000694274902	14.675610542297363
D81T	24.088605880737305	21.775592803955078	4.311707496643066	13.330711364746094	5.319236755371094	10.979960441589355	1.8721343278884888	12.76203727722168	7.238757133483887	3.1665337085723877	10.484526634216309
D81V	5.654676914215088	-3.773423910140991	-1.4541752338409424	-1.8783892393112183	12.702880859375	4.136564254760742	1.925127625465393	9.01380443572998	1.8080658912658691	5.459486961364746	3.359461545944214
D81W	14.665329933166504	7.762741565704346	-10.074541091918945	-8.635762214660645	-0.7128103971481323	-2.0324180126190186	1.3156788349151611	-12.607268333435059	-1.5294976234436035	-6.403327465057373	-1.8251874446868896
D81Y	15.880674362182617	12.412454605102539	-1.97300124168396	11.386739730834961	3.4065604209899902	6.6167802810668945	1.5081664323806763	2.2805254459381104	4.691771984100342	2.5466229915618896	5.875729560852051
R82A	-1.181604266166687	2.094548225402832	-8.91008472442627	3.8124277591705322	-5.1000566482543945	-0.0818312019109726	-1.1328763961791992	-4.960673809051514	-0.05829806625843048	-9.733811378479004	-2.52522611618042
R82C	3.4928641319274902	11.074342727661133	-0.3729454576969147	7.308734893798828	0.9267195463180542	-6.272336483001709	-2.4706220626831055	-1.7465721368789673	2.423804759979248	0.29650330543518066	1.4660491943359375
R82D	2.839768886566162	12.517351150512695	-4.613962173461914	9.65253734588623	-12.211389541625977	-1.578277826309204	-0.0103224478662014	1.714408278465271	0.3648805022239685	-5.985934257507324	0.2689059376716614
R82E	1.7486516237258911	9.725728034973145	-3.4753503799438477	14.613631248474121	-11.364933013916016	1.049964427947998	-0.8936871290206909	-2.355026960372925	1.5363467931747437	-3.3296749591827393	0.7255648374557495
R82F	6.945413589477539	-3.950338363647461	-7.949096202850342	5.770760536193848	6.712764739990234	-0.7237105965614319	6.589090824127197	-0.25174078345298767	0.8765910267829895	0.46874138712882996	1.4488475322723389
R82G	2.2728593349456787	-17.570545196533203	-7.37504768371582	11.376506805419922	-5.14080810546875	6.860358238220215	-1.4822849035263062	3.423699378967285	-2.8867390155792236	-1.2383462190628052	-1.176034688949585
R82H	6.195333480834961	7.873819828033447	0.14158445596694946	5.191102981567383	-1.9732071161270142	-5.493268966674805	-1.7016681432724	-2.6343071460723877	3.7678005695343018	4.234715461730957	1.5601904392242432
R82I	3.0024380683898926	-16.6165714263916	-2.0850465297698975	4.2231340408325195	6.247556686401367	-3.4299914836883545	2.363020181655884	-3.9265849590301514	1.5345512628555298	-0.6980661749839783	-0.9385560750961304
R82K	4.0971174240112305	8.74822998046875	-3.1991612911224365	5.3033294677734375	1.368412733078003	-9.948989868164062	-3.4320061206817627	0.6743986010551453	1.4227936267852783	-2.278991460800171	0.27551329135894775
R82L	0.4345344007015228	-48.6600456237793	-0.9933739900588989	1.8619563579559326	6.346808433532715	4.175271987915039	-1.7131274938583374	5.354706764221191	3.2527222633361816	-9.018071174621582	-3.895861864089966
R82M	3.642059326171875	12.047152519226074	1.5013915300369263	11.960471153259277	2.529881477355957	-3.556480646133423	-2.9693868160247803	-0.8263861536979675	0.05007012188434601	-0.4042034149169922	2.397456645965576
R82N	3.0981192588806152	8.448612213134766	-3.755776882171631	7.015594959259033	-3.1150455474853516	-3.9286787509918213	-1.3351894617080688	1.7874372005462646	3.3197314739227295	-2.8419792652130127	0.869282603263855
R82P	2.518486738204956	-0.1511998474597931	-17.23825454711914	3.025547742843628	-5.749716281890869	-9.372076988220215	-2.9365217685699463	-7.843266010284424	2.1789233684539795	-7.8162055015563965	-4.338428020477295
R82Q	3.90069580078125	13.430215835571289	-2.5024309158325195	11.322687149047852	-0.9540808796882629	-5.005664825439453	-0.5367386937141418	2.9209401607513428	2.888981580734253	-2.376624584197998	2.30879807472229
R82S	3.7813527584075928	13.46416187286377	-3.3805627822875977	13.77868366241455	-5.974252223968506	3.205670118331909	0.056573037058115005	-2.5958123207092285	1.4380618333816528	-7.599924564361572	1.6173951625823975
R82T	2.220177173614502	16.674169540405273	-2.595846652984619	14.850688934326172	1.0141502618789673	-2.0174877643585205	-2.124080181121826	0.7734220027923584	2.6107470989227295	-2.1542181968688965	2.9251718521118164
R82V	2.6057796478271484	-28.927709579467773	-2.493360757827759	0.180945485830307	6.445309162139893	-4.3357038497924805	3.5272724628448486	-2.1898319721221924	1.6494561433792114	-3.8849849700927734	-2.7422826290130615
R82W	4.952462673187256	5.52898645401001	0.6727150678634644	-0.05298689007759094	-2.294497013092041	-10.633577346801758	-4.592586517333984	-6.8214945793151855	-3.933683156967163	-1.2279185056686401	-1.840258002281189
R82Y	5.5553507804870605	10.856087684631348	-0.43356993794441223	7.723101615905762	0.9523797035217285	-5.4291486740112305	-2.4206535816192627	-1.4433774948120117	3.049499988555908	2.427985668182373	2.0837655067443848
G83A	-0.8875110745429993	8.493021011352539	-1.3631725311279297	-1.0783607959747314	-6.184310436248779	11.112531661987305	6.9825568199157715	6.693016529083252	-2.5908596515655518	6.088958740234375	2.7265868186950684
G83C	13.281821250915527	9.389713287353516	4.035739421844482	-8.171998023986816	10.083803176879883	6.002910614013672	13.016666412353516	-17.6608829498291	3.3626456260681152	7.957916736602783	4.129834175109863
G83D	1.3531514406204224	10.962512969970703	-0.8462710380554199	-17.529556274414062	-1.2059916257858276	10.031293869018555	11.829121589660645	3.339045286178589	-3.1988537311553955	2.9158201217651367	1.7650272846221924
G83E	3.0943615436553955	13.131156921386719	0.9090523719787598	-13.012575149536133	-0.7789487838745117	10.488261222839355	9.706912994384766	3.649120330810547	-0.4017619490623474	8.019613265991211	3.4805190563201904
G83F	0.7274015545845032	4.943397521972656	-3.851013660430908	-3.00913667678833	-11.678876876831055	5.183890342712402	1.899299144744873	1.483781337738037	0.7115095853805542	1.6314069032669067	-0.19583405554294586
G83H	18.887929916381836	8.992223739624023	4.4960784912109375	-5.853285312652588	12.814518928527832	8.574336051940918	11.45620059967041	-17.49383544921875	7.29890251159668	9.858663558959961	5.903173923492432
G83I	1.8893965482711792	4.098507404327393	-2.305962324142456	-1.1790261268615723	-14.366920471191406	2.626167058944702	2.9603991508483887	0.7404122352600098	0.17989277839660645	3.467478036880493	-0.1889655888080597
G83K	9.457362174987793	10.687188148498535	4.212197780609131	-6.2614545822143555	13.899105072021484	1.989004135131836	18.595252990722656	-22.99056053161621	5.7308173179626465	10.946428298950195	4.626534461975098
G83L	2.434347629547119	7.164188861846924	-5.595190048217773	-3.352602005004883	-17.003684997558594	-0.8162253499031067	2.343660831451416	-5.238656997680664	2.8917932510375977	-4.559206962585449	-2.1731574535369873
G83M	9.316946029663086	10.360067367553711	2.7439448833465576	-11.905112266540527	7.787149906158447	1.5288910865783691	14.353675842285156	-14.865547180175781	1.411263346672058	6.0715508460998535	2.6802828311920166
G83N	10.125317573547363	10.699108123779297	3.2743968963623047	-13.936580657958984	6.394329071044922	7.991713523864746	15.665246963500977	-18.772789001464844	5.458218574523926	8.775097846984863	3.5674057006835938
G83P	4.567355632781982	10.28441047668457	2.5187196731567383	-11.812271118164062	7.109848976135254	0.7467448711395264	14.88260269165039	-27.771894454956055	5.29013729095459	4.924806594848633	1.07404625415802
G83Q	10.493470191955566	11.968223571777344	3.2736198902130127	-10.242101669311523	3.3846921920776367	8.231035232543945	15.053537368774414	-13.34785270690918	4.892900466918945	8.889623641967773	4.259714603424072
G83R	6.56076717376709	14.053261756896973	2.613265037536621	-11.27309799194336	0.9243942499160767	8.01093864440918	14.172921180725098	-10.75645637512207	3.640411615371704	5.417358875274658	3.336376667022705
G83S	0.8903250098228455	7.616347312927246	-0.7655386924743652	-6.6734232902526855	-3.332735061645508	13.255324363708496	11.95398235321045	8.988287925720215	-5.999293327331543	3.9172120094299316	2.985048770904541
G83T	5.069490432739258	11.363015174865723	1.726930022239685	-5.595301628112793	0.2937697470188141	6.6598405838012695	14.173336029052734	-5.636180877685547	2.9096875190734863	5.963500499725342	3.6928088665008545
G83V	1.0453299283981323	3.7452404499053955	-1.9519999027252197	-1.1262011528015137	-10.760213851928711	2.6285221576690674	3.1235432624816895	-0.06776703894138336	2.9496753215789795	2.8091251850128174	0.23952536284923553
G83W	10.79256820678711	9.992147445678711	4.052525043487549	-5.16956901550293	19.820777893066406	-2.3287789821624756	19.40863037109375	-14.82432746887207	2.9882652759552	11.559757232666016	5.629199504852295
G83Y	14.38338851928711	10.474851608276367	3.73872971534729	-10.19636058807373	7.733465671539307	6.119304180145264	12.624809265136719	-14.012161254882812	4.500549793243408	6.71889066696167	4.2085466384887695
H84A	-14.738534927368164	-20.27374267578125	-23.19736671447754	-2.5352728366851807	-27.783649444580078	-20.76018714904785	-2.5241847038269043	1.9997013807296753	-7.943945407867432	-17.179481506347656	-13.49366569519043
H84C	-11.126213073730469	-13.870530128479004	-10.059125900268555	-2.528256893157959	-12.719175338745117	-35.61688995361328	-8.058398246765137	-5.947821140289307	-13.670541763305664	-13.394463539123535	-12.699140548706055
H84D	-20.592683792114258	-27.88014793395996	-19.40301513671875	-26.473159790039062	-25.89764976501465	-29.107398986816406	-11.593213081359863	-12.617269515991211	-30.28824234008789	-15.76901626586914	-21.96217918395996
H84E	-15.901123046875	-27.550268173217773	-18.201372146606445	-17.46670150756836	-22.281633377075195	-42.05231475830078	-10.623777389526367	-11.828777313232422	-26.060245513916016	-18.011770248413086	-20.9977970123291
H84F	-3.281745433807373	-6.947409629821777	-18.116374969482422	3.781635046005249	-18.79186248779297	-4.18309211730957	-0.8155701160430908	0.375111848115921	-0.9494115114212036	-6.543033123016357	-5.547175407409668
H84G	-21.991182327270508	-29.4727783203125	-24.76421546936035	-19.344331741333008	-30.759471893310547	-23.45635223388672	-12.291620254516602	-16.135242462158203	-40.55647659301758	-16.069313049316406	-23.48409652709961
H84I	-1.8840199708938599	-12.053736686706543	-7.495260238647461	-1.0236328840255737	-10.929914474487305	-14.39674186706543	2.1429226398468018	4.264838218688965	1.7490720748901367	-1.3407562971115112	-4.0967230796813965
H84K	-10.466853141784668	-20.393648147583008	-11.133463859558105	-6.478282451629639	-13.503066062927246	-40.01581954956055	-10.825836181640625	-12.202963829040527	-17.78741455078125	-15.805660247802734	-15.861300468444824
H84L	-5.283740043640137	-24.698726654052734	2.49160099029541	-11.62666130065918	-2.1286873817443848	-6.93068265914917	0.02607351914048195	7.568978309631348	8.761465072631836	-0.0028635337948799133	-3.1823248863220215
H84M	-12.632431030273438	-12.877005577087402	-10.434905052185059	-1.4989664554595947	-10.500673294067383	-33.326454162597656	-7.205940246582031	-9.589004516601562	-9.354439735412598	-12.971983909606934	-12.039180755615234
H84N	-10.887097358703613	-22.049346923828125	-12.669569969177246	-9.284372329711914	-15.79066276550293	-36.48308181762695	-10.284460067749023	-8.658503532409668	-25.183731079101562	-16.049118041992188	-16.73399543762207
H84P	-18.134456634521484	-20.12039566040039	-16.723007202148438	-20.15422248840332	-20.747713088989258	-32.337093353271484	-20.659862518310547	-16.99643325805664	-32.010643005371094	-18.316194534301758	-21.6200008392334
H84Q	-10.605568885803223	-20.072250366210938	-13.494293212890625	-10.752232551574707	-14.289589881896973	-43.145599365234375	-8.8502197265625	-9.15453052520752	-20.413654327392578	-14.29986572265625	-16.507780075073242
H84R	-11.565205574035645	-28.920316696166992	-16.552541732788086	-13.123035430908203	-19.26658821105957	-45.83381271362305	-7.179750442504883	-12.203279495239258	-20.911046981811523	-18.786142349243164	-19.434171676635742
H84S	-13.329156875610352	-26.90576934814453	-24.508005142211914	-18.91938591003418	-27.8214054107666	-25.616226196289062	-9.19286060333252	-8.432952880859375	-27.923904418945312	-17.828439712524414	-20.047809600830078
H84T	-15.708215713500977	-21.8687686920166	-16.635726928710938	-14.385762214660645	-22.018951416015625	-34.192413330078125	-11.131208419799805	-8.863160133361816	-18.8604793548584	-16.801456451416016	-18.046611785888672
H84V	-0.5070623159408569	-18.25792694091797	-9.347444534301758	-2.908693313598633	-8.5704345703125	-15.3224458694458	1.5411243438720703	6.080352306365967	4.882045745849609	-4.131259918212891	-4.654173851013184
H84W	-3.0687897205352783	-14.599664688110352	-8.271391868591309	1.3708014488220215	-4.791439056396484	-31.657978057861328	-10.217008590698242	-13.588247299194336	-9.948596000671387	-13.76619815826416	-10.853851318359375
H84Y	-9.888351440429688	-11.884202003479004	-10.661338806152344	-0.29175451397895813	-11.2905912399292	-33.77938461303711	-7.392483234405518	-3.3735976219177246	-14.364234924316406	-11.263524055480957	-11.418947219848633
S85A	20.81719398498535	38.944366455078125	6.1367082595825195	9.645651817321777	3.154062509536743	22.329931259155273	6.448654651641846	11.131946563720703	9.838469505310059	8.485231399536133	13.693222045898438
S85C	24.057146072387695	14.605656623840332	5.298584938049316	-4.433895111083984	2.3673601150512695	16.488616943359375	5.175116062164307	5.446760177612305	5.803457736968994	6.796178340911865	8.16049861907959
S85D	19.23293113708496	19.687585830688477	7.362678527832031	-2.4924707412719727	0.25528284907341003	18.300594329833984	4.782283306121826	8.80441665649414	4.056252479553223	6.022385120391846	8.601194381713867
S85E	16.959857940673828	20.508302688598633	6.579803943634033	3.3531494140625	3.028836250305176	16.48565673828125	5.195113658905029	11.1220064163208	4.401189804077148	8.007834434509277	9.564175605773926
S85F	12.407758712768555	16.96750831604004	3.2355833053588867	10.810372352600098	6.262589931488037	17.333236694335938	5.042596340179443	12.209957122802734	10.02536392211914	11.848616600036621	10.614356994628906
S85G	23.924226760864258	16.91236114501953	4.9685587882995605	2.4267079830169678	1.093328595161438	15.762504577636719	3.0951695442199707	7.802844524383545	8.419449806213379	7.6097540855407715	9.20149040222168
S85H	32.24884033203125	13.39435863494873	6.212515354156494	0.4894163906574249	0.7148293852806091	22.609577178955078	7.605433940887451	5.522100448608398	7.865584373474121	8.962554931640625	10.562520980834961
S85I	15.463019371032715	15.618932723999023	4.308553695678711	9.100119590759277	7.050905227661133	12.627751350402832	5.70216703414917	10.213689804077148	5.15275764465332	8.335919380187988	9.357381820678711
S85K	22.522790908813477	14.119377136230469	4.838354110717773	-10.317279815673828	2.1846349239349365	20.577421188354492	5.8300957679748535	4.726227760314941	4.2023024559021	6.025797367095947	7.470972537994385
S85L	5.770987033843994	3.87530779838562	-11.831801414489746	-1.023917555809021	13.165255546569824	3.7425761222839355	2.453920841217041	13.181023597717285	7.785356044769287	-0.5921584963798523	3.6526546478271484
S85M	20.58426284790039	13.501611709594727	5.149354457855225	-1.267336130142212	2.448991298675537	12.446920394897461	4.4465813636779785	5.334017276763916	2.9768271446228027	6.943050861358643	7.2564287185668945
S85N	22.514198303222656	16.185823440551758	4.273510456085205	-3.293722629547119	1.4229726791381836	19.441123962402344	5.416653633117676	4.882150650024414	5.437853813171387	3.546447515487671	7.982700347900391
S85P	12.899347305297852	9.407747268676758	-1.0099849700927734	-4.9956159591674805	1.2926640510559082	12.663089752197266	2.4485960006713867	3.1448662281036377	1.9414178133010864	-6.743858337402344	3.1048271656036377
S85Q	21.02997589111328	18.565473556518555	5.687576770782471	0.6398398876190186	2.1071548461914062	15.739538192749023	5.873175144195557	6.304990768432617	5.9994893074035645	6.499809741973877	8.84470272064209
S85R	20.763193130493164	19.27489471435547	4.641214847564697	-0.44842323660850525	0.8979518413543701	15.914870262145996	6.092891216278076	5.99639892578125	7.14056396484375	5.710358619689941	8.59839153289795
S85T	18.425537109375	20.053939819335938	4.162700653076172	0.43316492438316345	1.350509524345398	16.040836334228516	5.790769577026367	7.188969612121582	5.0486369132995605	6.240152835845947	8.473522186279297
S85V	13.68889045715332	23.252843856811523	2.2400031089782715	9.807232856750488	7.7990264892578125	12.733467102050781	4.965152263641357	13.141307830810547	7.238170146942139	8.469388961791992	10.333547592163086
S85W	26.97117042541504	12.143991470336914	7.321496963500977	-24.23222541809082	2.9926857948303223	22.310096740722656	8.044718742370605	2.29335355758667	-0.13129927217960358	7.7766642570495605	6.549065589904785
S85Y	26.898218154907227	15.738832473754883	5.707557201385498	-0.6938704252243042	2.4606659412384033	16.23875617980957	4.7999444007873535	5.086924076080322	7.08250617980957	5.016546726226807	8.83360767364502
V86A	-33.216426849365234	-19.744972229003906	-25.27223777770996	-2.784214973449707	-48.057621002197266	-34.90740966796875	-9.433942794799805	3.575637102127075	-22.982521057128906	-42.2787971496582	-23.510250091552734
V86C	-31.514745712280273	-33.76019287109375	-20.038185119628906	-15.020040512084961	-30.687257766723633	-34.08289337158203	-10.46670150756836	-10.326289176940918	-25.995121002197266	-41.34157180786133	-25.323301315307617
V86D	-51.41159439086914	-39.047611236572266	-27.33333969116211	-19.101240158081055	-61.966758728027344	-53.23948669433594	-11.521553993225098	-13.579718589782715	-27.12954330444336	-55.386592864990234	-35.971744537353516
V86E	-40.960994720458984	-37.34578323364258	-26.986080169677734	-16.356374740600586	-53.70295715332031	-47.48823928833008	-8.308191299438477	-12.151601791381836	-29.978927612304688	-52.22991180419922	-32.55091094970703
V86F	-26.531862258911133	-20.14523696899414	-30.50699806213379	4.560383319854736	-26.65392303466797	-28.053634643554688	-4.952363014221191	-0.7376300096511841	-21.295486450195312	-23.428442001342773	-17.774517059326172
V86G	-45.12936782836914	-38.260643005371094	-35.55628204345703	-14.189489364624023	-56.447513580322266	-47.20219039916992	-9.531813621520996	-10.523224830627441	-29.9471492767334	-57.80198669433594	-34.45896530151367
V86H	-29.676931381225586	-35.686607360839844	-17.937482833862305	-19.900665283203125	-36.22060012817383	-40.627403259277344	-14.772282600402832	-8.982560157775879	-26.018665313720703	-45.336185455322266	-27.51593589782715
V86I	-18.857891082763672	-33.78831100463867	-23.723342895507812	-4.590129852294922	-16.41213607788086	-30.680557250976562	-3.142957925796509	-4.032435417175293	-11.774774551391602	-26.780879974365234	-17.37834358215332
V86K	-42.27583694458008	-36.02779769897461	-23.081295013427734	-21.580087661743164	-41.46926498413086	-44.334678649902344	-15.559603691101074	-12.485003471374512	-32.27025604248047	-47.76041793823242	-31.68442153930664
V86L	-25.726390838623047	-19.212839126586914	-22.810035705566406	-17.310503005981445	-7.167448997497559	-19.03005027770996	-0.5385673642158508	2.973378896713257	-5.2507123947143555	-20.758407592773438	-13.48315715789795
V86M	-26.835180282592773	-33.688941955566406	-22.553449630737305	-13.03811264038086	-30.41730308532715	-27.467132568359375	-6.849409580230713	-8.208348274230957	-24.511838912963867	-36.99717330932617	-23.056690216064453
V86N	-43.280357360839844	-36.05882263183594	-25.972631454467773	-21.693042755126953	-47.92508316040039	-43.47759246826172	-12.590030670166016	-11.080350875854492	-31.360977172851562	-50.7094612121582	-32.41483688354492
V86P	-53.28001022338867	-31.637100219726562	-36.96485137939453	-21.29422378540039	-52.430728912353516	-42.54518508911133	-18.8361759185791	-11.880766868591309	-34.98738479614258	-47.40831756591797	-35.1264762878418
V86Q	-42.40283203125	-37.87395477294922	-22.548095703125	-17.830556869506836	-48.145503997802734	-45.75259017944336	-9.852785110473633	-12.247171401977539	-29.29958152770996	-50.284080505371094	-31.62371826171875
V86R	-40.60881423950195	-40.3310432434082	-24.633317947387695	-16.876001358032227	-47.75491714477539	-46.93484878540039	-8.637356758117676	-11.730254173278809	-27.60830307006836	-52.08793258666992	-31.72027587890625
V86S	-41.60625457763672	-34.977073669433594	-29.793489456176758	-13.810556411743164	-58.257965087890625	-47.601905822753906	-11.367121696472168	-9.75293254852295	-29.06584930419922	-53.58751678466797	-32.9820671081543
V86T	-37.23020935058594	-37.32088851928711	-21.952232360839844	-14.431572914123535	-44.94091033935547	-43.94375991821289	-7.608758449554443	-12.73787784576416	-27.64078140258789	-47.766937255859375	-29.55739402770996
V86W	-31.107099533081055	-28.044658660888672	-20.52910614013672	-25.932592391967773	-22.706417083740234	-41.82005310058594	-25.22511100769043	-15.05545711517334	-29.59662628173828	-30.352249145507812	-27.036937713623047
V86Y	-28.9112548828125	-32.07990264892578	-21.382003784179688	-13.769376754760742	-35.06317138671875	-35.881919860839844	-9.7648286819458	-7.789206027984619	-27.32515525817871	-41.4752311706543	-25.344205856323242
V87A	-17.079994201660156	-6.283874988555908	-8.563461303710938	-2.176448345184326	-15.218550682067871	-13.869377136230469	1.1215612888336182	-3.1393179893493652	-1.3981982469558716	-21.95709228515625	-8.856475830078125
V87C	2.0873024463653564	-19.320140838623047	-4.21057653427124	-19.953121185302734	1.8398951292037964	-13.374180793762207	-14.669898986816406	-12.131571769714355	-3.099714994430542	-8.084938049316406	-9.091694831848145
V87D	-24.109739303588867	-24.639446258544922	-19.957788467407227	-16.127986907958984	-22.195575714111328	-19.879150390625	-9.924544334411621	-7.623858451843262	-2.9421422481536865	-19.455154418945312	-16.685537338256836
V87E	-18.67800521850586	-24.707731246948242	-12.599367141723633	-14.99974250793457	-20.422256469726562	-26.551851272583008	-8.452420234680176	-7.8236589431762695	-4.466329097747803	-18.708322525024414	-15.740968704223633
V87F	-11.193808555603027	0.07918674498796463	-14.34886360168457	1.9060125350952148	-13.536922454833984	-9.224617004394531	2.25864839553833	-2.9442923069000244	-10.997645378112793	-19.811513900756836	-7.781382083892822
V87G	-13.502659797668457	-26.28561782836914	-22.881284713745117	-8.307626724243164	-19.459537506103516	-20.482891082763672	-5.120171546936035	-7.52923059463501	-7.942631244659424	-26.95332145690918	-15.84649658203125
V87H	-4.421006202697754	-20.616710662841797	-5.800004005432129	-10.915715217590332	-5.738448143005371	-9.221638679504395	-17.56818389892578	-6.043871879577637	-7.760149002075195	-7.212416172027588	-9.529813766479492
V87I	-1.8464983701705933	8.493850708007812	-5.738576889038086	6.4394636154174805	-0.40264374017715454	-3.2041015625	3.7503175735473633	-0.7229527831077576	0.8147825598716736	-4.670681476593018	0.29129594564437866
V87K	-1.5941364765167236	-23.694042205810547	-7.92910099029541	-20.944612503051758	-4.66493558883667	-17.10519027709961	-19.906646728515625	-6.923983573913574	-11.379961967468262	-9.246020317077637	-12.338862419128418
V87L	1.1972553730010986	-14.1072416305542	-10.703751564025879	-8.554764747619629	2.0593435764312744	-2.7386434078216553	7.929876804351807	3.5324089527130127	9.17512035369873	4.855590343475342	-0.7354804277420044
V87M	-4.5366034507751465	-11.313587188720703	-2.9933574199676514	-20.79891586303711	7.650874137878418	-10.776458740234375	-13.92613697052002	-9.299580574035645	-2.317383289337158	-9.085596084594727	-7.7396745681762695
V87N	-6.356382369995117	-23.172697067260742	-13.151896476745605	-15.606607437133789	-12.06399154663086	-14.97119140625	-15.990134239196777	-7.360341548919678	-7.243246078491211	-12.190247535705566	-12.810674667358398
V87P	-10.228450775146484	-29.18138313293457	-22.072769165039062	-18.617643356323242	-15.867650985717773	-16.31163215637207	-21.64747428894043	-7.933095932006836	-12.326469421386719	-15.095511436462402	-16.928205490112305
V87Q	-10.434845924377441	-21.226455688476562	-10.041723251342773	-16.83541488647461	-11.548013687133789	-15.730672836303711	-15.87255573272705	-9.653159141540527	-2.9254977703094482	-12.911742210388184	-12.718008995056152
V87R	-9.22619915008545	-21.6732120513916	-13.327054023742676	-12.516683578491211	-13.482666015625	-25.737300872802734	-11.149175643920898	-10.127622604370117	-1.724145531654358	-15.865962982177734	-13.483003616333008
V87S	-18.69207763671875	-19.856544494628906	-20.640100479125977	-6.073359489440918	-22.328092575073242	-27.33465003967285	-4.705987453460693	-3.788243532180786	-7.782701015472412	-25.785932540893555	-15.698768615722656
V87T	-10.932792663574219	-17.751550674438477	-7.638738632202148	-14.37399673461914	-8.719451904296875	-17.15958595275879	-9.523426055908203	-7.293188095092773	-1.9929920434951782	-16.786821365356445	-11.217254638671875
V87W	1.0328733921051025	-22.219562530517578	-5.1414947509765625	-28.515974044799805	7.424900531768799	-11.511741638183594	-15.101139068603516	-18.592805862426758	-11.897053718566895	-6.018364429473877	-11.054036140441895
V87Y	-3.8411459922790527	-19.592758178710938	-7.650190353393555	-6.652116775512695	-6.2469482421875	-13.276477813720703	-13.728346824645996	-6.47613000869751	-4.299554824829102	-8.869739532470703	-9.06334114074707
G88A	-15.90883731842041	-14.00456714630127	-17.648435592651367	-0.3986070454120636	-25.399097442626953	-19.020891189575195	-8.999655723571777	-4.605095386505127	-16.70918083190918	-28.398666381835938	-15.10930347442627
G88C	-6.0408782958984375	-16.20114517211914	-15.448212623596191	-5.516138076782227	-14.825016021728516	-15.201286315917969	-11.851447105407715	-8.994316101074219	-18.135955810546875	-19.4553165435791	-13.166972160339355
G88D	-10.916044235229492	-22.238744735717773	-20.357288360595703	-7.626559734344482	-26.06847381591797	-19.11391258239746	-17.235118865966797	-7.777018070220947	-24.189638137817383	-23.060497283935547	-17.85832977294922
G88E	-10.910478591918945	-19.040752410888672	-14.294275283813477	-5.517409324645996	-23.18496322631836	-17.31894874572754	-10.179811477661133	-6.848483085632324	-22.125986099243164	-21.379579544067383	-15.08006763458252
G88F	-24.445100784301758	-21.05643081665039	-28.793598175048828	-10.509858131408691	-22.85171890258789	-14.629904747009277	-3.224409580230713	-7.803613185882568	-22.85280418395996	-27.610464096069336	-18.377788543701172
G88H	-5.796327114105225	-18.75333023071289	-15.061283111572266	-6.890441417694092	-14.112589836120605	-14.561676025390625	-10.760937690734863	-7.223796844482422	-21.90703773498535	-20.979278564453125	-13.604669570922852
G88I	-16.55119514465332	-24.109403610229492	-17.33643341064453	-9.43043041229248	-11.24580192565918	-24.02939796447754	-1.5138638019561768	-5.175962448120117	-9.715438842773438	-30.19923973083496	-14.930715560913086
G88K	-6.302438735961914	-18.22483253479004	-17.951719284057617	-7.341546535491943	-17.604402542114258	-16.2779541015625	-12.825925827026367	-7.662393569946289	-23.450054168701172	-22.207740783691406	-14.984899520874023
G88L	-35.568634033203125	-21.033472061157227	-34.257293701171875	-18.360675811767578	-13.730525970458984	-22.99911880493164	-5.283553600311279	2.5773816108703613	-13.095810890197754	-34.802303314208984	-19.6554012298584
G88M	-7.182178497314453	-15.417617797851562	-13.334297180175781	-8.287527084350586	-18.857128143310547	-15.175806045532227	-8.46676254272461	-7.120082378387451	-14.40760612487793	-15.816709518432617	-12.406571388244629
G88N	-9.17142391204834	-21.0863037109375	-20.024343490600586	-7.576596260070801	-19.85506248474121	-16.833600997924805	-13.662867546081543	-5.98344087600708	-27.25274658203125	-22.19017219543457	-16.36365509033203
G88P	-9.906458854675293	-23.033193588256836	-23.680660247802734	-11.223804473876953	-20.999629974365234	-14.29434585571289	-16.28754425048828	-5.5783233642578125	-30.968385696411133	-21.409547805786133	-17.738189697265625
G88Q	-9.84318733215332	-20.824636459350586	-16.33050537109375	-8.080344200134277	-20.149580001831055	-16.172330856323242	-11.380760192871094	-7.7563066482543945	-24.985692977905273	-21.32508659362793	-15.684843063354492
G88R	-8.866083145141602	-20.38021469116211	-16.524654388427734	-6.840714454650879	-20.77540397644043	-17.683597564697266	-12.769491195678711	-9.409832954406738	-23.915267944335938	-21.34153938293457	-15.850679397583008
G88S	-11.697994232177734	-20.498592376708984	-19.912643432617188	-5.237463474273682	-25.091814041137695	-20.13079261779785	-12.7127046585083	-8.65236759185791	-24.978357315063477	-23.514341354370117	-17.242708206176758
G88T	-9.201162338256836	-18.865041732788086	-17.441076278686523	-8.380730628967285	-21.17502784729004	-19.538040161132812	-13.02185344696045	-10.442017555236816	-18.446929931640625	-22.378345489501953	-15.889020919799805
G88V	-18.574810028076172	-21.117639541625977	-34.436405181884766	-8.87012004852295	-15.470989227294922	-34.547088623046875	-3.2164862155914307	-2.2493298053741455	-20.871288299560547	-37.553531646728516	-19.69076919555664
G88W	-3.142336845397949	-11.40477466583252	-15.42152214050293	-6.202053546905518	-5.021780490875244	-13.556574821472168	-12.49571704864502	-6.166670799255371	-17.42365837097168	-16.481847763061523	-10.731695175170898
G88Y	-6.785060882568359	-16.488252639770508	-14.127239227294922	-7.206870079040527	-16.221786499023438	-14.57510757446289	-10.953180313110352	-8.491086959838867	-21.257686614990234	-19.40791130065918	-13.551417350769043
V89A	-38.96220779418945	-34.26239776611328	-22.724245071411133	-3.7689383029937744	-48.372833251953125	-35.34946823120117	-10.233729362487793	0.08420261740684509	-39.17120361328125	-38.55531311035156	-27.131616592407227
V89C	-42.7857666015625	-45.08635711669922	-17.910852432250977	-17.382051467895508	-36.04449462890625	-34.05570983886719	-10.264476776123047	-10.336727142333984	-27.857162475585938	-37.559654235839844	-27.928325653076172
V89D	-66.73255157470703	-51.81019973754883	-24.582571029663086	-25.73410415649414	-61.089378356933594	-44.12062072753906	-16.949193954467773	-12.285999298095703	-40.02782440185547	-43.099910736083984	-38.64323425292969
V89E	-57.81834030151367	-52.70500564575195	-22.22357177734375	-19.8118839263916	-55.07876205444336	-43.43965148925781	-15.80689811706543	-13.912687301635742	-34.27129364013672	-39.98710250854492	-35.50551986694336
V89F	-33.340065002441406	-37.928409576416016	-36.823421478271484	-0.2505985200405121	-24.184873580932617	-28.2414493560791	-4.583102703094482	-0.1480792611837387	-31.84775161743164	-25.098121643066406	-22.24458885192871
V89G	-60.014564514160156	-49.71274185180664	-30.253652572631836	-17.626996994018555	-56.75695037841797	-41.90655517578125	-14.851969718933105	-9.548450469970703	-43.95372772216797	-45.6678581237793	-37.02934646606445
V89H	-48.03707504272461	-44.951698303222656	-19.397117614746094	-20.951114654541016	-39.478843688964844	-38.9315185546875	-14.611648559570312	-15.244102478027344	-31.691925048828125	-39.63383102416992	-31.29288673400879
V89I	-31.626834869384766	-35.8822021484375	-18.460487365722656	4.107108116149902	-12.408666610717773	-18.75240135192871	3.6610872745513916	-0.3668995499610901	-12.387184143066406	-23.638545989990234	-14.575502395629883
V89K	-52.69314956665039	-45.72925567626953	-22.739870071411133	-23.523880004882812	-46.29338073730469	-45.680973052978516	-16.393156051635742	-13.895347595214844	-33.09190368652344	-41.566436767578125	-34.16073226928711
V89L	-30.391202926635742	-33.259666442871094	-13.087651252746582	-5.975368022918701	-4.284696102142334	-14.196361541748047	8.073092460632324	4.521707534790039	-0.719197154045105	-6.896286487579346	-9.621563911437988
V89M	-36.33891296386719	-41.9504280090332	-17.700441360473633	-12.32532024383545	-37.20746612548828	-31.95505142211914	-6.634006977081299	-8.021594047546387	-28.833694458007812	-34.71116256713867	-25.567806243896484
V89N	-57.54904556274414	-50.30453872680664	-25.228954315185547	-22.51997947692871	-50.60739517211914	-42.56557083129883	-15.045661926269531	-12.013442993164062	-34.96570587158203	-41.591819763183594	-35.23921203613281
V89P	-65.54023742675781	-43.012474060058594	-32.1966552734375	-27.8333683013916	-50.588985443115234	-44.33994674682617	-22.069639205932617	-8.98296070098877	-38.63716125488281	-37.75428009033203	-37.0955696105957
V89Q	-53.89192581176758	-48.919612884521484	-21.998872756958008	-20.74588394165039	-50.75178146362305	-42.762229919433594	-13.430130004882812	-12.516751289367676	-37.877567291259766	-42.181793212890625	-34.507652282714844
V89R	-48.5546989440918	-46.99262237548828	-21.594221115112305	-18.047286987304688	-54.03421401977539	-41.72764587402344	-13.080777168273926	-11.248005867004395	-39.13199996948242	-41.79024887084961	-33.62017059326172
V89S	-53.83861541748047	-47.447288513183594	-24.4337158203125	-14.860612869262695	-55.9513053894043	-40.47728729248047	-12.641716957092285	-7.876760005950928	-50.56127166748047	-42.7637825012207	-35.08523941040039
V89T	-49.30218505859375	-45.6690559387207	-20.687469482421875	-16.950885772705078	-48.078983306884766	-38.99540710449219	-11.085177421569824	-9.936613082885742	-39.96687316894531	-41.1891975402832	-32.18618392944336
V89W	-41.79328536987305	-39.85403823852539	-22.44293975830078	-30.662004470825195	-29.597259521484375	-37.85157775878906	-24.257856369018555	-17.78876495361328	-27.114274978637695	-35.562557220458984	-30.692459106445312
V89Y	-42.00669479370117	-41.63059616088867	-17.575927734375	-16.236722946166992	-36.810157775878906	-35.24663543701172	-11.402076721191406	-10.01478385925293	-32.41979217529297	-34.54551696777344	-27.788890838623047
E90A	-17.132905960083008	-10.796843528747559	-12.585308074951172	15.690654754638672	-20.102277755737305	-17.310760498046875	-5.079131126403809	12.538182258605957	-17.589473724365234	-31.41435432434082	-10.37822151184082
E90C	-17.682613372802734	-19.869436264038086	-17.081989288330078	6.774345874786377	-19.836181640625	-14.223008155822754	-22.805753707885742	0.1370639055967331	0.45268940925598145	-24.418636322021484	-12.855352401733398
E90D	-18.874784469604492	-15.4791898727417	-20.649555206298828	13.050322532653809	-20.36697769165039	-19.446720123291016	-10.407750129699707	-0.46724745631217957	-11.65870189666748	-29.399703979492188	-13.370031356811523
E90F	-19.170717239379883	-10.359283447265625	-33.04121017456055	1.0004690885543823	-18.896224975585938	-24.20525550842285	-1.7130858898162842	2.4706501960754395	-14.920464515686035	-19.716705322265625	-13.855181694030762
E90G	-20.82478141784668	-23.729053497314453	-16.016376495361328	3.0028648376464844	-18.80426597595215	-19.4068546295166	-11.569586753845215	0.9414669275283813	-31.5849609375	-32.55772399902344	-17.054927825927734
E90H	-23.540904998779297	-20.099111557006836	-20.057079315185547	12.161686897277832	-22.03177261352539	-15.453869819641113	-24.221778869628906	0.6122215986251831	-1.972758173942566	-20.911026000976562	-13.551440238952637
E90I	-7.047886848449707	-13.355611801147461	-12.747905731201172	4.70287561416626	-11.500348091125488	-25.358579635620117	-3.2885031700134277	3.8599917888641357	-8.700444221496582	-26.056983947753906	-9.949339866638184
E90K	-18.29707145690918	-19.41815948486328	-20.24562644958496	4.854066371917725	-22.75681495666504	-17.5549373626709	-23.941530227661133	-4.240717887878418	-4.0889105796813965	-23.005306243896484	-14.869501113891602
E90L	-36.27717971801758	-19.04538917541504	-22.94365119934082	0.5682268142700195	-25.053977966308594	-44.88930130004883	-0.5616682171821594	7.543190956115723	-1.1146067380905151	-44.50334930419922	-18.62776756286621
E90M	-26.988666534423828	-31.631668090820312	-14.819173812866211	3.133981227874756	-14.502578735351562	-12.177242279052734	-14.39342212677002	4.157045841217041	-1.6643868684768677	-19.602693557739258	-12.848881721496582
E90N	-19.347335815429688	-21.936634063720703	-19.931520462036133	4.800384998321533	-22.69387435913086	-17.81403160095215	-22.688522338867188	-1.919196605682373	-7.0005669593811035	-25.772438049316406	-15.430374145507812
E90P	-20.751571655273438	-25.423603057861328	-24.54303741455078	-0.11497238278388977	-24.6708927154541	-20.48953628540039	-20.975831985473633	-5.85474967956543	-17.331331253051758	-25.00691795349121	-18.516244888305664
E90Q	-20.167022705078125	-27.566553115844727	-15.946809768676758	7.16931676864624	-19.187166213989258	-18.568517684936523	-17.07463836669922	0.01583210751414299	-7.0106987953186035	-24.322547912597656	-14.265881538391113
E90R	-16.63581085205078	-24.456544876098633	-14.041779518127441	4.657222747802734	-18.31549644470215	-17.68079376220703	-13.885459899902344	-0.04786725714802742	-6.378589153289795	-25.396509170532227	-13.218162536621094
E90S	-14.725086212158203	-12.222152709960938	-15.346658706665039	13.43424129486084	-18.756887435913086	-16.9661865234375	-8.949721336364746	9.416041374206543	-6.9400787353515625	-27.39992904663086	-9.84564208984375
E90T	-16.054838180541992	-19.685386657714844	-14.487526893615723	5.991827011108398	-17.583316802978516	-15.578645706176758	-11.869558334350586	4.843344688415527	-3.6581947803497314	-27.693452835083008	-11.577574729919434
E90V	-8.989095687866211	-10.932188034057617	-13.904248237609863	3.230210542678833	-11.354904174804688	-35.22976303100586	-2.222736120223999	5.182095527648926	-3.9148030281066895	-32.12534713745117	-11.026077270507812
E90W	-20.7568416595459	-13.73203182220459	-23.23005485534668	7.921011447906494	-15.552254676818848	-18.114233016967773	-24.7552547454834	-7.646907329559326	-8.04117488861084	-16.50284767150879	-14.041058540344238
E90Y	-21.283409118652344	-24.170949935913086	-18.312938690185547	7.521673202514648	-18.283973693847656	-14.317821502685547	-19.66081428527832	4.331034183502197	-1.6790077686309814	-21.067771911621094	-12.692399024963379
I91A	-41.158145904541016	-20.76847267150879	-24.80477523803711	-3.1603052616119385	-44.76031494140625	-40.079620361328125	-9.845948219299316	12.787349700927734	-29.32271957397461	-57.99403762817383	-25.91069984436035
I91C	-29.227426528930664	-31.737178802490234	-16.5422306060791	-13.28070068359375	-52.32868957519531	-34.98994827270508	-18.773941040039062	13.221226692199707	-16.859088897705078	-58.44257736206055	-25.896053314208984
I91D	-43.458560943603516	-33.187110900878906	-25.7040958404541	-17.553970336914062	-67.28495025634766	-56.42031478881836	-19.33840560913086	2.262064218521118	-41.603965759277344	-74.56126403808594	-37.68505859375
I91E	-41.217750549316406	-34.2017936706543	-24.497547149658203	-16.737958908081055	-65.03845977783203	-57.102699279785156	-20.568967819213867	3.5154027938842773	-38.31061553955078	-73.83301544189453	-36.799339294433594
I91F	-41.2845458984375	-23.9024715423584	-28.138233184814453	-3.4271936416625977	-32.58723449707031	-37.2071418762207	-1.2979888916015625	10.91275691986084	-26.8403263092041	-40.002193450927734	-22.377460479736328
I91G	-39.98245620727539	-24.29197120666504	-25.059247970581055	-15.134711265563965	-60.21283721923828	-46.17149353027344	-12.672998428344727	5.0105814933776855	-42.96637725830078	-81.90585327148438	-34.33873748779297
I91H	-31.57147789001465	-30.71194839477539	-16.16744041442871	-14.202117919921875	-49.4769172668457	-37.32224655151367	-20.751575469970703	2.242792844772339	-17.24184226989746	-56.31127166748047	-27.151403427124023
I91K	-35.7171745300293	-32.10171890258789	-17.731769561767578	-17.67129898071289	-55.479427337646484	-41.25368118286133	-24.536550521850586	-0.16746188700199127	-21.0635986328125	-70.39163970947266	-31.611431121826172
I91L	-28.1450138092041	-26.975116729736328	-11.032480239868164	-3.161020517349243	-14.295832633972168	-37.51979446411133	-0.011200841516256332	14.891324043273926	-5.79232931137085	-23.512147903442383	-13.555360794067383
I91M	-24.460163116455078	-29.943012237548828	-14.765398025512695	-5.914904594421387	-42.00613784790039	-31.438865661621094	-10.188902854919434	16.81625747680664	-10.92264175415039	-44.49723815917969	-19.732099533081055
I91N	-34.69936752319336	-34.02767562866211	-20.643634796142578	-18.311805725097656	-57.5805778503418	-43.85279083251953	-20.897674560546875	-0.2357548624277115	-28.551258087158203	-71.78538513183594	-33.05859375
I91P	-39.53760528564453	-30.027830123901367	-20.17378807067871	-19.967947006225586	-51.77375411987305	-46.4494514465332	-22.408639907836914	-5.112425804138184	-37.077884674072266	-64.8222427368164	-33.73515701293945
I91Q	-33.99476623535156	-37.96406936645508	-20.28754425048828	-17.774389266967773	-57.05156326293945	-46.02432632446289	-20.89928436279297	0.2474738210439682	-30.702590942382812	-66.10009002685547	-33.05511474609375
I91R	-36.28266525268555	-36.118003845214844	-18.70345115661621	-17.3552303314209	-57.096065521240234	-46.294334411621094	-18.658191680908203	1.0545389652252197	-24.468605041503906	-70.6916275024414	-32.46136474609375
I91S	-41.1884765625	-25.284040451049805	-27.41166877746582	-9.251245498657227	-59.42069625854492	-52.03801345825195	-14.64087200164795	10.798968315124512	-34.25437927246094	-70.67436981201172	-32.33647918701172
I91T	-35.98095703125	-35.82494354248047	-22.627716064453125	-12.11839771270752	-55.99516296386719	-42.446842193603516	-13.26627254486084	13.166897773742676	-28.066497802734375	-61.31014633178711	-29.447002410888672
I91V	-36.55404281616211	-24.1323184967041	-14.039018630981445	1.4318921566009521	-16.15966033935547	-35.704307556152344	-0.6935350298881531	5.899416923522949	-14.332087516784668	-36.69892883300781	-17.09825897216797
I91W	-36.19661331176758	-25.41265869140625	-19.889711380004883	-8.792614936828613	-44.56235885620117	-32.934635162353516	-27.93442153930664	-7.486547946929932	-12.658345222473145	-51.190914154052734	-26.705881118774414
I91Y	-28.621633529663086	-35.82848358154297	-15.818105697631836	-12.248908996582031	-47.73477554321289	-35.71699523925781	-16.788724899291992	7.824358940124512	-23.090923309326172	-47.393253326416016	-25.541744232177734
S92A	-22.242544174194336	-11.584268569946289	-23.19933319091797	4.851841926574707	-30.674095153808594	-23.816076278686523	-5.1985859870910645	5.750044345855713	-19.32400131225586	-35.053688049316406	-16.049072265625
S92C	-18.323078155517578	-28.085050582885742	-18.89776611328125	-6.557835578918457	-23.53329086303711	-35.32609558105469	-17.387144088745117	-1.786042332649231	-5.130800724029541	-37.76282501220703	-19.27899169921875
S92D	-22.446720123291016	-26.236467361450195	-29.238840103149414	-3.216472625732422	-35.90138626098633	-33.4483642578125	-8.40563678741455	-7.7982025146484375	-18.27688217163086	-39.9845085144043	-22.495349884033203
S92E	-26.043542861938477	-32.02037811279297	-26.095928192138672	-4.3252997398376465	-32.39301681518555	-34.452415466308594	-7.6750569343566895	-5.37245512008667	-16.569076538085938	-36.10009002685547	-22.104726791381836
S92F	-26.713775634765625	-2.915224075317383	-23.85893440246582	5.378792762756348	-21.041139602661133	-21.747634887695312	-7.611119747161865	10.748611450195312	-20.4725341796875	-31.913541793823242	-14.014650344848633
S92G	-24.084426879882812	-29.097196578979492	-27.903841018676758	-4.315526008605957	-33.28308868408203	-34.48211669921875	-8.449707984924316	-5.183767795562744	-22.905664443969727	-46.24136734008789	-23.594669342041016
S92H	-16.61618423461914	-23.820037841796875	-18.189002990722656	-7.953551292419434	-23.26301383972168	-39.22880554199219	-18.400014877319336	-9.794377326965332	-6.551819801330566	-31.089580535888672	-19.490636825561523
S92I	-23.64605140686035	-10.066930770874023	-15.027507781982422	2.764681100845337	-16.279157638549805	-24.578536987304688	-9.060111045837402	7.454875946044922	-14.59727954864502	-36.973228454589844	-14.000925064086914
S92K	-17.905803680419922	-23.865324020385742	-20.317859649658203	-7.642138957977295	-26.178253173828125	-44.77632141113281	-22.629531860351562	-10.214871406555176	-5.625122547149658	-34.94443130493164	-21.40996551513672
S92L	-57.002071380615234	1.3563182353973389	-23.8446102142334	0.4197048246860504	-20.159286499023438	-36.176536560058594	-3.889538288116455	18.265962600708008	-18.957456588745117	-48.430625915527344	-18.841815948486328
S92M	-18.12239646911621	-28.51060676574707	-22.259990692138672	-3.2618370056152344	-22.848241806030273	-30.437759399414062	-12.682873725891113	-3.495393991470337	-4.3155059814453125	-33.51997375488281	-17.945457458496094
S92N	-17.818531036376953	-25.447402954101562	-22.916664123535156	-8.703178405761719	-30.714040756225586	-36.26702117919922	-16.276378631591797	-9.293082237243652	-9.72355842590332	-35.912696838378906	-21.3072566986084
S92P	-17.113601684570312	-27.191072463989258	-31.15475845336914	-8.841254234313965	-28.21520233154297	-29.755130767822266	-21.139245986938477	-8.977834701538086	-14.895668029785156	-31.263687133789062	-21.85474395751953
S92Q	-21.303558349609375	-30.448869705200195	-25.22256088256836	-5.215422630310059	-30.484821319580078	-35.914268493652344	-12.754217147827148	-8.912365913391113	-10.448286056518555	-37.63687515258789	-21.834125518798828
S92R	-23.638011932373047	-28.81494903564453	-25.135778427124023	-5.638338088989258	-30.44339370727539	-35.678226470947266	-10.472786903381348	-8.723308563232422	-9.387627601623535	-39.43941116333008	-21.737184524536133
S92T	-19.37942886352539	-28.083045959472656	-26.249591827392578	-3.028374671936035	-29.556739807128906	-29.47185516357422	-8.831055641174316	-6.152512073516846	-11.31364631652832	-46.40330123901367	-20.846956253051758
S92V	-38.96603012084961	-9.782124519348145	-13.835841178894043	3.5516695976257324	-17.16349983215332	-31.076082229614258	-5.925590991973877	10.4417724609375	-18.864999771118164	-44.25177001953125	-16.587249755859375
S92W	-12.691774368286133	-16.001502990722656	-18.535158157348633	-4.527825355529785	-15.665860176086426	-35.87700653076172	-28.224153518676758	-13.868453025817871	-5.201984882354736	-29.181772232055664	-17.977550506591797
S92Y	-16.856830596923828	-28.47581672668457	-21.767976760864258	-5.3538689613342285	-24.18578338623047	-30.86402702331543	-16.076454162597656	-6.0271172523498535	-7.087143898010254	-35.258628845214844	-19.195363998413086
E93A	12.259899139404297	30.941003799438477	2.163172483444214	13.244752883911133	4.885114669799805	22.117652893066406	5.030285358428955	9.504079818725586	8.903759002685547	6.064014911651611	11.511374473571777
E93C	14.322476387023926	14.041316986083984	5.35402774810791	6.4718217849731445	0.9717936515808105	3.16762113571167	1.737493634223938	0.23444677889347076	6.899468898773193	7.350138187408447	6.055060386657715
E93D	18.93674659729004	19.38365936279297	4.3339009284973145	5.460101127624512	2.148454189300537	8.901124954223633	3.698061943054199	9.588891983032227	7.962969779968262	7.425170421600342	8.783907890319824
E93F	2.8497912883758545	18.414630889892578	-4.035411834716797	9.279863357543945	3.7034850120544434	15.61685562133789	4.094110488891602	6.253997802734375	12.64143180847168	1.1941555738449097	7.001290798187256
E93G	15.374361038208008	12.791644096374512	4.055644989013672	8.48997974395752	3.9779462814331055	9.821686744689941	2.4638190269470215	4.3558807373046875	4.3647847175598145	5.168333530426025	7.0864081382751465
E93H	16.575340270996094	13.871024131774902	5.00833797454834	6.4231743812561035	0.8683010935783386	1.4282485246658325	2.1839871406555176	0.4187993109226227	5.951565265655518	8.722528457641602	6.1451311111450195
E93I	2.322019338607788	26.94244384765625	0.7613124847412109	4.679410457611084	3.7313547134399414	13.58077335357666	3.7030093669891357	2.7316958904266357	10.441818237304688	4.985459804534912	7.387929439544678
E93K	16.41121482849121	15.20272445678711	5.176148414611816	5.342318534851074	0.37774133682250977	2.6086833477020264	2.321981906890869	-0.48938116431236267	6.782761096954346	7.479928016662598	6.121412754058838
E93L	-6.109553337097168	-1.2894415855407715	-17.817270278930664	-5.850437164306641	-7.446549415588379	-3.428581476211548	-4.023487091064453	13.029975891113281	8.382280349731445	-1.149856448173523	-2.5702919960021973
E93M	9.142500877380371	13.981758117675781	5.897731781005859	6.637308597564697	1.0729753971099854	1.473349928855896	-1.8767156600952148	-0.2952749729156494	6.753663063049316	7.496084690093994	5.028338432312012
E93N	17.447322845458984	14.451111793518066	5.626807689666748	7.107492446899414	2.0923874378204346	3.237746000289917	2.995640754699707	2.8597989082336426	9.959931373596191	6.333450794219971	7.211169242858887
E93P	13.99502944946289	11.738361358642578	2.5169620513916016	6.196053981781006	2.3137450218200684	-1.25327730178833	0.020672861486673355	-1.5383645296096802	3.7106995582580566	-0.32844704389572144	3.7371437549591064
E93Q	16.386146545410156	17.51314353942871	5.938310146331787	9.559552192687988	2.503187656402588	4.603753089904785	2.1793601512908936	3.6824591159820557	9.421293258666992	9.24528980255127	8.103250503540039
E93R	14.600016593933105	20.896690368652344	4.971062183380127	8.390863418579102	3.679248809814453	5.713731288909912	3.538238763809204	3.7803709506988525	7.980427265167236	7.27659797668457	8.082724571228027
E93S	13.387798309326172	33.140621185302734	3.0012428760528564	11.79421615600586	3.9278111457824707	14.813596725463867	5.421236038208008	9.626945495605469	8.74234676361084	6.455448150634766	11.031126022338867
E93T	13.389418601989746	21.24728775024414	4.966879367828369	7.816582202911377	2.8084120750427246	7.3534932136535645	3.0829825401306152	5.92764949798584	9.505534172058105	7.280701160430908	8.33789348602295
E93V	0.8925169110298157	17.908166885375977	-4.9932074546813965	8.361770629882812	5.745677471160889	13.976703643798828	2.844006061553955	10.251075744628906	11.38554573059082	3.9608314037323	7.033308506011963
E93W	15.761687278747559	12.21486759185791	6.397187232971191	1.5261229276657104	0.6826604008674622	4.286872386932373	0.9922966957092285	-24.370126724243164	4.426866054534912	8.705669403076172	3.062410354614258
E93Y	14.31496810913086	14.39090347290039	4.602163791656494	5.134678363800049	2.380335807800293	2.8450708389282227	0.6513723731040955	2.1396780014038086	8.311908721923828	6.0173258781433105	6.078840732574463
L94A	20.877731323242188	39.6078987121582	1.1789950132369995	5.368477821350098	3.2420156002044678	10.372035026550293	3.7702770233154297	18.668834686279297	3.920544147491455	16.47556495666504	12.348237037658691
L94C	19.877939224243164	15.627922058105469	10.211459159851074	1.5542917251586914	3.13389253616333	8.257969856262207	5.477963924407959	1.3524764776229858	4.265014171600342	11.748191833496094	8.150712013244629
L94D	14.584186553955078	30.300188064575195	6.971380233764648	2.936621904373169	2.3265368938446045	10.0606107711792	6.329565048217773	4.794829845428467	5.726412296295166	25.1248779296875	10.915521621704102
L94E	16.96516227722168	31.792415618896484	6.27001428604126	5.1934027671813965	3.7340352535247803	9.355621337890625	5.686412334442139	8.402042388916016	5.277594089508057	24.33445930480957	11.701116561889648
L94F	4.51882266998291	31.731550216674805	-2.940122365951538	15.942805290222168	3.3753764629364014	13.490692138671875	2.3291335105895996	6.356993675231934	3.545015335083008	13.148515701293945	9.149877548217773
L94G	18.55800437927246	24.70503807067871	3.468240737915039	8.084429740905762	1.0459955930709839	9.564096450805664	4.89365291595459	20.368789672851562	7.137057781219482	27.573169708251953	12.539846420288086
L94H	21.86639976501465	15.320085525512695	10.248624801635742	2.1220874786376953	2.4294636249542236	9.961576461791992	7.158621311187744	0.22549550235271454	4.946865558624268	12.018317222595215	8.629754066467285
L94I	4.644723892211914	30.044994354248047	3.5536773204803467	12.449506759643555	1.4561691284179688	16.099346160888672	5.124171257019043	4.903563022613525	1.4786784648895264	10.097736358642578	8.985255241394043
L94K	20.812498092651367	14.361651420593262	12.252608299255371	1.7000443935394287	1.076656699180603	10.575907707214355	7.857138156890869	-0.4406198561191559	4.982071399688721	12.197371482849121	8.537532806396484
L94M	15.17773723602295	24.086040496826172	10.197652816772461	3.5308597087860107	4.766729354858398	8.519082069396973	5.407359600067139	3.3559865951538086	4.60995626449585	9.986493110656738	8.963789939880371
L94N	15.299201965332031	19.14967918395996	8.699237823486328	1.1805260181427002	1.0598315000534058	10.013385772705078	6.747361183166504	3.7095818519592285	5.0442938804626465	15.504495620727539	8.640759468078613
L94P	13.82568073272705	13.419519424438477	9.955347061157227	0.2790928781032562	-0.7444780468940735	6.769197463989258	6.8140106201171875	0.37510788440704346	6.053398132324219	8.668768882751465	6.54156494140625
L94Q	15.093809127807617	29.305017471313477	9.482726097106934	4.025683879852295	3.667086601257324	11.158557891845703	6.307250022888184	7.343108177185059	5.24455451965332	18.527019500732422	11.015481948852539
L94R	15.721389770507812	27.582958221435547	8.667022705078125	3.776547431945801	3.6660313606262207	10.995062828063965	5.263373851776123	12.486530303955078	5.774437427520752	22.05301284790039	11.598637580871582
L94S	17.890682220458984	38.4413948059082	4.345636367797852	3.2243800163269043	3.6050238609313965	9.929574012756348	4.942625522613525	18.351444244384766	6.257528305053711	24.4293155670166	13.141759872436523
L94T	17.090425491333008	31.7010498046875	7.462444305419922	3.5963079929351807	4.335522651672363	10.497797966003418	5.391584873199463	10.160987854003906	6.8133721351623535	18.114709854125977	11.516420364379883
L94V	5.494710922241211	21.57935905456543	3.669764995574951	8.428824424743652	2.800382137298584	14.409371376037598	5.970252513885498	5.7730817794799805	1.7016412019729614	7.4229326248168945	7.725032806396484
L94W	23.38594627380371	9.181324005126953	17.69818878173828	0.9872801303863525	-0.12063539773225784	15.669816017150879	12.340806007385254	-13.083681106567383	1.6783154010772705	10.365842819213867	7.8103203773498535
L94Y	16.12702178955078	19.695730209350586	8.749165534973145	2.2493081092834473	3.3723721504211426	8.369812965393066	4.940353870391846	5.461598873138428	4.696554660797119	12.841580390930176	8.650350570678711
G95A	-36.54576873779297	-15.538785934448242	-22.312255859375	0.9173593521118164	-24.50881004333496	-30.932018280029297	-11.954524993896484	12.066285133361816	-20.19709014892578	-41.29094314575195	-19.02965545654297
G95C	-29.05961036682129	-41.339481353759766	-19.696725845336914	-6.434272766113281	-28.988182067871094	-25.40302276611328	-19.724096298217773	-7.859179496765137	-7.568121910095215	-47.016048431396484	-23.30887222290039
G95D	-37.85955047607422	-35.518558502197266	-27.826614379882812	-9.42529296875	-35.72874450683594	-40.4376335144043	-17.001121520996094	-4.475632190704346	-21.11827278137207	-43.516849517822266	-27.29082679748535
G95E	-35.95331573486328	-36.1353645324707	-26.805618286132812	-11.927803039550781	-34.00905990600586	-36.47623062133789	-15.164083480834961	-5.326435089111328	-20.176071166992188	-41.07174301147461	-26.3045711517334
G95F	-31.301557540893555	-8.893598556518555	-22.02383804321289	9.943172454833984	-17.004192352294922	-30.23263168334961	-10.46060562133789	10.053521156311035	-19.273563385009766	-37.839290618896484	-15.703259468078613
G95H	-30.53696060180664	-44.269493103027344	-21.360580444335938	-6.741050720214844	-27.7486629486084	-23.35181427001953	-21.6901798248291	-8.520868301391602	-7.929445743560791	-45.166690826416016	-23.731576919555664
G95I	-25.564311981201172	-7.925930500030518	-11.552543640136719	3.6178154945373535	-15.677802085876465	-25.61361312866211	-9.428572654724121	13.839916229248047	-13.859024047851562	-38.51412582397461	-13.067819595336914
G95K	-33.68832015991211	-46.29805374145508	-22.278934478759766	-6.476539611816406	-31.293598175048828	-28.364482879638672	-24.138797760009766	-9.955560684204102	-7.0927276611328125	-49.3619270324707	-25.894893646240234
G95L	-43.77785110473633	3.6944286823272705	-18.17092514038086	3.8850388526916504	-15.244427680969238	-29.422496795654297	-4.453948974609375	9.01979923248291	-23.075204849243164	-43.41727066040039	-16.09628677368164
G95M	-25.283485412597656	-36.23466491699219	-17.545255661010742	-6.8229193687438965	-26.384357452392578	-20.921274185180664	-16.669191360473633	-9.645747184753418	-9.580023765563965	-35.9288215637207	-20.501575469970703
G95N	-32.44225311279297	-41.67356491088867	-23.550060272216797	-9.860786437988281	-33.36376190185547	-29.226707458496094	-17.509923934936523	-9.062274932861328	-12.39046859741211	-48.366024017333984	-25.744579315185547
G95P	-31.363006591796875	-42.8098258972168	-24.143199920654297	-12.759488105773926	-31.577116012573242	-29.028566360473633	-18.14586639404297	-9.636650085449219	-11.395515441894531	-41.945735931396484	-25.280498504638672
G95Q	-33.25285339355469	-43.077579498291016	-24.61009979248047	-10.082193374633789	-33.208106994628906	-31.612882614135742	-15.519476890563965	-8.01431655883789	-15.627398490905762	-45.70269012451172	-26.070758819580078
G95R	-31.30682945251465	-35.359127044677734	-25.658777236938477	-7.793148517608643	-31.74200439453125	-33.29689025878906	-14.669909477233887	-7.026665687561035	-17.601543426513672	-45.61038589477539	-25.006528854370117
G95S	-35.93479537963867	-22.8865909576416	-26.317401885986328	-1.481099009513855	-29.85012435913086	-33.934452056884766	-14.78880500793457	8.827181816101074	-20.34637451171875	-46.35276412963867	-22.306522369384766
G95T	-31.44869041442871	-34.81818771362305	-25.59259796142578	-4.226248264312744	-28.990642547607422	-33.912940979003906	-14.250387191772461	-3.803013324737549	-15.874354362487793	-46.223026275634766	-23.91400909423828
G95V	-31.944162368774414	-2.515556573867798	-13.179570198059082	7.6517252922058105	-15.515087127685547	-31.29297637939453	-10.446601867675781	11.775903701782227	-19.006311416625977	-43.96904754638672	-14.844167709350586
G95W	-29.5731258392334	-30.22830581665039	-26.077295303344727	-1.7924156188964844	-24.05853271484375	-17.692771911621094	-42.33847427368164	-17.38570213317871	-6.383426666259766	-42.871368408203125	-23.84014129638672
G95Y	-27.38667106628418	-41.072349548339844	-23.062332153320312	-6.735847473144531	-25.47602081298828	-24.390583038330078	-16.35871696472168	-7.5387678146362305	-11.900680541992188	-38.108482360839844	-22.203044891357422
I96A	-33.15372085571289	-14.384581565856934	-18.76934051513672	-13.849494934082031	-43.221744537353516	-28.102157592773438	-12.659287452697754	-7.8505167961120605	-24.081186294555664	-22.423036575317383	-21.849506378173828
I96C	-27.596845626831055	-27.703821182250977	-13.429141998291016	-20.95262908935547	-32.25090408325195	-31.102766036987305	-12.033227920532227	-13.965575218200684	-24.085491180419922	-25.366863250732422	-22.84872817993164
I96D	-46.830352783203125	-29.66391372680664	-19.89387321472168	-24.330631256103516	-56.90281295776367	-44.22098159790039	-17.282487869262695	-12.975627899169922	-24.160518646240234	-32.72962951660156	-30.899084091186523
I96E	-38.100730895996094	-26.59556770324707	-19.309473037719727	-24.329038619995117	-51.80223083496094	-41.103946685791016	-14.500235557556152	-15.468498229980469	-22.41102409362793	-33.03401565551758	-28.665475845336914
I96F	-23.012853622436523	-20.316051483154297	-19.49361801147461	7.300438404083252	-18.847396850585938	-20.709922790527344	-3.7939789295196533	-0.4792342782020569	-12.745800971984863	-16.123130798339844	-12.82215404510498
I96G	-37.94826889038086	-30.669164657592773	-27.752643585205078	-21.67939567565918	-48.09857177734375	-35.04419708251953	-15.144340515136719	-13.271520614624023	-23.58367919921875	-31.301176071166992	-28.449295043945312
I96H	-28.571067810058594	-29.05288314819336	-14.14116096496582	-24.1077823638916	-34.169002532958984	-35.493507385253906	-15.288665771484375	-14.063937187194824	-23.224838256835938	-25.56635093688965	-24.367918014526367
I96K	-32.0425910949707	-31.274328231811523	-16.509689331054688	-27.329748153686523	-38.61875534057617	-40.63576126098633	-19.11704444885254	-14.930879592895508	-27.7943058013916	-28.355070114135742	-27.660818099975586
I96L	-18.554813385009766	-30.579837799072266	-12.566596984863281	-18.749605178833008	-8.502912521362305	-16.604270935058594	-6.634984493255615	7.605026721954346	-1.9489084482192993	-4.908710479736328	-11.144561767578125
I96M	-25.997882843017578	-25.595504760742188	-12.803352355957031	-16.144285202026367	-31.271751403808594	-27.33767318725586	-7.886607646942139	-11.876053810119629	-19.909128189086914	-23.92786407470703	-20.275012969970703
I96N	-38.051124572753906	-31.715457916259766	-20.0795841217041	-25.777143478393555	-44.70405197143555	-37.99501419067383	-14.466532707214355	-13.07551097869873	-29.93572998046875	-29.585290908813477	-28.538543701171875
I96P	-39.194427490234375	-30.68678092956543	-24.100772857666016	-29.817584991455078	-42.59975051879883	-33.74787902832031	-22.44329071044922	-10.803598403930664	-31.88448143005371	-25.126039505004883	-29.04046058654785
I96Q	-36.091007232666016	-29.481239318847656	-15.586411476135254	-23.007083892822266	-44.73280715942383	-40.604061126708984	-12.251521110534668	-15.901732444763184	-25.237411499023438	-29.278182983398438	-27.217144012451172
I96R	-32.820159912109375	-29.817119598388672	-15.209983825683594	-21.420141220092773	-47.43440246582031	-42.60496520996094	-12.44638442993164	-18.464824676513672	-24.729909896850586	-30.029190063476562	-27.49770736694336
I96S	-42.67509841918945	-24.190643310546875	-20.573423385620117	-19.428298950195312	-53.3690299987793	-39.35731506347656	-16.857318878173828	-8.267160415649414	-28.387733459472656	-28.96836280822754	-28.20743751525879
I96T	-35.7003059387207	-27.366485595703125	-15.730616569519043	-19.183874130249023	-47.683353424072266	-39.77457046508789	-12.267650604248047	-15.478375434875488	-24.903629302978516	-27.742340087890625	-26.583120346069336
I96V	-24.780879974365234	-25.437082290649414	-14.703282356262207	-6.601009845733643	-19.69556999206543	-23.485246658325195	-3.9251842498779297	-1.8652758598327637	-5.440928936004639	-20.155271530151367	-14.608973503112793
I96W	-20.231748580932617	-28.31047821044922	-19.61107063293457	-20.734689712524414	-24.04999351501465	-41.158447265625	-24.052715301513672	-18.749483108520508	-22.649885177612305	-21.446880340576172	-24.09954071044922
I96Y	-25.350805282592773	-25.235872268676758	-13.69933795928955	-19.860227584838867	-35.898399353027344	-32.60883331298828	-11.913030624389648	-9.698224067687988	-22.271446228027344	-27.236785888671875	-22.377294540405273
Q97A	15.127846717834473	50.21441650390625	3.0280814170837402	16.83915901184082	-8.015294075012207	26.964916229248047	9.54543685913086	5.668448448181152	13.572549819946289	15.802633285522461	14.874818801879883
Q97C	16.85761833190918	13.351899147033691	-0.37427178025245667	3.2409660816192627	-1.9213528633117676	7.282418251037598	6.528927326202393	4.298012733459473	10.85822582244873	-0.7280986905097961	5.93943452835083
Q97D	20.072086334228516	21.811660766601562	-3.3548943996429443	17.282379150390625	-7.42911434173584	24.27971076965332	7.293632984161377	6.462183952331543	11.478045463562012	2.1272473335266113	10.002293586730957
Q97E	20.782499313354492	23.450620651245117	0.6630814075469971	22.39948272705078	-4.486366271972656	21.165958404541016	7.249882221221924	7.913296222686768	13.353836059570312	8.024229049682617	12.051652908325195
Q97F	3.3639931678771973	24.64569664001465	2.0464072227478027	12.9601411819458	-3.434891700744629	21.761213302612305	2.6102678775787354	-0.8365051746368408	7.8120527267456055	13.831542015075684	8.475992202758789
Q97G	18.490413665771484	19.032718658447266	-5.717848300933838	12.360559463500977	-7.8945088386535645	16.989648818969727	7.147364616394043	5.635819435119629	12.327685356140137	4.9030232429504395	8.32748794555664
Q97H	20.39052963256836	12.469841003417969	-0.8928536176681519	4.728916645050049	-1.657636046409607	10.708765983581543	7.0468621253967285	4.599393367767334	10.280218124389648	-0.7951608300209045	6.687888145446777
Q97I	12.645511627197266	30.64962387084961	4.374853610992432	8.366923332214355	-5.135831832885742	15.458067893981934	6.392635822296143	5.526609897613525	7.178272247314453	15.590675354003906	10.104735374450684
Q97K	19.08525276184082	12.053711891174316	-3.292990207672119	4.188163757324219	-1.651660680770874	9.997285842895508	7.200599670410156	4.745476722717285	8.923013687133789	-6.220757961273193	5.502810001373291
Q97L	4.215725421905518	-2.5508599281311035	-1.5077340602874756	2.6062111854553223	5.728621006011963	13.560579299926758	-3.4188337326049805	-0.5207970142364502	7.326832294464111	13.107294082641602	3.854703426361084
Q97M	10.908926010131836	13.538743019104004	3.5028021335601807	7.3192667961120605	-2.270529270172119	7.411547660827637	6.523451805114746	4.224443435668945	9.53603744506836	-0.9548898339271545	5.973979949951172
Q97N	19.16022491455078	11.671130180358887	-4.48912239074707	6.0167670249938965	-4.467709541320801	12.680434226989746	6.560818195343018	5.461025714874268	9.013068199157715	-8.43028450012207	5.317635536193848
Q97P	18.97962760925293	1.50138521194458	-19.241077423095703	2.1297621726989746	-1.9509166479110718	4.474887847900391	3.2672336101531982	1.7858800888061523	3.7239859104156494	-37.96171188354492	-2.329094409942627
Q97R	19.8953857421875	25.603309631347656	0.5051335096359253	11.691205978393555	-4.901014804840088	15.553579330444336	7.993324279785156	8.306805610656738	12.883740425109863	3.37302565574646	10.090450286865234
Q97S	19.364290237426758	43.04650115966797	1.9648970365524292	13.464359283447266	-10.59908676147461	22.08017921447754	9.249191284179688	8.086284637451172	15.643877983093262	8.918081283569336	13.121854782104492
Q97T	15.825847625732422	28.104639053344727	1.6418054103851318	10.6504487991333	-6.9042887687683105	14.183502197265625	7.543772220611572	7.560480117797852	14.059834480285645	3.759045362472534	9.642508506774902
Q97V	6.398288726806641	21.214942932128906	3.4406344890594482	8.923103332519531	1.8600761890411377	19.244342803955078	1.1673026084899902	3.3298327922821045	7.725218772888184	13.806140899658203	8.71098804473877
Q97W	20.216825485229492	7.384899616241455	-2.3511276245117188	-2.950462818145752	0.8906058669090271	-1.0611896514892578	7.7245612144470215	1.6892924308776855	4.2621073722839355	-12.151094436645508	2.3654417991638184
Q97Y	13.806782722473145	14.584646224975586	-2.6825151443481445	2.3066799640655518	-0.8282846212387085	8.923349380493164	5.92901611328125	5.210798263549805	10.52889347076416	-2.96441650390625	5.481494903564453
E98A	27.915924072265625	40.64600372314453	-0.010292917490005493	28.301450729370117	6.7522478103637695	7.981266975402832	3.9357149600982666	11.487092018127441	5.085054874420166	0.10314055532217026	13.219759941101074
E98C	3.831455707550049	9.289027214050293	0.012370765209197998	23.041425704956055	5.540006637573242	2.2097270488739014	-3.4816529750823975	8.455999374389648	5.431181907653809	1.1977156400680542	5.552725791931152
E98D	22.721471786499023	17.002826690673828	-0.18898364901542664	27.28400230407715	1.5989668369293213	7.927996635437012	3.0462517738342285	10.377416610717773	5.025737285614014	4.622795104980469	9.94184684753418
E98F	2.948470115661621	20.22048568725586	-0.12944331765174866	12.524662971496582	3.968471050262451	0.39477458596229553	2.0788018703460693	1.5435189008712769	4.0883259773254395	5.6542067527771	5.329226970672607
E98G	20.952394485473633	9.790117263793945	-2.2261528968811035	27.28229331970215	-0.4023054838180542	12.945197105407715	1.399749994277954	8.248933792114258	4.13032865524292	7.501432418823242	8.962198257446289
E98H	1.6914269924163818	8.334174156188965	-2.571110725402832	20.3187255859375	5.449284553527832	1.961789846420288	-3.2353899478912354	4.7114481925964355	6.788130760192871	2.1623339653015137	4.561081409454346
E98I	9.252336502075195	15.457073211669922	-1.3732589483261108	7.037163734436035	5.426982879638672	-4.7778520584106445	4.019741058349609	0.7231624126434326	3.5721640586853027	0.08711694926023483	3.942462921142578
E98K	1.4221572875976562	7.246730804443359	-3.8009731769561768	24.708053588867188	5.148788928985596	2.162816047668457	-4.3912224769592285	2.5538928508758545	7.152074813842773	1.2983354330062866	4.350065231323242
E98L	-4.769871711730957	-15.559874534606934	-3.7859764099121094	1.5313985347747803	-0.5826014876365662	-13.567407608032227	8.012222290039062	8.118511199951172	2.3678324222564697	1.7977503538131714	-1.6438016891479492
E98M	7.191716194152832	14.220358848571777	3.265782117843628	24.688858032226562	7.039037227630615	1.4819369316101074	-1.5843331813812256	8.390028953552246	3.4125988483428955	2.664397716522217	7.077037811279297
E98N	7.553022384643555	9.352180480957031	-3.2870702743530273	26.904579162597656	3.5280990600585938	6.335878849029541	-2.8614940643310547	5.716800689697266	6.240325450897217	1.9949613809585571	6.14772891998291
E98P	2.0316522121429443	-2.924755573272705	-14.797407150268555	15.050686836242676	-3.5476863384246826	1.543792963027954	-6.066267013549805	-1.5714161396026611	3.3663170337677	1.2071114778518677	-0.5707972645759583
E98Q	13.630681991577148	14.226652145385742	0.41073134541511536	27.883146286010742	6.896373748779297	5.092553615570068	0.8476374745368958	10.56885051727295	7.1698384284973145	3.716362714767456	9.044282913208008
E98R	20.059301376342773	16.519514083862305	1.5356978178024292	29.265621185302734	6.105502128601074	5.444072246551514	1.460565447807312	9.793091773986816	6.004225730895996	3.8582799434661865	10.004586219787598
E98S	26.276098251342773	30.542097091674805	-0.2900256812572479	32.62678527832031	1.6201070547103882	7.961817741394043	3.1616640090942383	15.408719062805176	3.946662187576294	7.595452785491943	12.88493824005127
E98T	13.661388397216797	19.254026412963867	2.413633108139038	26.925334930419922	5.076224327087402	3.5557756423950195	-0.33023518323898315	10.944719314575195	6.384257793426514	4.11960506439209	9.200471878051758
E98V	5.227865695953369	9.723896980285645	-1.162109375	7.8127288818359375	7.876863479614258	-9.855351448059082	5.07175874710083	5.87327766418457	4.6764817237854	3.607942581176758	3.8853354454040527
E98W	-1.5697612762451172	5.903163433074951	-4.411092758178711	5.533997535705566	4.051414489746094	1.4649667739868164	-5.299056053161621	-9.850078582763672	2.4595654010772705	-0.5380615592002869	-0.22549431025981903
E98Y	7.670016765594482	10.596017837524414	0.5816779136657715	25.55105209350586	7.110206604003906	3.2830562591552734	-1.6978083848953247	8.62073802947998	6.724658966064453	2.0075199604034424	7.044714450836182
F99A	-13.232744216918945	-17.465681076049805	-11.079972267150879	-8.789819717407227	-40.54274368286133	-15.206958770751953	-8.111480712890625	-11.165452003479004	-20.221654891967773	-19.793272018432617	-16.560977935791016
F99C	-24.943639755249023	-19.4995059967041	-11.18591022491455	-8.668548583984375	-15.35348129272461	-10.498953819274902	-7.227794170379639	-11.060481071472168	-16.33753204345703	-15.599061012268066	-14.037490844726562
F99D	-28.224578857421875	-21.224985122680664	-14.189212799072266	-13.656593322753906	-31.801185607910156	-16.7269287109375	-5.694956302642822	-15.132867813110352	-14.84895133972168	-19.299142837524414	-18.079940795898438
F99E	-23.82847785949707	-16.03615951538086	-11.213126182556152	-8.639254570007324	-29.6382999420166	-12.937148094177246	-2.8120768070220947	-17.157302856445312	-13.055869102478027	-19.389564514160156	-15.470727920532227
F99G	-21.228513717651367	-24.12896156311035	-15.473775863647461	-8.971302032470703	-24.10648536682129	-12.465927124023438	-2.960526466369629	-12.275471687316895	-15.603662490844727	-18.00539207458496	-15.522001266479492
F99H	-21.374876022338867	-19.91725730895996	-12.774560928344727	-3.0579473972320557	-14.770535469055176	-7.6756815910339355	-8.194897651672363	-9.134328842163086	-16.422122955322266	-13.752958297729492	-12.707517623901367
F99I	-11.763463020324707	-25.103729248046875	-15.288345336914062	-14.025521278381348	-43.09693145751953	-25.420578002929688	-5.312934398651123	-5.762244701385498	-26.274410247802734	-14.569976806640625	-18.661813735961914
F99K	-22.263675689697266	-21.164335250854492	-15.363954544067383	-4.636711120605469	-16.79320526123047	-11.132329940795898	-9.817778587341309	-9.81222915649414	-18.21891975402832	-16.755435943603516	-14.595857620239258
F99L	-15.554344177246094	-30.126468658447266	-22.41333770751953	-11.924657821655273	-30.726770401000977	-32.288578033447266	-17.03982162475586	6.7591352462768555	-29.06035041809082	-22.47364044189453	-20.484882354736328
F99M	-22.0344181060791	-21.859880447387695	-9.876107215881348	-8.142488479614258	-14.676589012145996	-9.29610824584961	-5.275352954864502	-15.007335662841797	-18.802637100219727	-14.86211109161377	-13.983302116394043
F99N	-24.87282371520996	-21.983354568481445	-16.33436393737793	-6.567523956298828	-21.462432861328125	-11.206341743469238	-8.361708641052246	-11.29197883605957	-19.434770584106445	-16.37630271911621	-15.789159774780273
F99P	-24.45354652404785	-22.58692169189453	-20.56599235534668	-8.169546127319336	-20.618154525756836	-10.680147171020508	-10.995244979858398	-6.834828853607178	-20.058210372924805	-16.608707427978516	-16.15713119506836
F99Q	-24.610212326049805	-21.34925651550293	-12.656725883483887	-5.586439609527588	-21.946231842041016	-9.916803359985352	-6.2243781089782715	-13.779050827026367	-17.970251083374023	-16.1463680267334	-15.018571853637695
F99R	-25.988183975219727	-21.54706382751465	-13.11447811126709	-11.06212043762207	-23.1395263671875	-13.491424560546875	-5.806205749511719	-18.146961212158203	-20.154813766479492	-17.800003051757812	-17.02507781982422
F99S	-21.80490493774414	-19.25857162475586	-14.076628684997559	-12.80004596710205	-32.04209899902344	-15.481321334838867	-7.125674724578857	-15.168495178222656	-20.161941528320312	-19.706924438476562	-17.76266098022461
F99T	-25.707460403442383	-22.667640686035156	-13.06840705871582	-15.250603675842285	-25.123624801635742	-15.304306983947754	-6.278418064117432	-17.56061363220215	-21.04212188720703	-18.11699867248535	-18.012020111083984
F99V	-15.460667610168457	-29.684572219848633	-19.281417846679688	-15.072851181030273	-46.54616165161133	-26.120471954345703	-10.732684135437012	-4.497586250305176	-27.377880096435547	-16.08875274658203	-21.0863037109375
F99W	-11.254968643188477	-16.08317756652832	-18.8429012298584	-1.0094746351242065	-7.603658676147461	-7.890031814575195	-19.44980239868164	-7.065893173217773	-16.064132690429688	-14.575616836547852	-11.983965873718262
F99Y	-25.634571075439453	-18.500564575195312	-11.6891450881958	-8.54969310760498	-15.716584205627441	-11.673331260681152	-5.719844341278076	-13.977703094482422	-17.361703872680664	-14.938681602478027	-14.376180648803711
F100A	-0.5352705717086792	-27.671321868896484	-18.289173126220703	-0.12576177716255188	-35.026580810546875	-13.198709487915039	-3.5332508087158203	-16.11372947692871	-14.59011459350586	-14.72999095916748	-14.381390571594238
F100C	-10.048452377319336	-23.169687271118164	-12.156492233276367	-5.054759979248047	-14.032180786132812	-18.46980094909668	-10.894859313964844	-8.351666450500488	-11.50309944152832	-11.061538696289062	-12.474254608154297
F100D	-32.94190979003906	-33.26917266845703	-17.04953384399414	-30.51980209350586	-41.124698638916016	-29.309673309326172	-11.843690872192383	-25.89215087890625	-30.727758407592773	-19.17865753173828	-27.185705184936523
F100E	-34.50662612915039	-32.60668182373047	-13.179154396057129	-22.960636138916016	-39.17669677734375	-25.36699867248535	-6.149230480194092	-31.969928741455078	-23.724233627319336	-18.717689514160156	-24.83578872680664
F100G	-9.17537784576416	-35.103981018066406	-20.343915939331055	-10.054645538330078	-36.97032165527344	-20.59062957763672	-3.6797070503234863	-15.802310943603516	-31.276832580566406	-19.129154205322266	-20.21268653869629
F100H	-14.797506332397461	-23.360929489135742	-13.269867897033691	-1.3744651079177856	-17.067792892456055	-18.872404098510742	-8.574881553649902	-11.341208457946777	-13.086658477783203	-14.13194465637207	-13.58776569366455
F100I	2.054943323135376	-19.93930435180664	-3.5102481842041016	9.732405662536621	-2.3182003498077393	-11.839022636413574	-2.1234023571014404	2.9305598735809326	5.64998722076416	2.8006515502929688	-1.656162977218628
F100K	-13.17054557800293	-27.96405029296875	-16.548357009887695	-5.026047229766846	-18.8626708984375	-23.138492584228516	-12.117427825927734	-9.360954284667969	-19.446367263793945	-16.953723907470703	-16.25886344909668
F100L	-2.3533034324645996	-43.54094696044922	-6.566527366638184	4.686953067779541	-1.8307443857192993	-6.595422267913818	-13.090901374816895	17.704465866088867	4.3859381675720215	1.5744106769561768	-4.562607765197754
F100M	-13.574543952941895	-19.53830337524414	-10.216392517089844	-3.8899621963500977	-16.418087005615234	-17.05870246887207	-7.623998641967773	-14.245437622070312	-9.073596954345703	-9.849583625793457	-12.148860931396484
F100N	-22.155763626098633	-28.85984230041504	-21.494077682495117	-5.992287635803223	-32.05433654785156	-22.579986572265625	-7.670326232910156	-13.9100341796875	-25.85173225402832	-17.244831085205078	-19.781320571899414
F100P	-30.471111297607422	-33.63579177856445	-26.202383041381836	-13.27251148223877	-37.2183952331543	-20.187255859375	-9.575902938842773	-12.813243865966797	-28.67924690246582	-21.025123596191406	-23.308095932006836
F100Q	-25.94532012939453	-26.694204330444336	-16.037813186645508	-7.363694667816162	-34.419864654541016	-20.267724990844727	-6.2854461669921875	-21.759563446044922	-23.98781967163086	-14.289716720581055	-19.70511817932129
F100R	-14.310888290405273	-25.586591720581055	-15.977649688720703	-13.318256378173828	-26.88186264038086	-26.57503890991211	-8.903777122497559	-20.06987190246582	-25.59663200378418	-13.914247512817383	-19.113483428955078
F100S	-8.09782600402832	-33.170291900634766	-18.185102462768555	-20.10376739501953	-38.04318618774414	-21.58258628845215	-4.788020610809326	-20.454504013061523	-26.7141056060791	-16.221904754638672	-20.736129760742188
F100T	-14.695472717285156	-24.44363021850586	-16.780691146850586	-18.394411087036133	-27.270610809326172	-26.684215545654297	-11.129216194152832	-19.151931762695312	-26.63563346862793	-13.086665153503418	-19.827247619628906
F100V	-0.9439705014228821	-34.86269760131836	-9.51124095916748	3.5666098594665527	-3.5723538398742676	-13.612568855285645	-10.053296089172363	5.57729959487915	5.051120281219482	-0.0972595140337944	-5.8458356857299805
F100W	-7.023653984069824	-20.496946334838867	-11.73857307434082	0.049939364194869995	-5.26887845993042	-23.696121215820312	-11.981046676635742	-8.461189270019531	-9.447141647338867	-16.911775588989258	-11.497538566589355
F100Y	-9.872208595275879	-20.647947311401367	-12.124343872070312	-2.218118190765381	-23.821531295776367	-17.317432403564453	-7.44748067855835	-12.91900634765625	-14.004692077636719	-11.720525741577148	-13.209329605102539
T101A	15.905156135559082	49.047019958496094	6.679305553436279	14.400227546691895	-0.0029630139470100403	16.707538604736328	4.578019618988037	19.100452423095703	9.021574974060059	18.40928840637207	15.384562492370605
T101C	13.333992004394531	12.904075622558594	15.878582954406738	9.175748825073242	0.7055488228797913	11.151076316833496	8.392775535583496	10.037944793701172	7.8249664306640625	14.198138236999512	10.360284805297852
T101D	17.329849243164062	25.632509231567383	11.25177001953125	14.958818435668945	-4.1937761306762695	23.318641662597656	8.03353214263916	15.507220268249512	11.216575622558594	13.273540496826172	13.632867813110352
T101E	20.70380973815918	32.65472412109375	8.935541152954102	15.549722671508789	-2.7486939430236816	21.465015411376953	10.07908821105957	16.66221046447754	13.021575927734375	17.633512496948242	15.395650863647461
T101F	10.108503341674805	31.1888370513916	5.5562872886657715	4.939996719360352	6.217900276184082	9.66950798034668	1.9870998859405518	5.97353982925415	9.710697174072266	20.446456909179688	10.579882621765137
T101G	18.01512336730957	30.121036529541016	9.399202346801758	13.572901725769043	-0.8089364171028137	24.077611923217773	4.708741664886475	15.757862091064453	9.710017204284668	16.24492073059082	14.07984733581543
T101H	13.902360916137695	15.263986587524414	17.91671371459961	10.78304672241211	0.2109644114971161	12.806174278259277	9.251603126525879	9.093092918395996	7.876415252685547	12.317300796508789	10.94216537475586
T101I	13.273818969726562	15.784444808959961	2.7611560821533203	1.7750110626220703	13.282835960388184	3.622903347015381	-5.239612579345703	6.385931491851807	5.692169666290283	7.159529209136963	6.4498186111450195
T101K	15.402336120605469	16.099611282348633	18.86602783203125	10.362872123718262	0.2613259255886078	13.854488372802734	11.46401309967041	10.240379333496094	8.700194358825684	12.94521427154541	11.819646835327148
T101L	5.13877534866333	-0.41866758465766907	0.26202693581581116	-2.344205379486084	23.35008430480957	2.2468905448913574	14.480877876281738	4.8716278076171875	9.052632331848145	2.9009711742401123	5.954101085662842
T101M	12.882290840148926	13.034168243408203	16.059406280517578	9.330805778503418	3.5710947513580322	9.683167457580566	2.383312702178955	8.980472564697266	6.083831310272217	12.21196174621582	9.422052383422852
T101N	12.518379211425781	19.463163375854492	17.016633987426758	9.872396469116211	0.11372431367635727	18.45951271057129	5.725794792175293	9.712706565856934	6.173013687133789	10.971755027770996	11.002707481384277
T101P	0.19665634632110596	15.788113594055176	9.367692947387695	2.388014078140259	-1.9501807689666748	12.165630340576172	9.663731575012207	6.7797441482543945	4.001858234405518	6.5076375007629395	6.490889549255371
T101Q	14.904226303100586	21.311628341674805	14.212793350219727	16.96059799194336	-1.151473045349121	19.344886779785156	7.637443542480469	11.081830978393555	9.389445304870605	12.926939010620117	12.661832809448242
T101R	13.716548919677734	23.85808563232422	14.047277450561523	15.0410795211792	0.18897539377212524	17.02649688720703	4.853901386260986	14.379362106323242	9.12364387512207	15.055631637573242	12.729100227355957
T101S	14.694350242614746	38.17504119873047	9.203380584716797	15.681108474731445	0.13724809885025024	21.24245834350586	5.28792667388916	21.902626037597656	8.246742248535156	15.525495529174805	15.009638786315918
T101V	10.574878692626953	15.155789375305176	0.09287092089653015	-2.3361310958862305	15.447346687316895	3.666144847869873	-11.195450782775879	6.331422328948975	7.101870536804199	6.236367702484131	5.107510566711426
T101W	13.683833122253418	12.620033264160156	17.307584762573242	4.604534149169922	-1.8788706064224243	5.284284591674805	15.785104751586914	7.0349626541137695	6.741607189178467	12.669188499450684	9.385226249694824
T101Y	12.996820449829102	14.281486511230469	13.467137336730957	8.691020965576172	2.258512258529663	11.936646461486816	5.357336521148682	10.747230529785156	7.798179626464844	12.11329460144043	9.964766502380371
E102A	4.482332706451416	22.24069595336914	-4.339906692504883	5.2394609451293945	-2.8836829662323	1.3256417512893677	6.009457588195801	2.7717392444610596	1.3256492614746094	-3.0007317066192627	3.317065477371216
E102C	0.7058221101760864	6.968280792236328	-5.519397735595703	2.2436180114746094	-11.021905899047852	-2.3338205814361572	-3.4886422157287598	-4.730750560760498	-0.7779381275177002	-1.8123323917388916	-1.9767067432403564
E102D	7.592657089233398	18.697561264038086	-10.652281761169434	13.845843315124512	-7.204298973083496	5.662839889526367	-0.5973005294799805	6.646084785461426	0.6167028546333313	0.34307509660720825	3.4950881004333496
E102F	-5.201959133148193	3.692445755004883	-3.3394148349761963	9.15888500213623	-25.572559356689453	-5.434053421020508	-0.23039430379867554	-6.0374755859375	-4.888355731964111	-4.278696537017822	-4.213158130645752
E102G	1.0944632291793823	19.138973236083984	-10.391583442687988	4.60087251663208	-5.236025333404541	3.1868374347686768	1.680478572845459	4.262583255767822	-0.34257209300994873	0.6668798327445984	1.8660907745361328
E102H	4.543529987335205	8.262301445007324	-4.958574295043945	1.5790913105010986	-6.440282821655273	-1.564560055732727	-1.8844190835952759	-6.568684101104736	1.1310538053512573	1.0312435626983643	-0.4869299829006195
E102I	-0.9465222954750061	0.24130138754844666	-3.006457567214966	-2.419579267501831	-21.63276481628418	-5.215636253356934	2.714463710784912	-0.5811097621917725	-1.9249811172485352	-2.559457540512085	-3.533074140548706
E102K	0.8994045257568359	7.3073272705078125	-6.288545608520508	2.2672805786132812	-9.921125411987305	-3.3499362468719482	-3.7868757247924805	-6.125040531158447	1.375616192817688	-1.7868802547454834	-1.9408775568008423
E102L	-9.847519874572754	-8.417059898376465	-5.391765117645264	4.9130425453186035	-12.821162223815918	-9.890236854553223	-0.6406436562538147	4.703137397766113	-6.560115814208984	-11.456399917602539	-5.540872097015381
E102M	-0.5398153066635132	6.214266777038574	-1.0309571027755737	3.6168644428253174	-10.56088638305664	-3.866567373275757	-3.920297145843506	-4.293801307678223	-1.5904468297958374	-1.7510031461715698	-1.7722642421722412
E102N	2.0007097721099854	7.108653545379639	-8.495061874389648	-2.4315531253814697	-7.793519020080566	0.7249445915222168	0.09694761037826538	-2.350571393966675	-0.5838566422462463	0.04525185376405716	-1.1678054332733154
E102P	1.3951005935668945	1.1396846771240234	-10.137675285339355	0.24858197569847107	-18.190826416015625	-8.088641166687012	-4.991844177246094	-4.469727993011475	-4.380173683166504	-8.080933570861816	-5.55564546585083
E102Q	7.535791873931885	16.32916831970215	-3.4295456409454346	3.55094575881958	-4.217984199523926	5.097366809844971	0.5020835995674133	8.58438491821289	0.02150939404964447	3.6994705200195312	3.7673192024230957
E102R	6.237265110015869	23.928552627563477	-3.767957925796509	1.7145792245864868	-6.043469429016113	1.9810552597045898	-0.8072517514228821	2.013918876647949	-2.1093053817749023	2.6545963287353516	2.5801985263824463
E102S	2.580936908721924	24.81113624572754	-7.090938091278076	3.3341012001037598	-6.238601207733154	1.1136488914489746	2.1392760276794434	3.617780923843384	-1.0979771614074707	2.991382122039795	2.616074562072754
E102T	1.3978707790374756	15.9216947555542	-7.482200622558594	3.4492390155792236	-13.14885139465332	-0.8350870013237	-3.2167088985443115	0.45891615748405457	-2.9583518505096436	-0.4557660222053528	-0.6869245767593384
E102V	-2.031933307647705	-3.5534472465515137	-4.030300140380859	2.363144874572754	-17.615829467773438	-7.094009876251221	5.923933506011963	2.340421438217163	-0.057431742548942566	-5.06662130355835	-2.8822073936462402
E102W	1.5826698541641235	3.1690406799316406	-0.9519729614257812	0.15285012125968933	-2.3071157932281494	-3.717470169067383	-5.676392555236816	-30.362857818603516	-0.05283127725124359	-7.550343990325928	-4.571442127227783
E102Y	2.180835723876953	8.944512367248535	-3.7593507766723633	4.851328372955322	-14.113788604736328	-0.9522058367729187	-3.016597032546997	-5.193966865539551	0.5565856695175171	-0.9347664713859558	-1.1437413692474365
Q103A	-8.893875122070312	-3.2791554927825928	-2.609217643737793	8.378459930419922	-10.846043586730957	-3.543159246444702	2.1442978382110596	-8.049959182739258	-1.6447018384933472	-8.160369873046875	-3.650372266769409
Q103C	-4.944238662719727	3.4723799228668213	-4.0951008796691895	-2.3112597465515137	-8.430219650268555	-3.9389424324035645	-3.8510231971740723	-3.1893882751464844	-5.531713008880615	-5.239516735076904	-3.8059020042419434
Q103D	-7.9934186935424805	-9.022753715515137	-7.279847145080566	-2.0274863243103027	-27.64025115966797	-2.3403501510620117	-5.679806709289551	-7.828248023986816	-11.326111793518066	-12.169790267944336	-9.330806732177734
Q103E	-4.526882171630859	-5.525093078613281	-6.046802520751953	-0.3327449858188629	-20.353864669799805	1.7662562131881714	-3.128641366958618	-14.965609550476074	-6.645514488220215	-9.66474723815918	-6.942364692687988
Q103F	-5.007650375366211	-0.5547159314155579	3.4978384971618652	6.357934474945068	2.3498611450195312	-7.411108016967773	3.7018232345581055	5.4709248542785645	5.972584247589111	-7.792380332946777	0.6585110425949097
Q103G	-5.885083198547363	-11.284687042236328	-6.1741251945495605	11.512381553649902	-13.694958686828613	-0.871893584728241	0.62063068151474	-6.393867492675781	-7.5252885818481445	-11.389510154724121	-5.108639717102051
Q103H	-1.7968311309814453	6.609096527099609	-8.239141464233398	2.0365211963653564	-7.996538162231445	-2.871908187866211	-3.5000760555267334	-2.0346133708953857	-5.29038667678833	-7.884860038757324	-3.0968737602233887
Q103I	-1.786224603652954	-5.483736991882324	2.9470021724700928	0.1388222575187683	10.544588088989258	-6.832974433898926	3.686602830886841	1.0819495916366577	5.728847503662109	-4.618075370788574	0.5406801104545593
Q103K	-2.2520670890808105	1.7609028816223145	-10.463444709777832	-2.208865165710449	-13.394588470458984	-3.924621820449829	-4.489387512207031	-0.4886387288570404	-8.064432144165039	-10.509848594665527	-5.403499603271484
Q103L	-1.7575682401657104	-21.068254470825195	10.676377296447754	1.8356865644454956	6.628814220428467	-7.233096122741699	-8.452491760253906	9.946938514709473	5.5812907218933105	0.5538857579231262	-0.32884180545806885
Q103M	-13.628864288330078	2.309481143951416	-0.7168266773223877	-4.753281116485596	-3.570614814758301	-4.296361923217773	-3.4127893447875977	-6.249962329864502	-5.419870376586914	-5.054527759552002	-4.479361534118652
Q103N	-1.2930885553359985	-0.16837617754936218	-14.433106422424316	3.8198623657226562	-13.773141860961914	-0.783155620098114	-3.8428852558135986	-3.0761938095092773	-5.691795349121094	-11.388566970825195	-5.063044548034668
Q103P	-4.454287052154541	-5.281861305236816	-14.59174919128418	-4.833403587341309	-23.83981704711914	-3.2980964183807373	-5.859449863433838	-2.209958076477051	-14.534984588623047	-14.759820938110352	-9.366342544555664
Q103R	-8.267266273498535	2.7841641902923584	-4.893136024475098	1.7707581520080566	-12.842336654663086	-3.091402053833008	-3.5186829566955566	-5.469771385192871	-2.431072235107422	-9.009551048278809	-4.496829509735107
Q103S	-12.47455883026123	-7.101077556610107	-5.256767749786377	1.023169755935669	-17.00229835510254	-3.7817420959472656	-0.5149128437042236	-6.578033924102783	-4.559808731079102	-8.466730117797852	-6.471275329589844
Q103T	-18.321882247924805	-1.5250986814498901	-4.818713665008545	-8.309321403503418	-12.393194198608398	-5.476480484008789	-3.7746741771698	-7.006628513336182	-2.458488941192627	-7.025939464569092	-7.111042022705078
Q103V	-5.92535400390625	-16.54302215576172	2.853703260421753	-4.7183051109313965	6.638336181640625	-9.950139045715332	-0.943780779838562	3.722966194152832	5.412642955780029	-4.329901695251465	-2.3782856464385986
Q103W	-0.39567187428474426	6.582241058349609	-4.764169692993164	-5.821380615234375	-5.3764567375183105	-8.189718246459961	-4.110568523406982	0.07183308899402618	-22.251388549804688	-9.624544143676758	-5.387982368469238
Q103Y	-12.038375854492188	0.6177936792373657	-4.087242603302002	-5.443355083465576	-11.953755378723145	-3.29744029045105	-3.0307233333587646	-4.90208625793457	-3.6333532333374023	-5.986732006072998	-5.375527381896973
N104A	18.393434524536133	19.281267166137695	7.413663387298584	2.9079768657684326	-4.076839923858643	16.854970932006836	4.521125316619873	6.660347938537598	5.2246174812316895	5.077883243560791	8.225844383239746
N104C	14.419645309448242	14.024526596069336	11.82664680480957	9.331709861755371	2.832669734954834	12.193634986877441	12.397500038146973	3.0397417545318604	7.992833614349365	11.132390975952148	9.919130325317383
N104D	19.86074447631836	19.442344665527344	13.159758567810059	3.8578648567199707	1.2347431182861328	17.082061767578125	6.565993309020996	8.249135971069336	4.530965805053711	9.818025588989258	10.38016414642334
N104E	20.965940475463867	17.39009666442871	11.370384216308594	6.51842737197876	0.2304639220237732	13.77254867553711	7.305552959442139	7.837375640869141	5.682091236114502	9.87592887878418	10.094881057739258
N104F	15.043249130249023	15.320646286010742	5.9362993240356445	2.749023199081421	0.5499770045280457	25.819137573242188	-3.363187074661255	4.640464782714844	4.666207313537598	0.5341452956199646	7.189596652984619
N104G	20.194974899291992	20.868932723999023	10.384243965148926	-2.4660372734069824	0.5700954794883728	17.09920310974121	6.164053440093994	7.035458564758301	4.508121967315674	9.692955017089844	9.405200958251953
N104H	16.571006774902344	16.667190551757812	11.967085838317871	7.944027900695801	5.654158592224121	12.450667381286621	10.986259460449219	2.661046266555786	8.683013916015625	12.768216133117676	10.63526725769043
N104I	15.665422439575195	10.16490364074707	5.344290733337402	3.4935131072998047	-8.851167678833008	16.473297119140625	-1.4675418138504028	4.387729644775391	3.9868006706237793	-0.6034420132637024	4.859380722045898
N104K	16.01741600036621	18.35959815979004	16.01624870300293	9.988051414489746	6.428955078125	13.0772705078125	13.218766212463379	2.5579326152801514	9.547924995422363	13.658432006835938	11.887060165405273
N104L	-0.5540609955787659	9.511075019836426	-3.0645222663879395	-0.015296727418899536	-11.408551216125488	12.445747375488281	-2.9581284523010254	2.336426258087158	6.022390842437744	-6.7689337730407715	0.5546146035194397
N104M	12.601837158203125	10.411770820617676	9.911354064941406	11.14408016204834	2.3434107303619385	7.7688727378845215	10.278739929199219	0.017328958958387375	8.680041313171387	7.050327301025391	8.020776748657227
N104P	13.098255157470703	16.279233932495117	16.82897186279297	5.158360481262207	3.4364418983459473	10.935503005981445	11.778337478637695	1.606239676475525	3.223342180252075	8.63369369506836	9.097837448120117
N104Q	18.665918350219727	20.27301597595215	13.569936752319336	9.679341316223145	7.42683219909668	13.311223983764648	8.442137718200684	6.197100639343262	9.06261157989502	11.734525680541992	11.836264610290527
N104R	19.378009796142578	22.001070022583008	14.59775161743164	8.19633674621582	2.0680618286132812	13.259292602539062	8.425725936889648	8.015008926391602	9.400001525878906	10.64827823638916	11.598954200744629
N104S	21.698633193969727	22.023191452026367	10.22895622253418	3.801358222961426	-2.6880040168762207	16.911624908447266	5.003634929656982	7.876086235046387	4.958442211151123	8.94662857055664	9.876054763793945
N104T	15.945923805236816	16.947853088378906	12.216676712036133	8.846749305725098	-0.7721925973892212	12.74957275390625	7.893284320831299	8.337187767028809	7.456658363342285	8.218485832214355	9.784019470214844
N104V	14.697153091430664	11.730036735534668	4.612459659576416	3.4145617485046387	-3.2077503204345703	21.906661987304688	-4.157007694244385	7.201018333435059	4.436395645141602	-1.1163779497146606	5.951714992523193
N104W	17.159770965576172	15.020459175109863	15.07812786102295	7.9932074546813965	5.916205883026123	8.49225902557373	24.83721351623535	-11.714360237121582	3.5514752864837646	13.572104454040527	9.990645408630371
N104Y	14.247458457946777	14.720205307006836	9.633136749267578	9.29412841796875	3.9420254230499268	11.603456497192383	12.638230323791504	3.6546831130981445	8.083117485046387	9.246659278869629	9.70630931854248
L105A	-9.103795051574707	-8.986961364746094	-11.588342666625977	-6.002867698669434	-36.36104202270508	-4.257049560546875	-6.931919574737549	-17.060819625854492	-0.254261314868927	-9.407955169677734	-10.995501518249512
L105C	-5.612745761871338	-3.8213207721710205	-4.961849689483643	-4.396886825561523	-9.81151294708252	-2.995377540588379	-8.020817756652832	-18.96368408203125	-7.615653038024902	-10.576691627502441	-7.6776533126831055
L105D	-12.639263153076172	-14.869558334350586	-15.897275924682617	-11.536304473876953	-26.40668487548828	-10.895430564880371	-9.731619834899902	-16.556230545043945	-9.524779319763184	-11.500296592712402	-13.955743789672852
L105E	-9.207850456237793	-9.146361351013184	-13.59320068359375	-0.4820980131626129	-24.234703063964844	-9.124221801757812	-6.152124881744385	-22.024866104125977	-8.838017463684082	-10.289355278015137	-11.309279441833496
L105F	-8.662147521972656	-18.587697982788086	-10.728399276733398	-9.996618270874023	-33.979400634765625	-7.200309753417969	-3.8727059364318848	-5.09364652633667	-5.058176517486572	2.3879880905151367	-10.079111099243164
L105G	-13.177555084228516	-9.17670726776123	-17.75358009338379	-4.957583904266357	-22.43984603881836	-7.541167736053467	-6.1678876876831055	-17.23599624633789	-7.968583583831787	-12.072352409362793	-11.849124908447266
L105H	-7.443772315979004	-3.5834178924560547	-4.271682262420654	-11.019706726074219	-11.825416564941406	-9.03017807006836	-10.795456886291504	-20.833290100097656	-4.5753889083862305	-12.117732048034668	-9.549603462219238
L105I	-0.2382800579071045	-12.892613410949707	-5.827976703643799	-8.998403549194336	-10.158400535583496	-16.096027374267578	1.323364496231079	-2.933985948562622	-1.8940438032150269	5.640839099884033	-5.207552909851074
L105K	-6.116925239562988	-6.094404697418213	-6.2285475730896	-10.076436996459961	-8.386474609375	-3.787377119064331	-10.096688270568848	-21.2802791595459	-6.906824588775635	-15.266664505004883	-9.42406177520752
L105M	-11.107000350952148	-0.6748438477516174	-4.6714067459106445	-3.391117572784424	-9.396714210510254	-3.3148345947265625	-6.373440742492676	-17.17782211303711	-5.845048904418945	-8.4590482711792	-7.0411272048950195
L105N	-8.420456886291504	-4.5490217208862305	-11.832080841064453	-16.47857093811035	-14.522397994995117	-9.557010650634766	-9.604522705078125	-25.870271682739258	-3.9033005237579346	-12.425546646118164	-11.716318130493164
L105P	-9.194541931152344	-11.360432624816895	-18.691715240478516	-14.027999877929688	-16.943450927734375	-10.381691932678223	-10.854132652282715	-21.413963317871094	-12.392683029174805	-17.211973190307617	-14.247258186340332
L105Q	-15.621213912963867	-5.112551212310791	-8.723042488098145	-13.333639144897461	-20.79030418395996	-9.73294734954834	-10.394430160522461	-24.095149993896484	-4.627172946929932	-9.53329086303711	-12.196374893188477
L105R	-11.952030181884766	-5.454840660095215	-11.275980949401855	-12.073752403259277	-20.869094848632812	-7.79594087600708	-8.925792694091797	-26.783777236938477	-5.744526386260986	-7.812527656555176	-11.868827819824219
L105S	-14.053913116455078	-7.692252159118652	-16.85805892944336	-13.326094627380371	-33.79043960571289	-7.737366199493408	-9.268072128295898	-22.72991180419922	-4.072146415710449	-9.235838890075684	-13.876409530639648
L105T	-8.890365600585938	-7.857556343078613	-13.829115867614746	-9.50535774230957	-25.94697380065918	-7.813863754272461	-8.546439170837402	-22.189823150634766	-10.076506614685059	-8.568046569824219	-12.322404861450195
L105V	-1.6500587463378906	-20.97451400756836	-7.766695499420166	-13.043161392211914	-10.364267349243164	-20.332761764526367	-0.7281980514526367	-0.10147945582866669	-0.18993528187274933	4.3453192710876465	-7.080574989318848
L105W	-1.729495882987976	0.285986989736557	-4.03171968460083	-12.642204284667969	-3.585695743560791	-4.942398548126221	-8.475268363952637	-25.848526000976562	-11.674118041992188	-15.23825454711914	-8.788167953491211
L105Y	-9.288532257080078	-3.326470136642456	-6.66768741607666	-5.830436706542969	-14.830597877502441	-3.3717269897460938	-6.534618854522705	-19.545177459716797	-7.102895736694336	-8.502411842346191	-8.500055313110352
S106A	20.469375610351562	23.13707160949707	-3.138901948928833	9.326976776123047	3.251145601272583	14.555346488952637	5.532010078430176	18.522674560546875	1.4396520853042603	7.480406284332275	10.057576179504395
S106C	25.804513931274414	7.452676296234131	1.6322163343429565	7.283756256103516	-1.9860526323318481	8.003305435180664	-2.018988609313965	6.303401947021484	3.337831974029541	3.7895987033843994	5.960226058959961
S106D	23.15447235107422	17.08188819885254	-0.22586283087730408	8.48579216003418	-0.540014922618866	19.546405792236328	-1.8193272352218628	11.608892440795898	1.6777006387710571	6.333599090576172	8.530354499816895
S106E	26.071048736572266	20.962203979492188	2.650284767150879	8.967464447021484	0.5344598293304443	21.50071144104004	-2.12589693069458	14.224970817565918	2.8757219314575195	6.533111095428467	10.21940803527832
S106F	11.843658447265625	19.19643211364746	-9.603609085083008	8.77085018157959	0.5479653477668762	10.47851276397705	5.532219886779785	13.797595977783203	5.751288414001465	10.451190948486328	7.676609992980957
S106G	24.07866668701172	9.555023193359375	-2.5690181255340576	10.759241104125977	-2.735351324081421	19.670333862304688	-0.19373774528503418	10.022926330566406	1.488211989402771	6.970248699188232	7.704654693603516
S106H	29.07778549194336	10.075956344604492	2.0646746158599854	7.719723701477051	-2.325819730758667	7.947303295135498	-1.715572714805603	7.412805080413818	3.9642844200134277	4.345663547515869	6.856680393218994
S106I	8.422006607055664	13.519670486450195	-4.317460060119629	8.16008186340332	-0.3483905792236328	11.898523330688477	3.4908885955810547	8.570068359375	0.6444852352142334	4.770447254180908	5.481032371520996
S106K	28.45951271057129	11.757119178771973	1.303991675376892	6.5953264236450195	-2.9344162940979004	9.24361515045166	-1.6325513124465942	7.963166236877441	4.417877674102783	2.484293222427368	6.7657928466796875
S106L	-0.4225093722343445	17.04131317138672	-23.431201934814453	4.923975944519043	-2.605942726135254	5.6943159103393555	-4.154552936553955	4.404008865356445	6.020551681518555	-5.002831935882568	0.2467125952243805
S106M	24.643421173095703	7.769616603851318	3.380831003189087	6.815218925476074	-2.5971498489379883	8.625411987304688	0.17108935117721558	6.89495325088501	3.8321878910064697	3.2201828956604004	6.275576591491699
S106N	26.27953338623047	9.787328720092773	0.5890344381332397	8.456326484680176	-3.2977354526519775	11.587890625	-2.2990832328796387	4.804441452026367	3.00525164604187	4.220315456390381	6.31333065032959
S106P	24.126728057861328	7.8763628005981445	-0.7211949825286865	6.78788948059082	-2.1513633728027344	9.824974060058594	-2.5095996856689453	3.5684025287628174	3.55084228515625	-0.8414915204048157	4.951154708862305
S106Q	28.437597274780273	15.407394409179688	2.6485328674316406	8.016013145446777	-1.50356924533844	16.960193634033203	-1.978860855102539	7.398277282714844	4.102635383605957	4.436578750610352	8.39247989654541
S106R	28.78415298461914	15.495879173278809	1.3372501134872437	9.335598945617676	-1.0465095043182373	15.479166030883789	-0.752515435218811	8.467597961425781	2.7437744140625	4.886839389801025	8.473123550415039
S106T	20.23900032043457	14.590316772460938	0.43242648243904114	8.510323524475098	-0.8692238926887512	11.762584686279297	-0.3677930235862732	11.154422760009766	2.0656330585479736	5.719543933868408	7.323723793029785
S106V	7.774954795837402	15.23589038848877	-13.26414966583252	9.168962478637695	2.707432270050049	7.1400909423828125	2.156141757965088	12.182249069213867	1.3483729362487793	3.4826059341430664	4.793254852294922
S106W	25.09089469909668	5.870576858520508	4.14046573638916	2.639871835708618	2.126495361328125	3.1173694133758545	-2.2155940532684326	2.8925509452819824	2.7109687328338623	0.31749770045280457	4.66910982131958
S106Y	27.169137954711914	9.69117259979248	1.9072638750076294	8.070350646972656	-3.2969417572021484	9.556106567382812	-1.0267549753189087	7.42636775970459	3.992884397506714	4.154730319976807	6.764431953430176
Y107A	-10.880008697509766	-2.972123384475708	-15.593703269958496	-7.014209747314453	-21.700620651245117	-2.3442182540893555	-2.1642253398895264	-18.826820373535156	4.80582857131958	-0.02659589797258377	-7.671669960021973
Y107C	-11.403525352478027	6.5098090171813965	-9.480676651000977	-9.65286636352539	-16.12867546081543	-13.211832046508789	-8.82402515411377	-34.28166961669922	4.87817907333374	-14.576279640197754	-10.617156028747559
Y107D	-16.50029754638672	-11.849260330200195	-25.27046775817871	-17.889482498168945	-24.099498748779297	-10.459074020385742	-4.138003826141357	-26.17693519592285	1.6260544061660767	-5.874483585357666	-14.063145637512207
Y107E	-16.15907859802246	-8.704731941223145	-18.078685760498047	-12.085975646972656	-20.464584350585938	-13.0294828414917	-4.448760986328125	-31.87298583984375	2.7592356204986572	-6.229547500610352	-12.831459045410156
Y107F	3.24857759475708	-3.859684944152832	-11.51618766784668	-1.2358357906341553	-14.679131507873535	1.5947060585021973	3.3798444271087646	-6.4236369132995605	1.4253259897232056	2.762941598892212	-2.530308246612549
Y107G	-14.750679016113281	-14.030048370361328	-24.313932418823242	-9.814249038696289	-25.71962547302246	-6.532700061798096	-0.13455182313919067	-22.91541862487793	-3.0474936962127686	-9.218483924865723	-13.04771900177002
Y107H	-15.84826946258545	5.24280309677124	-8.83172607421875	-9.877786636352539	-18.763532638549805	-14.207992553710938	-10.445613861083984	-36.211769104003906	4.9727559089660645	-15.120941162109375	-11.909207344055176
Y107I	1.0214142799377441	0.39672425389289856	-10.423501014709473	-3.3848671913146973	-9.467658996582031	0.40996143221855164	2.791102170944214	-0.9063920378684998	2.0818445682525635	1.4865020513534546	-1.599487066268921
Y107K	-17.060815811157227	2.4197378158569336	-13.988733291625977	-14.763769149780273	-20.128572463989258	-15.405105590820312	-10.236361503601074	-44.70813751220703	4.3393073081970215	-21.131738662719727	-15.066418647766113
Y107L	5.026947498321533	-33.01824188232422	-10.833520889282227	-3.8320364952087402	2.90460205078125	-7.762730598449707	6.750843524932861	2.3363189697265625	7.07382869720459	-2.2950918674468994	-3.364907741546631
Y107M	-15.400667190551758	4.8572282791137695	-7.669188499450684	-9.747459411621094	-15.806617736816406	-11.336469650268555	-7.724581241607666	-44.61382293701172	5.933032512664795	-12.404509544372559	-11.391305923461914
Y107N	-13.471245765686035	1.9121522903442383	-19.622167587280273	-14.255428314208984	-27.080514907836914	-12.593058586120605	-9.305421829223633	-37.716094970703125	4.464872360229492	-16.965896606445312	-14.463279724121094
Y107P	-12.781488418579102	-0.709022581577301	-29.068857192993164	-18.185503005981445	-28.896642684936523	-10.780266761779785	-10.499008178710938	-46.09187698364258	2.2751576900482178	-18.903182983398438	-17.36406898498535
Y107Q	-15.94346809387207	1.3118116855621338	-16.677204132080078	-9.778079986572266	-25.925647735595703	-17.243940353393555	-8.951741218566895	-44.74966812133789	5.4151506423950195	-11.15169906616211	-14.369450569152832
Y107R	-15.379364967346191	-1.8693453073501587	-19.6543025970459	-7.3549699783325195	-21.4653263092041	-18.135812759399414	-5.790349960327148	-44.72716522216797	1.3231215476989746	-7.031687259674072	-14.008522033691406
Y107S	-17.10531997680664	-6.008213520050049	-27.06232452392578	-7.346718788146973	-25.351884841918945	-13.183581352233887	-5.749095439910889	-21.19610023498535	3.038806676864624	-5.354497909545898	-12.531892776489258
Y107T	-14.790155410766602	0.11435506492853165	-20.805652618408203	-8.299633026123047	-20.907733917236328	-18.721590042114258	-6.6754984855651855	-32.574989318847656	2.764942169189453	-3.650592565536499	-12.354654312133789
Y107V	3.6436607837677	-5.231971740722656	-13.375605583190918	-7.293125152587891	-6.35960578918457	-7.078127384185791	6.018228054046631	0.9377146363258362	2.648613929748535	-0.5165033340454102	-2.6606719493865967
Y107W	-12.842477798461914	-0.5481010675430298	-5.291390419006348	-20.50984001159668	-8.717365264892578	-8.681290626525879	-11.716748237609863	-46.6674919128418	3.729694128036499	-28.21812629699707	-13.946313858032227
S108A	24.810400009155273	36.78294372558594	-5.614757537841797e-05	6.7599992752075195	1.347934365272522	15.245558738708496	1.1060616970062256	8.257765769958496	4.148191452026367	9.21130657196045	10.767010688781738
S108C	23.2938289642334	9.097784996032715	6.18824577331543	1.8181076049804688	-1.4129592180252075	4.779825210571289	0.6232658624649048	2.419370174407959	5.990345478057861	5.024681568145752	5.7822489738464355
S108D	24.84119987487793	24.02952766418457	3.593414545059204	5.422931671142578	-0.17733648419380188	12.77413558959961	0.5565802454948425	11.22494888305664	5.32180118560791	12.297224998474121	9.988442420959473
S108E	22.032758712768555	28.409360885620117	4.664580821990967	5.343903064727783	0.8560317754745483	11.08932876586914	0.7953090071678162	11.675140380859375	4.752900123596191	13.763205528259277	10.338252067565918
S108F	14.177689552307129	38.14433670043945	0.08756926655769348	5.578230857849121	0.01476772129535675	13.854731559753418	-0.46750837564468384	5.041237831115723	5.538498401641846	6.933401584625244	8.890295028686523
S108G	25.341533660888672	15.45060920715332	-0.25164708495140076	5.06011962890625	-1.2580081224441528	9.354697227478027	0.7623209953308105	7.819300651550293	4.306501388549805	10.091264724731445	7.667669773101807
S108H	23.893770217895508	9.069799423217773	6.141727447509766	1.9083348512649536	-0.8037123084068298	6.360702991485596	1.2044377326965332	3.0849907398223877	5.457007884979248	7.667482852935791	6.398454666137695
S108I	12.385235786437988	29.94818687438965	0.8750295639038086	5.140342712402344	-2.509955406188965	18.285602569580078	-1.1762150526046753	-0.88937908411026	3.5470266342163086	3.288454294204712	6.889432430267334
S108K	25.75449562072754	9.659332275390625	6.401958465576172	1.7522637844085693	-0.61246657371521	7.154094219207764	0.878155529499054	4.630170822143555	6.538497447967529	7.5417304039001465	6.969823360443115
S108L	-3.04473876953125	17.489320755004883	-9.953420639038086	12.240734100341797	-10.56533432006836	15.64063835144043	-4.683919429779053	-3.622586250305176	7.782921314239502	-4.144441604614258	1.7139173746109009
S108M	23.393184661865234	9.398893356323242	6.733822822570801	1.182580590248108	-1.4328581094741821	3.8498587608337402	0.584198534488678	-1.441092610359192	5.8881049156188965	5.080845355987549	5.3237528800964355
S108N	25.10362434387207	12.731790542602539	5.492673873901367	1.937104344367981	-0.9016039967536926	8.315173149108887	0.630724310874939	5.079089164733887	6.065752983093262	8.186507225036621	7.2640838623046875
S108P	22.53224754333496	2.983388662338257	4.269843101501465	-0.6005973815917969	-0.6979199051856995	6.246771335601807	0.5216891169548035	2.2445523738861084	5.859499454498291	5.021190166473389	4.838067054748535
S108Q	23.699525833129883	20.89105796813965	5.9642333984375	2.1865057945251465	-0.8662983179092407	8.041952133178711	0.7615491151809692	7.840424537658691	5.912630558013916	10.74726390838623	8.517884254455566
S108R	23.248367309570312	19.83824348449707	4.880981922149658	3.156674861907959	-1.2293267250061035	7.213082790374756	0.4066072702407837	9.257925033569336	5.715233325958252	9.554884910583496	8.204267501831055
S108T	22.0716609954834	23.04866600036621	4.683295726776123	4.773436069488525	-1.3025404214859009	9.209568977355957	0.9468642473220825	8.531806945800781	6.990553379058838	8.244138717651367	8.719745635986328
S108V	10.830188751220703	33.511810302734375	-0.9862722158432007	9.620471000671387	-0.5186966061592102	18.136127471923828	-2.9543256759643555	2.745880126953125	3.7192001342773438	2.6449644565582275	7.674935340881348
S108W	26.517786026000977	3.683277130126953	7.056369781494141	1.173863172531128	1.1586854457855225	1.979562759399414	1.4495830535888672	-2.3381500244140625	4.306495666503906	4.4759521484375	4.946342468261719
S108Y	25.220346450805664	14.803121566772461	5.563802719116211	0.379084974527359	-1.3395644426345825	5.51628303527832	0.732478678226471	3.9815456867218018	6.7482476234436035	5.673518180847168	6.727886199951172
E109A	31.495851516723633	43.75347137451172	4.865530967712402	15.676959991455078	3.301090717315674	8.098332405090332	6.395022869110107	21.412092208862305	14.908417701721191	8.028602600097656	15.793536186218262
E109C	32.8201904296875	17.11881446838379	3.603174924850464	-14.128067016601562	-1.293148398399353	0.1994011253118515	5.667112827301025	-9.955122947692871	4.849719524383545	3.302325487136841	4.218440055847168
E109D	26.400897979736328	30.24055290222168	1.110461950302124	4.639625549316406	2.2136151790618896	9.755090713500977	4.9713311195373535	-2.4555823802948	9.316568374633789	3.280237913131714	8.94727897644043
E109F	22.08934211730957	39.143898010253906	4.065028190612793	20.002161026000977	-0.32805103063583374	9.006441116333008	3.1201281547546387	18.90594482421875	16.568971633911133	10.242813110351562	14.28166675567627
E109G	27.358078002929688	36.24428939819336	0.18650871515274048	8.991087913513184	-0.48799747228622437	6.192045211791992	1.2478842735290527	3.5965287685394287	9.101269721984863	3.202805519104004	9.563249588012695
E109H	36.61304473876953	18.505159378051758	3.2992632389068604	-15.358171463012695	-0.40203526616096497	1.589935064315796	5.621875286102295	-14.925370216369629	4.544103145599365	6.237355709075928	4.572515964508057
E109I	15.0538911819458	34.70574188232422	2.58888578414917	8.34174919128418	-0.49210476875305176	13.420262336730957	5.122255325317383	16.27765655517578	8.640634536743164	8.225141525268555	11.188411712646484
E109K	40.450767517089844	19.826282501220703	3.5417540073394775	-17.658525466918945	-0.2943570017814636	0.7775958180427551	4.8998122215271	-19.715808868408203	3.6971375942230225	4.037600994110107	3.956225633621216
E109L	11.003055572509766	1.7978572845458984	-12.550439834594727	4.5562238693237305	5.2545037269592285	6.3091301918029785	3.2545979022979736	8.869810104370117	2.9487557411193848	7.2191925048828125	3.8662688732147217
E109M	30.39326286315918	16.557310104370117	1.8557718992233276	-12.200267791748047	-1.1013565063476562	0.2668328285217285	6.9955668449401855	-6.969370365142822	4.581897735595703	3.244701385498047	4.3624348640441895
E109N	36.11940383911133	22.019243240356445	2.059715986251831	-14.994568824768066	0.6291598081588745	3.637138605117798	3.6583688259124756	-17.248186111450195	6.4999237060546875	3.1010241508483887	4.548121929168701
E109P	28.916980743408203	19.654529571533203	-0.06003186106681824	-19.455480575561523	2.802192449569702	-0.22251980006694794	1.2389483451843262	-26.020973205566406	1.836323857307434	-6.081465721130371	0.26085034012794495
E109Q	29.909257888793945	25.604421615600586	2.9707529544830322	-10.072596549987793	-0.06041545420885086	3.586225986480713	6.410546779632568	-5.187874794006348	8.43629264831543	3.9520609378814697	6.554867744445801
E109R	27.831945419311523	27.579530715942383	4.924757480621338	-1.9667625427246094	0.3629508912563324	3.6610732078552246	6.9652323722839355	-1.9517117738723755	8.443136215209961	4.559053897857666	8.04092025756836
E109S	28.883760452270508	40.85276794433594	2.6375319957733154	10.691911697387695	1.6546772718429565	7.990099906921387	4.729830265045166	10.769340515136719	13.610074996948242	4.968337535858154	12.6788330078125
E109T	25.121482849121094	30.99726676940918	4.222259044647217	1.5542058944702148	-0.25598156452178955	4.2289347648620605	7.239604949951172	3.063096284866333	9.71112060546875	2.660256862640381	8.85422420501709
E109V	13.933568954467773	32.39442443847656	-1.367058277130127	3.524573802947998	1.69822096824646	14.010298728942871	4.371792316436768	17.65507698059082	8.392148971557617	9.085638999938965	10.369869232177734
E109W	49.76494216918945	14.997533798217773	1.5796972513198853	-29.000635147094727	2.474731206893921	-2.82147216796875	6.988911151885986	-23.50388526916504	0.8908548355102539	4.404572010040283	2.5775249004364014
E109Y	33.567081451416016	18.177614212036133	3.13008713722229	-14.226941108703613	-0.871795117855072	0.19302238523960114	5.859827041625977	-8.581931114196777	5.999393939971924	3.9492833614349365	4.719564914703369
E110A	35.362613677978516	59.68998336791992	7.876496315002441	12.663835525512695	1.8858046531677246	36.98340606689453	7.437769889831543	17.83268928527832	26.51398277282715	18.672414779663086	22.491897583007812
E110C	27.512088775634766	29.358078002929688	11.761919975280762	5.65812873840332	-2.0255019664764404	26.850536346435547	8.747201919555664	11.496736526489258	13.503376007080078	20.887605667114258	15.375017166137695
E110D	36.80203628540039	33.95143508911133	11.225265502929688	7.667656898498535	-3.1878128051757812	37.522422790527344	10.097539901733398	16.602399826049805	19.629932403564453	21.788652420043945	19.209951400756836
E110F	24.116792678833008	54.82314682006836	4.973983287811279	11.554364204406738	0.14095643162727356	28.80176544189453	3.6998112201690674	11.609548568725586	25.529666900634766	17.443368911743164	18.26934051513672
E110G	35.81074905395508	35.23200225830078	6.095995903015137	7.7355055809021	-0.7908187508583069	34.70803451538086	6.231378078460693	14.361358642578125	21.76350975036621	17.474111557006836	17.8621826171875
E110H	31.820634841918945	29.625123977661133	12.731634140014648	5.667172908782959	-0.27087825536727905	28.515146255493164	9.937016487121582	11.230680465698242	11.168094635009766	21.93141746520996	16.23560333251953
E110I	22.210256576538086	48.5904426574707	5.440152168273926	9.204994201660156	1.1529442071914673	21.779403686523438	4.117265701293945	7.817723751068115	21.467775344848633	14.580314636230469	15.636126518249512
E110K	33.43865966796875	32.3946533203125	13.285173416137695	5.390031337738037	-1.8557707071304321	34.873863220214844	10.129209518432617	11.501733779907227	12.20796012878418	23.332815170288086	17.469831466674805
E110L	1.7328379154205322	14.237237930297852	-14.373950004577637	5.4778947830200195	1.1665657758712769	14.778935432434082	-1.1034296751022339	3.2345447540283203	20.980714797973633	10.408053398132324	5.653940677642822
E110M	26.05830192565918	28.69159507751465	10.754073143005371	7.110495090484619	-0.36944150924682617	20.52315902709961	8.11966609954834	11.064573287963867	12.173918724060059	17.778722763061523	14.190507888793945
E110N	36.8375129699707	30.010236740112305	12.751060485839844	5.3168134689331055	-2.7616007328033447	30.67799186706543	7.904683589935303	11.396514892578125	9.290487289428711	18.305221557617188	15.972890853881836
E110P	33.1320915222168	23.491323471069336	10.882040023803711	1.8191912174224854	-1.4439682960510254	33.741363525390625	10.15812873840332	11.053823471069336	10.539872169494629	13.087210655212402	14.64610767364502
E110Q	34.360599517822266	35.345680236816406	11.845781326293945	8.040660858154297	-1.2121409177780151	30.417993545532227	9.305388450622559	13.652156829833984	16.055288314819336	20.807771682739258	17.86191749572754
E110R	33.072513580322266	39.60734939575195	10.696770668029785	7.788444519042969	-0.5941655039787292	30.11270523071289	8.511719703674316	13.84122085571289	22.86844253540039	20.522653579711914	18.642765045166016
E110S	34.2553825378418	49.12446975708008	9.177841186523438	8.767779350280762	-0.7746181488037109	38.74905014038086	8.508707046508789	18.48181915283203	26.925811767578125	19.92034912109375	21.31365966796875
E110T	28.645170211791992	38.606048583984375	10.303853034973145	6.682638168334961	-2.47953200340271	27.584590911865234	8.815958976745605	15.657696723937988	22.09563446044922	20.234256744384766	17.6146297454834
E110V	20.234350204467773	49.793800354003906	4.3825273513793945	9.534910202026367	5.0608367919921875	26.62335777282715	4.192936897277832	9.371455192565918	20.786865234375	15.404195785522461	16.538524627685547
E110W	38.66426467895508	19.724103927612305	18.37411117553711	5.0016188621521	-2.0270564556121826	35.9669075012207	10.310422897338867	6.702667236328125	9.0718355178833	22.06015968322754	16.384904861450195
E110Y	33.016048431396484	33.47243118286133	11.124467849731445	4.782156467437744	0.18741852045059204	29.728179931640625	9.529233932495117	12.506780624389648	17.677846908569336	17.54439926147461	16.95689582824707
P111A	-1.7603570222854614	1.720644235610962	-15.932004928588867	-0.4458729922771454	-11.253646850585938	2.547131299972534	-0.32213133573532104	-5.485831260681152	2.5711610317230225	-1.9560672044754028	-3.0316977500915527
P111C	-2.5002212524414062	-7.997475624084473	-0.8052958250045776	-12.578292846679688	-3.5470407009124756	-9.745227813720703	-6.988455295562744	-30.330440521240234	0.5499921441078186	-21.252946853637695	-9.519539833068848
P111D	-2.6816017627716064	-9.08260440826416	-6.953798294067383	-0.8097507953643799	-11.463525772094727	-6.434570789337158	-6.848043918609619	-15.407357215881348	-1.376344919204712	-9.13605785369873	-7.0193657875061035
P111E	-4.299787521362305	-8.33114242553711	-7.323904514312744	0.8405971527099609	-10.323104858398438	-7.202540397644043	-8.162436485290527	-17.05904197692871	-0.8453871011734009	-9.454510688781738	-7.21612548828125
P111F	-9.74039077758789	6.0334978103637695	-21.464839935302734	-5.472903251647949	-11.7566499710083	-1.9814952611923218	-0.655042827129364	-4.785637855529785	-0.09417207539081573	2.606895923614502	-4.731074333190918
P111G	-4.556753158569336	-6.640712738037109	-8.359162330627441	1.0173320770263672	-12.37861156463623	-5.926750183105469	-1.8849170207977295	-16.662153244018555	-2.0078306198120117	-6.572579860687256	-6.397213935852051
P111H	-3.7850570678710938	-7.704920768737793	-0.31434014439582825	-9.869439125061035	-3.0532279014587402	-5.903011798858643	-8.205838203430176	-37.27574920654297	-0.6731691360473633	-19.91297721862793	-9.669774055480957
P111I	-13.837732315063477	-0.19832387566566467	-19.15522003173828	-3.5417098999023438	-7.5070648193359375	-0.5819653272628784	-0.4493575692176819	-4.602243900299072	3.9426937103271484	4.643670558929443	-4.128725528717041
P111K	-2.4301252365112305	-9.338613510131836	0.44258224964141846	-9.918604850769043	-2.881531238555908	-8.136027336120605	-7.266176700592041	-33.07306671142578	-2.0577690601348877	-16.577964782714844	-9.123729705810547
P111L	-24.152751922607422	3.6447272300720215	-35.728397369384766	-9.573328018188477	2.2386670112609863	-6.988286972045898	-0.7707017064094543	4.0251030921936035	7.625918388366699	4.811248302459717	-5.48677921295166
P111M	-1.5238779783248901	-5.338353633880615	-0.9711941480636597	-10.903555870056152	-3.201526641845703	-12.011977195739746	-5.502459526062012	-24.7921199798584	1.8011252880096436	-21.146472930908203	-8.359041213989258
P111N	-4.0587053298950195	-11.444913864135742	-3.201200246810913	-8.978408813476562	-7.461878299713135	-7.633204460144043	-8.428048133850098	-37.51122283935547	-0.8849650621414185	-24.142847061157227	-11.374539375305176
P111Q	-5.5704193115234375	-9.258455276489258	-6.264492988586426	-5.463625907897949	-9.146500587463379	-7.7673163414001465	-7.099952220916748	-30.30939292907715	-0.00842536985874176	-19.59902572631836	-10.048761367797852
P111R	-3.3073554039001465	-8.900875091552734	-5.96630859375	-2.054436683654785	-9.810196876525879	-6.600550174713135	-4.681823253631592	-22.154888153076172	-0.25936782360076904	-15.470399856567383	-7.920620918273926
P111S	-2.946688413619995	-3.709118127822876	-12.20998477935791	-0.4057190716266632	-13.288328170776367	-0.4803338348865509	-2.4700512886047363	-9.90958023071289	0.3307810425758362	-2.720388650894165	-4.780941486358643
P111T	-3.9931931495666504	-8.112095832824707	-6.4815287590026855	-3.589406728744507	-11.358911514282227	-6.520252227783203	-5.138432025909424	-16.8896541595459	1.7932024002075195	-10.576001167297363	-7.086627006530762
P111V	-11.198869705200195	-0.7085862159729004	-24.365663528442383	-2.1062700748443604	-2.9628000259399414	-3.3877203464508057	0.2586061358451843	-1.0383861064910889	5.921412467956543	3.218874454498291	-3.6369400024414062
P111W	5.346111297607422	-2.317415952682495	2.293344736099243	-10.181751251220703	-1.350622534751892	-7.174945831298828	-4.957919597625732	-26.511474609375	-1.8145605325698853	-6.332249164581299	-5.3001484870910645
P111Y	-3.87650728225708	-5.157571315765381	-3.267334222793579	-5.082767486572266	-4.64284610748291	-6.508940696716309	-4.806168556213379	-28.514223098754883	2.2454655170440674	-17.091405868530273	-7.670229911804199
I112A	0.6604700088500977	13.628971099853516	-6.076890468597412	5.2359209060668945	-5.133695602416992	2.794158935546875	2.2692816257476807	-11.075380325317383	24.35195541381836	3.127047300338745	2.9781839847564697
I112C	9.278803825378418	-3.5876049995422363	-2.396733522415161	-11.53660774230957	-0.7544366717338562	-4.570611000061035	-4.127356052398682	-30.7496280670166	3.8023009300231934	-10.251110076904297	-5.4892988204956055
I112D	1.9406089782714844	-8.657398223876953	-15.175840377807617	2.439974069595337	-2.0536224842071533	-2.7766382694244385	-1.439611554145813	-16.59084701538086	14.70944595336914	-10.2191801071167	-3.782311201095581
I112E	2.1610586643218994	-4.272268295288086	-9.373044967651367	4.1304426193237305	-0.0770638957619667	-3.019500970840454	-1.4230961799621582	-21.44594955444336	14.816618919372559	-6.34076452255249	-2.4843568801879883
I112F	2.80422306060791	18.931028366088867	-6.300347328186035	15.218329429626465	-7.808334827423096	7.524521827697754	5.478336811065674	-2.5141873359680176	14.690521240234375	11.209599494934082	5.923369407653809
I112G	5.378044128417969	-9.539304733276367	-15.092278480529785	6.242165565490723	-2.3279619216918945	0.23731620609760284	-2.7910404205322266	-24.48131561279297	16.506855010986328	-7.211008071899414	-3.3078529834747314
I112H	5.4980268478393555	-5.679532051086426	-5.847580909729004	-4.0547261238098145	-1.9983669519424438	-5.581989765167236	-4.037034511566162	-35.023311614990234	2.8283214569091797	-11.060606956481934	-6.495680332183838
I112K	5.933992385864258	-6.000494956970215	-6.143186569213867	-5.289577007293701	-1.7320047616958618	-5.940909385681152	-4.385824203491211	-36.94585037231445	1.955143690109253	-14.392497062683105	-7.294120788574219
I112L	-1.8566367626190186	-6.537976264953613	-14.72018051147461	3.3989484310150146	4.67864990234375	-0.5684244632720947	9.145730972290039	3.5643768310546875	5.543003559112549	21.744359970092773	2.43918514251709
I112M	4.451631546020508	3.0943546295166016	-0.44247815012931824	-10.04874324798584	0.048720769584178925	-5.759372711181641	-3.867884874343872	-26.930007934570312	5.459348201751709	-8.873190879821777	-4.286762714385986
I112N	3.6908984184265137	-7.0557780265808105	-13.70530891418457	-4.6705708503723145	-3.2676491737365723	-4.379606246948242	-3.204249382019043	-30.060312271118164	6.477165699005127	-14.729415893554688	-7.090482234954834
I112P	6.77882719039917	-14.624029159545898	-13.96863842010498	0.38806530833244324	-3.7588295936584473	-6.969786643981934	-2.0749568939208984	-46.05919647216797	6.729893207550049	-16.02302360534668	-8.95816707611084
I112Q	2.9514007568359375	-4.509404182434082	-5.276912212371826	-1.243895173072815	-1.0012004375457764	-5.065760612487793	-2.3429770469665527	-34.56598663330078	10.181050300598145	-11.198473930358887	-5.207215785980225
I112R	0.3487750291824341	-3.3586506843566895	-9.032754898071289	1.2028553485870361	-1.3161665201187134	-3.903639554977417	-1.378374695777893	-35.77491760253906	12.325587272644043	-9.622200965881348	-5.050948619842529
I112S	-0.5931239128112793	4.689523696899414	-11.31497859954834	6.084395885467529	-4.216257095336914	-0.9111731648445129	-0.48084062337875366	-21.725753784179688	24.184844970703125	-0.3849320113658905	-0.4668295383453369
I112T	-0.4001133143901825	-0.21523621678352356	-5.296909809112549	-1.7859907150268555	-0.43218347430229187	-2.6855149269104004	-1.0558052062988281	-26.1628360748291	15.663057327270508	-6.229955196380615	-2.8601489067077637
I112V	-3.490377902984619	10.782262802124023	-8.308456420898438	7.037801265716553	1.4957101345062256	4.56303596496582	7.559401035308838	-0.5643851161003113	16.42769432067871	15.212393760681152	5.071507930755615
I112W	14.13349723815918	-5.867733478546143	-1.2791682481765747	-7.707609176635742	-2.493582248687744	-5.557877540588379	-1.5482921600341797	-42.20692825317383	-7.005654811859131	-13.882286071777344	-7.3415632247924805
I112Y	5.163269996643066	-3.23341703414917	-3.1940770149230957	-13.431880950927734	-0.7793582677841187	-4.659762382507324	-1.7946301698684692	-35.86261749267578	9.32489013671875	-7.652717113494873	-5.612030029296875
T113A	22.34478759765625	44.65279769897461	7.225885391235352	8.00600814819336	1.001064419746399	24.109094619750977	9.96334457397461	12.827651977539062	12.966869354248047	14.745567321777344	15.784307479858398
T113C	28.90546989440918	18.32072639465332	10.423879623413086	10.292008399963379	-3.8838210105895996	21.089866638183594	10.817138671875	8.122671127319336	16.558597564697266	17.7055721282959	13.835210800170898
T113D	26.46807861328125	29.26141929626465	9.069929122924805	10.179142951965332	-3.3069076538085938	25.64012336730957	11.469565391540527	11.01944351196289	14.731088638305664	17.672042846679688	15.220393180847168
T113E	25.084653854370117	31.600820541381836	8.657744407653809	9.434720039367676	-2.720824718475342	25.927978515625	12.225895881652832	12.161455154418945	15.781657218933105	18.53487205505371	15.668896675109863
T113F	18.89055061340332	30.30938148498535	4.9295573234558105	10.013157844543457	2.818572998046875	19.433956146240234	9.280860900878906	10.37232780456543	14.5651216506958	10.95329761505127	13.156679153442383
T113G	25.228660583496094	25.739776611328125	5.477808952331543	9.385604858398438	-2.616638660430908	22.132078170776367	8.855761528015137	9.2626314163208	10.076290130615234	11.193253517150879	12.473523139953613
T113H	31.052719116210938	16.888338088989258	10.772411346435547	10.239623069763184	-4.204586029052734	24.24247169494629	11.45416259765625	8.056652069091797	14.778968811035156	19.128646850585938	14.240939140319824
T113I	17.310100555419922	26.423534393310547	5.692378520965576	5.974072456359863	3.009495735168457	17.306264877319336	9.169987678527832	9.026220321655273	15.484180450439453	8.618304252624512	11.801454544067383
T113K	34.674163818359375	18.005834579467773	11.900355339050293	12.905214309692383	-5.071400165557861	27.556123733520508	12.18831729888916	8.682546615600586	17.15167999267578	21.82253074645996	15.981534957885742
T113L	8.35271167755127	18.57941246032715	-15.689327239990234	1.390820026397705	-0.04344690591096878	13.35093879699707	2.123065233230591	5.6626996994018555	16.58660888671875	2.6826093196868896	5.299609184265137
T113M	23.65027618408203	18.239877700805664	9.580900192260742	11.070405006408691	-2.467038869857788	15.198376655578613	10.540670394897461	7.244559288024902	14.118993759155273	15.57387638092041	12.275090217590332
T113N	33.084739685058594	19.85489273071289	10.355377197265625	10.882237434387207	-3.8631272315979004	25.95003890991211	10.279152870178223	7.876896858215332	14.208953857421875	17.238906860351562	14.586807250976562
T113P	31.982715606689453	13.01132869720459	8.470890045166016	11.678481101989746	-3.8657572269439697	23.669055938720703	12.771934509277344	6.070459842681885	9.798415184020996	15.305450439453125	12.889297485351562
T113Q	27.1588077545166	24.722517013549805	9.684856414794922	10.310907363891602	-2.8866991996765137	23.703691482543945	11.211228370666504	9.237100601196289	15.772903442382812	18.275117874145508	14.719042778015137
T113R	24.30132293701172	26.623937606811523	8.323793411254883	10.674245834350586	-2.7637834548950195	22.19620704650879	10.105499267578125	8.992185592651367	15.206276893615723	16.961376190185547	14.062106132507324
T113S	25.559324264526367	35.70047378540039	8.170111656188965	9.833518028259277	-1.6705397367477417	23.994049072265625	10.191147804260254	12.457189559936523	14.162353515625	14.745656967163086	15.31432819366455
T113V	19.79013442993164	28.46477508544922	3.9294724464416504	8.86433219909668	2.043543577194214	18.73352813720703	9.109848976135254	11.399299621582031	18.598316192626953	9.932228088378906	13.0865478515625
T113W	35.54634475708008	11.107105255126953	17.28335189819336	16.827598571777344	-6.980591297149658	34.6965446472168	13.214176177978516	7.059927940368652	13.248169898986816	22.221240997314453	16.422386169433594
T113Y	26.634519577026367	19.741575241088867	9.71847915649414	10.665061950683594	-1.996848702430725	20.974939346313477	11.167914390563965	7.792340278625488	12.890417098999023	15.650032997131348	13.323843002319336
E114A	17.829355239868164	46.620506286621094	7.418237209320068	12.365026473999023	3.6878185272216797	20.874313354492188	11.200355529785156	17.197519302368164	10.828569412231445	17.147523880004883	16.516921997070312
E114C	24.60919761657715	24.8677921295166	14.18520450592041	5.416278839111328	-0.42687541246414185	24.640399932861328	13.758185386657715	9.343704223632812	9.88211727142334	18.2724609375	14.45484733581543
E114D	23.523788452148438	33.080116271972656	10.226962089538574	5.266982078552246	-1.9651116132736206	25.314420700073242	13.766827583312988	13.844714164733887	12.410825729370117	21.33428382873535	15.680381774902344
E114F	12.570258140563965	33.428993225097656	6.724869728088379	13.896041870117188	2.204909563064575	14.355412483215332	9.42929458618164	17.117460250854492	11.71043586730957	10.980720520019531	13.241839408874512
E114G	20.501741409301758	30.71900177001953	7.211590766906738	9.610124588012695	-0.9954307675361633	23.25634002685547	10.102940559387207	13.898810386657715	8.067708969116211	18.715923309326172	14.10887622833252
E114H	26.05852699279785	24.339950561523438	15.415389060974121	2.979703664779663	-0.08163101226091385	28.89414405822754	14.706811904907227	9.327518463134766	8.312673568725586	19.897462844848633	14.985054016113281
E114I	11.493341445922852	36.330692291259766	6.962267875671387	7.2967987060546875	2.034390926361084	12.503847122192383	8.263524055480957	11.581186294555664	11.249176979064941	9.116482734680176	11.683171272277832
E114K	26.669706344604492	26.450098037719727	15.736174583435059	5.530169486999512	-1.824501872062683	35.13783264160156	15.5889310836792	9.938899993896484	10.558945655822754	22.435230255126953	16.622148513793945
E114L	4.872035503387451	24.343318939208984	-12.840784072875977	3.6597485542297363	1.9868823289871216	15.215723991394043	2.3894174098968506	4.202812194824219	9.059772491455078	8.206452369689941	6.1095380783081055
E114M	23.308557510375977	27.145044326782227	14.18581485748291	6.599613666534424	0.021096520125865936	18.742029190063477	13.261685371398926	8.129961013793945	9.450957298278809	14.962556838989258	13.580732345581055
E114N	21.408960342407227	23.7083797454834	11.473095893859863	4.530335426330566	-1.7884844541549683	29.518653869628906	13.41601848602295	9.638496398925781	9.754898071289062	19.54079246520996	14.12011432647705
E114P	22.741058349609375	18.936460494995117	9.638570785522461	3.4553964138031006	-2.804964542388916	30.972148895263672	13.38189697265625	8.086237907409668	9.182415962219238	15.242088317871094	12.88313102722168
E114Q	21.54401969909668	31.14218521118164	10.343850135803223	4.681159019470215	-0.40054720640182495	25.96921157836914	14.014845848083496	11.572547912597656	11.493147850036621	19.8550968170166	15.021551132202148
E114R	18.023483276367188	32.679630279541016	8.771173477172852	7.124302864074707	-0.47144830226898193	26.362930297851562	12.700495719909668	11.858312606811523	11.764322280883789	18.954866409301758	14.776806831359863
E114S	21.567068099975586	43.96017837524414	8.744344711303711	9.2699556350708	-0.48637253046035767	23.338912963867188	11.974455833435059	15.407594680786133	12.645331382751465	19.98297691345215	16.640443801879883
E114T	19.157108306884766	37.454837799072266	9.290155410766602	5.242849826812744	-0.9604156613349915	20.397409439086914	12.838031768798828	12.209836959838867	12.973807334899902	18.154123306274414	14.675773620605469
E114V	12.534223556518555	42.67690658569336	5.010417938232422	8.848840713500977	3.20297908782959	14.87912368774414	7.773251056671143	13.683059692382812	13.759597778320312	10.755928039550781	13.312433242797852
E114W	37.29244613647461	17.586862564086914	21.499460220336914	7.544644355773926	-0.6274943947792053	37.41865158081055	17.291608810424805	6.358520984649658	6.5118088722229	20.81087303161621	17.168737411499023
E114Y	22.524473190307617	26.634540557861328	12.298364639282227	4.498579502105713	0.32885104417800903	25.03207778930664	12.776240348815918	9.530269622802734	9.943117141723633	16.269254684448242	13.983575820922852
I115A	-1.6859334707260132	12.561681747436523	-0.5372054576873779	7.270341873168945	-1.570731282234192	-1.7702100276947021	-2.5912952423095703	0.15315602719783783	16.539377212524414	-6.724984169006348	2.164419651031494
I115C	13.36088752746582	-5.257157802581787	-3.42036509513855	-21.917516708374023	4.607667446136475	-10.865083694458008	-0.9363904595375061	-25.173498153686523	5.013082504272461	-13.688901901245117	-5.827727317810059
I115D	9.559288024902344	-15.125523567199707	-11.238486289978027	-6.518127918243408	0.35524672269821167	-12.750469207763672	0.12259918451309204	-17.429201126098633	6.681184768676758	-14.157218933105469	-6.050070762634277
I115E	4.256204128265381	-14.477952003479004	-3.1571834087371826	1.7197325229644775	0.5168535113334656	-11.861509323120117	-0.19706028699874878	-7.243771553039551	6.556272983551025	-8.954852104187012	-3.2843265533447266
I115F	-0.55576092004776	15.641277313232422	0.06830078363418579	11.719258308410645	-2.9359731674194336	10.526450157165527	1.4092094898223877	4.0406084060668945	18.431236267089844	1.4673665761947632	5.981197357177734
I115G	7.3252787590026855	-14.587699890136719	-12.562360763549805	-15.403787612915039	-3.0899479389190674	-4.239790916442871	-2.688775062561035	-34.99419403076172	4.032933712005615	-9.168113708496094	-8.53764533996582
I115H	9.363579750061035	-10.81766128540039	-2.1843323707580566	-8.002082824707031	4.756262302398682	-10.844889640808105	2.018571138381958	-30.529203414916992	4.318628787994385	-14.045044898986816	-5.596617221832275
I115K	11.42122745513916	-12.439837455749512	-3.5763635635375977	-11.161828994750977	3.9287333488464355	-12.554306983947754	2.722170352935791	-35.73363494873047	4.60675048828125	-17.820722579956055	-7.060781955718994
I115L	2.7879927158355713	6.969388961791992	-0.05922308564186096	6.301441669464111	8.903613090515137	2.0652999877929688	19.063613891601562	4.86651086807251	19.56949234008789	7.74636173248291	7.821449279785156
I115M	8.891477584838867	1.574432611465454	-2.095778465270996	-23.700197219848633	6.014222145080566	-7.482155799865723	-3.6131677627563477	-26.671783447265625	6.340862274169922	-8.02624225616455	-4.876832962036133
I115N	10.92447280883789	-14.04230785369873	-9.994828224182129	-17.717653274536133	2.952474594116211	-11.957694053649902	0.3308374285697937	-43.485294342041016	4.910860538482666	-18.7580509185791	-9.683717727661133
I115P	13.167823791503906	-17.450992584228516	-16.527240753173828	-13.542022705078125	-1.7603720426559448	-14.796405792236328	-0.25346916913986206	-35.9214973449707	0.7911750078201294	-27.04600715637207	-11.333900451660156
I115Q	6.966826438903809	-11.02292251586914	-4.314957141876221	-4.517450332641602	2.8160247802734375	-12.513751983642578	0.24876326322555542	-23.750301361083984	6.549434185028076	-11.352919578552246	-5.089125633239746
I115R	6.379790306091309	-10.67689323425293	-5.822678089141846	-3.142111301422119	1.8281158208847046	-14.083723068237305	0.36265987157821655	-20.78812599182129	6.147529602050781	-11.255267143249512	-5.1050705909729
I115S	2.3110644817352295	-5.59947395324707	-8.870150566101074	-0.4446747601032257	-1.3959304094314575	-8.899430274963379	-1.0797683000564575	-3.7819595336914062	12.784480094909668	-8.994494438171387	-2.39703369140625
I115T	4.481224060058594	-3.7929701805114746	-2.6416358947753906	-5.423984527587891	2.4152684211730957	-12.29471492767334	-1.3421261310577393	-14.151280403137207	9.34538459777832	-8.051460266113281	-3.145629644393921
I115V	1.5957237482070923	19.265567779541016	0.18333002924919128	9.186039924621582	4.526820182800293	3.702113628387451	10.31217098236084	4.489431858062744	17.53694725036621	3.296203374862671	7.409435272216797
I115W	23.666824340820312	-8.7633056640625	-2.627396821975708	-15.443796157836914	2.2176873683929443	-7.841977119445801	4.81730842590332	-33.17926788330078	0.2639089822769165	-15.841978073120117	-5.273199558258057
I115Y	9.8156156539917	-4.738903522491455	-4.246336460113525	-14.472549438476562	4.576462745666504	-10.261747360229492	-1.380894422531128	-31.786954879760742	3.918112277984619	-13.45109748840332	-6.202828884124756
P116A	19.49945068359375	31.11147689819336	8.367018699645996	11.650201797485352	2.238090991973877	23.831806182861328	8.507783889770508	11.58477783203125	7.856922149658203	13.892642974853516	13.854016304016113
P116C	31.04142189025879	14.732701301574707	26.37715721130371	6.759440898895264	-3.119168758392334	10.240840911865234	8.736538887023926	5.824923515319824	6.476809024810791	18.125497817993164	12.51961612701416
P116D	28.27959632873535	28.971942901611328	13.893218994140625	8.428691864013672	-0.07579349726438522	16.237051010131836	8.610072135925293	7.865036964416504	10.466299057006836	17.758872985839844	14.043499946594238
P116E	27.976146697998047	30.538734436035156	13.232698440551758	9.227395057678223	0.9383265376091003	15.105904579162598	8.638606071472168	8.660082817077637	11.458746910095215	18.571231842041016	14.434786796569824
P116F	14.801790237426758	23.353668212890625	6.999625205993652	11.519604682922363	7.403535842895508	26.923927307128906	5.732776165008545	8.640331268310547	9.113326072692871	10.24483585357666	12.473341941833496
P116G	19.0401611328125	22.231409072875977	9.264886856079102	9.376912117004395	0.4925040602684021	17.314050674438477	8.035746574401855	9.282474517822266	4.824295520782471	14.707914352416992	11.45703411102295
P116H	34.4962272644043	14.997331619262695	29.751523971557617	8.374737739562988	-2.1600422859191895	13.20041561126709	10.45666217803955	5.826286315917969	5.6959004402160645	19.152467727661133	13.979151725769043
P116I	17.127044677734375	26.543827056884766	6.147795677185059	9.121354103088379	10.098541259765625	24.280105590820312	5.031924724578857	7.129777431488037	7.477996826171875	7.678552150726318	12.063691139221191
P116K	37.0045280456543	16.475629806518555	31.153488159179688	8.345355033874512	-3.1944832801818848	14.40533447265625	11.326334953308105	6.298331260681152	5.802330017089844	20.918983459472656	14.853582382202148
P116L	5.204686164855957	17.750778198242188	-15.700075149536133	20.428733825683594	-2.0316646099090576	28.781618118286133	1.1263911724090576	1.6351678371429443	8.583291053771973	-3.444908857345581	6.233401298522949
P116M	27.690889358520508	15.32672119140625	22.23162841796875	9.39582633972168	-0.1606547236442566	6.945581436157227	8.733037948608398	5.622589111328125	7.351201057434082	16.13701629638672	11.927384376525879
P116N	32.4897575378418	20.44282341003418	23.475265502929688	9.818281173706055	-2.004121780395508	10.909141540527344	9.296053886413574	5.9048967361450195	6.17581844329834	19.04066276550293	13.554858207702637
P116Q	28.836034774780273	23.282262802124023	21.358633041381836	9.3598051071167	-0.9384177923202515	10.42764663696289	9.281570434570312	6.3454790115356445	9.586508750915527	18.63176918029785	13.6171293258667
P116R	27.098649978637695	23.92631721496582	19.160797119140625	9.780107498168945	-1.242679476737976	11.598453521728516	8.578193664550781	6.1610107421875	9.434837341308594	16.92099380493164	13.141667366027832
P116S	21.52622413635254	31.5697021484375	10.223687171936035	8.648983001708984	0.4694272577762604	17.668832778930664	8.117939949035645	9.639452934265137	7.906675815582275	14.851789474487305	13.062271118164062
P116T	25.686464309692383	24.473297119140625	14.311809539794922	9.935690879821777	0.21549591422080994	11.818706512451172	8.384413719177246	7.212242603302002	10.044479370117188	15.734024047851562	12.781662940979004
P116V	14.45725154876709	24.2755069732666	3.1249451637268066	12.592964172363281	11.18997859954834	31.98041534423828	5.070092678070068	7.624358177185059	10.217330932617188	5.987997531890869	12.652084350585938
P116W	40.61056137084961	12.230252265930176	45.507225036621094	10.398446083068848	-4.0382490158081055	22.76973533630371	10.862244606018066	4.966358184814453	0.6600049734115601	22.59771728515625	16.656429290771484
P116Y	31.364696502685547	15.858942031860352	23.32223892211914	7.547291278839111	-0.10453791171312332	10.411199569702148	9.249140739440918	5.583804130554199	8.0691499710083	16.291719436645508	12.75936508178711
G117A	9.732931137084961	20.12045669555664	-1.2485288381576538	2.1256515979766846	1.6764923334121704	9.06889533996582	3.139813184738159	14.923182487487793	2.491117477416992	17.289880752563477	7.9319891929626465
G117C	20.55760955810547	21.848508834838867	6.518771171569824	-0.02003762125968933	7.8325886726379395	12.001493453979492	10.242804527282715	-4.607807159423828	6.933613300323486	11.486412048339844	9.279396057128906
G117D	21.84676170349121	26.341928482055664	8.801267623901367	-1.285273790359497	3.383121967315674	15.325932502746582	8.030074119567871	10.886958122253418	5.009354114532471	17.00092315673828	11.53410530090332
G117E	24.153444290161133	28.158004760742188	8.214073181152344	1.7933924198150635	6.49478816986084	12.801403999328613	7.8289408683776855	12.658679962158203	8.251684188842773	24.30050277709961	13.465490341186523
G117F	5.7985029220581055	15.50866413116455	-3.3012654781341553	2.872406005859375	-3.7346749305725098	4.194123268127441	3.8218936920166016	2.897392749786377	2.858895778656006	12.019001960754395	4.29349422454834
G117H	21.39748764038086	23.935365676879883	7.879188060760498	-2.3484458923339844	9.674047470092773	11.567118644714355	10.590394020080566	-4.369836330413818	7.130392551422119	15.514629364013672	10.097033500671387
G117I	1.3087457418441772	15.493229866027832	1.3591502904891968	3.2669167518615723	-1.3429826498031616	4.002954006195068	1.5454108715057373	-1.3580669164657593	1.9083800315856934	7.713382720947266	3.389711856842041
G117K	20.78641700744629	26.690595626831055	8.496610641479492	-1.2793450355529785	11.867305755615234	13.236717224121094	12.498647689819336	-6.1771345138549805	8.944875717163086	14.24837875366211	10.931307792663574
G117L	-18.120956420898438	11.663039207458496	-9.822258949279785	6.634767532348633	7.568935871124268	5.337856292724609	0.3836666941642761	-30.908245086669922	1.9392733573913574	-5.5140581130981445	-3.0837979316711426
G117M	13.346269607543945	20.976207733154297	5.556842803955078	-1.0798873901367188	5.778152942657471	11.152746200561523	9.509387016296387	-3.465444803237915	5.299840927124023	13.252375602722168	8.032648086547852
G117N	21.47942352294922	24.504072189331055	10.203194618225098	-5.857789039611816	8.55057144165039	11.788290023803711	10.059678077697754	-1.714142918586731	6.6844305992126465	15.300681114196777	10.099841117858887
G117P	16.579919815063477	23.847986221313477	8.593682289123535	-8.456914901733398	9.513671875	10.206419944763184	9.871505737304688	-9.229701042175293	5.224069118499756	10.480859756469727	7.663149833679199
G117Q	22.367338180541992	24.471628189086914	8.296271324157715	-0.7825311422348022	7.1618733406066895	12.54597282409668	9.908220291137695	2.4201459884643555	7.349316120147705	18.253320693969727	11.199155807495117
G117R	21.516870498657227	24.745302200317383	7.301999092102051	-2.1935811042785645	5.13063383102417	11.466300964355469	9.043736457824707	7.088403701782227	6.972240924835205	18.31938362121582	10.939129829406738
G117S	16.60411834716797	24.652162551879883	5.261232852935791	-0.3105284869670868	-1.5084928274154663	14.84456729888916	5.626894474029541	15.491813659667969	4.281996726989746	16.818159103393555	10.176192283630371
G117T	18.22635841369629	23.42152976989746	6.9757232666015625	0.7095000743865967	2.836693525314331	13.922248840332031	8.52934741973877	4.952651023864746	5.175205230712891	13.64786434173584	9.839713096618652
G117V	-0.6056832671165466	17.893510818481445	-1.7799419164657593	4.26377010345459	3.579961061477661	4.932657718658447	2.053661346435547	-1.5212068557739258	2.0989186763763428	5.698832035064697	3.6614482402801514
G117W	16.59679412841797	23.293153762817383	8.035738945007324	-3.5473504066467285	19.13895606994629	12.369733810424805	17.970596313476562	-11.179398536682129	9.947646141052246	8.849922180175781	10.147579193115234
G117Y	16.80681800842285	20.74712562561035	6.116443157196045	-3.229713201522827	5.45113468170166	10.33521556854248	8.719322204589844	-2.004009246826172	4.956639766693115	11.936077117919922	7.9835052490234375
T118A	26.00605010986328	28.088533401489258	5.454433441162109	1.3768951892852783	8.573067665100098	14.331963539123535	4.722225666046143	22.507247924804688	14.580841064453125	12.501442909240723	13.81427001953125
T118C	26.88479232788086	9.133792877197266	6.92803955078125	-8.704444885253906	2.6752877235412598	4.794337749481201	6.917947292327881	-2.586362361907959	0.7226494550704956	5.6037797927856445	5.2369818687438965
T118D	32.54954147338867	20.528074264526367	6.447054386138916	1.7013037204742432	4.657944679260254	14.130654335021973	5.89671516418457	6.1496782302856445	3.2540159225463867	10.390631675720215	10.570561408996582
T118E	36.34244155883789	20.781269073486328	7.070955753326416	10.125785827636719	6.374463081359863	12.650379180908203	6.209718227386475	11.166500091552734	2.4956088066101074	12.049025535583496	12.52661418914795
T118F	11.563621520996094	34.09510803222656	4.767061233520508	17.8836669921875	11.557892799377441	17.914958953857422	3.430363178253174	8.337106704711914	10.61353588104248	11.84528923034668	13.200859069824219
T118G	36.12041091918945	15.789928436279297	1.492203950881958	-1.3610461950302124	4.158087730407715	13.262327194213867	2.1819348335266113	6.358220100402832	9.957486152648926	9.734760284423828	9.769432067871094
T118H	27.158227920532227	11.301168441772461	8.374457359313965	-1.8817874193191528	5.242323398590088	7.405029296875	7.1238861083984375	-0.38136258721351624	-1.6806071996688843	5.876407623291016	6.8537750244140625
T118I	13.53085708618164	29.74852180480957	6.336658477783203	15.308877944946289	11.503164291381836	6.538218021392822	3.8097565174102783	5.099442005157471	5.715149879455566	13.714156150817871	11.13047981262207
T118K	28.754196166992188	12.879342079162598	7.707354545593262	-6.303469657897949	4.391626358032227	7.959292411804199	6.858841419219971	-6.651775360107422	-1.509508728981018	4.519153118133545	5.860505104064941
T118L	3.524583101272583	2.686582088470459	-6.9525322914123535	10.121740341186523	13.858785629272461	3.02864408493042	4.807180881500244	3.6805295944213867	2.9735517501831055	9.479852676391602	4.72089147567749
T118M	22.120012283325195	13.619739532470703	5.137811660766602	1.9082422256469727	6.4444475173950195	4.399977684020996	6.212249755859375	1.8413710594177246	1.8551157712936401	4.960998058319092	6.849996089935303
T118N	33.05085754394531	12.620136260986328	7.043402194976807	-12.596166610717773	2.4882547855377197	10.996115684509277	4.369176387786865	-6.828752517700195	-0.47119033336639404	5.114377975463867	5.578621864318848
T118P	18.369606018066406	8.812665939331055	1.218788504600525	-14.408787727355957	2.248448133468628	8.226271629333496	3.2608556747436523	-15.489262580871582	-3.35302996635437	-1.9741867780685425	0.6911368370056152
T118Q	28.514890670776367	16.254804611206055	7.126524925231934	5.539574146270752	6.133206367492676	10.066985130310059	6.66663932800293	8.166500091552734	0.6032989025115967	7.687437534332275	9.675987243652344
T118R	28.245115280151367	15.501209259033203	7.4520583152771	10.007893562316895	5.55621862411499	9.598130226135254	6.869691371917725	15.22804069519043	0.9299567937850952	9.555648803710938	10.89439582824707
T118S	32.09009552001953	23.483102798461914	6.477485656738281	4.947051525115967	6.9335503578186035	14.946573257446289	6.134811878204346	19.944782257080078	12.617854118347168	12.669397354125977	14.024469375610352
T118V	8.797246932983398	27.869783401489258	4.529661655426025	11.45415210723877	12.576791763305664	6.393260955810547	4.963156223297119	6.247955322265625	7.010499000549316	13.01052474975586	10.285303115844727
T118W	25.55621910095215	10.291015625	7.734222412109375	-8.34030532836914	4.319479942321777	5.286725044250488	9.777060508728027	-16.564844131469727	-3.1575567722320557	0.2192654013633728	3.5121283531188965
T118Y	23.2287540435791	11.99736213684082	6.290176868438721	0.8853336572647095	4.728614807128906	7.1967668533325195	6.812652587890625	1.5186116695404053	1.0723621845245361	4.406138896942139	6.8136773109436035
K119A	23.51336097717285	52.625980377197266	6.630748271942139	24.56473159790039	-2.6089670658111572	18.658031463623047	4.6524338722229	24.512657165527344	21.321266174316406	14.011012077331543	18.78812599182129
K119C	37.551204681396484	14.962318420410156	6.2789387702941895	-2.049370288848877	-0.6868268847465515	6.939574241638184	5.436288356781006	6.8682355880737305	7.458002090454102	5.763566017150879	8.852192878723145
K119D	39.06248092651367	22.32112693786621	2.0986483097076416	12.42471694946289	1.202551007270813	14.583892822265625	5.487452507019043	8.97574520111084	13.801678657531738	10.774599075317383	13.07328987121582
K119E	40.90289306640625	27.15336799621582	5.018350124359131	19.597013473510742	1.2576065063476562	13.064476013183594	5.883423805236816	15.699142456054688	13.691614151000977	15.185275077819824	15.745315551757812
K119F	10.754897117614746	45.13776397705078	4.915870666503906	18.18834686279297	-3.0408437252044678	16.555618286132812	1.359377384185791	22.688819885253906	12.812338829040527	14.737878799438477	14.41100788116455
K119G	28.549436569213867	23.213476181030273	-1.654405117034912	12.337398529052734	1.2295266389846802	14.249755859375	4.033143043518066	16.207942962646484	11.570728302001953	8.489349365234375	11.82263469696045
K119H	37.5031623840332	14.251808166503906	7.3732500076293945	-2.0186398029327393	0.05950479954481125	9.339335441589355	6.259402751922607	9.009920120239258	6.561351776123047	9.120471954345703	9.745956420898438
K119I	11.646268844604492	38.90906524658203	4.675939083099365	7.964312553405762	0.6254832148551941	13.845815658569336	4.246285915374756	11.082300186157227	12.053853034973145	13.193435668945312	11.824275970458984
K119L	0.4981383681297302	-2.9894614219665527	-8.591029167175293	-5.372763633728027	7.654897689819336	7.065745830535889	4.582793712615967	13.281209945678711	5.121415615081787	10.58576488494873	3.183671236038208
K119M	35.567169189453125	15.272791862487793	7.311857223510742	1.3224399089813232	1.1786291599273682	4.749382495880127	5.2549943923950195	7.84092903137207	6.265873908996582	7.812436580657959	9.257651329040527
K119N	42.4569206237793	14.169221878051758	2.980835199356079	0.06602257490158081	0.8474319577217102	9.12091064453125	4.422793865203857	4.395810604095459	7.828953742980957	6.330306053161621	9.261920928955078
K119P	32.18661117553711	10.736800193786621	0.08787569403648376	-2.549872875213623	0.10129278153181076	4.762598037719727	4.9872636795043945	-0.3800617754459381	4.939132213592529	-8.915895462036133	4.595574378967285
K119Q	41.00811004638672	18.305225372314453	6.811553478240967	11.055106163024902	0.9144425988197327	10.067882537841797	5.289666652679443	8.779438972473145	9.688469886779785	10.849557876586914	12.276945114135742
K119R	40.47980880737305	22.60711097717285	5.992435455322266	11.496302604675293	1.0768250226974487	10.809741973876953	6.287257194519043	9.68591022491455	10.56722354888916	11.63226318359375	13.063488960266113
K119S	35.61833190917969	42.22029113769531	2.448234796524048	16.807266235351562	0.3390073776245117	19.163700103759766	4.597270965576172	17.776412963867188	20.63633155822754	7.420748233795166	16.702760696411133
K119T	38.114017486572266	27.56627082824707	5.800078868865967	10.852282524108887	0.5485296845436096	10.070928573608398	4.414635181427002	8.30202865600586	12.666264533996582	7.8446526527404785	12.617969512939453
K119V	9.591962814331055	34.523494720458984	0.890001654624939	1.0394384860992432	1.797843337059021	16.449613571166992	6.136393070220947	17.98526382446289	7.3099870681762695	13.448735237121582	10.917274475097656
K119W	38.626983642578125	14.210144996643066	10.87576961517334	-4.976219177246094	2.9061455726623535	10.312212944030762	9.578034400939941	2.583268404006958	4.353199481964111	7.82712984085083	9.629667282104492
K119Y	38.91140365600586	16.378646850585938	7.678826808929443	2.630795478820801	0.10601001232862473	7.949442386627197	5.299478054046631	7.547543525695801	7.4530181884765625	4.788504123687744	9.874366760253906
V120A	-5.574430465698242	17.93165397644043	-3.1740431785583496	6.989836692810059	-7.127061367034912	1.947086215019226	1.766445279121399	0.6570508480072021	6.573653221130371	-1.3611183166503906	1.8629070520401
V120C	12.741275787353516	0.6156810522079468	1.9122223854064941	-15.449407577514648	1.3231201171875	-4.058697700500488	-2.6839070320129395	-6.700170993804932	1.848156452178955	-12.528213500976562	-2.2979941368103027
V120D	1.4975320100784302	4.54441499710083	-2.697347640991211	2.4996085166931152	-7.5535430908203125	-6.34800910949707	-2.9534690380096436	0.20411036908626556	-2.7026538848876953	-5.557529449462891	-1.9066886901855469
V120E	0.22281748056411743	5.844043254852295	0.6591633558273315	4.59005069732666	-6.65175199508667	-2.9906840324401855	-4.523497581481934	1.322003722190857	-1.6349915266036987	-4.690235614776611	-0.7853082418441772
V120F	0.49137136340141296	11.23977279663086	-7.828851699829102	-5.149474143981934	-7.561434745788574	-1.711202621459961	2.1555635929107666	4.223393440246582	2.016300916671753	5.3678178787231445	0.3243256211280823
V120G	4.5577239990234375	1.402475357055664	-2.305948257446289	2.64931058883667	-7.776962757110596	-7.052679061889648	0.957573652267456	1.9329438209533691	-0.46545732021331787	-10.554389953613281	-1.6655410528182983
V120H	9.788551330566406	-0.4014793932437897	2.686936378479004	-13.829376220703125	0.9136876463890076	-0.020710278302431107	-2.1514534950256348	-2.7451746463775635	0.9657613635063171	-10.136228561401367	-1.4929486513137817
V120I	1.7190346717834473	12.488871574401855	-4.741334915161133	5.166717529296875	-0.7111227512359619	-0.09429113566875458	3.544661521911621	-3.12514591217041	7.388518810272217	10.851526260375977	3.2487435340881348
V120K	15.84688663482666	-2.3432669639587402	1.686410903930664	-13.827287673950195	0.33644574880599976	-7.063148498535156	-3.149026870727539	-3.9456493854522705	1.3471351861953735	-16.317323684692383	-2.742882251739502
V120L	-4.916956424713135	-11.879278182983398	-23.716028213500977	-7.7950310707092285	-2.744704008102417	-9.520058631896973	-0.7370172142982483	7.536477088928223	3.7931454181671143	22.503339767456055	-2.7476115226745605
V120M	6.113767623901367	-0.8726471662521362	2.2251596450805664	-20.59723663330078	1.8049492835998535	-5.608184814453125	-6.798885822296143	-15.691737174987793	1.0753093957901	-17.399272918701172	-5.574877738952637
V120N	8.869808197021484	-0.35171738266944885	1.0140248537063599	-6.500543117523193	-0.2603518068790436	-6.565860748291016	-3.569549322128296	-4.481982231140137	0.285513311624527	-15.815755844116211	-2.7376415729522705
V120P	10.896188735961914	-7.4248480796813965	-2.03704833984375	-10.650543212890625	-6.084662914276123	-13.889312744140625	-8.159611701965332	-9.799848556518555	-1.9004758596420288	-21.466350555419922	-7.0516510009765625
V120Q	4.391157150268555	1.2002133131027222	1.8545864820480347	-7.002821922302246	-0.018539227545261383	-2.016284704208374	-4.990777015686035	-3.907038688659668	1.0000797510147095	-10.151576042175293	-1.9640998840332031
V120R	4.746999740600586	-0.7525894641876221	2.0366926193237305	-2.438687562942505	-0.005308516323566437	-2.562539577484131	-2.6243700981140137	-1.3890007734298706	1.9503353834152222	-10.49968433380127	-1.1538152694702148
V120S	0.34717288613319397	5.7369065284729	-0.3756498396396637	4.916028022766113	-6.556392192840576	-1.247091293334961	0.07765142619609833	1.7141419649124146	3.6583211421966553	-8.975061416625977	-0.0703972801566124
V120T	3.2232553958892822	2.1001968383789062	1.5666537284851074	-8.054594993591309	-0.7225542068481445	-2.6596131324768066	-6.358099937438965	-1.6490896940231323	1.0587495565414429	-8.236611366271973	-1.9731708765029907
V120W	24.45388412475586	-1.4270645380020142	1.815529704093933	-23.171430587768555	0.5253283381462097	-1.9984104633331299	-0.170598566532135	-16.254283905029297	-0.38983094692230225	-13.946374893188477	-3.0563254356384277
V120Y	8.694488525390625	-0.19936612248420715	1.7997082471847534	-12.673641204833984	-0.5884503722190857	-4.025073051452637	-3.7318830490112305	-5.838270664215088	0.7183358669281006	-13.625595092773438	-2.946974754333496
F121A	-7.704820156097412	-6.385666370391846	-13.494063377380371	-3.407926082611084	-22.609867095947266	-5.587852478027344	-6.172804355621338	0.6591588258743286	-0.6894365549087524	-9.940326690673828	-7.533360481262207
F121C	-9.992929458618164	-12.678943634033203	-7.5771708488464355	-5.956460475921631	-11.704546928405762	-24.589279174804688	-4.302169322967529	-12.242191314697266	1.3425368070602417	-19.073436737060547	-10.677457809448242
F121D	-15.223138809204102	-28.53780174255371	-24.594680786132812	-2.155870199203491	-22.996599197387695	-25.88759994506836	-8.411996841430664	-10.812378883361816	-8.801921844482422	-19.132047653198242	-16.655405044555664
F121E	-9.801057815551758	-19.556705474853516	-14.058732986450195	1.072134256362915	-16.19206428527832	-21.269262313842773	-5.525929927825928	-11.384970664978027	-6.153464317321777	-15.987211227416992	-11.885726928710938
F121G	-12.089733123779297	-33.73628234863281	-23.853885650634766	-0.38851192593574524	-24.192283630371094	-14.596036911010742	-11.111820220947266	-12.513093948364258	-7.415438652038574	-20.47963523864746	-16.037670135498047
F121H	-14.482946395874023	-17.231494903564453	-11.321502685546875	-3.7382686138153076	-12.205074310302734	-27.86286163330078	-5.330906391143799	-18.252819061279297	-1.1891915798187256	-17.754291534423828	-12.936935424804688
F121I	7.017768859863281	-2.981123447418213	-9.647651672363281	-5.417052268981934	-15.054618835449219	-14.865449905395508	-2.421488046646118	4.155738353729248	3.804105281829834	-1.995510458946228	-3.7405285835266113
F121K	-17.596168518066406	-20.199357986450195	-12.099666595458984	-1.3637179136276245	-10.749682426452637	-30.625843048095703	-6.281737804412842	-27.284507751464844	-2.911480188369751	-20.784366607666016	-14.989651679992676
F121L	-3.2865781784057617	-25.768814086914062	-19.381755828857422	-10.42336654663086	-5.823014259338379	-17.145278930664062	-0.14236819744110107	5.389108657836914	4.977397918701172	-17.63875389099121	-8.92434310913086
F121M	-8.991918563842773	-11.233196258544922	-1.0099372863769531	1.9420839548110962	-7.72603702545166	-16.20120620727539	-3.086493968963623	-9.505420684814453	7.039231777191162	-15.188179016113281	-6.3961076736450195
F121N	-17.88441276550293	-20.8543758392334	-18.487348556518555	-4.415429592132568	-14.81213665008545	-26.047548294067383	-5.962436676025391	-23.188905715942383	-7.137170314788818	-17.678672790527344	-15.646844863891602
F121P	-18.77604866027832	-30.663545608520508	-23.060941696166992	-3.5581507682800293	-18.161338806152344	-21.741186141967773	-8.79771614074707	-23.782421112060547	-11.93142318725586	-23.92051887512207	-18.439329147338867
F121Q	-12.230944633483887	-13.671412467956543	-12.802742004394531	-2.903830051422119	-11.682001113891602	-25.80352783203125	-4.858218669891357	-15.926706314086914	-5.120813369750977	-16.718839645385742	-12.171903610229492
F121R	-12.003120422363281	-13.730155944824219	-11.605199813842773	-0.731914758682251	-14.452713966369629	-28.788286209106445	-4.423638820648193	-17.764942169189453	-4.7688775062561035	-17.818622589111328	-12.608746528625488
F121S	-10.621025085449219	-15.23838996887207	-21.373079299926758	-5.625030994415283	-26.966533660888672	-17.321393966674805	-8.869340896606445	-10.756702423095703	-2.820706844329834	-10.14821720123291	-12.974042892456055
F121T	-7.1509504318237305	-12.587604522705078	-14.392998695373535	-4.5212836265563965	-16.179441452026367	-22.128572463989258	-5.031256675720215	-7.980555534362793	-0.039440497756004333	-14.339929580688477	-10.435202598571777
F121V	10.36648178100586	-7.469513416290283	-12.157975196838379	-6.252466678619385	-8.439433097839355	-20.396257400512695	-1.1383728981018066	7.0449538230896	3.5897274017333984	-7.404109001159668	-4.225697040557861
F121W	-14.660979270935059	-17.81505584716797	-10.709566116333008	0.06434640288352966	-7.131455421447754	-26.097532272338867	-7.621779918670654	-31.654489517211914	-4.552243709564209	-24.137775421142578	-14.431653022766113
F121Y	-8.877992630004883	-12.908846855163574	-8.80816650390625	-3.034353256225586	-13.156108856201172	-26.053016662597656	-4.163278102874756	-12.797757148742676	0.043263062834739685	-13.025102615356445	-10.278135299682617
K122A	10.464970588684082	43.14133071899414	1.3482065200805664	4.133615016937256	4.450153827667236	17.250755310058594	1.5664551258087158	9.91999626159668	21.29595184326172	3.9156527519226074	11.748708724975586
K122C	16.35896110534668	15.045955657958984	2.3746581077575684	-1.358299732208252	3.681856632232666	9.227039337158203	1.1485595703125	-2.5118343830108643	5.413008689880371	-17.233844757080078	3.214606523513794
K122D	18.495983123779297	17.917722702026367	-0.9750165939331055	2.8771913051605225	2.1660497188568115	11.018263816833496	-4.584447860717773	2.7055563926696777	10.305623054504395	-1.938043475151062	5.798887729644775
K122E	18.759225845336914	22.8411922454834	3.079725742340088	5.3328938484191895	3.488856315612793	8.621515274047852	-1.961288332939148	5.476884841918945	12.016168594360352	1.968422770500183	7.962359428405762
K122F	0.7187014818191528	33.03888702392578	-1.2354722023010254	15.487495422363281	6.092708110809326	17.146820068359375	1.6210205554962158	4.044241905212402	14.294049263000488	12.982015609741211	10.419046401977539
K122G	16.678728103637695	21.148155212402344	-4.266208648681641	3.508591651916504	3.4363834857940674	8.76724624633789	-1.8003308773040771	3.5559918880462646	13.066378593444824	-4.500638008117676	5.959429740905762
K122H	20.065454483032227	12.175496101379395	-0.43085506558418274	-2.348198652267456	4.678990364074707	8.432697296142578	-0.6228137612342834	-1.8642830848693848	4.479804039001465	-18.662368774414062	2.5903923511505127
K122I	1.3226107358932495	34.46748352050781	0.5187922716140747	13.713653564453125	6.1821489334106445	9.048087120056152	2.9587175846099854	0.9670435190200806	13.989697456359863	10.236072540283203	9.340429306030273
K122L	0.25791555643081665	-4.964175701141357	-7.546352386474609	-13.43929386138916	7.219561576843262	0.2824134826660156	-5.321646213531494	9.522456169128418	11.320136070251465	29.933164596557617	2.7264180183410645
K122M	10.662917137145996	15.843765258789062	4.241481781005859	1.4965986013412476	4.9802703857421875	7.365273952484131	2.7672224044799805	-5.847111701965332	3.842454433441162	-10.246904373168945	3.510596513748169
K122N	22.37508773803711	13.682143211364746	-3.527519702911377	-0.5238207578659058	3.430614471435547	9.959185600280762	-2.6316845417022705	-2.618709087371826	4.4641547203063965	-28.902572631835938	1.570688247680664
K122P	11.829551696777344	8.897928237915039	-7.689697265625	-5.570803165435791	3.0532267093658447	6.522140026092529	-4.035469055175781	-7.533312797546387	1.1978541612625122	-51.0310173034668	-4.435959815979004
K122Q	20.6970157623291	16.634145736694336	-0.10791817307472229	3.012928009033203	3.743474006652832	9.31987190246582	-2.441352128982544	0.6253271102905273	7.78726863861084	-18.5389347076416	4.073182582855225
K122R	21.50613021850586	16.555051803588867	0.4293593168258667	3.7193281650543213	4.460705757141113	10.488080978393555	-2.5033717155456543	0.7717465162277222	11.106599807739258	-16.2427978515625	5.029083251953125
K122S	16.55941390991211	31.372556686401367	-4.2590556144714355	1.3838746547698975	5.3112874031066895	14.208213806152344	-2.0771639347076416	8.740925788879395	15.267579078674316	-7.705984115600586	7.88016414642334
K122T	17.845401763916016	23.15669059753418	-1.0171984434127808	3.2192344665527344	3.0084941387176514	9.704324722290039	-0.08725053071975708	2.612947702407837	9.203509330749512	-16.41075325012207	5.12354040145874
K122V	2.0755321979522705	38.88654708862305	-2.6389708518981934	13.654399871826172	6.825520992279053	9.832649230957031	4.170281410217285	4.198892593383789	14.155662536621094	14.23878288269043	10.53993034362793
K122W	26.365507125854492	8.567822456359863	0.5067964792251587	-19.61433982849121	3.8203954696655273	11.460332870483398	2.348309278488159	-28.72937774658203	3.0660183429718018	-26.37751579284668	-1.8586047887802124
K122Y	14.05647087097168	16.055177688598633	0.6486536264419556	0.3716236650943756	4.296326160430908	8.288557052612305	1.2856636047363281	-2.2135746479034424	4.32196044921875	-20.18630027770996	2.6924562454223633
S123A	-2.1398866176605225	22.920442581176758	-7.88614559173584	10.08313274383545	-14.481253623962402	-2.8261523246765137	-5.54335355758667	0.4132920503616333	4.101695537567139	-1.0463638305664062	0.3595407009124756
S123C	-8.210537910461426	8.543244361877441	-1.0076878070831299	6.233658790588379	-8.832098007202148	-2.585739850997925	-6.783320903778076	-14.392111778259277	-0.33727484941482544	-5.950287818908691	-3.3322155475616455
S123D	-5.987578868865967	8.455815315246582	-10.300943374633789	-7.952323913574219	-13.431106567382812	-4.133184432983398	-3.729928731918335	-6.318276405334473	-4.497200012207031	-3.242213010787964	-5.113693714141846
S123E	-5.906546592712402	11.771007537841797	-6.189197540283203	1.5473499298095703	-11.191658020019531	-0.19442269206047058	-3.7910213470458984	-8.510172843933105	-4.627039909362793	-3.438981294631958	-3.0530683994293213
S123F	-5.603242874145508	11.155454635620117	-9.586176872253418	5.266003608703613	-23.57341766357422	-5.900720119476318	-1.70454740524292	-12.602481842041016	-7.386291980743408	0.6244372725486755	-4.931098461151123
S123G	-4.921252250671387	4.918802261352539	-11.21860122680664	-0.056492358446121216	-14.204780578613281	0.14565744996070862	-4.590689182281494	-9.005281448364258	-0.19855989515781403	-6.496828556060791	-4.562802791595459
S123H	-8.998594284057617	7.544878959655762	0.028141111135482788	3.94590163230896	-7.019846439361572	0.36552223563194275	-7.247969150543213	-15.239147186279297	-2.5312812328338623	-5.1369733810424805	-3.428936719894409
S123I	-3.8485894203186035	6.262831687927246	-7.250284194946289	1.5555459260940552	-17.551204681396484	-7.532773971557617	-3.908212900161743	-4.899808406829834	-4.359014987945557	0.73358553647995	-4.0797929763793945
S123K	-8.815450668334961	6.4111833572387695	-2.101487874984741	6.161218643188477	-7.433335781097412	-0.3489900529384613	-7.506944179534912	-20.898845672607422	-2.455148458480835	-7.555960178375244	-4.454376220703125
S123L	-9.419540405273438	-19.112119674682617	-11.146218299865723	-3.018193483352661	-4.130089282989502	-13.169910430908203	-2.4569621086120605	5.1668477058410645	1.5372487306594849	-6.475656509399414	-6.222459316253662
S123M	-7.043108940124512	7.889060974121094	0.17648902535438538	5.085612773895264	-11.435617446899414	0.10417689383029938	-6.643428325653076	-15.73396110534668	0.022395092993974686	-8.71533489227295	-3.6293716430664062
S123N	-7.1479268074035645	3.7882089614868164	-5.07268762588501	0.09703299403190613	-11.202160835266113	0.7790692448616028	-5.0835113525390625	-18.86417579650879	-1.761735200881958	-6.266846179962158	-5.07347297668457
S123P	-7.598783493041992	-6.291657447814941	-11.725301742553711	-3.0045523643493652	-14.863897323608398	-3.9762659072875977	-7.282761096954346	-20.210018157958984	-6.70127534866333	-10.222043991088867	-9.187655448913574
S123Q	-6.906982898712158	10.914196014404297	-1.5534255504608154	5.01456356048584	-8.459619522094727	4.068138122558594	-4.793842792510986	-13.414642333984375	-1.1844173669815063	-3.8378703594207764	-2.015390157699585
S123R	-4.810450553894043	10.579960823059082	-4.642279148101807	5.317814826965332	-11.999113082885742	1.3837193250656128	-3.1204237937927246	-20.372859954833984	-1.0418139696121216	-3.2457175254821777	-3.1951165199279785
S123T	-2.3241829872131348	12.730145454406738	-5.033528804779053	11.675421714782715	-10.823649406433105	-1.5132720470428467	-4.353589057922363	-8.276180267333984	-0.08329237997531891	-3.7945220470428467	-1.179664969444275
S123V	-4.115682125091553	5.753006935119629	-11.606414794921875	0.5174306631088257	-7.752207279205322	-9.551794052124023	-3.683713912963867	6.840559959411621	-2.2163589000701904	-0.46738767623901367	-2.628256320953369
S123W	-3.8243002891540527	1.931361436843872	-0.7699190378189087	-2.094979763031006	-4.364684581756592	-3.7272720336914062	-10.418073654174805	-11.637889862060547	-8.774736404418945	-16.30751609802246	-5.998801231384277
S123Y	-8.914302825927734	7.693059921264648	-1.5988833904266357	5.495229244232178	-11.962453842163086	-3.7941243648529053	-6.545790195465088	-12.364941596984863	1.0490700006484985	-4.9454569816589355	-3.5888590812683105
S124A	16.970243453979492	34.710086822509766	2.106865644454956	11.251165390014648	8.348791122436523	27.475204467773438	1.5860711336135864	11.03897476196289	7.4010186195373535	10.699760437011719	13.158819198608398
S124C	28.526752471923828	19.385313034057617	5.53284215927124	3.881959915161133	4.733370780944824	4.324520111083984	1.867587924003601	4.957886695861816	7.151482582092285	13.242764472961426	9.360447883605957
S124D	19.77086067199707	30.543302536010742	6.772418975830078	8.13461971282959	5.420574188232422	21.7852725982666	0.07577747106552124	8.493484497070312	6.110701560974121	17.623676300048828	12.473068237304688
S124E	18.0677433013916	34.974674224853516	6.62817907333374	8.717455863952637	7.044706344604492	20.35803985595703	-0.33563321828842163	8.353271484375	6.805936813354492	16.865568161010742	12.747995376586914
S124F	10.964176177978516	36.04865264892578	0.7499171495437622	9.393729209899902	5.096538066864014	24.0357666015625	3.589477062225342	6.284918308258057	7.283935070037842	7.885939598083496	11.133305549621582
S124G	13.315237045288086	23.011327743530273	1.020426630973816	6.933347225189209	5.039180755615234	25.932220458984375	-0.9473984837532043	7.716824531555176	4.551057815551758	15.496596336364746	10.20688247680664
S124H	28.97643280029297	22.166536331176758	6.262186050415039	2.9556517601013184	5.309731960296631	3.030355453491211	1.15272855758667	5.121784210205078	6.8260602951049805	14.33934497833252	9.614080429077148
S124I	13.711170196533203	29.796205520629883	1.157126545906067	10.425409317016602	8.064163208007812	25.902158737182617	3.556469440460205	4.490242004394531	5.444951057434082	5.984351634979248	10.853225708007812
S124K	31.937135696411133	22.781301498413086	7.409455299377441	2.3667244911193848	5.790124893188477	4.197753429412842	1.1993680000305176	5.618954658508301	6.5208234786987305	15.036725997924805	10.285837173461914
S124L	-0.3515680432319641	21.04424476623535	-18.529325485229492	14.890520095825195	-6.652459144592285	19.89038848876953	-2.7852442264556885	0.4268433153629303	15.03554916381836	-3.1266963481903076	3.984225034713745
S124M	27.05815887451172	18.939931869506836	5.7417826652526855	4.308125019073486	6.643637180328369	1.8802646398544312	1.907641887664795	5.172106742858887	6.465824127197266	12.502185821533203	9.061965942382812
S124N	24.74403953552246	25.693334579467773	6.95144510269165	5.532057285308838	4.328627586364746	7.045070171356201	0.16036540269851685	5.74976921081543	5.523723602294922	15.905491828918457	10.163392066955566
S124P	22.955907821655273	19.876163482666016	7.603275775909424	0.4357653558254242	8.172741889953613	5.879240036010742	-1.714647889137268	4.758258819580078	4.404660701751709	12.897165298461914	8.52685260772705
S124Q	21.719493865966797	30.51595687866211	6.1834635734558105	6.606096267700195	6.375433444976807	9.902057647705078	0.6686206459999084	6.173376560211182	7.0422892570495605	16.43555450439453	11.16223430633545
S124R	17.12162971496582	32.238243103027344	5.180781364440918	6.470498561859131	6.185488700866699	13.788742065429688	-0.4416598677635193	6.068023681640625	6.667680740356445	15.383040428161621	10.866247177124023
S124T	17.733808517456055	28.22100830078125	4.330998420715332	5.617464542388916	4.834444999694824	15.460524559020996	1.1853656768798828	6.632592678070068	6.407932281494141	14.87005615234375	10.5294189453125
S124V	10.343476295471191	31.65583038330078	-2.0322065353393555	13.680071830749512	7.065567970275879	30.365694046020508	3.2830305099487305	4.3635053634643555	9.667427062988281	4.574092864990234	11.296648025512695
S124W	36.648494720458984	9.832582473754883	10.715317726135254	2.2285666465759277	5.815591812133789	6.922182559967041	1.9597530364990234	3.022008180618286	3.138988494873047	10.97385311126709	9.125734329223633
S124Y	25.223833084106445	22.70562744140625	5.33935546875	4.992105960845947	5.732431411743164	6.560061454772949	1.338670015335083	5.103974342346191	7.836504936218262	13.51701545715332	9.834957122802734
S125A	20.496549606323242	25.150264739990234	4.5850324630737305	22.527437210083008	2.8389358520507812	13.790609359741211	-0.28200823068618774	17.705856323242188	8.82310676574707	10.54141616821289	12.617719650268555
S125C	28.347543716430664	20.511926651000977	7.880619049072266	4.561497211456299	1.8641067743301392	6.456055164337158	4.391672134399414	3.1815545558929443	8.267967224121094	8.627313613891602	9.409025192260742
S125D	29.15571403503418	24.21628761291504	7.460898399353027	10.115713119506836	-1.6135151386260986	11.71834659576416	2.330906391143799	16.964427947998047	8.49824333190918	18.2908935546875	12.71379280090332
S125E	28.66452407836914	24.9921817779541	7.886985778808594	13.259644508361816	2.501988410949707	9.655826568603516	2.6686322689056396	18.751609802246094	10.154326438903809	21.784008026123047	14.031972885131836
S125F	6.7405314445495605	23.320451736450195	1.3629463911056519	18.102880477905273	1.8309820890426636	10.432680130004883	1.3343174457550049	7.629839897155762	4.255497455596924	7.574064254760742	8.25841999053955
S125G	19.631370544433594	12.852361679077148	5.398559093475342	3.887810468673706	-4.564805030822754	11.06898021697998	1.2852275371551514	15.49952507019043	4.712001800537109	15.823143005371094	8.559418678283691
S125H	27.811237335205078	23.937002182006836	8.334854125976562	5.30588436126709	2.5825653076171875	4.995516777038574	4.70819616317749	3.7581377029418945	8.987505912780762	9.834686279296875	10.025558471679688
S125I	4.113441467285156	18.166065216064453	-0.26186832785606384	15.941105842590332	-4.418548107147217	14.35382080078125	-1.0846879482269287	1.2099177837371826	6.548050880432129	4.0908050537109375	5.865810394287109
S125K	27.505922317504883	27.333852767944336	8.845126152038574	5.6260786056518555	3.3344688415527344	6.087096214294434	5.6571784019470215	4.7168169021606445	9.494415283203125	11.090706825256348	10.96916675567627
S125L	-8.293278694152832	13.277677536010742	-2.3447155952453613	18.46148109436035	8.503898620605469	18.3968505859375	3.791597843170166	-24.346324920654297	3.2492780685424805	-11.630314826965332	1.9066154956817627
S125M	24.55693817138672	19.493906021118164	6.432724475860596	1.4816267490386963	1.7697077989578247	7.606813430786133	4.10918664932251	1.6482529640197754	8.276376724243164	6.974641799926758	8.235016822814941
S125N	21.94233512878418	24.952863693237305	8.327508926391602	4.526862144470215	-0.7308695912361145	8.222265243530273	3.1843972206115723	8.072429656982422	8.214287757873535	11.671675682067871	9.838375091552734
S125P	24.356948852539062	20.603403091430664	7.292128086090088	2.488030195236206	0.6085013747215271	2.537320137023926	1.6575229167938232	5.658109664916992	5.193448543548584	8.398762702941895	7.87941837310791
S125Q	24.382205963134766	29.047775268554688	8.260696411132812	7.670345306396484	-0.3808029890060425	8.491286277770996	3.418987274169922	11.085098266601562	9.826090812683105	13.395938873291016	11.51976203918457
S125R	28.721158981323242	26.454551696777344	8.213751792907715	8.84023380279541	0.4565150737762451	9.171443939208984	3.0722403526306152	15.853588104248047	10.56711196899414	15.519987106323242	12.687057495117188
S125T	30.62201690673828	25.85483741760254	7.245236396789551	7.917297840118408	-1.1276906728744507	9.080461502075195	2.3417162895202637	12.811676025390625	10.609188079833984	13.756380081176758	11.911111831665039
S125V	3.054443836212158	21.755868911743164	-2.3711090087890625	18.741464614868164	0.19443637132644653	15.592721939086914	0.9998506903648376	-0.01661958172917366	5.531192779541016	3.029381036758423	6.651163578033447
S125W	34.64745330810547	18.31910514831543	8.922765731811523	1.8324295282363892	8.135272979736328	5.5580973625183105	9.013079643249512	-2.0226995944976807	9.837427139282227	6.26109504699707	10.05040168762207
S125Y	26.711313247680664	22.029590606689453	8.487222671508789	2.527961492538452	0.0791119858622551	6.896845817565918	3.8070693016052246	5.220771789550781	8.376605033874512	7.57966947555542	9.171615600585938
G126A	11.830583572387695	36.408451080322266	7.752651214599609	18.43313217163086	2.526832103729248	25.71063804626465	4.533799648284912	17.036632537841797	5.027868747711182	18.858047485351562	14.811863899230957
G126C	18.133079528808594	31.640872955322266	13.974672317504883	13.176366806030273	13.045998573303223	13.339381217956543	9.443376541137695	7.292562484741211	7.479926586151123	13.647846221923828	14.117408752441406
G126D	14.02219295501709	37.472389221191406	15.649154663085938	14.092166900634766	0.8180671334266663	22.352548599243164	8.114676475524902	17.7423095703125	4.663146018981934	18.001733779907227	15.292839050292969
G126E	14.627458572387695	42.11182403564453	14.533514976501465	15.89326286315918	1.0560519695281982	21.874109268188477	8.785627365112305	17.340991973876953	6.227731227874756	19.703327178955078	16.215389251708984
G126F	5.203481197357178	36.883399963378906	3.6093547344207764	18.53506088256836	0.4481549561023712	21.387290954589844	-0.7051993608474731	8.721506118774414	4.400449275970459	10.066251754760742	10.854974746704102
G126H	22.464820861816406	33.20909118652344	15.73897647857666	13.355069160461426	15.800230026245117	13.51203727722168	10.21529483795166	6.935107707977295	7.202286720275879	14.128703117370605	15.256162643432617
G126I	4.939029693603516	39.10224533081055	4.496021747589111	14.36626148223877	-0.10434252768754959	20.78761100769043	-0.4122912287712097	6.788800239562988	3.694640636444092	9.926984786987305	10.358495712280273
G126K	23.999338150024414	38.3950309753418	20.917600631713867	13.788538932800293	17.532501220703125	15.264261245727539	11.95862102508545	6.012110710144043	6.6836323738098145	15.295111656188965	16.984676361083984
G126L	0.3091691732406616	28.755369186401367	-10.420309066772461	5.211735725402832	-0.8713768124580383	11.669218063354492	-0.04374092444777489	0.07642383873462677	3.493788957595825	-5.271983623504639	3.29082989692688
G126M	14.915082931518555	30.642824172973633	13.217259407043457	14.581042289733887	13.802571296691895	11.62518310546875	8.795398712158203	5.684082508087158	5.527781963348389	11.153284072875977	12.994450569152832
G126N	17.451820373535156	30.926715850830078	18.376222610473633	15.12008285522461	10.635773658752441	14.821020126342773	9.885348320007324	8.86260986328125	4.388396263122559	13.888611793518066	14.435659408569336
G126P	13.640210151672363	30.40044403076172	13.82507038116455	12.856573104858398	14.162580490112305	15.973777770996094	9.972951889038086	8.129538536071777	5.069514751434326	12.940444946289062	13.697110176086426
G126Q	17.56947135925293	39.77488327026367	18.900293350219727	16.50823402404785	9.004941940307617	16.621036529541016	10.38105297088623	9.916942596435547	6.666090488433838	15.934089660644531	16.127704620361328
G126R	14.89921760559082	40.59886169433594	19.232746124267578	14.877634048461914	4.451164245605469	18.79970932006836	9.948236465454102	12.460575103759766	5.185369968414307	16.38500213623047	15.683850288391113
G126S	14.088592529296875	35.86730194091797	12.091554641723633	16.27320098876953	-0.43214911222457886	24.972658157348633	6.200801849365234	17.019489288330078	3.6915338039398193	17.943714141845703	14.77166748046875
G126T	13.364167213439941	36.40919876098633	16.122350692749023	14.545731544494629	3.3670198917388916	19.67317008972168	8.663470268249512	11.597747802734375	5.59784460067749	15.417041778564453	14.475773811340332
G126V	4.985928535461426	39.07743453979492	1.4080920219421387	15.515337944030762	5.417860984802246	23.490224838256836	-0.3579464554786682	4.728488445281982	4.81929874420166	10.442042350769043	10.952675819396973
G126W	40.14174270629883	27.74143409729004	17.335472106933594	12.412476539611816	23.495168685913086	14.824112892150879	12.50878620147705	2.1138088703155518	3.737550973892212	13.399184226989746	16.77097511291504
G126Y	18.09477996826172	33.155330657958984	17.51396369934082	14.43896198272705	12.537893295288086	14.228170394897461	9.757920265197754	7.262709140777588	7.0168776512146	11.895806312561035	14.590243339538574
N127A	12.089994430541992	44.7633171081543	3.5221941471099854	12.578631401062012	4.128786563873291	11.819981575012207	4.94573450088501	12.480319023132324	7.826137542724609	17.60115623474121	13.175623893737793
N127C	32.59751510620117	15.633130073547363	8.071477890014648	9.487915992736816	8.134379386901855	8.295719146728516	5.968362331390381	5.391776084899902	6.544262886047363	10.360499382019043	11.048503875732422
N127D	19.65166664123535	33.10212326049805	6.892621994018555	7.917877197265625	4.694407939910889	12.620269775390625	6.703500270843506	13.285648345947266	11.509493827819824	17.36819076538086	13.374580383300781
N127E	22.600231170654297	36.87403869628906	6.999690532684326	10.741579055786133	6.23985481262207	11.455597877502441	7.126649856567383	15.028550148010254	13.995160102844238	19.84194564819336	15.09032917022705
N127F	7.842973232269287	21.538291931152344	-0.4795626997947693	9.061309814453125	0.9083899855613708	18.11686134338379	4.755517482757568	6.399930477142334	5.069586277008057	11.258552551269531	8.447185516357422
N127G	18.637935638427734	28.163089752197266	4.037942409515381	4.2395853996276855	4.584837436676025	10.910686492919922	3.9668173789978027	10.130290985107422	8.078307151794434	19.09235191345215	11.184185028076172
N127H	39.82041549682617	17.395427703857422	8.379508972167969	6.761504173278809	10.11424446105957	9.644540786743164	6.859713077545166	4.554801940917969	7.935734748840332	12.278682708740234	12.374456405639648
N127I	11.048076629638672	19.183794021606445	2.427945613861084	3.8904435634613037	3.0016236305236816	16.822389602661133	0.9980410933494568	7.248441219329834	3.3293182849884033	8.298136711120605	7.624820709228516
N127K	38.87663650512695	15.0703706741333	8.512263298034668	7.42892599105835	10.747957229614258	11.624526977539062	6.884957313537598	2.567796468734741	6.555266380310059	10.413667678833008	11.868236541748047
N127L	-2.317018508911133	3.4227049350738525	0.2298804223537445	10.220459938049316	-1.0898057222366333	23.978782653808594	5.2660956382751465	0.6795898675918579	5.3779144287109375	-0.5116960406303406	4.52569055557251
N127M	32.251033782958984	17.22874641418457	7.359541416168213	10.148650169372559	8.794831275939941	7.340628147125244	6.056665897369385	5.152899742126465	5.989258766174316	8.424161911010742	10.874642372131348
N127P	27.413026809692383	15.39373779296875	6.411746978759766	5.045421123504639	7.193563461303711	10.233649253845215	4.937805652618408	5.044031143188477	7.521790504455566	9.961349487304688	9.91561222076416
N127Q	25.762876510620117	27.56515884399414	7.0226826667785645	9.475857734680176	8.219566345214844	11.67568302154541	6.194794178009033	7.753756046295166	10.55935001373291	15.281442642211914	12.951116561889648
N127R	17.530223846435547	27.49315643310547	6.454615592956543	7.079051971435547	7.549019813537598	12.149885177612305	5.647441387176514	8.51032543182373	9.656599044799805	16.46388053894043	11.85342025756836
N127S	13.658803939819336	34.27141571044922	3.9279415607452393	7.711915969848633	4.59028959274292	11.588017463684082	1.8475759029388428	16.091440200805664	6.06746768951416	20.367538452148438	12.012239456176758
N127T	18.9865779876709	27.538509368896484	7.164216995239258	9.574267387390137	4.9172186851501465	11.206585884094238	4.805158615112305	10.656927108764648	10.356805801391602	14.265897750854492	11.947216987609863
N127V	6.842972755432129	19.884920120239258	2.2357826232910156	3.5223147869110107	4.332769393920898	21.00213623046875	2.94169545173645	7.5034871101379395	2.7541871070861816	7.726291179656982	7.874655723571777
N127W	50.201663970947266	11.205826759338379	13.6978120803833	6.038023471832275	16.833791732788086	16.303791046142578	9.093616485595703	-0.5536693334579468	3.0796287059783936	10.21322250366211	13.611371040344238
N127Y	33.23061752319336	21.955602645874023	7.532930374145508	7.826892852783203	7.282941818237305	7.891120910644531	6.030420780181885	6.162423133850098	7.0391387939453125	10.688423156738281	11.564050674438477
I128A	-24.89060401916504	-5.586358070373535	-13.15234088897705	2.9382402896881104	-40.04621505737305	-26.27043914794922	-11.877791404724121	-11.527386665344238	-9.949803352355957	-18.74234390258789	-15.910502433776855
I128C	-16.886014938354492	-11.510893821716309	-15.456832885742188	0.14548155665397644	-26.05044174194336	-27.12232208251953	-17.021501541137695	-14.218137741088867	-15.565600395202637	-13.804839134216309	-15.749109268188477
I128D	-39.802005767822266	-17.593000411987305	-16.79486846923828	-16.122264862060547	-47.73945999145508	-42.5125732421875	-16.495195388793945	-15.457817077636719	-27.763626098632812	-21.63627815246582	-26.191707611083984
I128E	-32.7822380065918	-15.694385528564453	-15.392513275146484	-11.541509628295898	-43.858062744140625	-38.026851654052734	-14.253795623779297	-18.496721267700195	-25.72272491455078	-20.72772789001465	-23.6496524810791
I128F	-17.47364616394043	-19.50343894958496	-10.114623069763184	1.6822195053100586	-20.462268829345703	-14.855228424072266	-4.126086711883545	-1.3700098991394043	-3.961148977279663	-6.178839206695557	-9.636307716369629
I128G	-30.39331817626953	-16.362295150756836	-18.93704605102539	-3.0023746490478516	-50.94198989868164	-34.20278549194336	-13.88963508605957	-13.133694648742676	-22.965770721435547	-22.44028091430664	-22.62691879272461
I128H	-18.40204429626465	-12.084368705749512	-10.54256534576416	1.2856248617172241	-29.030010223388672	-27.69514274597168	-18.633363723754883	-14.234227180480957	-15.606518745422363	-11.961479187011719	-15.690408706665039
I128K	-29.051607131958008	-16.221059799194336	-15.985472679138184	1.1066060066223145	-27.341049194335938	-29.10017204284668	-22.126829147338867	-14.0843505859375	-20.532615661621094	-12.25167179107666	-18.558822631835938
I128L	-8.547467231750488	-33.990753173828125	-4.483943462371826	-11.135059356689453	9.87734603881836	-7.359462261199951	3.8955445289611816	13.545511245727539	4.863946437835693	0.24914559721946716	-3.308518886566162
I128M	-14.256331443786621	-9.034870147705078	-12.488051414489746	5.08849573135376	-27.64242935180664	-28.294034957885742	-17.023168563842773	-10.777509689331055	-5.940826892852783	-13.947233200073242	-13.431596755981445
I128N	-31.679079055786133	-16.013038635253906	-16.031734466552734	-7.307471752166748	-35.82742691040039	-29.43545150756836	-16.248098373413086	-14.717996597290039	-24.14495086669922	-16.0053768157959	-20.74106216430664
I128P	-43.24643325805664	-20.25461196899414	-24.943614959716797	-20.22395896911621	-36.88050079345703	-35.457969665527344	-20.321144104003906	-15.658783912658691	-35.099815368652344	-19.44460678100586	-27.15314292907715
I128Q	-26.47266960144043	-15.473872184753418	-19.02326011657715	-0.37803128361701965	-36.59385681152344	-32.97934341430664	-15.030328750610352	-14.56493854522705	-16.888534545898438	-13.928119659423828	-19.133296966552734
I128R	-24.375612258911133	-17.094017028808594	-19.0366153717041	-0.260593444108963	-36.166996002197266	-31.193424224853516	-14.545209884643555	-9.810281753540039	-17.784908294677734	-14.468799591064453	-18.47364616394043
I128S	-29.07649040222168	-13.255694389343262	-19.184049606323242	0.43444642424583435	-42.47898483276367	-30.6264591217041	-11.936591148376465	-10.340495109558105	-18.319950103759766	-17.06926918029785	-19.185354232788086
I128T	-23.16168212890625	-14.162610054016113	-17.195362091064453	-3.004647970199585	-33.82136154174805	-34.07194519042969	-13.068556785583496	-13.506157875061035	-14.517663955688477	-16.213464736938477	-18.27234649658203
I128V	-5.853097438812256	-29.822797775268555	-2.711948871612549	-4.965254783630371	0.9608438611030579	-14.755337715148926	2.920550584793091	1.2469960451126099	2.7855989933013916	-6.019186496734619	-5.621363639831543
I128W	-15.981502532958984	-11.55862045288086	-8.833035469055176	-7.07769250869751	-13.558595657348633	-25.353490829467773	-25.43857192993164	-14.795248031616211	-14.91715145111084	-11.300576210021973	-14.881449699401855
I128Y	-17.498010635375977	-10.842161178588867	-16.360218048095703	2.615389823913574	-29.54095458984375	-28.112689971923828	-15.354578971862793	-12.698324203491211	-13.94627571105957	-12.445761680603027	-15.418357849121094
S129A	5.9306254386901855	42.17807388305664	-2.576601505279541	5.352690696716309	2.0091099739074707	4.662021160125732	-1.2800641059875488	16.67626190185547	10.709399223327637	-0.05990017205476761	8.360161781311035
S129C	9.273554801940918	15.281465530395508	1.4430443048477173	-11.043874740600586	0.4209349751472473	-0.7501391172409058	-10.342243194580078	-4.326274394989014	3.261282444000244	-8.758432388305664	-0.5540682673454285
S129D	-2.3907241821289062	26.219606399536133	-7.70266580581665	-0.90505051612854	0.5179843902587891	2.0059313774108887	-4.735049724578857	3.6440775394439697	0.8112185001373291	-4.2442307472229	1.3221098184585571
S129E	-3.6286771297454834	33.80043029785156	-3.453875780105591	2.091107130050659	-0.28459030389785767	3.439558506011963	-5.767886161804199	8.410147666931152	2.8246009349823	-1.3139677047729492	3.6116843223571777
S129F	5.8702921867370605	21.88950538635254	-12.814308166503906	1.1746504306793213	-11.206576347351074	3.955819606781006	-1.3331456184387207	-5.290773868560791	2.7328529357910156	3.110579013824463	0.8088895678520203
S129G	-2.5408968925476074	29.39076042175293	-11.06064224243164	-2.200899600982666	-2.372366428375244	1.6575692892074585	-4.621971607208252	3.358647584915161	6.847846984863281	-8.557018280029297	0.9901027679443359
S129H	2.9205806255340576	13.734176635742188	0.7138583660125732	-10.752260208129883	0.3049558997154236	-0.09721778333187103	-11.532515525817871	-2.2865569591522217	-0.29214590787887573	-4.167904376983643	-1.145503044128418
S129I	4.827625274658203	22.45990562438965	-5.27802848815918	-1.8813152313232422	-10.923670768737793	2.9875757694244385	1.021142840385437	-13.783692359924316	7.091186046600342	-0.4368663430213928	0.608386218547821
S129K	5.975314140319824	12.411409378051758	3.522970199584961	-12.487812995910645	1.3565922975540161	0.09255464375019073	-10.093026161193848	-2.035581588745117	2.38572359085083	-13.678540229797363	-1.2550398111343384
S129L	2.426319122314453	-24.09956169128418	-16.253225326538086	-17.558435440063477	-7.993432998657227	-13.031011581420898	-2.5945472717285156	-0.2315462976694107	-6.041914939880371	3.090257406234741	-8.228710174560547
S129M	4.914928913116455	14.649627685546875	-0.7154918909072876	-10.497305870056152	0.8776260614395142	-0.6318693161010742	-12.452164649963379	-3.1003854274749756	1.409568428993225	-6.243221759796143	-1.1788688898086548
S129N	4.991036891937256	15.104962348937988	-1.3605682849884033	-4.83070707321167	0.8171390891075134	2.6571741104125977	-12.497785568237305	-1.8938552141189575	1.290183186531067	-9.17280387878418	-0.4895225465297699
S129P	8.680890083312988	7.415655136108398	-8.949355125427246	-13.698007583618164	-4.721946716308594	0.07881791889667511	-10.941555976867676	-4.734004497528076	-0.5211403369903564	-18.63291358947754	-4.60235595703125
S129Q	-0.35017895698547363	25.2048282623291	0.6806436777114868	-2.063295364379883	1.490065574645996	3.469097137451172	-7.505321025848389	2.801936626434326	3.3133254051208496	-5.809686660766602	2.1231415271759033
S129R	3.811439037322998	27.832483291625977	1.4044992923736572	2.5977535247802734	2.7105722427368164	4.378876209259033	-3.2747020721435547	5.650361061096191	7.75687313079834	-6.899290084838867	4.59688663482666
S129T	5.218680381774902	28.864299774169922	-1.1880942583084106	5.883318901062012	1.330791711807251	3.5281615257263184	-4.516426086425781	7.208206653594971	7.318695545196533	-5.679218769073486	4.796841621398926
S129V	4.859787940979004	31.506704330444336	-7.997945785522461	-5.591813087463379	-9.335554122924805	2.6767783164978027	-0.022898849099874496	-1.373435139656067	8.575782775878906	2.1509456634521484	2.544835090637207
S129W	15.407998085021973	8.265676498413086	0.1762154996395111	-29.54599952697754	1.301443338394165	-1.0728774070739746	-12.073945045471191	-17.765356063842773	-0.24038590490818024	-10.742263793945312	-4.628949165344238
S129Y	3.6599836349487305	19.40050506591797	-0.9080252647399902	-7.532196998596191	0.19310569763183594	0.28082817792892456	-8.905645370483398	-4.445481300354004	1.2776219844818115	-6.975925445556641	-0.3955228924751282
L130A	-24.25334930419922	-21.222612380981445	-9.769922256469727	5.0297346115112305	-44.06459045410156	-27.01457977294922	-7.684271812438965	-5.709160804748535	-18.89089584350586	-26.378582000732422	-17.99582290649414
L130C	-24.150190353393555	-25.665485382080078	-8.42325210571289	0.9505293369293213	-31.55585479736328	-23.191539764404297	-6.945379734039307	-9.719244003295898	-18.70659828186035	-32.869022369384766	-18.027605056762695
L130D	-44.22837448120117	-29.630250930786133	-12.424809455871582	-6.507114887237549	-61.09194564819336	-40.494056701660156	-11.758360862731934	-14.226454734802246	-22.27125358581543	-36.83702850341797	-27.94696617126465
L130E	-34.074798583984375	-30.70459747314453	-10.866411209106445	-5.885324954986572	-52.00382614135742	-37.16405487060547	-9.561120986938477	-19.719524383544922	-21.7853946685791	-33.69474792480469	-25.54598045349121
L130F	-22.80771827697754	-27.493934631347656	-26.075143814086914	4.487900733947754	-22.592002868652344	-24.640512466430664	-3.7302908897399902	-1.4134349822998047	-10.501436233520508	-16.64139747619629	-15.14079761505127
L130G	-31.522993087768555	-29.439300537109375	-13.940674781799316	0.38609907031059265	-49.5577392578125	-32.619754791259766	-7.066849708557129	-13.953591346740723	-22.046146392822266	-39.338321685791016	-23.909927368164062
L130H	-27.256370544433594	-26.580093383789062	-9.246792793273926	-5.1226067543029785	-34.5040397644043	-26.335315704345703	-7.161789417266846	-10.431732177734375	-20.683353424072266	-31.329870223999023	-19.86519432067871
L130I	-17.139360427856445	-25.20051383972168	-12.890920639038086	0.6841058731079102	-11.243088722229004	-15.55204963684082	0.018302801996469498	-2.017301559448242	-5.4080305099487305	-15.094724655151367	-10.384358406066895
L130K	-29.602869033813477	-30.297908782958984	-10.694720268249512	-2.5286712646484375	-34.76019287109375	-28.72959327697754	-8.672541618347168	-9.708313941955566	-18.66484832763672	-36.374908447265625	-21.00345802307129
L130M	-22.35295295715332	-22.048200607299805	-8.154035568237305	5.124819755554199	-32.97900390625	-23.314571380615234	-4.96878719329834	-9.837477684020996	-15.762335777282715	-30.823076248168945	-16.51156234741211
L130N	-36.09113693237305	-28.528636932373047	-11.562895774841309	-8.098363876342773	-46.23832321166992	-30.226303100585938	-6.627126693725586	-10.443416595458984	-20.284168243408203	-33.726783752441406	-23.182714462280273
L130P	-44.18606948852539	-27.751840591430664	-16.842105865478516	-12.754074096679688	-48.28705978393555	-28.316543579101562	-10.837118148803711	-9.19304084777832	-22.509740829467773	-30.634580612182617	-25.131216049194336
L130Q	-31.636247634887695	-30.676406860351562	-9.75265121459961	-3.4105894565582275	-45.42905044555664	-33.6998176574707	-7.7731828689575195	-13.327957153320312	-18.89765739440918	-30.577184677124023	-22.51807403564453
L130R	-30.100549697875977	-28.95731544494629	-10.65305233001709	-0.736756443977356	-40.12593078613281	-28.821645736694336	-8.608884811401367	-9.578296661376953	-16.10259437561035	-30.380542755126953	-20.406557083129883
L130S	-39.03758239746094	-25.096099853515625	-12.748574256896973	5.889891147613525	-45.91422653198242	-26.915733337402344	-10.394006729125977	-6.285826206207275	-19.7954158782959	-31.21431541442871	-21.151187896728516
L130T	-30.034217834472656	-27.842525482177734	-9.890830993652344	-0.5421113967895508	-43.73249053955078	-34.8343620300293	-7.680907726287842	-10.920672416687012	-17.88039779663086	-29.126686096191406	-21.248519897460938
L130V	-16.949708938598633	-32.10098648071289	-15.571521759033203	-5.588177680969238	-9.254112243652344	-16.943317413330078	0.15157151222229004	-0.5733628273010254	-2.1326754093170166	-14.767892837524414	-11.373019218444824
L130W	-25.507999420166016	-19.969970703125	-19.966766357421875	-6.52085018157959	-21.917455673217773	-21.782926559448242	-14.902632713317871	-12.027151107788086	-23.737258911132812	-27.09968376159668	-19.34326934814453
L130Y	-26.186330795288086	-25.15247917175293	-9.04263687133789	1.2214338779449463	-35.798099517822266	-26.555849075317383	-6.465644836425781	-11.251730918884277	-20.203819274902344	-28.28614044189453	-18.77212905883789
Y131A	-16.810697555541992	-22.741119384765625	-15.934760093688965	-10.511979103088379	-21.282743453979492	-7.198013782501221	-1.4004945755004883	-7.861058235168457	-14.06236457824707	-9.573141098022461	-12.737638473510742
Y131C	-17.553367614746094	-23.743574142456055	-4.686820030212402	-13.017065048217773	-1.647303819656372	-6.9902777671813965	-9.569271087646484	-21.931795120239258	-11.47496509552002	-9.872984886169434	-12.04874324798584
Y131D	-37.616722106933594	-32.31167221069336	-17.953271865844727	-28.345396041870117	-29.43126678466797	-21.593904495239258	-7.277072906494141	-13.64044189453125	-31.383758544921875	-17.36835479736328	-23.692184448242188
Y131E	-32.196956634521484	-28.671281814575195	-13.165595054626465	-23.609188079833984	-20.18567657470703	-28.71195411682129	-4.585018634796143	-12.035629272460938	-27.521991729736328	-15.080403327941895	-20.57636833190918
Y131F	-10.471166610717773	-15.564615249633789	-19.583812713623047	-7.289207458496094	-18.857711791992188	-16.01758575439453	0.4623047113418579	-1.1009539365768433	-9.236321449279785	-7.743943214416504	-10.540300369262695
Y131G	-20.5396728515625	-30.47443199157715	-25.078073501586914	-15.174893379211426	-25.009754180908203	-12.272542953491211	-4.976471424102783	-14.102397918701172	-21.99993324279785	-18.152545928955078	-18.778072357177734
Y131H	-17.86485481262207	-28.099491119384766	-5.885419845581055	-11.255420684814453	-6.927882194519043	-20.209339141845703	-9.660794258117676	-10.343371391296387	-27.68552017211914	-10.797119140625	-14.87292194366455
Y131I	13.35818099975586	-11.743565559387207	-7.567495822906494	-2.1142678260803223	-3.564405679702759	-3.5835933685302734	1.2753515243530273	2.737725257873535	1.2298365831375122	-4.512636661529541	-1.4484870433807373
Y131K	-16.609806060791016	-29.796955108642578	-5.018987655639648	-9.572341918945312	-6.016950607299805	-6.1698174476623535	-13.361796379089355	-21.91285514831543	-17.901329040527344	-10.222489356994629	-13.658332824707031
Y131L	1.904033899307251	-13.851964950561523	-10.145763397216797	-17.027368545532227	1.9251445531845093	-8.270450592041016	-1.0817961692810059	6.852252960205078	5.300290584564209	-3.530390739440918	-3.7926013469696045
Y131M	-18.2899227142334	-23.131057739257812	-2.7389278411865234	-3.4690043926239014	1.7257746458053589	-6.481110572814941	-5.579287528991699	-17.843212127685547	-14.780248641967773	-8.057633399963379	-9.864463806152344
Y131N	-28.150060653686523	-34.902313232421875	-14.548686981201172	-17.014589309692383	-15.42799186706543	-15.708272933959961	-8.856093406677246	-16.39849090576172	-29.438255310058594	-14.409660339355469	-19.485443115234375
Y131P	-24.931629180908203	-39.28058624267578	-23.22602653503418	-20.160566329956055	-17.19403839111328	-19.993900299072266	-17.112869262695312	-21.84917449951172	-35.63068389892578	-19.28048324584961	-23.865997314453125
Y131Q	-27.655685424804688	-31.763765335083008	-10.381403923034668	-16.21651268005371	-12.26213264465332	-16.78682518005371	-7.3070526123046875	-18.530481338500977	-24.009273529052734	-12.433771133422852	-17.734691619873047
Y131R	-22.220197677612305	-25.27144432067871	-12.978132247924805	-11.449573516845703	-12.40445327758789	-12.505455017089844	-6.088569164276123	-23.015169143676758	-13.409981727600098	-11.668844223022461	-15.101181030273438
Y131S	-19.723617553710938	-18.343875885009766	-19.739282608032227	-16.167278289794922	-30.947019577026367	-7.012286186218262	-5.504614353179932	-14.664933204650879	-16.84662437438965	-10.5708589553833	-15.95203971862793
Y131T	-24.355993270874023	-22.932273864746094	-11.406927108764648	-16.459070205688477	-9.885074615478516	-8.298629760742188	-4.130069255828857	-23.541881561279297	-11.360980987548828	-11.983198165893555	-14.435409545898438
Y131V	13.760140419006348	-13.316473960876465	-14.747468948364258	-4.6597137451171875	-5.544314861297607	-4.485153675079346	0.6908386945724487	4.882287979125977	3.1079344749450684	-4.584286689758301	-2.4896209239959717
Y131W	-8.273362159729004	-21.855213165283203	-4.709704875946045	-2.979404926300049	1.6849371194839478	-7.703527450561523	-8.764841079711914	-16.111221313476562	-19.63913345336914	-9.609774589538574	-9.796124458312988
C132A	-13.159161567687988	-2.3001248836517334	-7.064852714538574	12.286639213562012	-20.97361183166504	-10.425917625427246	6.079081058502197	-2.5707950592041016	-1.0760477781295776	-14.72352409362793	-5.392831325531006
C132D	-9.963356018066406	-5.454081058502197	-7.112228870391846	4.2720489501953125	-28.605667114257812	-11.781980514526367	-4.562788963317871	-1.0216258764266968	-2.830065965652466	-14.99499797821045	-8.205473899841309
C132E	-8.023192405700684	-7.019076347351074	-4.395147323608398	11.801983833312988	-18.929704666137695	-9.403526306152344	-2.6402153968811035	-1.5618739128112793	-2.8795528411865234	-11.772465705871582	-5.4822773933410645
C132F	-11.858123779296875	-6.461187362670898	-5.276894569396973	6.05972957611084	-9.04306411743164	-14.366337776184082	-0.5040668845176697	0.19423459470272064	-3.1059412956237793	-14.006890296936035	-5.836853981018066
C132G	-5.503377914428711	-12.657108306884766	-5.712940692901611	12.0895357131958	-19.944753646850586	-7.4944353103637695	0.47526150941848755	-2.426450252532959	-2.6043832302093506	-20.702926635742188	-6.44815731048584
C132H	-5.725231647491455	1.409673810005188	-1.2817789316177368	7.248293876647949	-10.323750495910645	-12.759528160095215	-9.494153022766113	-1.6073670387268066	-1.072048306465149	-9.431257247924805	-4.303714752197266
C132I	-6.987684726715088	-8.118510246276855	-5.054911136627197	2.026326894760132	-6.6322736740112305	-11.320638656616211	0.1921207308769226	0.34160420298576355	-4.135066986083984	-17.464298248291016	-5.715333461761475
C132K	-7.732494354248047	0.12044734507799149	-1.0371816158294678	6.4881157875061035	-11.978367805480957	-15.946152687072754	-12.456948280334473	-3.1956911087036133	-1.2844876050949097	-9.60226821899414	-5.662502765655518
C132L	-24.741853713989258	-25.510587692260742	-14.893741607666016	-11.724908828735352	-6.715085983276367	-20.976463317871094	1.3922427892684937	6.204078674316406	-3.321499824523926	-14.564474105834961	-11.4852294921875
C132M	-5.883490562438965	-2.1816048622131348	-2.846039056777954	14.341869354248047	-12.577577590942383	-9.444337844848633	-6.47784948348999	-0.8880943059921265	1.7087876796722412	-10.434305191040039	-3.468264102935791
C132N	-8.658235549926758	-5.783387660980225	-3.1259803771972656	1.1904985904693604	-22.6055908203125	-11.416973114013672	-8.084665298461914	-3.8798439502716064	-6.58897066116333	-11.202873229980469	-8.015603065490723
C132P	-4.601219654083252	-4.352888107299805	-4.740231990814209	-9.08309268951416	-15.064020156860352	-10.780601501464844	-10.657855033874512	-5.378859519958496	-9.579620361328125	-12.32359790802002	-8.656198501586914
C132Q	-8.035497665405273	-5.94245719909668	-4.1419782638549805	11.458488464355469	-13.696969985961914	-12.449578285217285	-5.919371128082275	-2.7299604415893555	-1.103861689567566	-10.893743515014648	-5.345493316650391
C132R	-6.072844982147217	-6.994530200958252	-3.506889820098877	13.000741958618164	-12.665406227111816	-10.667548179626465	-4.197883129119873	-4.572013854980469	-1.8791896104812622	-11.773640632629395	-4.932920455932617
C132S	-11.461343765258789	-3.288738250732422	-5.651084899902344	12.31670093536377	-25.620515823364258	-10.539098739624023	0.193057119846344	-3.175041913986206	-1.1096229553222656	-11.530838966369629	-5.986652374267578
C132T	-7.2566938400268555	-6.44035530090332	-5.470813751220703	11.817025184631348	-16.531387329101562	-10.960813522338867	-3.3751349449157715	-5.217857360839844	-1.2783921957015991	-11.214881896972656	-5.592930793762207
C132V	-10.955069541931152	-15.76730728149414	-6.822665214538574	-0.5159411430358887	-6.1474714279174805	-19.58064842224121	0.8834240436553955	1.949449896812439	-6.7448601722717285	-20.00554084777832	-8.3706636428833
C132W	-0.48507803678512573	10.065673828125	0.08641466498374939	-3.6217398643493652	2.027571201324463	-9.512118339538574	-16.833236694335938	-3.584512948989868	-0.1825922280550003	-14.023409843444824	-3.6063029766082764
C132Y	-6.218164443969727	-3.744868755340576	-1.858291745185852	11.125694274902344	-13.888514518737793	-10.092828750610352	-6.728566646575928	-2.7990262508392334	-2.0872597694396973	-10.374762535095215	-4.666659355163574
C133A	-28.330602645874023	-27.114397048950195	-29.4014892578125	-5.370577812194824	-28.560705184936523	-25.02589988708496	-11.409149169921875	-3.967625856399536	-23.97301483154297	-35.25454330444336	-21.84079933166504
C133D	-34.20771026611328	-30.838388442993164	-29.568344116210938	-17.616470336914062	-46.90515899658203	-38.439701080322266	-20.813796997070312	-10.224764823913574	-27.61016845703125	-32.29250717163086	-28.851699829101562
C133E	-25.136329650878906	-35.57895278930664	-24.889591217041016	-16.13665771484375	-35.49763488769531	-31.61273956298828	-15.442776679992676	-9.718167304992676	-30.349777221679688	-32.09135437011719	-25.645397186279297
C133F	-14.294092178344727	-17.974348068237305	-26.756420135498047	5.730391502380371	-11.949885368347168	-10.570418357849121	-2.3538122177124023	6.212003707885742	-21.572288513183594	-23.209184646606445	-11.673805236816406
C133G	-25.4686222076416	-28.55365562438965	-32.083614349365234	-9.314306259155273	-36.91345977783203	-35.207401275634766	-12.984587669372559	-3.254848003387451	-20.27885627746582	-37.35020446777344	-24.14095687866211
C133H	-16.061086654663086	-26.287561416625977	-19.199560165405273	-17.0837459564209	-26.377544403076172	-33.51144790649414	-22.401878356933594	-10.101106643676758	-25.238548278808594	-21.957853317260742	-21.822032928466797
C133I	-14.245046615600586	-20.048765182495117	-14.517544746398926	-7.801544666290283	-11.956528663635254	-9.285295486450195	-2.7426486015319824	-2.5775487422943115	-26.11470603942871	-33.92912673950195	-14.321874618530273
C133K	-18.770544052124023	-28.379192352294922	-21.675832748413086	-16.37985610961914	-30.23780059814453	-37.503379821777344	-24.997833251953125	-11.036602973937988	-25.946760177612305	-24.879302978515625	-23.980710983276367
C133L	-4.911731719970703	-20.225845336914062	-23.55413246154785	0.4308246970176697	-3.7464919090270996	-10.645960807800293	3.0662951469421387	3.4126317501068115	-5.092957496643066	-39.2899055480957	-10.055727005004883
C133M	-11.566845893859863	-17.41978645324707	-18.499248504638672	-8.112203598022461	-23.240737915039062	-21.039600372314453	-15.543900489807129	-5.344696998596191	-22.88296127319336	-20.1789608001709	-16.382892608642578
C133N	-23.600522994995117	-31.02370262145996	-26.858245849609375	-15.617988586425781	-38.83315658569336	-48.014347076416016	-22.16703987121582	-11.614473342895508	-27.738405227661133	-24.205535888671875	-26.96734046936035
C133P	-22.688806533813477	-31.51521873474121	-33.04859161376953	-24.423070907592773	-40.44847106933594	-43.903141021728516	-24.119050979614258	-11.240340232849121	-32.42168045043945	-23.58643913269043	-28.73948097229004
C133Q	-20.225248336791992	-30.911865234375	-25.54677391052246	-17.133073806762695	-34.24763488769531	-30.375812530517578	-19.876323699951172	-9.776172637939453	-29.776432037353516	-27.306344985961914	-24.517568588256836
C133R	-21.709829330444336	-31.89289665222168	-28.11300277709961	-16.435894012451172	-36.9222297668457	-32.92366027832031	-18.039026260375977	-11.541168212890625	-32.9884033203125	-30.236604690551758	-26.080272674560547
C133S	-25.75441551208496	-28.72149658203125	-31.116670608520508	-2.987858533859253	-37.6385498046875	-32.003108978271484	-19.64131736755371	-5.234082221984863	-26.340730667114258	-36.443111419677734	-24.588134765625
C133T	-22.163646697998047	-28.925905227661133	-24.813430786132812	-14.764566421508789	-33.171539306640625	-23.866064071655273	-16.698583602905273	-6.04858922958374	-26.249441146850586	-28.35074234008789	-22.5052490234375
C133V	-11.413681983947754	-21.214134216308594	-20.1878719329834	-5.6174445152282715	-9.365911483764648	-12.028060913085938	-1.9895539283752441	1.2892297506332397	-23.549972534179688	-43.82502746582031	-14.790243148803711
C133W	-14.469647407531738	-13.971879959106445	-18.31104278564453	-9.547342300415039	-18.234224319458008	-41.14970016479492	-19.245683670043945	-11.012008666992188	-22.78252601623535	-19.33431625366211	-18.805837631225586
C133Y	-15.477932929992676	-25.499221801757812	-22.85658073425293	-9.172637939453125	-29.040943145751953	-26.984973907470703	-18.1627254486084	-6.039529323577881	-26.589155197143555	-21.1457462310791	-20.09694480895996
S134A	3.803835868835449	10.684891700744629	-8.549838066101074	2.0956296920776367	3.4549520015716553	-3.644643545150757	1.9334672689437866	7.994044303894043	-1.3832619190216064	-11.198211669921875	0.519086480140686
S134C	4.79557991027832	1.2517677545547485	3.6478536128997803	0.5585809946060181	-0.8816143870353699	8.258587837219238	-6.675364017486572	0.24552641808986664	-2.0448567867279053	-4.26028299331665	0.48957791924476624
S134D	12.560562133789062	14.478307723999023	-0.10057106614112854	7.617081165313721	0.1481248140335083	7.977307319641113	-0.48853355646133423	20.22490882873535	1.6494919061660767	-4.763775825500488	5.930290699005127
S134E	4.9007720947265625	9.899659156799316	-1.373320460319519	3.374988555908203	-0.4600503444671631	3.101992130279541	-3.104613780975342	19.133262634277344	-0.25993770360946655	-6.4403252601623535	2.8772425651550293
S134F	-1.9890626668930054	4.180941581726074	-12.47707462310791	1.3701684474945068	-3.4143872261047363	-0.919877827167511	8.667709350585938	8.984487533569336	-4.00601863861084	-10.031357765197754	-0.9634472131729126
S134G	6.8805251121521	14.643207550048828	-3.3047213554382324	3.7331669330596924	0.9730910062789917	4.995194435119629	-1.5563938617706299	5.833925247192383	4.799946308135986	-5.398552894592285	3.1599388122558594
S134H	4.444622993469238	3.0595593452453613	-1.1405383348464966	1.645805835723877	0.2850758731365204	5.71810245513916	-5.446835517883301	-0.5305664539337158	-4.82215690612793	-1.924225926399231	0.12888440489768982
S134I	0.6940541863441467	-4.179774284362793	-8.585246086120605	1.2446238994598389	-1.2197437286376953	-5.220262050628662	-2.498319149017334	2.81917405128479	-7.079129219055176	-11.218249320983887	-3.524287462234497
S134K	5.224765777587891	2.6508607864379883	0.4309415817260742	0.4532659947872162	0.49617090821266174	7.611579895019531	-5.900437831878662	-5.068471908569336	-5.247061729431152	-3.878364086151123	-0.3226751685142517
S134L	-13.098634719848633	4.343012809753418	-23.752620697021484	-11.132060050964355	-11.674338340759277	-12.992098808288574	2.8949341773986816	9.819077491760254	-6.056057453155518	-25.84636688232422	-8.74951457977295
S134M	2.621152639389038	0.6954089403152466	2.1642467975616455	2.9887845516204834	2.361374855041504	2.1762630939483643	-4.994978427886963	1.4012103080749512	-1.7590888738632202	-1.9530736207962036	0.5701301097869873
S134N	8.893773078918457	5.949028968811035	1.334473967552185	10.993651390075684	0.7314161658287048	8.068507194519043	-5.024167537689209	3.701448917388916	-0.3829376697540283	-5.327244281768799	2.8937950134277344
S134P	9.394685745239258	5.108072280883789	-1.2885172367095947	3.0637001991271973	-3.7227063179016113	4.6386590003967285	-7.503924369812012	-5.716089725494385	-3.0595059394836426	-8.323888778686523	-0.7409515380859375
S134Q	3.750020980834961	5.077349662780762	-0.3432077467441559	2.550293445587158	0.15828779339790344	3.666459083557129	-5.254247188568115	9.84808349609375	-1.993301510810852	-5.414351940155029	1.2045385837554932
S134R	5.508781433105469	6.172223091125488	-0.2724134624004364	2.6187357902526855	1.1349793672561646	1.9610023498535156	-3.6618945598602295	10.118019104003906	-1.6640459299087524	-5.10988712310791	1.6805499792099
S134T	3.7529702186584473	9.472761154174805	-1.568364143371582	1.0411864519119263	1.3108491897583008	1.8269317150115967	-2.525592803955078	15.108329772949219	-0.6997594237327576	-6.446835994720459	2.1272475719451904
S134V	-1.8759981393814087	-2.1728224754333496	-11.041854858398438	3.097580671310425	-2.6128077507019043	-8.812104225158691	-3.5904381275177	4.440190315246582	-7.895681858062744	-13.979225158691406	-4.4443159103393555
S134W	5.570164203643799	-0.32050660252571106	0.18352022767066956	0.814183235168457	0.9163725972175598	10.362914085388184	-7.5277886390686035	-14.775171279907227	-10.5419282913208	-1.4512070417404175	-1.6769447326660156
S134Y	4.488908767700195	1.350952386856079	-0.19176532328128815	3.4406840801239014	-1.3974063396453857	2.7857682704925537	-4.903713703155518	1.2326306104660034	-2.365600824356079	-3.363293409347534	0.1077163964509964
I135A	-38.63466262817383	-37.86472702026367	-34.35157775878906	-9.202825546264648	-56.53610610961914	-55.215782165527344	-9.019449234008789	4.887446403503418	-41.70689392089844	-33.73027420043945	-31.137487411499023
I135C	-28.215822219848633	-20.087894439697266	-15.558647155761719	-6.486931800842285	-38.239830017089844	-36.616455078125	-16.94529914855957	-0.6874465346336365	-7.953995227813721	-37.567138671875	-20.83594512939453
I135D	-43.070465087890625	-29.243236541748047	-25.029327392578125	-21.389005661010742	-69.52909088134766	-52.563934326171875	-18.888879776000977	-0.08594115078449249	-24.055992126464844	-48.33822250366211	-33.21941375732422
I135E	-44.34846496582031	-29.12654685974121	-25.056324005126953	-22.094587326049805	-65.84298706054688	-54.106895446777344	-19.017532348632812	-1.4886637926101685	-21.540035247802734	-45.88117599487305	-32.850318908691406
I135F	-33.44668960571289	-36.57600021362305	-43.6241340637207	-0.9811279773712158	-33.26899337768555	-34.960304260253906	-4.713918209075928	-1.7645448446273804	-28.669422149658203	-22.442920684814453	-24.044803619384766
I135G	-43.88272476196289	-22.20749282836914	-32.66008377075195	-11.480127334594727	-60.30228042602539	-57.78506851196289	-15.162357330322266	5.30748987197876	-24.149057388305664	-51.98324966430664	-31.430492401123047
I135H	-28.525976181030273	-22.058441162109375	-17.168636322021484	-10.931102752685547	-40.85913848876953	-41.271183013916016	-18.504072189331055	-2.895771026611328	-8.934289932250977	-40.80927658081055	-23.195789337158203
I135K	-29.719701766967773	-22.048221588134766	-17.33145523071289	-13.470741271972656	-45.02022933959961	-46.96958541870117	-22.02008628845215	-3.620877742767334	-10.581018447875977	-46.091426849365234	-25.687335968017578
I135L	-13.002213478088379	-21.324968338012695	-7.636643886566162	2.5751278400421143	0.461112380027771	-18.819019317626953	3.606782913208008	7.4839653968811035	13.986945152282715	-0.2503261864185333	-3.291923999786377
I135M	-17.251256942749023	-23.147703170776367	-17.443811416625977	4.762411594390869	-27.079469680786133	-31.695085525512695	-4.887057304382324	6.019561767578125	-4.536053657531738	-31.49431037902832	-14.675277709960938
I135N	-36.182701110839844	-26.558340072631836	-18.970298767089844	-16.687410354614258	-51.74989318847656	-46.8357048034668	-18.327646255493164	-1.4363383054733276	-13.576318740844727	-47.23175048828125	-27.75564193725586
I135P	-37.54024124145508	-21.12867546081543	-20.59663963317871	-17.638498306274414	-47.718624114990234	-46.077735900878906	-21.7647762298584	-6.1139445304870605	-20.75771713256836	-44.71324920654297	-28.40500831604004
I135Q	-41.773189544677734	-28.51313018798828	-22.97559356689453	-14.009187698364258	-52.646121978759766	-51.26415252685547	-19.192407608032227	1.7828587293624878	-13.714942932128906	-44.238765716552734	-28.654464721679688
I135R	-44.92666244506836	-29.292348861694336	-24.669090270996094	-16.24517250061035	-53.994747161865234	-51.898101806640625	-18.69912338256836	5.190802097320557	-15.08212661743164	-42.59781265258789	-29.221439361572266
I135S	-38.73076629638672	-29.46660804748535	-26.670907974243164	-14.855953216552734	-68.69175720214844	-55.44003677368164	-15.306118965148926	4.394737243652344	-30.666885375976562	-44.88315200805664	-32.031742095947266
I135T	-37.73918151855469	-31.008596420288086	-22.570049285888672	-7.526463985443115	-50.33500671386719	-49.05194854736328	-12.14793586730957	4.9847612380981445	-14.01695442199707	-36.61655044555664	-25.602792739868164
I135V	-12.579339981079102	-32.93293380737305	-18.67911720275879	-0.9355752468109131	-8.699005126953125	-40.59423065185547	2.1960620880126953	2.8024399280548096	3.3263237476348877	-9.927611351013184	-11.602299690246582
I135W	-23.240821838378906	-17.002187728881836	-12.497445106506348	-5.335788726806641	-29.10505485534668	-32.599571228027344	-21.60538673400879	-3.7655441761016846	-6.531131744384766	-34.947998046875	-18.66309356689453
I135Y	-33.84960174560547	-24.22898292541504	-16.627666473388672	-9.438896179199219	-40.909183502197266	-38.403564453125	-15.87840747833252	-0.5875943899154663	-13.40479850769043	-34.50722122192383	-22.783592224121094
F136A	-16.77837371826172	-23.842599868774414	-7.7314066886901855	-3.1272430419921875	-11.32618236541748	-18.060731887817383	-9.373985290527344	-2.3778433799743652	-22.62139129638672	-18.878618240356445	-13.411837577819824
F136C	-8.841017723083496	-26.91591453552246	-3.8305411338806152	-6.317379474639893	-4.40181827545166	-7.303582668304443	-12.861783981323242	-12.412951469421387	-17.914928436279297	-11.746330261230469	-11.254624366760254
F136D	-11.932452201843262	-17.095054626464844	-5.971445083618164	-2.751453161239624	-10.029348373413086	-10.057002067565918	-9.519585609436035	-3.7190403938293457	-16.739208221435547	-13.392507553100586	-10.120710372924805
F136E	-8.609548568725586	-18.031152725219727	-7.538046360015869	-5.392253875732422	-3.80191707611084	-13.658501625061035	-7.929125785827637	-4.420217990875244	-18.694643020629883	-13.808012008666992	-10.188342094421387
F136G	-15.17278003692627	-20.777999877929688	-7.910916805267334	-5.330895900726318	-5.549110412597656	-14.595468521118164	-9.386759757995605	-4.32199764251709	-18.01090431213379	-14.988604545593262	-11.60454273223877
F136H	-3.498215913772583	-22.231904983520508	-3.718116283416748	-6.8673014640808105	-5.45310115814209	-10.31556510925293	-13.34089183807373	-10.33201789855957	-16.564233779907227	-9.75930118560791	-10.208064079284668
F136I	-15.173301696777344	-20.063940048217773	-4.5724968910217285	-0.623357892036438	-10.315885543823242	-6.216566562652588	-1.4026297330856323	-3.5930747985839844	-8.926523208618164	-9.500630378723145	-8.038841247558594
F136K	-4.086006164550781	-24.724782943725586	-4.671112060546875	-6.264803886413574	-4.191234588623047	-11.159832954406738	-15.773422241210938	-13.699540138244629	-20.049049377441406	-11.29086971282959	-11.591066360473633
F136L	-25.81093406677246	-29.472524642944336	-11.516657829284668	0.17595478892326355	-6.063747406005859	-1.6672868728637695	-7.82533073425293	3.9810874462127686	-3.8035888671875	-7.359461784362793	-8.936249732971191
F136M	-2.5284042358398438	-24.364030838012695	-3.759042263031006	-2.7678563594818115	-5.8057403564453125	-5.6614837646484375	-6.320770740509033	-7.876342296600342	-12.78250503540039	-9.289188385009766	-8.1155366897583
F136N	-7.633284568786621	-17.715497970581055	-5.610978603363037	-6.315387725830078	-4.340317726135254	-10.30483627319336	-15.114649772644043	-9.759819984436035	-18.015018463134766	-9.443760871887207	-10.425354957580566
F136P	-5.902750015258789	-20.384309768676758	-4.616171360015869	-8.788314819335938	-4.764310836791992	-14.464314460754395	-11.139073371887207	-8.541427612304688	-18.676006317138672	-8.291565895080566	-10.55682373046875
F136Q	-6.051974773406982	-18.922222137451172	-6.808647632598877	-4.8513665199279785	-3.406229019165039	-7.280141830444336	-10.087376594543457	-7.608790874481201	-17.921669006347656	-10.709558486938477	-9.364797592163086
F136R	-5.0912652015686035	-16.234052658081055	-6.983734607696533	-5.201314926147461	-5.486934661865234	-8.880023956298828	-11.111794471740723	-6.577075958251953	-12.807144165039062	-12.934924125671387	-9.130825996398926
F136S	-11.664769172668457	-18.24618148803711	-6.423498153686523	-3.9999256134033203	-8.988658905029297	-14.219328880310059	-9.812033653259277	-3.966892719268799	-19.101638793945312	-17.895662307739258	-11.431859016418457
F136T	-7.67612361907959	-19.280317306518555	-6.550076484680176	-5.89888858795166	-7.057811260223389	-10.875465393066406	-8.45650577545166	-5.605387210845947	-17.836078643798828	-13.601663589477539	-10.283830642700195
F136V	-18.84967613220215	-20.832561492919922	-6.12166166305542	-1.2538570165634155	-6.888176441192627	-6.033522605895996	-3.007188081741333	-1.7019022703170776	-6.053272247314453	-8.321710586547852	-7.906352996826172
F136W	-2.7026009559631348	-32.31332015991211	1.056715726852417	-3.6029579639434814	-1.4290903806686401	-11.077717781066895	-16.33197021484375	-14.365160942077637	-28.326671600341797	-9.35257339477539	-11.844533920288086
F136Y	-3.718061685562134	-22.49967384338379	-3.4941506385803223	-6.018731117248535	-2.735008716583252	-9.094491958618164	-8.678194046020508	-5.854660987854004	-16.62469482421875	-10.331090927124023	-8.904875755310059
D137A	2.2140774726867676	10.533828735351562	2.1438868045806885	22.298460006713867	8.295434951782227	5.948004722595215	6.248814105987549	-2.103187322616577	3.806023359298706	0.3199445307254791	5.970528602600098
D137C	3.794217586517334	8.57281494140625	15.7441987991333	13.817197799682617	-0.10356319695711136	0.6894530653953552	0.4207862913608551	-4.124279499053955	-0.331104576587677	6.369917392730713	4.484964370727539
D137E	11.21927261352539	18.521652221679688	5.214570999145508	20.988210678100586	-2.1555352210998535	8.216425895690918	-0.6227669715881348	-3.1008055210113525	2.0742006301879883	5.947274208068848	6.630249977111816
D137F	1.868852972984314	3.939755916595459	3.217494010925293	4.4620585441589355	4.1615309715271	7.465205669403076	6.731461048126221	-0.09619350731372833	3.694086790084839	7.956473350524902	4.3400726318359375
D137G	1.9222081899642944	13.439765930175781	-1.0991883277893066	23.198379516601562	-9.101672172546387	9.729334831237793	6.0316314697265625	-0.7796041369438171	2.4255096912384033	8.997945785522461	5.476431369781494
D137H	3.823662281036377	10.832483291625977	14.228212356567383	10.501020431518555	-2.7162728309631348	-2.6279826164245605	-1.9142868518829346	-4.6430792808532715	-3.1756718158721924	6.586874961853027	3.0894954204559326
D137I	-2.0624279975891113	-5.233221530914307	5.707681655883789	6.045360565185547	18.1521053314209	6.145572662353516	6.352674961090088	-0.7131504416465759	6.8930816650390625	1.1285967826843262	4.2416276931762695
D137K	2.9878883361816406	12.011495590209961	13.397247314453125	10.536593437194824	-6.84230899810791	-4.413743019104004	-3.1456923484802246	-6.6655683517456055	-4.43198823928833	5.372626781463623	1.880655288696289
D137L	-1.787432312965393	-14.109354019165039	8.362594604492188	6.924782752990723	12.612289428710938	5.933277130126953	4.244933605194092	3.3418328762054443	6.633203029632568	1.722927451133728	3.3879055976867676
D137M	-1.9874707460403442	9.281851768493652	17.457805633544922	13.448699951171875	8.994711875915527	2.699902296066284	0.04247991368174553	-5.432475566864014	-2.3654487133026123	8.055201530456543	5.01952600479126
D137N	3.921102285385132	11.478209495544434	4.977672576904297	11.877145767211914	-10.77501392364502	1.8916832208633423	0.7017833590507507	-5.0776286125183105	2.4626004695892334	8.55799388885498	3.0015549659729004
D137P	0.6711841225624084	2.771667957305908	-4.483240604400635	5.092491149902344	-16.39444923400879	-3.147167205810547	-4.330140590667725	-10.646468162536621	-2.1535472869873047	3.4601008892059326	-2.915956735610962
D137Q	9.528756141662598	17.272985458374023	11.926849365234375	15.237975120544434	-3.554088592529297	3.027162790298462	-0.5710803270339966	-5.274811744689941	-0.5645344257354736	7.798947334289551	5.482816696166992
D137R	11.677175521850586	18.53242301940918	4.47325325012207	13.748946189880371	-8.967216491699219	0.9680332541465759	0.17165613174438477	-4.144600868225098	0.7846828103065491	5.891554832458496	4.313591480255127
D137S	0.9271922707557678	21.808225631713867	-2.381357192993164	26.44002342224121	-4.542696475982666	9.870909690856934	5.47088098526001	0.6504296660423279	3.667933225631714	11.344285011291504	7.325582981109619
D137T	5.447438716888428	14.19398021697998	6.3262939453125	15.841711044311523	0.2674694061279297	5.687085151672363	-0.49230438470840454	-1.939413070678711	1.5515222549438477	9.661698341369629	5.654547691345215
D137V	-2.579084873199463	-10.645262718200684	6.522763252258301	7.770000457763672	16.5758056640625	5.378939151763916	7.550868511199951	1.3157967329025269	6.088659286499023	-0.5848848223686218	3.7393600940704346
D137W	-12.420086860656738	7.3368682861328125	21.179365158081055	5.703383922576904	-3.596512794494629	-12.615754127502441	-3.7939438819885254	-14.156021118164062	-12.178256034851074	1.5769522190093994	-2.296400547027588
D137Y	4.73408317565918	8.906269073486328	11.905421257019043	15.040718078613281	0.9057918190956116	2.311469316482544	0.32766449451446533	-4.600422382354736	0.26037824153900146	8.963452339172363	4.875482559204102
L138A	-14.101212501525879	-30.142366409301758	-18.53650665283203	-10.79948616027832	-25.98186492919922	-25.171539306640625	-16.56830406188965	-14.016484260559082	-13.210466384887695	-24.990337371826172	-19.351856231689453
L138C	-15.7540283203125	-40.71341323852539	-22.804325103759766	-4.318498134613037	-22.119384765625	-24.96974754333496	-10.84053897857666	-11.78973388671875	-22.203636169433594	-32.06734848022461	-20.758066177368164
L138D	-30.6424617767334	-50.199249267578125	-20.806344985961914	-19.894451141357422	-36.95230484008789	-30.605125427246094	-16.50416374206543	-19.269678115844727	-29.500728607177734	-32.42877960205078	-28.68033218383789
L138E	-26.164424896240234	-46.272987365722656	-17.09593963623047	-14.919904708862305	-33.55194091796875	-33.95344161987305	-14.89387035369873	-21.1292724609375	-27.653533935546875	-31.661916732788086	-26.729724884033203
L138F	-24.78925895690918	-32.23497772216797	-22.318199157714844	0.2923017144203186	-25.747156143188477	-16.51656723022461	-6.777768135070801	-7.070491313934326	-16.728322982788086	-9.140966415405273	-16.103139877319336
L138G	-24.81654167175293	-52.167388916015625	-28.190261840820312	-20.21453094482422	-32.683197021484375	-23.846553802490234	-13.801548957824707	-17.992145538330078	-23.053043365478516	-32.092498779296875	-26.885772705078125
L138H	-20.3265323638916	-37.88838195800781	-23.140352249145508	-8.523049354553223	-22.39147186279297	-27.62674331665039	-14.679884910583496	-11.40975284576416	-25.733928680419922	-25.92378807067871	-21.764389038085938
L138I	-5.363437652587891	-19.290498733520508	-25.110485076904297	0.6261016130447388	-13.294675827026367	-22.126266479492188	-6.0988969802856445	-1.9884260892868042	-7.555062770843506	5.785897254943848	-9.441575050354004
L138K	-22.3386173248291	-46.60660171508789	-29.245336532592773	-12.517007827758789	-25.82931137084961	-31.4298095703125	-16.214031219482422	-13.134353637695312	-30.7608699798584	-31.206369400024414	-25.928232192993164
L138M	-15.70037841796875	-34.28564453125	-20.465856552124023	-0.5932431221008301	-19.111602783203125	-22.112857818603516	-10.018651962280273	-8.877616882324219	-22.161415100097656	-28.207473754882812	-18.153474807739258
L138N	-24.964506149291992	-47.94295120239258	-25.17485809326172	-17.29105567932129	-27.8248233795166	-29.388202667236328	-14.441439628601074	-12.30488395690918	-27.57615089416504	-27.076587677001953	-25.39854621887207
L138P	-28.36176300048828	-46.34403991699219	-28.818740844726562	-18.36305809020996	-30.635303497314453	-24.46401023864746	-15.530653953552246	-11.302379608154297	-35.007080078125	-28.788854598999023	-26.761587142944336
L138Q	-22.977479934692383	-45.20647430419922	-19.284313201904297	-12.740822792053223	-28.202369689941406	-31.762670516967773	-15.355413436889648	-14.637443542480469	-30.967239379882812	-28.82672882080078	-24.99609375
L138R	-18.359973907470703	-42.86985397338867	-19.1588191986084	-14.25248908996582	-29.224958419799805	-30.52602195739746	-15.13424301147461	-14.798654556274414	-31.29425811767578	-31.403711318969727	-24.702301025390625
L138S	-21.06867790222168	-44.45547866821289	-21.37137222290039	-17.95256805419922	-36.36974334716797	-31.302019119262695	-19.628963470458984	-18.607126235961914	-26.169038772583008	-31.6201229095459	-26.854511260986328
L138T	-19.384492874145508	-42.5079460144043	-18.527587890625	-10.258559226989746	-28.547122955322266	-26.50570297241211	-13.806230545043945	-18.276264190673828	-25.999177932739258	-26.2885799407959	-23.01016616821289
L138V	-7.090736389160156	-26.092050552368164	-29.141738891601562	-3.4635181427001953	-7.243250370025635	-19.62911605834961	-3.57965350151062	-0.17953680455684662	-4.608430862426758	7.305607318878174	-9.37224006652832
L138W	-11.48083209991455	-36.2129020690918	-30.53810691833496	-7.663717746734619	-14.881509780883789	-39.025001525878906	-18.888643264770508	-12.0575590133667	-28.867198944091797	-32.47199630737305	-23.2087459564209
L138Y	-20.087146759033203	-38.525482177734375	-16.23607063293457	-8.892736434936523	-25.219463348388672	-23.491079330444336	-9.536811828613281	-11.316282272338867	-24.845340728759766	-22.34571647644043	-20.04961395263672
P139A	12.415640830993652	35.56412887573242	5.431596279144287	10.618266105651855	1.1399205923080444	12.849821090698242	8.676864624023438	9.392682075500488	11.003565788269043	12.48433780670166	11.957682609558105
P139C	8.549811363220215	19.5513973236084	13.418317794799805	17.473575592041016	3.3993513584136963	7.143191337585449	8.568225860595703	3.1422548294067383	7.201082706451416	15.302221298217773	10.374942779541016
P139D	15.823907852172852	28.863866806030273	10.618350982666016	13.841291427612305	-1.2355669736862183	18.019927978515625	6.3629655838012695	18.77486228942871	6.418593406677246	16.17529296875	13.366350173950195
P139E	11.075565338134766	30.420700073242188	10.663118362426758	13.838144302368164	0.3129039406776428	15.031133651733398	5.121067523956299	21.925954818725586	5.215643882751465	16.330236434936523	12.993448257446289
P139F	-2.7119534015655518	20.562822341918945	-1.650640606880188	3.772871494293213	-0.7034406065940857	3.921825885772705	3.0717811584472656	1.2011514902114868	4.368515968322754	7.718458652496338	3.95513916015625
P139G	18.62336540222168	23.003314971923828	6.993680953979492	13.444007873535156	3.3734238147735596	16.410606384277344	5.4359331130981445	18.65128517150879	5.313967704772949	15.73050308227539	12.69800853729248
P139H	6.734715938568115	23.289182662963867	16.249849319458008	18.12672233581543	3.4456076622009277	9.172804832458496	9.800206184387207	4.654272079467773	6.019565582275391	15.76805305480957	11.326098442077637
P139I	0.11093606799840927	15.127129554748535	0.012803465127944946	3.1506381034851074	-0.6957538723945618	4.335310459136963	4.675654411315918	1.2149624824523926	4.988661289215088	2.728555917739868	3.564889907836914
P139K	7.101757526397705	25.423574447631836	16.339370727539062	21.156625747680664	2.676999092102051	11.414413452148438	10.088412284851074	5.966585636138916	7.037719249725342	16.794017791748047	12.399948120117188
P139L	-4.234097957611084	3.106973886489868	-24.679697036743164	-3.11074161529541	-6.67891788482666	2.016881227493286	6.1513590812683105	-1.3457757234573364	0.34415286779403687	-0.9902268052101135	-2.942009210586548
P139M	8.342947959899902	22.27984619140625	8.505681037902832	15.18124771118164	3.993513584136963	4.204713821411133	7.77116060256958	2.1636111736297607	5.5879693031311035	13.38936710357666	9.142005920410156
P139N	11.671540260314941	23.314855575561523	16.294553756713867	18.073749542236328	1.8511244058609009	12.344046592712402	8.37410831451416	7.223662376403809	6.348033905029297	17.285512924194336	12.278120040893555
P139Q	10.89559555053711	28.952112197875977	13.987222671508789	19.069883346557617	0.7353416681289673	12.865059852600098	7.908183574676514	10.316706657409668	6.4981255531311035	15.69870662689209	12.692693710327148
P139R	11.129996299743652	28.60093879699707	11.927677154541016	17.477191925048828	1.2893168926239014	14.141868591308594	6.3591132164001465	13.333858489990234	5.386108875274658	14.73414421081543	12.438021659851074
P139S	13.564739227294922	29.6663875579834	7.716674327850342	13.668070793151855	-1.5380502939224243	16.384231567382812	5.754977703094482	18.46245765686035	8.552376747131348	13.519083023071289	12.575094223022461
P139T	11.02491569519043	24.259355545043945	9.560178756713867	13.140904426574707	1.735219955444336	12.71272087097168	6.141912937164307	9.747392654418945	6.443460941314697	13.848405838012695	10.861446380615234
P139V	-0.35567787289619446	17.112957000732422	-5.798895359039307	1.1423251628875732	2.24049711227417	4.930929183959961	5.911665439605713	1.9649795293807983	6.47800350189209	4.577515602111816	3.820429563522339
P139W	-1.1963557004928589	24.904998779296875	20.007049560546875	21.035930633544922	6.598566055297852	13.605551719665527	10.748754501342773	3.211879014968872	4.324554443359375	16.283597946166992	11.952451705932617
P139Y	9.879386901855469	21.91987419128418	12.698357582092285	14.86213493347168	2.39066219329834	6.211835861206055	6.971937656402588	5.544498920440674	5.964532375335693	13.178984642028809	9.962221145629883
R140A	7.673161506652832	25.308942794799805	4.954164505004883	5.700415134429932	5.059493541717529	12.099639892578125	3.821824550628662	10.154878616333008	4.272587299346924	10.0711030960083	8.911622047424316
R140C	18.18170928955078	8.6262845993042	8.275184631347656	5.890692710876465	-1.5939499139785767	11.279882431030273	4.89328670501709	14.077940940856934	-4.7928338050842285	10.768693923950195	7.560689449310303
R140D	11.853492736816406	16.556184768676758	8.951700210571289	4.599257946014404	1.201319932937622	17.432832717895508	1.163839340209961	18.234363555908203	0.09676359593868256	10.31213665008545	9.040189743041992
R140E	10.394057273864746	18.485143661499023	9.604068756103516	5.91608190536499	3.193674087524414	15.093243598937988	-0.3690494894981384	22.669599533081055	0.004091128706932068	10.246452331542969	9.523736000061035
R140F	2.4820361137390137	13.794150352478027	2.295121669769287	1.287958025932312	0.7508714199066162	13.903268814086914	3.10931396484375	5.807816028594971	1.4672304391860962	10.547089576721191	5.544485569000244
R140G	13.58329963684082	13.260943412780762	8.026830673217773	3.4437179565429688	2.0313220024108887	14.283084869384766	0.49496588110923767	16.46826171875	2.836587429046631	10.684517860412598	8.5113525390625
R140H	21.35151481628418	9.286358833312988	8.117822647094727	4.545943260192871	-0.45710253715515137	13.301002502441406	3.7779812812805176	11.447983741760254	-1.7080386877059937	10.862961769104004	8.052642822265625
R140I	6.673062324523926	27.360288619995117	2.1888461112976074	4.681572914123535	1.1936312913894653	7.846024036407471	3.6700563430786133	4.321141719818115	1.7537237405776978	9.359189987182617	6.9047532081604
R140K	27.768583297729492	9.191164016723633	8.437612533569336	4.0422844886779785	-1.1510967016220093	17.89734649658203	3.690824031829834	9.953885078430176	0.5454604029655457	11.80832290649414	9.218440055847168
R140L	-10.935437202453613	7.41817569732666	-8.007827758789062	-15.136943817138672	-32.57509994506836	6.651797771453857	-2.156909942626953	0.3766010105609894	3.8450820446014404	10.959956169128418	-3.9560604095458984
R140M	13.672609329223633	12.263259887695312	7.273125648498535	5.622459411621094	0.9141052961349487	8.759668350219727	4.839457988739014	14.056062698364258	-3.2772462368011475	8.622840881347656	7.27463436126709
R140N	20.956148147583008	10.24742317199707	8.479381561279297	3.9904422760009766	-0.0810011699795723	15.288263320922852	2.4507510662078857	12.424878120422363	-0.13452906906604767	12.069204330444336	8.569096565246582
R140P	23.32926368713379	7.385734558105469	9.000006675720215	2.298616886138916	-0.0066152289509773254	16.842300415039062	1.5853394269943237	6.071394920349121	4.282134056091309	10.379334449768066	8.116750717163086
R140Q	15.234479904174805	14.035184860229492	8.098653793334961	5.135645866394043	1.102258324623108	13.128877639770508	2.7975051403045654	18.634796142578125	0.6558531522750854	12.149703979492188	9.097295761108398
R140S	11.356346130371094	19.241455078125	7.433145999908447	5.933653354644775	1.2595833539962769	16.18311309814453	3.0616819858551025	15.088069915771484	2.1817803382873535	11.734525680541992	9.347335815429688
R140T	12.5474853515625	16.54323387145996	7.549256324768066	6.300127983093262	0.6614720225334167	13.302658081054688	2.7122843265533447	15.37540054321289	0.8676042556762695	11.201639175415039	8.706116676330566
R140V	5.744324684143066	24.69256591796875	1.2365788221359253	2.8002126216888428	-2.4338185787200928	13.10168743133545	2.4794564247131348	3.6162919998168945	2.2767205238342285	7.974526405334473	6.1488542556762695
R140W	27.18996238708496	8.852859497070312	9.892273902893066	1.63406503200531	-1.6464250087738037	20.561105728149414	6.024710178375244	2.4496877193450928	-2.7679474353790283	10.503724098205566	8.269401550292969
R140Y	12.673213958740234	10.059061050415039	7.70939826965332	5.5337114334106445	0.8793483972549438	10.834333419799805	4.443696022033691	17.984607696533203	-5.07227087020874	10.570781707763672	7.561587333679199
T141A	13.503308296203613	42.92124938964844	5.079869270324707	8.489398002624512	0.8796389698982239	14.250694274902344	6.648978233337402	10.34986400604248	10.556849479675293	16.503826141357422	12.918367385864258
T141C	26.205976486206055	21.153284072875977	14.540929794311523	7.693496227264404	-4.072868347167969	16.22623634338379	8.046286582946777	4.295426368713379	12.272168159484863	19.501726150512695	12.58626651763916
T141D	24.885711669921875	28.784683227539062	9.471114158630371	7.098754405975342	-3.943941116333008	19.81745147705078	8.279351234436035	9.126851081848145	12.36104679107666	21.885780334472656	13.776681900024414
T141E	26.777719497680664	38.22913360595703	9.20815372467041	9.37563705444336	-3.4606032371520996	19.594879150390625	11.238036155700684	10.501456260681152	12.778501510620117	23.720273971557617	15.796318054199219
T141F	10.911051750183105	29.437299728393555	2.4845094680786133	7.57589864730835	2.734973907470703	7.460443019866943	6.520461559295654	7.020275115966797	5.875340461730957	10.459710121154785	9.047996520996094
T141G	25.312288284301758	31.1374568939209	7.697182655334473	7.2858710289001465	-4.5197649002075195	17.823776245117188	5.826337814331055	9.956700325012207	11.229925155639648	22.297941207885742	13.40477180480957
T141H	33.06645965576172	22.873971939086914	17.810558319091797	6.957810878753662	-3.2342545986175537	20.720680236816406	9.398966789245605	4.665815353393555	13.453678131103516	21.07382583618164	14.678750991821289
T141I	9.786887168884277	36.639015197753906	3.3878352642059326	3.804823160171509	3.1162195205688477	6.367016315460205	5.731910705566406	4.616182327270508	6.273550033569336	8.585861206054688	8.830930709838867
T141K	33.66769790649414	22.814241409301758	18.214326858520508	7.065634250640869	-5.707149505615234	23.31814193725586	9.274365425109863	4.219942092895508	14.990792274475098	22.68346405029297	15.054145812988281
T141L	3.873401641845703	5.849137306213379	-1.639632225036621	-8.475504875183105	2.54777455329895	19.102876663208008	2.386810302734375	-1.6806294918060303	3.41504168510437	2.2254557609558105	2.7604730129241943
T141M	24.21721839904785	23.098703384399414	12.911028861999512	9.136979103088379	-1.3848971128463745	13.570136070251465	8.707955360412598	4.279575347900391	11.648641586303711	16.508777618408203	12.26941204071045
T141N	26.640085220336914	22.483434677124023	13.58349323272705	6.5190019607543945	-5.0864129066467285	19.38511085510254	8.515719413757324	4.649663925170898	13.844274520874023	22.251941680908203	13.278631210327148
T141P	24.48845100402832	22.19495964050293	10.891043663024902	4.070021629333496	-7.350949287414551	19.21152114868164	6.58554220199585	2.6517977714538574	11.069005012512207	19.53954315185547	11.33509349822998
T141Q	27.77115249633789	30.389474868774414	11.234001159667969	8.260988235473633	-3.2874622344970703	18.769920349121094	9.906454086303711	6.304256916046143	15.223505020141602	21.58529281616211	14.615758895874023
T141R	29.5345458984375	32.95992660522461	9.715023040771484	9.179535865783691	-4.448696136474609	18.5946044921875	7.450516223907471	7.132059097290039	15.691665649414062	20.55148696899414	14.636067390441895
T141S	21.009370803833008	37.30341339111328	7.523013114929199	8.25404167175293	-3.825127124786377	18.459840774536133	7.507325649261475	10.099191665649414	12.292159080505371	19.42974090576172	13.805295944213867
T141V	11.706368446350098	33.2169075012207	3.4737355709075928	4.870593070983887	4.156183242797852	6.274410247802734	6.180041790008545	6.6513352394104	7.478244304656982	8.795450210571289	9.280326843261719
T141W	35.230159759521484	17.398290634155273	27.623756408691406	3.146531581878662	-4.938488483428955	27.96413803100586	8.829283714294434	4.0119709968566895	12.196756362915039	21.334264755249023	15.279664993286133
T141Y	25.756540298461914	24.39942169189453	12.399333000183105	7.596645832061768	-2.8392651081085205	15.288451194763184	8.279273986816406	4.9900712966918945	13.10727310180664	17.756502151489258	12.673425674438477
N142A	18.535850524902344	10.543954849243164	-0.3201330602169037	11.901000022888184	1.2321261167526245	18.41863250732422	2.374105930328369	-6.794727325439453	2.4369499683380127	0.38975822925567627	5.87175178527832
N142C	14.752209663391113	6.366918087005615	5.544677734375	8.848054885864258	0.6684208512306213	11.026151657104492	-0.038795050233602524	-9.237783432006836	-1.1794787645339966	1.1590534448623657	3.790943145751953
N142D	14.758665084838867	9.496931076049805	-1.4203671216964722	18.24056625366211	3.8182666301727295	13.323643684387207	1.3427929878234863	-1.233742117881775	2.664020299911499	3.38370680809021	6.437448978424072
N142E	19.252981185913086	9.486949920654297	0.0865115225315094	19.65693473815918	5.42788028717041	11.637938499450684	1.171992540359497	-6.338364601135254	3.2343361377716064	3.8427345752716064	6.7459893226623535
N142F	0.9284156560897827	12.409270286560059	-1.4713937044143677	9.154539108276367	-1.7914594411849976	5.449805736541748	2.1597704887390137	-0.21488280594348907	1.8637770414352417	7.25571870803833	3.5743565559387207
N142G	4.0341386795043945	-4.180877685546875	-4.678208827972412	12.168153762817383	0.4527648091316223	17.933210372924805	1.5247540473937988	-4.579822540283203	1.8284965753555298	-0.608553409576416	2.3894057273864746
N142H	10.097505569458008	10.477087020874023	10.274042129516602	10.37857437133789	4.643889427185059	8.684440612792969	0.28936606645584106	-2.8779428005218506	-2.5468950271606445	0.7808037400245667	5.020087718963623
N142I	8.088174819946289	17.054676055908203	0.13710570335388184	1.5232852697372437	-3.667081594467163	8.383230209350586	1.1382226943969727	-3.8886165618896484	-0.4536510705947876	10.15616226196289	3.8471503257751465
N142K	9.016128540039062	8.69985294342041	10.8729887008667	10.840331077575684	3.670618772506714	11.179134368896484	0.5512474179267883	-4.229330062866211	-2.2491493225097656	0.06400900334119797	4.841583728790283
N142L	-6.6985554695129395	2.804079055786133	1.6152011156082153	8.054083824157715	4.102221965789795	9.337706565856934	2.2682666778564453	5.193136692047119	3.830070972442627	6.406360626220703	3.6912569999694824
N142M	11.007587432861328	8.452896118164062	5.545124530792236	14.10008716583252	6.214163780212402	8.73843765258789	0.7911102175712585	-6.926966667175293	-6.1582932472229	0.9791020750999451	4.274324893951416
N142P	5.470428943634033	1.1368412971496582	-0.7966642379760742	7.495597839355469	-0.6153280735015869	6.3767266273498535	-2.046995162963867	-8.076144218444824	0.6593778133392334	-1.9891918897628784	0.7614648938179016
N142Q	14.527616500854492	12.0946044921875	4.296285152435303	19.055538177490234	7.077530860900879	11.73226261138916	1.0575871467590332	-4.3694987297058105	0.09429965913295746	2.31319522857666	6.787941932678223
N142R	13.167850494384766	9.593287467956543	3.7825212478637695	15.216899871826172	5.662454128265381	11.787803649902344	1.589270830154419	-2.9180376529693604	0.5228700637817383	1.973015546798706	6.037793159484863
N142S	13.55864143371582	9.348806381225586	-2.8045554161071777	19.09673309326172	1.180576205253601	14.62894058227539	1.3300426006317139	-5.174566745758057	2.7392163276672363	4.942936420440674	5.884676933288574
N142T	13.180048942565918	9.216409683227539	0.6470180749893188	14.80349349975586	0.03363143652677536	9.51991081237793	0.791743814945221	-8.652339935302734	2.7158823013305664	3.4603724479675293	4.571617126464844
N142V	5.231439590454102	17.41461944580078	0.26998767256736755	4.549412727355957	-0.4169541001319885	9.842222213745117	2.0831708908081055	-0.29245200753211975	0.587904155254364	8.218040466308594	4.748738765716553
N142W	11.063667297363281	8.802743911743164	16.29024314880371	7.39130973815918	5.136548042297363	9.622184753417969	-0.49750906229019165	-10.689091682434082	-12.33401870727539	-1.4036794900894165	3.338240146636963
N142Y	8.917994499206543	11.123696327209473	7.3046345710754395	9.843799591064453	3.451504707336426	7.599315643310547	-0.2699933648109436	-6.549321174621582	-2.2811760902404785	3.10491681098938	4.224536895751953
I143A	-24.477619171142578	-17.03256607055664	-22.19376564025879	-9.630966186523438	-45.456233978271484	-31.65691375732422	-10.389657020568848	-12.58010482788086	-29.600542068481445	-20.672454833984375	-22.369083404541016
I143C	-26.1488037109375	-20.30750846862793	-10.75743579864502	-18.303651809692383	-14.809554100036621	-32.21942138671875	-14.767016410827637	-19.91598892211914	-24.142858505249023	-12.791873931884766	-19.416410446166992
I143D	-53.16492462158203	-26.227750778198242	-23.329750061035156	-29.528141021728516	-35.83005142211914	-38.94007873535156	-23.10096549987793	-15.841504096984863	-35.03902816772461	-23.506072998046875	-30.45082664489746
I143E	-45.09398651123047	-28.962921142578125	-22.643516540527344	-26.715234756469727	-34.95964050292969	-42.996952056884766	-21.452899932861328	-18.931758880615234	-37.323516845703125	-24.159881591796875	-30.324031829833984
I143F	-13.88620662689209	-17.225360870361328	-15.876873970031738	-1.6982297897338867	-24.135292053222656	-15.55390739440918	-1.4033266305923462	-2.6981093883514404	-13.265946388244629	-4.011114120483398	-10.97543716430664
I143G	-44.96440887451172	-25.28095245361328	-28.58704376220703	-26.01828956604004	-35.605926513671875	-35.114471435546875	-11.419548988342285	-18.475709915161133	-30.371509552001953	-26.224475860595703	-28.206233978271484
I143H	-34.92515563964844	-24.882083892822266	-14.037293434143066	-24.287382125854492	-19.74118423461914	-39.331626892089844	-24.059730529785156	-18.820932388305664	-28.86951446533203	-16.282140731811523	-24.523706436157227
I143K	-33.505584716796875	-26.214168548583984	-15.017364501953125	-22.861732482910156	-20.750362396240234	-39.9599494934082	-27.28541374206543	-17.085369110107422	-28.25102996826172	-17.821685791015625	-24.87526512145996
I143L	-4.2416276931762695	-31.466581344604492	-14.79467487335205	-16.12249183654785	-2.568188428878784	-9.462904930114746	-1.7162187099456787	8.159403800964355	1.5033689737319946	-0.6746328473091125	-7.138454437255859
I143M	-22.074520111083984	-17.251216888427734	-9.72337532043457	-11.867172241210938	-11.36938762664795	-27.969345092773438	-9.682042121887207	-20.345184326171875	-21.78357696533203	-10.447070121765137	-16.25128936767578
I143N	-41.931095123291016	-27.493545532226562	-19.504663467407227	-25.92457389831543	-24.43288803100586	-37.99119186401367	-19.456071853637695	-16.549041748046875	-32.94160461425781	-19.640817642211914	-26.5865478515625
I143P	-43.76438903808594	-28.733068466186523	-25.219343185424805	-27.517343521118164	-24.263397216796875	-44.130306243896484	-26.02889633178711	-10.944737434387207	-36.38336181640625	-21.161836624145508	-28.81467056274414
I143Q	-36.884586334228516	-25.90213394165039	-18.739927291870117	-25.034189224243164	-26.409557342529297	-37.545692443847656	-20.583515167236328	-18.02387046813965	-33.8041877746582	-19.816740036010742	-26.274438858032227
I143R	-39.1292610168457	-26.34257698059082	-20.096681594848633	-26.76945686340332	-29.405120849609375	-37.35855484008789	-18.98552894592285	-20.606590270996094	-30.2698974609375	-22.471271514892578	-27.143497467041016
I143S	-35.26519775390625	-23.494768142700195	-23.696359634399414	-23.485305786132812	-43.573787689208984	-35.05564880371094	-13.570672988891602	-19.326763153076172	-34.87244415283203	-22.844799041748047	-27.518573760986328
I143T	-33.30790710449219	-23.126806259155273	-16.318002700805664	-19.846223831176758	-28.372791290283203	-29.325023651123047	-13.515732765197754	-20.99286460876465	-26.571178436279297	-18.962507247924805	-23.033903121948242
I143V	-9.762619972229004	-18.346176147460938	-15.788335800170898	-5.496450424194336	-12.590437889099121	-20.728900909423828	0.8135152459144592	-0.1597142219543457	-5.512699604034424	-5.757466793060303	-9.332929611206055
I143W	-22.153972625732422	-24.477903366088867	-8.914726257324219	-15.568643569946289	-10.552063941955566	-27.048704147338867	-26.544286727905273	-12.344341278076172	-20.964885711669922	-10.087045669555664	-17.865657806396484
I143Y	-31.118303298950195	-22.718042373657227	-13.18810749053955	-21.503507614135742	-19.936756134033203	-31.16637420654297	-16.609073638916016	-18.41134262084961	-34.930145263671875	-13.90976619720459	-22.34914207458496
G144A	19.418649673461914	39.772857666015625	4.7687883377075195	14.485539436340332	1.4164315462112427	16.05290985107422	5.27107048034668	14.430044174194336	4.9931440353393555	9.228804588317871	12.983823776245117
G144C	17.44420051574707	14.491348266601562	9.72972297668457	8.743561744689941	-0.6901318430900574	9.550300598144531	6.654102802276611	7.422161102294922	7.190068244934082	10.510588645935059	9.104592323303223
G144D	19.819141387939453	26.93861198425293	6.744755744934082	8.580622673034668	-2.1433889865875244	18.464086532592773	4.620701789855957	23.184890747070312	8.374897956848145	15.844731330871582	13.0429048538208
G144E	18.873807907104492	29.3024959564209	7.548946857452393	9.444171905517578	0.03937935084104538	15.610265731811523	5.115518093109131	26.110469818115234	8.26498794555664	15.974364280700684	13.628440856933594
G144F	6.767255783081055	31.35092544555664	-3.33309268951416	11.360626220703125	-2.198518753051758	11.533836364746094	6.99741792678833	11.590657234191895	7.190866947174072	8.988884925842285	9.024885177612305
G144H	16.028152465820312	14.488801956176758	15.363086700439453	8.740299224853516	0.2335880696773529	8.592578887939453	6.500588893890381	9.485645294189453	6.873711585998535	11.320124626159668	9.762657165527344
G144I	6.45053243637085	31.076162338256836	-0.7002670764923096	10.686083793640137	-7.358562469482422	7.880036354064941	4.33712100982666	5.328725814819336	4.078031539916992	6.947162628173828	6.872502326965332
G144K	21.371952056884766	16.539051055908203	14.878238677978516	8.246720314025879	0.5064529180526733	9.603375434875488	6.540406703948975	6.187637805938721	7.826860427856445	11.65744400024414	10.335813522338867
G144L	0.8801683783531189	10.311173439025879	-14.839838981628418	5.130523204803467	0.46483516693115234	1.9852423667907715	5.213043689727783	5.1583781242370605	5.440596103668213	-5.274247646331787	1.4469873905181885
G144M	22.115896224975586	13.84526252746582	7.570818901062012	9.905182838439941	0.7986648678779602	8.653947830200195	6.034290790557861	5.534695625305176	6.337306976318359	9.444900512695312	9.024096488952637
G144N	15.90485954284668	17.98378562927246	13.383567810058594	7.066041469573975	-1.5012272596359253	10.210501670837402	5.294362545013428	12.676889419555664	7.027890205383301	11.501690864562988	9.954835891723633
G144P	12.429741859436035	15.659266471862793	12.434039115905762	3.3463099002838135	0.07059251517057419	6.5514750480651855	5.6061530113220215	10.516325950622559	8.7105712890625	10.160457611083984	8.548492431640625
G144Q	16.290874481201172	20.746633529663086	12.81674861907959	10.239997863769531	-1.996984601020813	12.490449905395508	5.205699443817139	20.663938522338867	7.704760551452637	13.519745826721191	11.76818561553955
G144R	17.75698471069336	23.2779483795166	9.354598045349121	8.1293363571167	-1.0599240064620972	13.198408126831055	5.09467077255249	19.830528259277344	8.242944717407227	12.244657516479492	11.607015609741211
G144S	21.35161781311035	31.604734420776367	6.151677131652832	8.051630973815918	-1.364627718925476	17.467866897583008	5.358768463134766	22.384260177612305	6.64887809753418	12.362555503845215	13.001736640930176
G144T	14.949701309204102	26.529096603393555	5.762779235839844	10.840656280517578	-3.485772132873535	14.270816802978516	5.605973720550537	21.308673858642578	8.415695190429688	12.912586212158203	11.711019515991211
G144V	7.329910755157471	37.99814224243164	-4.320672035217285	11.786088943481445	0.5030239224433899	7.0247578620910645	5.546769618988037	7.907474517822266	5.446357727050781	6.568264007568359	8.579011917114258
G144W	19.02679443359375	8.71197509765625	20.363910675048828	9.745233535766602	7.12720251083374	10.188238143920898	9.330545425415039	-15.395785331726074	2.9654314517974854	9.640528678894043	8.170408248901367
G144Y	12.993501663208008	14.638202667236328	11.435150146484375	9.510808944702148	-1.9981857538223267	9.347909927368164	5.109956741333008	13.340093612670898	5.29526424407959	10.486336708068848	9.015904426574707
K145A	35.34214782714844	57.381385803222656	4.649274826049805	15.424821853637695	-0.3296928405761719	15.290586471557617	4.690321445465088	22.676116943359375	20.521045684814453	14.430777549743652	19.007678985595703
K145C	21.45926284790039	26.23017692565918	7.978275299072266	6.269981384277344	-1.899187684059143	13.011507034301758	9.756340980529785	7.808188438415527	13.4962739944458	15.309720039367676	11.94205379486084
K145D	20.717844009399414	36.80836486816406	4.652627468109131	10.517355918884277	-3.2663044929504395	15.952299118041992	6.573110580444336	14.875179290771484	8.091978073120117	20.554033279418945	13.547648429870605
K145E	20.104888916015625	40.21668243408203	6.601362705230713	14.610525131225586	0.35778433084487915	14.847320556640625	7.624546051025391	23.345237731933594	7.812313079833984	21.505537033081055	15.702619552612305
K145F	20.712526321411133	41.88542556762695	5.021328926086426	18.846954345703125	-0.26494067907333374	7.153669357299805	4.241270542144775	16.07416343688965	25.0050106048584	7.481067657470703	14.61564826965332
K145G	35.25852584838867	37.98509979248047	2.336411237716675	9.3960542678833	-2.4985976219177246	11.592497825622559	3.897920608520508	22.48018455505371	10.666236877441406	17.107330322265625	14.822166442871094
K145H	18.409610748291016	22.28969383239746	12.387134552001953	6.34693717956543	-1.7605069875717163	15.1025972366333	11.784040451049805	5.990357398986816	9.77376937866211	16.7515926361084	11.707523345947266
K145I	12.7195463180542	32.81330490112305	4.398900985717773	6.664065837860107	0.2583746910095215	5.997974395751953	3.343837261199951	9.118354797363281	14.604447364807129	9.72480583190918	9.964361190795898
K145L	2.985826253890991	4.11118221282959	-7.68250036239624	-2.4667675495147705	12.379698753356934	1.3267107009887695	6.661349773406982	6.036043643951416	11.136184692382812	2.502671241760254	3.699039936065674
K145M	20.71471405029297	30.523183822631836	6.504522323608398	3.9239466190338135	0.43133482336997986	11.373326301574707	10.014384269714355	7.726083755493164	13.95706558227539	12.990410804748535	11.815896987915039
K145N	21.11957359313965	25.027681350708008	12.677728652954102	5.527007102966309	-3.2313451766967773	15.61196517944336	9.322534561157227	9.042109489440918	9.91015911102295	17.061628341674805	12.206903457641602
K145P	18.629688262939453	21.340660095214844	9.996692657470703	0.6453616619110107	-2.251323938369751	12.698236465454102	9.885268211364746	4.368114471435547	7.909063339233398	13.844306945800781	9.7066068649292
K145Q	18.2037353515625	30.920866012573242	10.150586128234863	9.53438949584961	-1.8046988248825073	13.258354187011719	7.786088466644287	13.038064002990723	10.56492805480957	17.686613082885742	12.933893203735352
K145R	20.754640579223633	34.96019744873047	8.374180793762207	11.028820037841797	0.2995983958244324	12.745311737060547	6.497592449188232	18.963294982910156	12.421704292297363	18.8471736907959	14.489252090454102
K145S	29.725473403930664	44.71602249145508	3.959728717803955	8.221388816833496	-3.579576253890991	16.341590881347656	5.951263904571533	21.148279190063477	7.382095813751221	18.998979568481445	15.286524772644043
K145T	15.4216890335083	37.59165954589844	4.634450912475586	6.642005920410156	-3.6657321453094482	14.764191627502441	6.95422887802124	16.884756088256836	8.294586181640625	16.58352279663086	12.41053581237793
K145V	15.53601360321045	32.305641174316406	4.469319820404053	6.985647678375244	2.4014687538146973	9.924983978271484	4.4088006019592285	10.54975700378418	17.306074142456055	8.579524040222168	11.246723175048828
K145W	31.730924606323242	22.49155044555664	15.009305000305176	8.581300735473633	3.540879249572754	17.564550399780273	16.956974029541016	-8.396387100219727	6.171349048614502	14.185201644897461	12.783565521240234
K145Y	19.672395706176758	24.88826560974121	8.066526412963867	5.304924011230469	-1.7126740217208862	9.411171913146973	8.832259178161621	10.337085723876953	10.893489837646484	13.980812072753906	10.967426300048828
F146A	-26.26336097717285	-22.282451629638672	-21.20411491394043	-6.551494598388672	-53.89870071411133	-25.083885192871094	-10.403772354125977	-4.678504467010498	-21.163349151611328	-40.71358871459961	-23.224321365356445
F146C	-22.815536499023438	-16.314138412475586	-21.742549896240234	-31.04901885986328	-14.741276741027832	-37.245479583740234	-12.699234008789062	-11.424933433532715	-20.36417007446289	-18.1494197845459	-20.65457534790039
F146D	-44.948551177978516	-31.478567123413086	-28.13677215576172	-41.46125030517578	-42.12821960449219	-57.928497314453125	-22.13030433654785	-17.29433822631836	-42.08396911621094	-30.81407928466797	-35.8404541015625
F146E	-37.07640838623047	-29.774940490722656	-21.139509201049805	-36.5518913269043	-32.75910949707031	-46.69615173339844	-17.4466495513916	-16.552364349365234	-38.5743293762207	-30.418582916259766	-30.69899559020996
F146G	-38.140281677246094	-30.34418296813965	-27.210975646972656	-35.182437896728516	-42.421669006347656	-46.69546127319336	-16.379348754882812	-20.659914016723633	-31.818387985229492	-40.51579284667969	-32.93684768676758
F146H	-24.84418296813965	-17.384037017822266	-22.873580932617188	-42.345069885253906	-15.722406387329102	-44.59988784790039	-17.47494888305664	-14.08377742767334	-23.769943237304688	-21.80618667602539	-24.490400314331055
F146I	-10.080155372619629	-16.714162826538086	-5.353318691253662	-4.434666156768799	-17.190597534179688	-14.232213973999023	-1.8497761487960815	0.7463880777359009	-6.040219783782959	-18.64433479309082	-9.379304885864258
F146K	-24.7042179107666	-19.60783576965332	-29.550954818725586	-39.86874008178711	-17.78827667236328	-50.6942253112793	-17.50425148010254	-16.207122802734375	-23.680843353271484	-25.774906158447266	-26.538137435913086
F146L	-14.020440101623535	-47.5284423828125	-13.58913516998291	-17.42869758605957	-24.009380340576172	-14.22140121459961	-6.452513694763184	2.7932581901550293	-13.042607307434082	-17.33761978149414	-16.48369789123535
F146M	-26.372756958007812	-12.42404556274414	-16.66066551208496	-14.473001480102539	-10.949823379516602	-33.21013641357422	-8.999743461608887	-13.833319664001465	-22.7703857421875	-16.225685119628906	-17.591955184936523
F146N	-29.140352249145508	-25.80532455444336	-28.906272888183594	-44.94765853881836	-25.69684600830078	-50.02766418457031	-17.920166015625	-15.71442985534668	-32.3636474609375	-25.93300437927246	-29.645538330078125
F146P	-25.95233726501465	-22.845661163330078	-32.785438537597656	-42.90148162841797	-25.12415313720703	-46.320350646972656	-20.45333480834961	-11.130797386169434	-27.740806579589844	-29.222841262817383	-28.44771957397461
F146Q	-29.435916900634766	-24.28697967529297	-23.735509872436523	-41.49368667602539	-26.585153579711914	-46.902244567871094	-16.770263671875	-17.59210968017578	-33.660552978515625	-23.863069534301758	-28.432546615600586
F146R	-38.50165939331055	-27.436458587646484	-21.80939292907715	-41.76752471923828	-30.5738582611084	-42.482627868652344	-15.328904151916504	-20.432384490966797	-33.89653396606445	-32.673336029052734	-30.490270614624023
F146S	-29.999040603637695	-29.632282257080078	-29.56007194519043	-32.19003677368164	-51.70770263671875	-42.21684265136719	-16.523941040039062	-12.390357971191406	-42.7455940246582	-35.98338317871094	-32.29492950439453
F146T	-27.49654769897461	-21.6668643951416	-23.122705459594727	-39.50288772583008	-31.026554107666016	-38.22330856323242	-13.442745208740234	-17.480613708496094	-28.220022201538086	-26.14737892150879	-26.63296127319336
F146V	-16.47632598876953	-21.361621856689453	-8.986732482910156	-7.3207106590271	-17.080352783203125	-16.681535720825195	-1.7774643898010254	1.8978749513626099	-4.557522773742676	-24.047992706298828	-11.639238357543945
F146W	-14.539787292480469	-10.859874725341797	-20.617143630981445	-23.58127784729004	-4.089293003082275	-33.991031646728516	-15.202718734741211	-10.908468246459961	-21.06951141357422	-21.608898162841797	-17.646800994873047
F146Y	-19.15812110900879	-16.403165817260742	-17.43653106689453	-34.245140075683594	-20.43436622619629	-38.945980072021484	-17.268495559692383	-10.570296287536621	-27.582321166992188	-18.41228485107422	-22.045669555664062
D147A	2.1274209022521973	7.745439052581787	3.6121912002563477	-4.584649562835693	3.2467546463012695	8.464824676513672	0.04987475648522377	1.419464111328125	-3.8853261470794678	4.801347732543945	2.299734115600586
D147C	4.014393329620361	9.998342514038086	10.932902336120605	-35.20719528198242	2.554131507873535	18.4051570892334	10.048741340637207	-0.684776246547699	-23.61081886291504	-3.6927924156188965	-0.7241916060447693
D147E	-5.0709028244018555	11.383676528930664	2.9080777168273926	-18.47227668762207	1.1227751970291138	11.073257446289062	2.19933819770813	7.393786430358887	-28.028749465942383	-6.0172295570373535	-2.150824785232544
D147F	-5.726475715637207	-2.1699814796447754	-4.3896164894104	-10.821427345275879	-3.9995036125183105	6.9439005851745605	-1.6805217266082764	-9.218655586242676	-1.0947121381759644	3.995054244995117	-2.8161940574645996
D147G	-8.552582740783691	9.142193794250488	1.8924593925476074	-22.94670295715332	-2.4823172092437744	12.726369857788086	-2.7331631183624268	9.034248352050781	-7.525685787200928	-7.381755352020264	-1.8826935291290283
D147H	3.435774087905884	10.266605377197266	10.744468688964844	-39.0389518737793	3.1575775146484375	19.03624153137207	7.958999156951904	-1.5171140432357788	-27.31496238708496	-3.4655866622924805	-1.6736948490142822
D147I	-0.47204166650772095	-2.268630027770996	1.3443779945373535	-10.924036026000977	-9.770221710205078	4.129938125610352	0.7632967233657837	-6.325140476226807	-13.403290748596191	4.617656707763672	-3.230808973312378
D147K	3.895503044128418	9.904831886291504	12.3146333694458	-30.80522918701172	3.48227858543396	17.262645721435547	8.287446975708008	-2.238579750061035	-27.471054077148438	-5.607944965362549	-1.0975468158721924
D147L	2.918788194656372	-0.012851260602474213	1.2600512504577637	-19.081592559814453	-7.160499095916748	-1.7692186832427979	-34.89496612548828	-3.775502920150757	3.408095359802246	2.4226202964782715	-5.6685075759887695
D147M	2.7833328247070312	7.830445289611816	6.835890293121338	-28.14394760131836	4.252722263336182	15.087207794189453	13.794087409973145	2.615604877471924	-25.00939178466797	-7.527887344360352	-0.7481935620307922
D147N	0.09104769676923752	8.710982322692871	8.202347755432129	-54.272315979003906	-2.3136632442474365	15.03219223022461	4.355932712554932	1.267475962638855	-23.74998664855957	-9.38853931427002	-5.206452369689941
D147P	-8.696203231811523	2.2122178077697754	5.787227630615234	-60.32136535644531	-4.357694625854492	6.899608612060547	-3.485279083251953	-12.749706268310547	-31.56206512451172	-24.492671966552734	-13.076593399047852
D147Q	3.0046606063842773	11.232980728149414	6.119169235229492	-39.2160758972168	1.783033847808838	11.88356876373291	5.282357215881348	4.022451400756836	-24.543474197387695	-7.321870803833008	-2.775319814682007
D147R	1.8056021928787231	15.420860290527344	5.761722564697266	-21.54706382751465	1.0611785650253296	10.151519775390625	3.385498523712158	7.280956268310547	-6.24070930480957	-3.5678884983062744	1.3511676788330078
D147S	-2.843843698501587	7.069783687591553	3.794266700744629	-18.555683135986328	-3.249634027481079	9.286738395690918	1.1172614097595215	4.54445743560791	-20.03049659729004	-7.620625972747803	-2.648777484893799
D147T	-2.2403321266174316	8.162768363952637	5.835582733154297	-29.607309341430664	-1.2144463062286377	13.018523216247559	4.625601291656494	2.708167314529419	-32.61405944824219	-11.802787780761719	-4.312829494476318
D147V	3.0107533931732178	1.9971559047698975	0.40972861647605896	-9.006989479064941	-4.347202301025391	2.615325689315796	-5.14304780960083	-2.8591697216033936	-10.445175170898438	4.071549892425537	-1.9697068929672241
D147W	2.49783992767334	13.613771438598633	14.709624290466309	-4.790195941925049	4.358405590057373	8.990484237670898	8.903770446777344	-15.034357070922852	-27.913856506347656	-1.6573936939239502	0.36780935525894165
D147Y	-0.036984868347644806	7.690875053405762	8.776379585266113	-39.224143981933594	0.7387802600860596	15.20087718963623	7.250220775604248	-0.0628296285867691	-24.065387725830078	-9.58561897277832	-3.3317832946777344
M148A	-5.228329658508301	-10.944843292236328	-16.689388275146484	5.246179580688477	-18.657760620117188	-15.39789867401123	6.033261775970459	0.16600103676319122	-8.489583969116211	-16.11663246154785	-8.007899284362793
M148C	-3.3266749382019043	-21.907047271728516	-23.188186645507812	-3.6215357780456543	-7.62420129776001	-11.82064437866211	-3.724189043045044	-3.046107530593872	-14.69223690032959	-10.375846862792969	-10.332667350769043
M148D	-9.337930679321289	-20.789125442504883	-42.387088775634766	-5.8087897300720215	-27.368976593017578	-23.56102752685547	-7.242335796356201	-6.347108364105225	-29.287036895751953	-14.468814849853516	-18.659822463989258
M148E	-5.883569240570068	-22.92500877380371	-24.648056030273438	-1.6490135192871094	-24.940814971923828	-18.83985137939453	-2.726933002471924	-5.045963764190674	-23.15776824951172	-15.508445739746094	-14.532544136047363
M148F	-6.277216911315918	-9.011013984680176	-13.133207321166992	9.03444766998291	-16.03133773803711	-7.618539810180664	4.762057304382324	-6.4998273849487305	-3.9900100231170654	-7.3551025390625	-5.611974716186523
M148G	-11.862215995788574	-32.936466217041016	-47.585060119628906	-0.9102206230163574	-19.45132064819336	-20.036706924438477	0.631699800491333	-3.6272521018981934	-27.721288681030273	-22.283220291137695	-18.578205108642578
M148H	-5.089350700378418	-24.3311710357666	-26.308443069458008	-3.546107769012451	-8.573599815368652	-13.397220611572266	-5.199128150939941	-0.6587661504745483	-18.12087059020996	-11.425445556640625	-11.665010452270508
M148I	4.859809875488281	-16.630918502807617	-4.189921855926514	1.2884925603866577	-10.563183784484863	-14.89523696899414	3.949697256088257	4.0978899002075195	3.8255746364593506	-3.7353479862213135	-3.199314594268799
M148K	-6.928360939025879	-32.156532287597656	-33.71464538574219	-6.205939292907715	-11.995255470275879	-26.690216064453125	-6.6938796043396	1.6387476921081543	-20.8460693359375	-14.033363342285156	-15.762552261352539
M148L	15.18004035949707	-8.268169403076172	1.1588321924209595	-19.34967041015625	-0.2637261748313904	-4.365394592285156	-1.0219875574111938	13.073278427124023	7.1738667488098145	-4.365525245666504	-0.10484547913074493
M148N	-6.7057671546936035	-32.428070068359375	-45.76639938354492	-7.885307788848877	-14.917085647583008	-17.999191284179688	-4.842609882354736	-2.299832820892334	-25.98867416381836	-15.75206184387207	-17.458499908447266
M148P	-9.73487377166748	-44.037071228027344	-54.78525161743164	-19.121122360229492	-17.72677230834961	-19.08210563659668	-8.909582138061523	-2.9363391399383545	-36.9017333984375	-24.157400131225586	-23.73922348022461
M148Q	-4.553743839263916	-26.453290939331055	-28.214149475097656	-5.212404727935791	-16.614656448364258	-18.63484001159668	-3.8302855491638184	-3.586406946182251	-21.03061294555664	-13.089472770690918	-14.121986389160156
M148R	-5.24932861328125	-19.725719451904297	-24.79083251953125	12.766124725341797	-22.176523208618164	-24.07422637939453	-5.2352399826049805	-3.58707594871521	-19.833911895751953	-13.999127388000488	-12.590585708618164
M148S	-3.6835098266601562	-24.620649337768555	-34.25193786621094	-6.719754695892334	-28.92070960998535	-16.602636337280273	1.6164077520370483	-3.3896431922912598	-20.91022491455078	-19.439332962036133	-15.69219970703125
M148T	-3.5996296405792236	-20.596813201904297	-24.060104370117188	-15.012081146240234	-22.17547607421875	-17.06487274169922	-3.2897613048553467	-4.003543853759766	-14.023706436157227	-11.569273948669434	-13.539525985717773
M148V	2.669135570526123	-17.343904495239258	-6.108290672302246	-2.520902395248413	-12.33285903930664	-14.686238288879395	5.416531562805176	3.9454782009124756	3.73567271232605	-6.6485795974731445	-4.38739538192749
M148W	-11.716111183166504	-23.043426513671875	-15.738645553588867	-8.139686584472656	-11.21837329864502	-12.937189102172852	-11.836697578430176	-3.7299020290374756	-22.622589111328125	-9.582684516906738	-13.056530952453613
M148Y	-1.535532832145691	-21.860519409179688	-25.331409454345703	-5.638381004333496	-8.654341697692871	-7.93550968170166	-2.6457457542419434	-6.15462064743042	-15.053739547729492	-11.827892303466797	-10.663769721984863
I149A	-19.126358032226562	-12.931958198547363	-14.24321174621582	-15.186504364013672	-46.45354080200195	-22.46527671813965	-14.628837585449219	-8.703907012939453	-30.98037338256836	-25.584667205810547	-21.03046226501465
I149C	-25.213043212890625	-20.077449798583984	-19.63289451599121	-30.122726440429688	-20.088838577270508	-44.24431610107422	-21.929428100585938	-20.857444763183594	-28.958370208740234	-18.399503707885742	-24.952402114868164
I149D	-58.44755172729492	-24.911455154418945	-29.498029708862305	-34.429325103759766	-47.721004486083984	-42.64834976196289	-25.062692642211914	-19.531661987304688	-33.671958923339844	-29.029813766479492	-34.49518585205078
I149E	-49.22104263305664	-21.685745239257812	-25.793298721313477	-30.664344787597656	-42.342369079589844	-40.20199203491211	-24.961944580078125	-20.925708770751953	-39.541160583496094	-26.444984436035156	-32.17825698852539
I149F	-12.662978172302246	-18.91646385192871	-19.259979248046875	-8.617260932922363	-41.85652160644531	-14.978290557861328	-10.670661926269531	-4.3708038330078125	-31.203960418701172	-18.332054138183594	-18.086894989013672
I149G	-44.0477409362793	-24.834274291992188	-23.34895133972168	-23.41522789001465	-40.977046966552734	-35.304588317871094	-17.447153091430664	-8.32899284362793	-24.0313663482666	-30.632158279418945	-27.236751556396484
I149H	-33.56742477416992	-21.861085891723633	-20.109758377075195	-40.356266021728516	-23.607229232788086	-48.972923278808594	-29.594852447509766	-22.35683822631836	-38.41844177246094	-18.211061477661133	-29.705585479736328
I149K	-36.63481903076172	-21.865644454956055	-20.913028717041016	-37.90957260131836	-26.74917221069336	-48.31884002685547	-35.221954345703125	-22.299623489379883	-37.87843704223633	-23.637805938720703	-31.142892837524414
I149L	-6.306327819824219	-20.613874435424805	-15.885916709899902	-23.965839385986328	-9.1173095703125	-20.890106201171875	-0.2529236078262329	5.713201999664307	-11.828960418701172	-0.7051402926445007	-10.385319709777832
I149M	-24.167938232421875	-21.25531005859375	-19.02086639404297	-24.279460906982422	-18.5283260345459	-45.58890914916992	-22.416332244873047	-21.43838119506836	-27.6458683013916	-17.52735710144043	-24.18687629699707
I149N	-41.74951934814453	-24.819242477416992	-25.582834243774414	-34.854278564453125	-31.748268127441406	-49.95123291015625	-26.791597366333008	-17.688081741333008	-36.466922760009766	-22.9782657623291	-31.263025283813477
I149P	-41.88457489013672	-22.218427658081055	-31.813295364379883	-36.019779205322266	-31.21035385131836	-53.75896453857422	-35.853126525878906	-8.977587699890137	-34.98788833618164	-25.73065185546875	-32.24546432495117
I149Q	-39.87963104248047	-23.41995620727539	-22.848194122314453	-32.4334602355957	-34.002498626708984	-44.17349624633789	-26.456480026245117	-19.74888038635254	-40.3345832824707	-23.295862197875977	-30.659305572509766
I149R	-41.53792953491211	-26.020036697387695	-18.150827407836914	-25.883054733276367	-43.19483184814453	-35.20409393310547	-19.257570266723633	-18.567405700683594	-29.206823348999023	-27.456247329711914	-28.4478816986084
I149S	-42.10518264770508	-20.14681053161621	-23.381078720092773	-26.283964157104492	-45.61207580566406	-34.861515045166016	-18.58727264404297	-11.064067840576172	-38.888633728027344	-24.76427459716797	-28.569488525390625
I149T	-33.50618362426758	-20.861927032470703	-20.234695434570312	-26.012231826782227	-32.717681884765625	-38.58540725708008	-20.8900203704834	-15.725494384765625	-33.7100830078125	-23.017154693603516	-26.526086807250977
I149V	-13.186649322509766	-31.5351619720459	-11.79271411895752	-7.225160121917725	-9.876955032348633	-19.315528869628906	-3.1070199012756348	0.13782519102096558	-5.905254364013672	-16.15528678894043	-11.79619026184082
I149W	-19.652095794677734	-21.814224243164062	-17.38848304748535	-39.79164505004883	-13.529800415039062	-72.85457611083984	-37.07894515991211	-13.822936058044434	-38.212921142578125	-16.796157836914062	-29.09417724609375
I149Y	-26.581933975219727	-21.750991821289062	-20.489099502563477	-30.903974533081055	-22.969913482666016	-44.31708526611328	-27.526769638061523	-12.141231536865234	-30.828826904296875	-20.19280433654785	-25.770263671875
W150A	-28.244342803955078	-25.320972442626953	-26.051088333129883	-9.802228927612305	-32.12574768066406	-31.745935440063477	-9.491880416870117	8.908468246459961	-38.87465286254883	-52.41996383666992	-24.516834259033203
W150C	-38.337642669677734	-37.70510482788086	-20.953454971313477	-19.819717407226562	-33.63650894165039	-35.80390167236328	-12.658358573913574	-11.807049751281738	-36.61552429199219	-63.63096237182617	-31.096820831298828
W150D	-46.3388557434082	-50.61890411376953	-28.265806198120117	-22.75758934020996	-51.28744125366211	-42.22216796875	-10.500754356384277	-12.301219940185547	-49.97884750366211	-68.6700668334961	-38.294166564941406
W150E	-41.5884895324707	-52.9050178527832	-25.245101928710938	-24.06154441833496	-48.37702560424805	-39.55156326293945	-8.935776710510254	-18.820837020874023	-51.40810012817383	-74.56949615478516	-38.546295166015625
W150F	-25.462263107299805	-26.01553726196289	-25.86627769470215	-12.224796295166016	-25.789644241333008	-29.39563751220703	-6.75467586517334	2.319854497909546	-40.34901809692383	-40.044986724853516	-22.958295822143555
W150G	-38.3238525390625	-49.09385681152344	-33.79935073852539	-14.062409400939941	-47.082183837890625	-41.43008804321289	-11.076020240783691	-10.74742603302002	-49.05308532714844	-71.87732696533203	-36.65456008911133
W150H	-40.78835678100586	-45.94493865966797	-25.81538200378418	-21.473058700561523	-36.951171875	-34.76289749145508	-11.732268333435059	-12.40684700012207	-37.62090301513672	-67.083984375	-33.45798110961914
W150I	-16.252954483032227	-29.081270217895508	-11.84752368927002	-14.560395240783691	-7.289460182189941	-33.6015510559082	-5.470042705535889	2.69875431060791	-9.97704029083252	-26.859289169311523	-15.224077224731445
W150K	-48.54832077026367	-47.26115798950195	-27.51642417907715	-26.23503303527832	-41.5131721496582	-45.5561637878418	-15.06403923034668	-16.337141036987305	-41.27052307128906	-73.01001739501953	-38.231201171875
W150L	-7.676908493041992	-23.08565330505371	-11.943413734436035	-23.220829010009766	2.40824031829834	-16.698963165283203	0.9645922780036926	27.567380905151367	-1.9349027872085571	-10.071601867675781	-6.369205951690674
W150M	-28.8889102935791	-34.27355194091797	-15.95893669128418	-13.771238327026367	-33.47041702270508	-35.03313064575195	-10.078783988952637	-5.382022857666016	-29.169050216674805	-65.81494903564453	-27.184097290039062
W150N	-45.257083892822266	-51.660579681396484	-25.92371368408203	-23.153600692749023	-43.06249237060547	-41.932891845703125	-12.163346290588379	-14.192395210266113	-46.15660095214844	-68.22173309326172	-37.17244338989258
W150P	-50.98802947998047	-49.875694274902344	-36.46124267578125	-29.312692642211914	-47.72258758544922	-41.22969436645508	-18.083629608154297	-14.618075370788574	-47.470619201660156	-59.458919525146484	-39.522117614746094
W150Q	-41.974727630615234	-47.210540771484375	-23.018692016601562	-23.065061569213867	-45.817378997802734	-43.95231246948242	-11.10606575012207	-15.256787300109863	-48.14068603515625	-70.84461212158203	-37.03868865966797
W150R	-41.4725227355957	-51.969234466552734	-27.8966007232666	-21.339359283447266	-43.24725341796875	-45.52756881713867	-11.50345230102539	-11.952733993530273	-41.473243713378906	-66.67967987060547	-36.3061637878418
W150S	-38.93327713012695	-41.81675720214844	-30.183441162109375	-12.4033784866333	-48.23052978515625	-36.77268981933594	-9.73000717163086	-5.693179607391357	-54.63743209838867	-66.87470245361328	-34.52753829956055
W150T	-36.122840881347656	-43.116844177246094	-22.799911499023438	-19.912921905517578	-40.79096603393555	-39.5285530090332	-10.68277359008789	-15.089292526245117	-51.57197189331055	-66.9563980102539	-34.65724563598633
W150V	-14.899168014526367	-29.153982162475586	-14.275028228759766	-19.064590454101562	-4.864813327789307	-32.66830825805664	-5.370260238647461	6.3300042152404785	-9.174057960510254	-27.48006820678711	-15.062026977539062
W150Y	-37.0765495300293	-45.0435905456543	-21.47706413269043	-16.756927490234375	-34.22254943847656	-33.92650604248047	-9.882462501525879	-11.885132789611816	-44.993186950683594	-59.494930267333984	-31.47589111328125
D151A	-37.83428955078125	-8.978828430175781	-16.830720901489258	-6.838474273681641	-38.43443298339844	-40.42943572998047	-10.46803092956543	49.781715393066406	-45.091392517089844	-42.837860107421875	-19.79617691040039
D151C	-71.7808837890625	-31.999849319458008	-15.837935447692871	-8.841487884521484	-36.87046432495117	-35.60476303100586	-16.084318161010742	13.620187759399414	-23.913646697998047	-51.47163772583008	-27.878482818603516
D151E	-59.32794952392578	-41.04597091674805	-16.260112762451172	-14.622712135314941	-45.67857360839844	-47.1414680480957	-11.084207534790039	8.559930801391602	-45.32122802734375	-57.07040786743164	-32.899269104003906
D151F	-68.61234283447266	-18.39271354675293	-15.06563949584961	-13.620340347290039	-36.28110122680664	-40.331539154052734	-6.671797752380371	30.827354431152344	-47.63602066040039	-37.018497467041016	-25.280263900756836
D151G	-43.716468811035156	-26.18242835998535	-19.548145294189453	-12.435955047607422	-42.524845123291016	-41.938175201416016	-14.007801055908203	9.51319694519043	-45.73588943481445	-58.777462005615234	-29.5353946685791
D151H	-66.10585021972656	-31.969995498657227	-15.897199630737305	-6.9725341796875	-34.50483322143555	-35.789676666259766	-15.451571464538574	10.059465408325195	-23.07462501525879	-46.929134368896484	-26.66359519958496
D151I	-53.980525970458984	-21.55451011657715	-11.890483856201172	-12.829316139221191	-30.5220947265625	-36.89928436279297	-8.903168678283691	40.0134162902832	-44.113624572753906	-38.05624008178711	-21.873584747314453
D151K	-65.11589813232422	-37.23624038696289	-17.822776794433594	-11.242955207824707	-38.52188491821289	-38.27705383300781	-19.541505813598633	3.0804154872894287	-28.613788604736328	-55.07810974121094	-30.83698081970215
D151L	-107.15431213378906	-2.1441216468811035	-11.49113941192627	-9.194958686828613	-41.780357360839844	-46.88905334472656	-6.076053142547607	27.262237548828125	-42.13941955566406	-46.5849609375	-28.619213104248047
D151M	-74.20277404785156	-44.719024658203125	-13.670878410339355	-8.359668731689453	-33.1813850402832	-35.39784240722656	-11.07493782043457	17.895038604736328	-20.809247970581055	-44.235530853271484	-26.775625228881836
D151N	-67.4576416015625	-32.313438415527344	-16.670076370239258	-12.481803894042969	-39.721492767333984	-38.61760711669922	-16.39573860168457	5.738445281982422	-30.387046813964844	-54.304229736328125	-30.261062622070312
D151P	-50.9850959777832	-23.841386795043945	-19.13187599182129	-9.69961166381836	-35.96565628051758	-34.41286087036133	-14.969765663146973	2.7016334533691406	-30.903135299682617	-48.7947998046875	-26.600255966186523
D151Q	-78.74411010742188	-41.48069381713867	-15.951942443847656	-12.885825157165527	-42.038902282714844	-42.201236724853516	-14.93289852142334	9.415488243103027	-30.45633316040039	-53.22745895385742	-32.250389099121094
D151R	-43.58723449707031	-43.077476501464844	-18.844085693359375	-12.278228759765625	-36.04016876220703	-42.03986358642578	-16.79235076904297	1.0772095918655396	-36.72038269042969	-55.816287994384766	-30.411890029907227
D151S	-51.360958099365234	-21.48531150817871	-19.835208892822266	-11.733814239501953	-47.760921478271484	-43.77534103393555	-11.949845314025879	27.13311767578125	-49.269317626953125	-55.1877555847168	-28.522533416748047
D151T	-80.05479431152344	-35.59010696411133	-15.446701049804688	-12.747532844543457	-44.63132858276367	-42.99055480957031	-13.004057884216309	18.469297409057617	-36.85444641113281	-56.060733795166016	-31.891094207763672
D151V	-62.05956268310547	-12.71395492553711	-12.78619384765625	-14.534893035888672	-32.56332778930664	-41.11644744873047	-10.73121166229248	40.062679290771484	-46.802734375	-43.10828399658203	-23.635395050048828
D151W	-53.75471878051758	-41.717308044433594	-26.428918838500977	-2.6325631141662598	-30.879405975341797	-39.86002731323242	-20.41212272644043	-6.417879581451416	-21.55051612854004	-50.77958679199219	-29.44330406188965
D151Y	-69.22386169433594	-40.28805923461914	-16.511157989501953	-8.790176391601562	-34.757266998291016	-38.67536926269531	-13.366894721984863	9.10870361328125	-26.073270797729492	-52.196083068847656	-29.077342987060547
R152A	-30.894811630249023	-25.645986557006836	-18.45479965209961	-10.670413970947266	-30.786579132080078	-29.38963508605957	-13.300140380859375	-11.661256790161133	-49.74562454223633	-38.866485595703125	-25.941570281982422
R152C	-40.5208854675293	-26.017196655273438	-10.175600051879883	-8.411468505859375	-17.26811408996582	-22.610240936279297	-13.211371421813965	-14.879999160766602	-29.47991180419922	-29.94786262512207	-21.25226593017578
R152D	-27.59996223449707	-35.993553161621094	-15.894935607910156	0.6152303218841553	-21.49755096435547	-24.136350631713867	-9.862401008605957	-9.39053726196289	-38.938594818115234	-29.681800842285156	-21.238046646118164
R152E	-24.995075225830078	-36.761783599853516	-14.302070617675781	-2.257300615310669	-20.656396865844727	-24.029094696044922	-7.5189032554626465	-10.22012996673584	-39.491207122802734	-26.8740234375	-20.71059799194336
R152F	-26.502145767211914	-26.42234230041504	-19.96295738220215	-7.317006587982178	-27.84227180480957	-28.899412155151367	-7.908030986785889	-3.2222578525543213	-50.57280731201172	-37.42543411254883	-23.607465744018555
R152G	-30.833965301513672	-35.83824920654297	-18.115198135375977	-12.868202209472656	-27.697160720825195	-25.999479293823242	-15.17317008972168	-15.786029815673828	-48.75003433227539	-40.47115707397461	-27.153263092041016
R152H	-33.25971984863281	-27.517578125	-9.829792976379395	-4.6126251220703125	-15.489361763000488	-21.29954719543457	-10.636374473571777	-13.751655578613281	-21.80021095275879	-26.728174209594727	-18.49250602722168
R152I	-19.80177116394043	-41.932395935058594	-13.55118179321289	-3.855724811553955	-22.344646453857422	-24.029525756835938	-5.736476898193359	0.1558922380208969	-48.5562744140625	-28.846261978149414	-20.849838256835938
R152K	-35.45695877075195	-25.945974349975586	-11.146428108215332	-2.783480405807495	-16.961631774902344	-23.132728576660156	-14.206527709960938	-13.735968589782715	-23.07373046875	-31.280290603637695	-19.772371292114258
R152L	-37.670780181884766	-44.008270263671875	-16.466032028198242	-11.647187232971191	-20.427690505981445	-24.222492218017578	-4.867381572723389	28.315099716186523	-51.53515625	-39.11418533325195	-22.16440773010254
R152M	-31.485294342041016	-34.62094497680664	-9.279620170593262	-7.906166076660156	-16.901832580566406	-23.02869987487793	-9.507720947265625	-17.871301651000977	-29.19601058959961	-25.41937828063965	-20.521697998046875
R152N	-32.61869430541992	-30.979915618896484	-13.243885040283203	-4.009245872497559	-19.036462783813477	-25.45830726623535	-11.466900825500488	-10.113103866577148	-28.683713912963867	-31.924863815307617	-20.753509521484375
R152P	-29.163061141967773	-30.117137908935547	-12.016035079956055	-0.9753361940383911	-16.117128372192383	-21.197105407714844	-10.381176948547363	-9.486639976501465	-32.16326141357422	-24.463245391845703	-18.608013153076172
R152Q	-31.352685928344727	-32.237831115722656	-12.783136367797852	-8.0230073928833	-19.442956924438477	-25.98621940612793	-9.114201545715332	-13.081708908081055	-34.08121109008789	-30.351858139038086	-21.64548110961914
R152S	-27.63298797607422	-30.202251434326172	-16.36285400390625	-4.0153093338012695	-24.413801193237305	-24.395998001098633	-8.951883316040039	-9.956076622009277	-45.26149368286133	-33.36129379272461	-22.455394744873047
R152T	-26.85589599609375	-32.131832122802734	-13.515029907226562	-7.580564022064209	-19.492162704467773	-24.85962677001953	-9.90987777709961	-12.259769439697266	-45.15785217285156	-28.952054977416992	-22.071468353271484
R152V	-29.91431999206543	-41.93209457397461	-14.81546688079834	-4.4920878410339355	-18.704315185546875	-24.67367172241211	-6.442821979522705	0.10313437879085541	-49.55625534057617	-33.14512252807617	-22.357303619384766
R152W	-26.33196449279785	-23.664033889770508	-10.168661117553711	-7.021578788757324	-9.538213729858398	-17.87340545654297	-22.882841110229492	-20.113021850585938	-23.791778564453125	-25.544620513916016	-18.693012237548828
R152Y	-27.718046188354492	-27.96956443786621	-12.517501831054688	-8.804283142089844	-18.707841873168945	-21.496318817138672	-10.149683952331543	-12.668563842773438	-30.1834716796875	-25.67902374267578	-19.589427947998047
G153A	-15.12057876586914	-16.72997283935547	-7.858893871307373	-4.860259532928467	-11.062312126159668	-24.950349807739258	-7.234687328338623	13.33222484588623	-19.40747833251953	-50.21247863769531	-14.410479545593262
G153C	-18.150083541870117	-11.166805267333984	-3.1327450275421143	-7.115642547607422	-12.615699768066406	-24.47079849243164	-15.102898597717285	4.828861713409424	-4.805362224578857	-32.26438522338867	-12.399556159973145
G153D	-11.885137557983398	-14.532779693603516	-8.17402458190918	-9.301908493041992	-13.782543182373047	-28.39967918395996	-11.258770942687988	6.412033557891846	-12.601178169250488	-38.742916107177734	-14.226690292358398
G153E	-11.863755226135254	-14.723346710205078	-6.398109436035156	-8.620737075805664	-13.544168472290039	-27.218910217285156	-9.353410720825195	6.541949272155762	-12.253508567810059	-35.26984405517578	-13.270383834838867
G153F	-27.142419815063477	-0.11341401189565659	-7.92260217666626	-4.166167736053467	-9.725418090820312	-15.661802291870117	1.5284299850463867	22.34027862548828	-6.71014404296875	-16.327089309692383	-6.390035152435303
G153H	-13.181258201599121	-10.682504653930664	-1.6517665386199951	-5.744800567626953	-10.193697929382324	-22.848936080932617	-14.047416687011719	0.8138993382453918	-4.298122882843018	-28.213167190551758	-11.004777908325195
G153I	-24.220752716064453	-10.076080322265625	-2.9601683616638184	-7.291506767272949	-10.248790740966797	-19.90570068359375	4.085062503814697	25.2939453125	-6.04042387008667	-20.525489807128906	-7.188990592956543
G153K	-14.730916976928711	-13.919105529785156	-4.270186424255371	-5.411753177642822	-10.359001159667969	-27.466136932373047	-15.626738548278809	-3.0868542194366455	-9.655858993530273	-29.589738845825195	-13.411630630493164
G153L	-28.599401473999023	-6.354945182800293	-13.138199806213379	-8.648209571838379	-8.757655143737793	-23.280973434448242	2.7591891288757324	9.027918815612793	-15.66081428527832	-19.04511260986328	-11.169820785522461
G153M	-17.365388870239258	-11.650216102600098	-1.7875239849090576	-6.206846237182617	-11.775413513183594	-22.139183044433594	-11.671642303466797	1.300479769706726	-5.513678550720215	-28.848649978637695	-11.565807342529297
G153N	-13.829090118408203	-12.197278022766113	-5.16431188583374	-8.991679191589355	-10.579391479492188	-23.660362243652344	-13.173794746398926	1.9337413311004639	-10.645262718200684	-35.23979568481445	-13.154722213745117
G153P	-11.538268089294434	-13.44644832611084	-5.645223617553711	0.571300745010376	-12.130868911743164	-17.76439094543457	-13.924872398376465	-3.905552625656128	-7.82584810256958	-32.449954986572266	-11.806013107299805
G153Q	-15.719197273254395	-14.19015884399414	-5.1546630859375	-8.53357219696045	-13.854511260986328	-26.679214477539062	-11.422746658325195	2.5079097747802734	-12.915157318115234	-35.11406326293945	-14.107536315917969
G153R	-17.463699340820312	-25.748109817504883	-16.6710205078125	-10.713386535644531	-17.216440200805664	-30.12731170654297	-11.863690376281738	-7.472151756286621	-29.03827476501465	-34.43729019165039	-20.075136184692383
G153S	-15.293928146362305	-17.7128849029541	-11.141319274902344	-7.779234886169434	-13.705350875854492	-27.290098190307617	-8.758987426757812	3.4364497661590576	-18.01883316040039	-39.34629440307617	-15.56104850769043
G153T	-15.706520080566406	-11.13974666595459	-6.063283443450928	-9.224936485290527	-13.307580947875977	-24.805864334106445	-9.854023933410645	6.552196025848389	-8.349088668823242	-36.956214904785156	-12.885507583618164
G153V	-27.91041374206543	-8.134416580200195	-4.835109710693359	-7.5486249923706055	-11.455268859863281	-21.77902603149414	6.561957836151123	24.996089935302734	-6.485741138458252	-21.322662353515625	-7.79132080078125
G153W	-14.729035377502441	-8.978154182434082	-5.143343925476074	6.528488636016846	-12.243526458740234	-26.308088302612305	-20.35630226135254	-7.18867301940918	0.41199368238449097	-29.123083114624023	-11.712972640991211
G153Y	-20.366533279418945	-12.974008560180664	-2.13743257522583	-4.282020092010498	-11.091438293457031	-21.363372802734375	-10.84427547454834	5.713629245758057	-4.687377452850342	-27.85834312438965	-10.989117622375488
A154C	-30.532970428466797	-19.237472534179688	-17.202945709228516	-0.2258129119873047	-21.052650451660156	-34.34254455566406	-15.260048866271973	-19.22475814819336	-23.597139358520508	-39.43925094604492	-22.011560440063477
A154D	-30.10964012145996	-35.23904037475586	-18.7912654876709	-4.14916467666626	-25.928346633911133	-43.18478012084961	-11.579299926757812	-19.83974838256836	-23.553020477294922	-45.36843490600586	-25.774272918701172
A154E	-28.854894638061523	-33.974422454833984	-18.840686798095703	-5.777412414550781	-21.217870712280273	-46.85771942138672	-11.825193405151367	-19.65389060974121	-21.326784133911133	-39.84877395629883	-24.817764282226562
A154F	-39.39565658569336	-24.931974411010742	-10.253089904785156	-0.4991460144519806	-29.296642303466797	-33.66380310058594	-6.2972092628479	7.721373081207275	-28.006568908691406	-41.40303039550781	-20.60257339477539
A154G	-26.49244499206543	-34.04560852050781	-20.10093879699707	-0.6287319660186768	-21.11561393737793	-38.2366943359375	-14.573738098144531	-22.842287063598633	-35.80892562866211	-42.97134780883789	-25.681631088256836
A154H	-25.74637794494629	-13.308426856994629	-17.426054000854492	4.465118408203125	-15.814435958862305	-34.41717529296875	-13.229763984680176	-20.55438995361328	-21.088895797729492	-33.44013214111328	-19.056055068969727
A154I	-24.283737182617188	-27.58744239807129	-10.174585342407227	-5.355284214019775	-26.593963623046875	-32.9288330078125	-5.433675289154053	10.025544166564941	-18.240163803100586	-38.2642707824707	-17.88364028930664
A154K	-29.4156551361084	-19.005388259887695	-15.148574829101562	3.155170440673828	-16.556119918823242	-30.709125518798828	-16.067514419555664	-18.33315658569336	-24.262451171875	-31.853355407714844	-19.819616317749023
A154L	-67.94424438476562	-0.4236590564250946	-4.878809452056885	-19.40141487121582	-16.7027645111084	-38.095767974853516	-8.997429847717285	12.000105857849121	-16.567028045654297	-29.79686737060547	-19.08078956604004
A154M	-30.07816505432129	-17.293264389038086	-10.07068920135498	1.154271125793457	-19.53604507446289	-35.396060943603516	-10.628412246704102	-13.546481132507324	-17.651914596557617	-36.5783576965332	-18.962512969970703
A154N	-27.174043655395508	-21.365774154663086	-17.599960327148438	0.5178605318069458	-18.866043090820312	-32.478145599365234	-14.134452819824219	-21.200937271118164	-22.071239471435547	-37.14297866821289	-21.15157127380371
A154P	-31.207050323486328	-11.664468765258789	-18.131555557250977	2.9554264545440674	-14.86834716796875	-23.650732040405273	-12.93057918548584	-15.323429107666016	-19.65955352783203	-28.882802963256836	-17.336307525634766
A154Q	-30.34861946105957	-21.319761276245117	-18.390087127685547	-2.2204489707946777	-21.826642990112305	-43.70344543457031	-12.927651405334473	-21.397703170776367	-21.634153366088867	-38.128562927246094	-23.189708709716797
A154R	-24.28398895263672	-27.771528244018555	-15.451435089111328	-3.9185357093811035	-19.077083587646484	-39.06159210205078	-11.252405166625977	-19.100486755371094	-27.307300567626953	-37.75804138183594	-22.498241424560547
A154S	-28.99178695678711	-36.79275894165039	-16.753555297851562	-1.7091158628463745	-26.254722595214844	-39.53750228881836	-10.647278785705566	-17.187702178955078	-26.56748390197754	-42.163291931152344	-24.660518646240234
A154T	-31.698488235473633	-29.290374755859375	-15.638642311096191	-6.537314414978027	-27.276227951049805	-44.239959716796875	-13.013388633728027	-17.680240631103516	-18.458845138549805	-44.805049896240234	-24.86385154724121
A154V	-32.531192779541016	-25.421419143676758	-11.820990562438965	-8.786446571350098	-27.74742889404297	-37.80717468261719	-8.502456665039062	7.6775054931640625	-20.990375518798828	-41.35173416137695	-20.72817039489746
A154W	-25.646560668945312	-10.51098918914795	-12.900691986083984	12.18292236328125	-12.267345428466797	-29.866928100585938	-15.937751770019531	-20.70964241027832	-16.92488670349121	-31.24703598022461	-16.382892608642578
A154Y	-26.056928634643555	-19.39723014831543	-15.267891883850098	0.48561063408851624	-18.983484268188477	-35.187862396240234	-10.7786283493042	-18.772289276123047	-20.982379913330078	-33.68849563598633	-19.862957000732422
L155A	-23.400745391845703	-38.94083786010742	-24.32948875427246	-16.75971794128418	-53.91524124145508	-39.8823356628418	-14.434155464172363	-10.606840133666992	-55.578575134277344	-48.993492126464844	-32.684146881103516
L155C	-46.93424606323242	-31.2039737701416	-16.720829010009766	-11.824172973632812	-30.834625244140625	-31.768138885498047	-25.144670486450195	-19.153661727905273	-25.784242630004883	-52.982845306396484	-29.23514175415039
L155D	-50.37851333618164	-43.57456970214844	-21.015974044799805	-23.137454986572266	-49.546058654785156	-44.24153518676758	-21.228487014770508	-19.457834243774414	-56.74909973144531	-69.63111877441406	-39.89606475830078
L155E	-50.25763702392578	-51.1035270690918	-19.70578384399414	-22.261560440063477	-45.12462615966797	-42.259429931640625	-19.287883758544922	-30.741226196289062	-55.597721099853516	-69.1587142944336	-40.54981231689453
L155F	-41.32780838012695	-51.85712432861328	-15.448433876037598	-11.205300331115723	-26.899316787719727	-39.25423812866211	-2.322936534881592	4.366444110870361	-51.72269058227539	-33.66655349731445	-26.93379783630371
L155G	-37.75851821899414	-35.97073745727539	-19.486831665039062	-20.355432510375977	-44.96353530883789	-40.80918502807617	-13.643804550170898	-24.065292358398438	-60.22502136230469	-60.73426055908203	-35.80126190185547
L155H	-40.1292839050293	-30.833650588989258	-18.912334442138672	-9.5966215133667	-31.11063575744629	-34.73130798339844	-27.441484451293945	-25.80031967163086	-23.491241455078125	-52.14022445678711	-29.418710708618164
L155I	-17.777301788330078	-48.27846145629883	-9.625770568847656	-12.896000862121582	-15.472749710083008	-31.213348388671875	-3.3471033573150635	10.25733470916748	-14.898321151733398	-30.245759963989258	-17.349748611450195
L155K	-45.19896697998047	-29.850175857543945	-19.821928024291992	-10.375604629516602	-36.29201126098633	-39.199851989746094	-30.695987701416016	-23.594831466674805	-20.156356811523438	-55.567108154296875	-31.075281143188477
L155M	-33.7497673034668	-26.79515266418457	-15.298639297485352	-2.913829803466797	-27.416593551635742	-29.88387680053711	-17.162540435791016	-21.980613708496094	-12.535511016845703	-43.68157196044922	-23.141809463500977
L155N	-46.274253845214844	-32.72846603393555	-21.0042724609375	-17.415430068969727	-38.45993423461914	-37.96967697143555	-23.570602416992188	-18.78046989440918	-37.80800247192383	-62.56437301635742	-33.65754699707031
L155P	-43.484195709228516	-23.787837982177734	-21.282608032226562	-21.305173873901367	-35.553009033203125	-37.841922760009766	-26.677961349487305	-18.876270294189453	-40.4852409362793	-56.021671295166016	-32.53158950805664
L155Q	-45.60700607299805	-38.323204040527344	-22.395471572875977	-16.316715240478516	-39.819828033447266	-39.2395133972168	-22.334423065185547	-20.16692352294922	-36.140411376953125	-65.6072998046875	-34.5950813293457
L155R	-40.52525329589844	-33.82143020629883	-21.562602996826172	-12.317203521728516	-41.89812469482422	-39.44947052001953	-18.53826904296875	-9.325366020202637	-28.548095703125	-62.34225845336914	-30.832805633544922
L155S	-40.49174118041992	-41.79991149902344	-17.696733474731445	-23.064409255981445	-47.087364196777344	-41.49173355102539	-15.1336030960083	-17.75491714477539	-66.4386215209961	-62.425106048583984	-37.338417053222656
L155T	-43.94158935546875	-40.964263916015625	-18.164478302001953	-20.16827964782715	-39.230316162109375	-37.486820220947266	-19.186330795288086	-11.654969215393066	-43.13397216796875	-64.47710418701172	-33.84081268310547
L155V	-25.867286682128906	-50.160369873046875	-12.648874282836914	-16.177589416503906	-13.590677261352539	-32.6022834777832	-5.525659561157227	11.059818267822266	-17.855464935302734	-29.29103660583496	-19.265941619873047
L155W	-35.58214569091797	-16.693622589111328	-11.642509460449219	-5.352416038513184	-19.2371826171875	-30.365535736083984	-34.33480453491211	-26.81261444091797	-13.910066604614258	-33.76153564453125	-22.769245147705078
L155Y	-36.63469314575195	-34.37358474731445	-17.139209747314453	-13.295265197753906	-30.780616760253906	-28.965961456298828	-20.59961700439453	-21.44872283935547	-30.354280471801758	-56.8028678894043	-29.039480209350586
V156A	-30.178422927856445	-19.012327194213867	-22.787696838378906	-2.454754114151001	-28.417804718017578	-43.550289154052734	-8.565460205078125	-8.679895401000977	-37.45284652709961	-68.65294647216797	-26.97524642944336
V156C	-45.531105041503906	-15.710975646972656	-10.327134132385254	-10.340203285217285	-24.83927345275879	-39.21990203857422	-24.694746017456055	-33.18378448486328	-10.85714340209961	-47.927940368652344	-26.26322364807129
V156D	-34.68367385864258	-20.520383834838867	-18.860183715820312	-4.737460613250732	-26.7371768951416	-50.057525634765625	-15.057629585266113	-15.6975736618042	-22.729873657226562	-59.9780158996582	-26.90595054626465
V156E	-37.74883270263672	-21.61046028137207	-16.135149002075195	-8.553263664245605	-25.512470245361328	-50.2557373046875	-13.871909141540527	-22.449064254760742	-17.56560707092285	-50.691036224365234	-26.43935203552246
V156F	-33.5229606628418	-14.806802749633789	-18.94495391845703	-8.331153869628906	-20.155000686645508	-42.20062255859375	-2.8766376972198486	12.891406059265137	-26.398372650146484	-46.452030181884766	-20.0797119140625
V156G	-31.196571350097656	-12.509725570678711	-21.45096778869629	-12.831351280212402	-23.00033187866211	-37.46110534667969	-9.127025604248047	-11.470312118530273	-20.72007179260254	-71.17525482177734	-25.09427261352539
V156H	-45.995697021484375	-12.627559661865234	-6.707009315490723	-4.680062770843506	-19.611652374267578	-39.305023193359375	-23.302263259887695	-27.409982681274414	-7.609490871429443	-40.65202713012695	-22.790077209472656
V156I	-29.830318450927734	-20.650863647460938	-14.81336784362793	-7.852611541748047	-23.744230270385742	-44.32948684692383	-5.573314189910889	16.762985229492188	-17.017969131469727	-55.06249237060547	-20.211166381835938
V156K	-48.62069320678711	-15.012648582458496	-11.046282768249512	-8.668132781982422	-22.84038543701172	-41.652076721191406	-30.22180938720703	-30.507984161376953	-12.875650405883789	-48.12684631347656	-26.957250595092773
V156L	-49.45934295654297	-15.847042083740234	-21.03004264831543	-13.835856437683105	-23.867660522460938	-52.12886047363281	-3.461007595062256	24.20077896118164	-45.074153900146484	-50.02350997924805	-25.052669525146484
V156M	-58.60356140136719	-23.492460250854492	-10.54050064086914	-9.452202796936035	-25.8603572845459	-35.61962127685547	-19.941003799438477	-32.12743377685547	-10.334014892578125	-44.55241012573242	-27.052356719970703
V156N	-41.87662887573242	-17.0540828704834	-13.216632843017578	-10.137474060058594	-22.639205932617188	-36.762020111083984	-26.516019821166992	-23.77383041381836	-13.024112701416016	-52.3765754699707	-25.737659454345703
V156P	-32.61617660522461	-13.999992370605469	-9.790380477905273	-1.9991157054901123	-17.249784469604492	-37.11638641357422	-16.86381721496582	-16.10173797607422	-11.979545593261719	-38.308204650878906	-19.602514266967773
V156Q	-37.59113311767578	-22.446630477905273	-12.70657730102539	-8.248252868652344	-24.418947219848633	-43.93663787841797	-17.865053176879883	-27.582500457763672	-11.617592811584473	-46.857460021972656	-25.327077865600586
V156R	-32.47116470336914	-21.026744842529297	-11.631097793579102	-4.096782207489014	-19.100202560424805	-42.77786636352539	-14.888419151306152	-11.776518821716309	-11.674653053283691	-52.91800308227539	-22.236143112182617
V156S	-31.398256301879883	-19.478294372558594	-20.158388137817383	-4.671840667724609	-25.705041885375977	-44.01870346069336	-9.462989807128906	-12.208209037780762	-29.14140510559082	-62.90230178833008	-25.914541244506836
V156T	-34.71883010864258	-19.040475845336914	-14.50336742401123	-9.50356388092041	-24.202939987182617	-40.573570251464844	-15.226348876953125	-19.204524993896484	-10.49386215209961	-52.27328109741211	-23.974079132080078
V156W	-64.7854232788086	-7.669916152954102	-7.546645164489746	-4.855283737182617	-24.944133758544922	-42.08937072753906	-32.553062438964844	-26.125720977783203	-8.647804260253906	-39.659786224365234	-25.88771629333496
V156Y	-42.09895706176758	-18.473209381103516	-9.2036771774292	-5.542506217956543	-22.213151931762695	-38.77662658691406	-17.92898178100586	-29.6992244720459	-7.5614800453186035	-44.945411682128906	-23.64432144165039
A157C	-34.28910446166992	-43.72099685668945	-14.360555648803711	-11.453725814819336	-34.06892395019531	-28.0289363861084	-13.318224906921387	-34.673606872558594	-36.394927978515625	-27.055095672607422	-27.736408233642578
A157D	-19.271160125732422	-39.30235290527344	-19.304168701171875	-6.972114562988281	-34.98737716674805	-33.33638000488281	-9.39883041381836	-28.422561645507812	-43.40702438354492	-30.51650047302246	-26.49184799194336
A157E	-23.196334838867188	-39.67305374145508	-16.80020523071289	-10.392617225646973	-29.695846557617188	-35.67942810058594	-8.479966163635254	-30.595945358276367	-41.404117584228516	-30.094736099243164	-26.60122299194336
A157F	-29.754396438598633	-29.334211349487305	-19.886159896850586	-4.755157470703125	-27.35363006591797	-34.979400634765625	-7.166032314300537	3.672947406768799	-33.48018264770508	-29.08846664428711	-21.21246910095215
A157G	-19.989030838012695	-37.27281951904297	-19.88814353942871	-7.950060844421387	-30.81109619140625	-32.99667739868164	-11.41309928894043	-19.407032012939453	-48.309810638427734	-39.620033264160156	-26.76578140258789
A157H	-28.705156326293945	-40.730709075927734	-12.508135795593262	-7.752920627593994	-26.095008850097656	-24.92729377746582	-12.598215103149414	-36.73394775390625	-31.29144287109375	-24.16819190979004	-24.551103591918945
A157I	-24.27049446105957	-30.74014663696289	-17.845115661621094	-4.8794636726379395	-27.69586944580078	-31.148775100708008	-12.110776901245117	-2.5872716903686523	-29.931903839111328	-39.62809371948242	-22.083789825439453
A157K	-30.339506149291992	-41.03182601928711	-15.291679382324219	-10.231219291687012	-29.128686904907227	-28.701580047607422	-14.594017028808594	-39.10034942626953	-37.671875	-27.628231048583984	-27.371896743774414
A157L	-43.03343200683594	-16.998722076416016	-14.048620223999023	-6.8368120193481445	-23.969467163085938	-40.69525146484375	-12.352255821228027	2.6860077381134033	-30.900104522705078	-39.756778717041016	-22.59054183959961
A157M	-34.13807678222656	-41.97126388549805	-13.773963928222656	-7.326839447021484	-32.215789794921875	-28.00208854675293	-10.392380714416504	-29.848726272583008	-33.16301727294922	-24.320880889892578	-25.515302658081055
A157N	-23.026525497436523	-36.58912658691406	-16.061506271362305	-11.578571319580078	-29.157453536987305	-27.319984436035156	-13.449783325195312	-29.432992935180664	-42.37422180175781	-26.98818016052246	-25.597835540771484
A157P	-21.07390785217285	-36.16265869140625	-16.983680725097656	-7.317584991455078	-23.813066482543945	-25.624509811401367	-12.619636535644531	-26.508956909179688	-36.795562744140625	-22.7040958404541	-22.960365295410156
A157Q	-26.162200927734375	-41.714012145996094	-15.552298545837402	-10.089329719543457	-31.063474655151367	-30.27492904663086	-10.883081436157227	-33.45783615112305	-37.48236846923828	-27.009042739868164	-26.36885643005371
A157R	-25.122926712036133	-38.93400192260742	-12.003448486328125	-13.234843254089355	-29.3786678314209	-26.971248626708984	-11.869053840637207	-32.2921257019043	-39.69696807861328	-29.584671020507812	-25.908794403076172
A157S	-16.66963005065918	-32.6578369140625	-17.386455535888672	-5.6489949226379395	-31.806589126586914	-37.64502716064453	-7.860598087310791	-13.006683349609375	-40.579769134521484	-30.303983688354492	-23.356557846069336
A157T	-23.87758445739746	-40.51423263549805	-15.559957504272461	-8.353299140930176	-33.799217224121094	-38.10407257080078	-9.29027271270752	-30.421960830688477	-37.368465423583984	-29.115032196044922	-26.640411376953125
A157V	-32.176815032958984	-25.9423828125	-16.922836303710938	-5.280508518218994	-27.935768127441406	-35.84181213378906	-13.29614543914795	-1.1159968376159668	-28.498783111572266	-45.93524169921875	-23.294628143310547
A157W	-42.32797622680664	-40.28712463378906	-18.076828002929688	-5.188684463500977	-22.129669189453125	-35.0380973815918	-16.829282760620117	-39.112152099609375	-29.21404266357422	-26.710180282592773	-27.491403579711914
A157Y	-31.109479904174805	-42.922996520996094	-15.144316673278809	-7.545113563537598	-33.05683517456055	-27.354732513427734	-10.076767921447754	-33.69252395629883	-32.70418167114258	-24.543386459350586	-25.815032958984375
I158A	-33.83366012573242	-34.82354736328125	-32.582725524902344	-5.621865272521973	-46.207523345947266	-53.23704528808594	-12.18336296081543	11.64296817779541	-36.83485794067383	-60.404869079589844	-30.408649444580078
I158C	-47.90077209472656	-23.826128005981445	-19.73383903503418	-20.387775421142578	-49.97370529174805	-41.08583068847656	-20.56270980834961	-5.433680534362793	-28.742788314819336	-51.8126220703125	-30.945987701416016
I158D	-70.0325927734375	-29.405824661254883	-29.451383590698242	-29.16389274597168	-78.18553924560547	-68.61697387695312	-20.00827407836914	-1.4687124490737915	-56.41236114501953	-77.02363586425781	-45.9769172668457
I158E	-78.70703887939453	-32.32645797729492	-25.788055419921875	-28.621423721313477	-72.10299682617188	-60.67550277709961	-16.34514808654785	-3.7473087310791016	-58.08102035522461	-68.56067657470703	-44.49556350708008
I158F	-26.447988510131836	-40.56618881225586	-24.297348022460938	-4.377131938934326	-20.002458572387695	-44.08233642578125	0.41611069440841675	16.48337745666504	-11.735103607177734	-18.87755584716797	-17.34865951538086
I158G	-66.44111633300781	-24.104469299316406	-31.413158416748047	-23.667795181274414	-67.13355255126953	-63.08615493774414	-13.510903358459473	1.7657285928726196	-58.52771759033203	-77.93103790283203	-42.4050178527832
I158H	-47.161434173583984	-24.246557235717773	-22.018253326416016	-22.11773109436035	-53.354339599609375	-45.61321258544922	-22.213895797729492	-8.666743278503418	-30.024497985839844	-58.77364730834961	-33.41903305053711
I158K	-55.67938995361328	-26.6522159576416	-26.2316837310791	-28.13128089904785	-58.35768508911133	-55.911102294921875	-28.36794090270996	-14.368193626403809	-35.68097686767578	-68.45645141601562	-39.78369140625
I158L	-11.0504789352417	-41.17908477783203	-1.8533978462219238	4.75124979019165	6.207435607910156	-24.733245849609375	7.342644214630127	16.108272552490234	13.623275756835938	2.3460123538970947	-2.843731641769409
I158M	-35.96070098876953	-22.616003036499023	-17.597890853881836	-10.458072662353516	-43.039306640625	-30.28139305114746	-10.806252479553223	8.977370262145996	-17.068504333496094	-45.844329833984375	-22.46950912475586
I158N	-60.337547302246094	-29.447105407714844	-30.278566360473633	-30.680810928344727	-66.90776824951172	-66.71981811523438	-21.325376510620117	-9.950032234191895	-46.20628356933594	-74.6480941772461	-43.650142669677734
I158P	-64.01312255859375	-28.965417861938477	-39.61886215209961	-40.17695999145508	-66.83914184570312	-71.39620971679688	-26.86773109436035	-16.705720901489258	-51.569923400878906	-66.27678680419922	-47.24298858642578
I158Q	-58.757164001464844	-28.903413772583008	-24.643281936645508	-25.621747970581055	-61.977046966552734	-52.99554443359375	-17.61250877380371	-3.2148120403289795	-42.445709228515625	-66.9742202758789	-38.314544677734375
I158R	-58.31877136230469	-28.20450210571289	-24.166467666625977	-22.950254440307617	-66.18817138671875	-51.77436065673828	-14.360015869140625	0.09637336432933807	-37.46428298950195	-66.73151397705078	-37.006195068359375
I158S	-69.70124816894531	-27.262115478515625	-31.492290496826172	-19.97945213317871	-73.16486358642578	-62.44993209838867	-14.110862731933594	12.986711502075195	-56.93462371826172	-66.1773910522461	-40.82860565185547
I158T	-61.26860427856445	-31.754261016845703	-23.662466049194336	-19.02107048034668	-61.429832458496094	-52.95976257324219	-12.753490447998047	6.8247785568237305	-42.71155548095703	-60.91172790527344	-35.96480178833008
I158V	-6.231167316436768	-51.642127990722656	-9.342623710632324	2.299001455307007	-9.696061134338379	-40.322452545166016	1.0079764127731323	3.9157607555389404	0.004933401942253113	-13.21988582611084	-12.322664260864258
I158W	-44.46812057495117	-26.189708709716797	-28.571754455566406	-24.9000301361084	-46.49594497680664	-43.09053039550781	-32.23199462890625	-22.39801788330078	-26.842823028564453	-51.05839538574219	-34.624732971191406
I158Y	-49.3280143737793	-23.46769905090332	-19.73153305053711	-17.005664825439453	-48.460914611816406	-42.49348449707031	-15.43405818939209	-1.5045243501663208	-29.10868263244629	-46.86880111694336	-29.3403377532959
N159A	-9.781367301940918	-9.701528549194336	-11.83547306060791	-3.016849994659424	-18.519550323486328	-15.758190155029297	-4.099176406860352	0.24219046533107758	-6.9873433113098145	-21.08440399169922	-10.054169654846191
N159C	-5.313526153564453	-4.45668888092041	-8.212711334228516	-1.5627729892730713	-12.859724044799805	-12.250441551208496	-9.131266593933105	5.936063766479492	-9.848937034606934	-15.438454627990723	-7.313845634460449
N159D	-1.9724403619766235	-8.809869766235352	-11.631202697753906	-3.009873390197754	-13.062339782714844	-11.586443901062012	-7.145723819732666	-0.3668166697025299	-0.8124953508377075	-25.399402618408203	-8.379661560058594
N159E	-4.284147262573242	-13.026049613952637	-10.024408340454102	-3.934279441833496	-13.148186683654785	-10.735071182250977	-7.517399311065674	0.8654497265815735	0.6597727537155151	-23.6201114654541	-8.476442337036133
N159F	-9.712368965148926	-10.055815696716309	-10.272537231445312	-10.922950744628906	-16.912635803222656	-13.781416893005371	-5.322341442108154	3.358476400375366	-10.373573303222656	-18.485864639282227	-10.248102188110352
N159G	-8.845173835754395	-16.744056701660156	-13.343880653381348	-8.201228141784668	-15.174182891845703	-16.91416358947754	-9.748080253601074	-4.559195041656494	-11.725288391113281	-22.8338623046875	-12.808911323547363
N159H	-3.619396686553955	-2.191420555114746	-6.087529182434082	-1.081749439239502	-8.810678482055664	-14.159798622131348	-10.161377906799316	2.059049367904663	-8.26862621307373	-14.077714920043945	-6.6399245262146
N159I	-8.536608695983887	-18.142580032348633	-8.837292671203613	-2.005768299102783	-11.539989471435547	-17.96804428100586	-0.34823864698410034	2.564314603805542	-13.428573608398438	-27.24820899963379	-10.549098014831543
N159K	-5.014799118041992	-3.267646312713623	-5.930537223815918	0.2420608103275299	-8.919261932373047	-15.857215881347656	-10.709552764892578	-0.5861369371414185	-9.528670310974121	-14.509123802185059	-7.408087730407715
N159L	-15.939393997192383	-8.653512954711914	-14.745935440063477	-11.127382278442383	-10.533366203308105	-19.031002044677734	-2.8641648292541504	6.841523170471191	-13.880108833312988	-34.102413177490234	-12.403576850891113
N159M	-3.2317094802856445	-9.444015502929688	-5.459470272064209	3.916046619415283	-9.838003158569336	-12.811488151550293	-4.800288200378418	10.541820526123047	-6.9876580238342285	-9.692070007324219	-4.780683994293213
N159P	-2.4961886405944824	-1.2874449491500854	-10.813776016235352	-5.725643157958984	-12.830951690673828	-16.365535736083984	-13.219162940979004	-3.629927396774292	-12.057944297790527	-19.32376480102539	-9.775033950805664
N159Q	-3.3888278007507324	-8.511173248291016	-9.135107040405273	-3.158989667892456	-12.284489631652832	-14.061716079711914	-9.531065940856934	0.8498703241348267	-6.242643356323242	-19.16619110107422	-8.463033676147461
N159R	-3.917348861694336	-11.156824111938477	-11.435746192932129	-8.185233116149902	-11.832959175109863	-15.453255653381348	-8.727211952209473	-1.9660497903823853	-7.924323558807373	-19.091156005859375	-9.969011306762695
N159S	-6.8548502922058105	-12.004247665405273	-12.28005313873291	-7.820524215698242	-13.766599655151367	-12.416147232055664	-7.655285358428955	1.348143458366394	-3.0442354679107666	-18.86537742614746	-9.335918426513672
N159T	-5.014414310455322	-8.476249694824219	-10.619749069213867	-5.894821643829346	-12.952119827270508	-8.603437423706055	-7.929251194000244	5.513803482055664	0.9114505052566528	-17.586196899414062	-7.065098762512207
N159V	-13.430322647094727	-14.3945894241333	-9.348213195800781	-3.4182138442993164	-14.581801414489746	-20.375871658325195	0.5338672399520874	4.692101001739502	-17.445493698120117	-38.403079986572266	-12.617161750793457
N159W	-1.2470160722732544	2.5281248092651367	0.6204445362091064	0.4693470895290375	-6.601360321044922	-13.789593696594238	-10.617729187011719	0.9135297536849976	-10.257307052612305	-8.424697875976562	-4.640625953674316
N159Y	-3.5772905349731445	-4.777450084686279	-8.609357833862305	-2.4152884483337402	-12.38845443725586	-11.620299339294434	-7.768248081207275	3.25927996635437	-8.479058265686035	-13.506342887878418	-6.988250732421875
P160A	21.79832649230957	18.721704483032227	2.1276018619537354	9.497596740722656	10.86093521118164	16.86221694946289	5.037527561187744	9.215335845947266	1.4711748361587524	3.2069225311279297	9.879934310913086
P160C	7.518764495849609	12.111332893371582	5.370615482330322	4.6351704597473145	4.495104789733887	9.73464584350586	4.116940975189209	6.782955646514893	2.878798723220825	6.487139701843262	6.413146018981934
P160D	13.931028366088867	22.572673797607422	5.9659504890441895	1.9191067218780518	3.43487286567688	16.09883689880371	5.060618877410889	14.977182388305664	6.054900646209717	12.619958877563477	10.263511657714844
P160E	13.98093032836914	23.53176498413086	5.580850124359131	3.0649290084838867	5.38339376449585	13.102306365966797	4.575767993927002	14.434578895568848	5.491213321685791	8.041593551635742	9.718732833862305
P160F	9.712249755859375	0.7808461785316467	-2.2761948108673096	6.45365571975708	13.92183780670166	12.5306978225708	3.721343517303467	3.110438346862793	2.039485454559326	3.5825366973876953	5.35768985748291
P160G	16.46293067932129	21.76014518737793	4.995641231536865	3.424318790435791	7.800867080688477	10.99296760559082	3.3405351638793945	14.089984893798828	2.8790531158447266	4.268221855163574	9.001465797424316
P160H	10.723638534545898	14.887174606323242	5.515653610229492	5.034753799438477	2.8838179111480713	13.81977653503418	5.135557174682617	5.686007499694824	4.936703205108643	8.631081581115723	7.725416660308838
P160I	9.070012092590332	1.1757376194000244	-3.5457370281219482	3.548794984817505	10.439872741699219	21.305538177490234	2.9433507919311523	1.5562970638275146	-1.901601791381836	1.9831852912902832	4.6575446128845215
P160K	10.394669532775879	14.49190616607666	6.777909755706787	5.036770343780518	2.9731712341308594	16.140588760375977	4.8564372062683105	5.112246990203857	4.278641223907471	8.933755874633789	7.899609565734863
P160L	-2.8868870735168457	-1.2463847398757935	-15.119707107543945	-6.926359176635742	-6.910178184509277	9.457440376281738	-4.105313301086426	3.102365016937256	-3.7712693214416504	-11.545000076293945	-3.995129346847534
P160M	6.529501438140869	10.23674488067627	5.41854190826416	5.195884704589844	5.2848358154296875	10.551809310913086	3.0960099697113037	5.083660125732422	3.6835570335388184	7.7249040603637695	6.280544281005859
P160N	9.277143478393555	17.96599578857422	6.590513706207275	2.9001965522766113	3.652726173400879	17.08705711364746	5.450098514556885	9.847280502319336	8.232726097106934	13.67319107055664	9.467692375183105
P160Q	11.744784355163574	21.967905044555664	5.495566368103027	3.752509355545044	3.055011749267578	15.93250560760498	3.7078170776367188	11.955434799194336	7.750105381011963	10.120076179504395	9.548171997070312
P160R	13.66258716583252	27.24785614013672	6.094619274139404	4.713797569274902	2.9819858074188232	17.986902236938477	3.6332640647888184	15.498783111572266	7.398934841156006	10.748960494995117	10.996768951416016
P160S	15.01980209350586	22.776897430419922	5.221230506896973	3.434330940246582	7.347733020782471	11.651317596435547	4.935474872589111	13.131486892700195	3.482149124145508	7.113181114196777	9.411359786987305
P160T	10.898466110229492	19.37189292907715	4.586482048034668	1.832610845565796	5.552256107330322	12.189979553222656	4.161853313446045	11.814380645751953	5.014585494995117	7.740349292755127	8.316286087036133
P160V	10.674568176269531	4.47452449798584	-6.910686492919922	8.966599464416504	9.530616760253906	18.586902618408203	4.974887847900391	6.677395820617676	2.814279079437256	-0.13735431432724	5.96517276763916
P160W	9.873800277709961	5.067718982696533	11.781122207641602	9.123324394226074	1.4724832773208618	18.075515747070312	4.921058654785156	-7.941449165344238	-2.818162202835083	7.782339096069336	5.7337751388549805
P160Y	6.097782135009766	13.863385200500488	3.0169243812561035	3.539015293121338	6.839319229125977	8.136070251464844	3.6619160175323486	10.113515853881836	3.1946847438812256	6.187221527099609	6.464982509613037
G161A	7.860631465911865	42.17721939086914	9.937834739685059	6.093532562255859	5.325270652770996	5.377887725830078	6.132800579071045	8.65279769897461	6.523360729217529	11.272612571716309	10.935394287109375
G161C	10.796036720275879	16.116533279418945	8.349762916564941	7.360483169555664	-0.5471819639205933	14.19437313079834	7.208529949188232	8.621136665344238	11.663718223571777	10.294031143188477	9.405742645263672
G161D	12.057761192321777	36.167476654052734	8.353123664855957	7.805078029632568	0.7809049487113953	14.799007415771484	8.628902435302734	8.640779495239258	14.68638801574707	14.349390029907227	12.626880645751953
G161E	9.550287246704102	36.69241714477539	9.129781723022461	8.192673683166504	2.611424684524536	14.035489082336426	7.760495185852051	10.379659652709961	12.512825965881348	12.557989120483398	12.342306137084961
G161F	8.370634078979492	13.457599639892578	-2.0879318714141846	3.200875997543335	3.681023597717285	7.4067864418029785	6.6234540939331055	3.454848051071167	5.621815204620361	11.13257884979248	6.0861687660217285
G161H	16.022619247436523	17.587509155273438	8.536534309387207	7.908611297607422	-1.2551583051681519	15.418859481811523	7.471902370452881	7.068966865539551	11.948843002319336	11.401498794555664	10.211019515991211
G161I	9.551328659057617	12.822721481323242	5.504118919372559	4.417402744293213	10.242755889892578	8.440552711486816	6.985604286193848	5.0790324211120605	2.895493507385254	9.093968391418457	7.503298282623291
G161K	14.705513954162598	19.611202239990234	9.046010971069336	7.355652809143066	-2.283687114715576	18.764423370361328	7.99923849105835	8.017699241638184	13.322477340698242	12.851198196411133	10.938972473144531
G161L	3.8843507766723633	-0.1339910328388214	-8.55710506439209	-4.133191108703613	6.671224594116211	17.995323181152344	7.229012966156006	7.759509086608887	3.803696393966675	8.071904182434082	4.259073257446289
G161M	16.608766555786133	21.768409729003906	7.2330732345581055	7.394127368927002	3.6719374656677246	12.208436012268066	7.211734294891357	4.869706153869629	14.008845329284668	11.004426956176758	10.597945213317871
G161N	19.01216697692871	23.186702728271484	8.48807430267334	10.216578483581543	0.5978538393974304	15.101470947265625	8.310595512390137	6.253354072570801	15.3165922164917	13.985736846923828	12.046911239624023
G161P	16.734376907348633	20.43565559387207	7.734307765960693	6.444438934326172	-0.455982506275177	14.490321159362793	7.270564079284668	6.37816047668457	13.502778053283691	12.00666332244873	10.454127311706543
G161Q	11.540599822998047	30.289953231811523	8.678534507751465	10.604011535644531	1.4537067413330078	13.503466606140137	7.127718448638916	6.860538482666016	13.203624725341797	11.494535446166992	11.475667953491211
G161R	8.452960014343262	31.69178581237793	8.626964569091797	8.559494972229004	2.1270437240600586	12.943239212036133	5.56172513961792	8.48892593383789	12.059940338134766	13.27961254119873	11.179167747497559
G161S	8.337785720825195	36.42203140258789	9.60019302368164	7.914997100830078	2.761850357055664	10.61498737335205	7.669971466064453	13.366470336914062	9.7460298538208	11.607672691345215	11.804200172424316
G161T	9.618694305419922	30.735864639282227	8.03061580657959	8.500890731811523	2.413541316986084	11.470230102539062	7.421097278594971	8.788402557373047	12.624053955078125	11.718729972839355	11.132211685180664
G161V	8.789947509765625	13.07553482055664	0.9902756214141846	5.016191005706787	8.955741882324219	8.383678436279297	6.748103141784668	6.103880882263184	3.051623821258545	10.005816459655762	7.112079620361328
G161W	17.356849670410156	11.232948303222656	15.749862670898438	3.714371681213379	-4.318326473236084	22.941404342651367	10.259490013122559	-2.3231279850006104	7.187737941741943	12.096378326416016	9.389758110046387
G161Y	11.986238479614258	19.001659393310547	7.938051223754883	6.587404727935791	2.1882030963897705	11.027972221374512	7.082963943481445	10.291913032531738	11.665559768676758	9.316540718078613	9.708650588989258
D162A	-6.287030220031738	-5.45203971862793	-8.610374450683594	3.5193822383880615	-14.933113098144531	-10.763442993164062	-1.0418999195098877	1.2913308143615723	-7.656530380249023	-13.055888175964355	-6.2989606857299805
D162C	-13.715909004211426	-4.834591865539551	-4.957508087158203	-1.5014985799789429	-9.449044227600098	-20.09266471862793	-9.099884986877441	-2.374511480331421	-14.939657211303711	-14.04482364654541	-9.501008987426758
D162E	-6.861842632293701	-10.032143592834473	-11.042074203491211	-7.651161193847656	-5.021543502807617	-13.835807800292969	-7.967979431152344	-7.747211456298828	-16.501272201538086	-15.6165771484375	-10.227761268615723
D162F	-6.771812915802002	-12.737076759338379	-7.023236274719238	-1.695784568786621	-13.638113975524902	-11.684612274169922	-3.4371607303619385	5.21153450012207	-8.98788833618164	-11.38296890258789	-7.214712619781494
D162G	-10.633108139038086	-14.8734712600708	-12.057573318481445	-9.651840209960938	-11.073467254638672	-10.4037504196167	-4.57945442199707	-4.201958179473877	-27.54665756225586	-19.82101821899414	-12.484230041503906
D162H	-10.889893531799316	-9.297507286071777	-7.449179649353027	1.5051298141479492	-7.4474663734436035	-22.582908630371094	-10.369441986083984	-1.2645422220230103	-15.932731628417969	-15.124981880187988	-9.88535213470459
D162I	-1.3226662874221802	-20.136247634887695	-3.336560010910034	2.3909413814544678	-12.683527946472168	-11.157565116882324	-11.751262664794922	0.34164801239967346	-7.921792507171631	-16.94999885559082	-8.252702713012695
D162K	-12.01026439666748	-8.494325637817383	-8.673752784729004	1.3120982646942139	-11.771644592285156	-22.7015323638916	-11.407682418823242	-3.185673236846924	-15.711270332336426	-15.761825561523438	-10.840587615966797
D162L	-8.732586860656738	-20.323957443237305	-3.4153220653533936	3.5883517265319824	-10.372491836547852	-21.992069244384766	-23.647750854492188	12.85505199432373	-12.839483261108398	-23.22523307800293	-10.81054973602295
D162M	-22.346464157104492	-7.675464153289795	-5.921151638031006	4.014023303985596	-6.168207168579102	-23.54941749572754	-6.6774797439575195	-1.693968653678894	-19.226839065551758	-12.680432319641113	-10.192541122436523
D162N	-6.050269603729248	-9.280755996704102	-9.378271102905273	1.9539954662322998	-14.532426834106445	-14.064069747924805	-12.185864448547363	-3.2708089351654053	-11.866827964782715	-12.702080726623535	-9.137738227844238
D162P	-9.03826904296875	-19.80001449584961	-14.134454727172852	-3.456997871398926	-20.722936630249023	-19.334402084350586	-13.267170906066895	-8.118475914001465	-24.363265991210938	-12.045502662658691	-14.428149223327637
D162Q	-10.221548080444336	-14.619247436523438	-9.813030242919922	-6.29072380065918	-8.488770484924316	-24.343786239624023	-9.138880729675293	-6.005038738250732	-19.973011016845703	-15.896738052368164	-12.479076385498047
D162R	-17.801820755004883	-18.20257568359375	-10.413861274719238	-7.3167219161987305	-7.0783233642578125	-19.126354217529297	-7.134118556976318	-6.208777904510498	-18.377605438232422	-15.170085906982422	-12.683024406433105
D162S	-5.878767967224121	-8.392571449279785	-12.925551414489746	-12.250988006591797	-13.681257247924805	-8.911018371582031	-4.648523807525635	-1.3403321504592896	-12.812464714050293	-11.610936164855957	-9.245241165161133
D162T	-8.82828140258789	-9.483940124511719	-7.2786784172058105	-11.23730182647705	-6.750890254974365	-13.17972469329834	-5.8509697914123535	-5.822839736938477	-13.257768630981445	-11.09679889678955	-9.278718948364258
D162V	-4.94318151473999	-19.25648307800293	-4.089158058166504	1.3517742156982422	-15.893218994140625	-12.500535011291504	-11.476691246032715	3.0915544033050537	-9.729771614074707	-19.022836685180664	-9.246854782104492
D162W	-21.311660766601562	-6.813424110412598	-7.657911777496338	6.348887920379639	-8.885106086730957	-28.911529541015625	-10.865632057189941	-9.79243278503418	-17.087261199951172	-15.417840957641602	-12.03939151763916
D162Y	-14.015035629272461	-6.559253215789795	-6.29806661605835	-2.9973464012145996	-8.211589813232422	-18.82316017150879	-6.9320549964904785	-5.685868740081787	-16.07618522644043	-10.480223655700684	-9.607878684997559
R163A	-21.49785614013672	-20.287424087524414	-14.774054527282715	-8.423820495605469	-28.99918556213379	-26.237991333007812	-8.826902389526367	-6.7190446853637695	-43.77421569824219	-24.680910110473633	-20.422138214111328
R163C	-16.76561164855957	-20.53164291381836	-10.976278305053711	-7.839900493621826	-16.073375701904297	-22.257850646972656	-15.989882469177246	-9.825010299682617	-14.719993591308594	-20.53952980041504	-15.551908493041992
R163D	-31.387863159179688	-23.967130661010742	-17.839624404907227	-14.936116218566895	-28.308841705322266	-26.737651824951172	-10.435819625854492	-7.374842166900635	-26.549171447753906	-28.059938430786133	-21.559701919555664
R163E	-20.851551055908203	-21.301963806152344	-16.041837692260742	-11.205781936645508	-22.922090530395508	-23.171123504638672	-8.017333030700684	-5.581450462341309	-23.09861946105957	-28.74659538269043	-18.093833923339844
R163F	-24.261762619018555	-19.772199630737305	-26.80035972595215	-5.148228645324707	-22.79351234436035	-22.890907287597656	-5.2485880851745605	3.9388339519500732	-41.65896987915039	-25.4444580078125	-19.008014678955078
R163G	-27.268299102783203	-30.96074867248535	-19.892276763916016	-14.091781616210938	-28.244539260864258	-27.73848533630371	-9.921049118041992	-9.578069686889648	-41.85380554199219	-31.71409034729004	-24.126314163208008
R163H	-14.93386173248291	-17.76307487487793	-10.494097709655762	-4.9224162101745605	-13.666597366333008	-26.28123664855957	-17.503450393676758	-7.226022243499756	-10.753352165222168	-22.05065155029297	-14.559475898742676
R163I	-18.45186996459961	-19.10556411743164	-10.765881538391113	-5.234989643096924	-20.224035263061523	-23.877004623413086	-6.969760417938232	-0.5852433443069458	-39.17681121826172	-31.475727081298828	-17.586688995361328
R163K	-18.54429817199707	-18.963397979736328	-13.244564056396484	-8.227635383605957	-18.380420684814453	-26.918081283569336	-20.678747177124023	-6.689168930053711	-12.47627067565918	-24.758691787719727	-16.88812828063965
R163L	-32.93243408203125	-27.32390022277832	-19.61918830871582	-3.3356549739837646	-21.295597076416016	-28.884830474853516	-12.431380271911621	4.162724494934082	-21.083602905273438	-24.23004722595215	-18.697391510009766
R163M	-18.02715492248535	-19.14603614807129	-13.885621070861816	-8.670181274414062	-18.9083194732666	-22.89763069152832	-14.40057373046875	-7.423580169677734	-17.57145881652832	-23.573467254638672	-16.450403213500977
R163N	-23.384965896606445	-22.22250747680664	-17.049816131591797	-11.048097610473633	-23.219078063964844	-26.19729232788086	-17.744924545288086	-4.857527256011963	-25.043842315673828	-27.187824249267578	-19.79558753967285
R163P	-24.793195724487305	-20.822372436523438	-24.675704956054688	-11.566459655761719	-20.91258430480957	-26.341968536376953	-17.909116744995117	-4.123752593994141	-28.24151611328125	-23.935733795166016	-20.33224105834961
R163Q	-19.61505699157715	-21.332290649414062	-14.506832122802734	-10.202339172363281	-20.330472946166992	-23.50954818725586	-11.554032325744629	-4.096254825592041	-16.307266235351562	-27.60226058959961	-16.905635833740234
R163S	-24.03147315979004	-25.61924171447754	-17.556978225708008	-9.23966121673584	-28.110464096069336	-25.301904678344727	-8.556662559509277	-6.844861030578613	-43.395198822021484	-24.322229385375977	-21.297868728637695
R163T	-14.964143753051758	-20.44610595703125	-14.925938606262207	-9.37027359008789	-22.425798416137695	-20.971025466918945	-10.32069206237793	-6.202942848205566	-27.082481384277344	-26.833749771118164	-17.35431480407715
R163V	-17.925872802734375	-14.056235313415527	-9.718446731567383	-6.348913669586182	-11.043116569519043	-25.76786231994629	-5.025484085083008	0.10653866827487946	-21.3192195892334	-29.81431770324707	-14.091293334960938
R163W	-19.430431365966797	-11.497161865234375	-12.432395935058594	2.343519687652588	-9.36083698272705	-26.372142791748047	-31.394128799438477	-7.219653606414795	-4.693337440490723	-22.71537208557129	-14.277194023132324
R163Y	-15.000202178955078	-21.947843551635742	-11.02621078491211	-7.7416486740112305	-14.550592422485352	-19.208852767944336	-13.574090957641602	-10.190591812133789	-17.48684310913086	-18.80805206298828	-14.9534912109375
K164A	22.13032341003418	48.603519439697266	9.333992004394531	14.12320327758789	2.1103975772857666	23.796138763427734	5.93643856048584	18.123632431030273	10.806676864624023	21.56882667541504	17.653316497802734
K164C	19.989686965942383	26.008211135864258	22.175716400146484	14.469169616699219	1.9402759075164795	17.438247680664062	7.395285129547119	8.94813346862793	14.10824203491211	20.035358428955078	15.250833511352539
K164D	19.243194580078125	41.01498794555664	15.612449645996094	15.998313903808594	-0.16211533546447754	24.20720100402832	8.868721961975098	14.490084648132324	13.054080963134766	23.31275749206543	17.563968658447266
K164E	22.40624237060547	48.19866943359375	16.150768280029297	23.22749900817871	-0.0874229148030281	24.614593505859375	8.45772647857666	15.98271369934082	17.880020141601562	26.85654640197754	20.368736267089844
K164F	16.042509078979492	27.688758850097656	8.191558837890625	13.238991737365723	9.712026596069336	21.1175594329834	4.369482517242432	12.64063835144043	10.736512184143066	17.74875831604004	14.148679733276367
K164G	19.121408462524414	37.2828254699707	14.39930534362793	11.981898307800293	-0.9668003916740417	23.762174606323242	7.8481526374816895	14.512470245361328	9.62352180480957	19.663681030273438	15.722864151000977
K164H	31.940305709838867	29.678075790405273	22.493343353271484	15.033270835876465	6.032210826873779	20.993690490722656	9.574931144714355	9.254922866821289	18.486997604370117	20.81249237060547	18.43002700805664
K164I	15.53287124633789	26.918996810913086	8.69497299194336	8.474080085754395	14.584810256958008	16.06155014038086	5.2810492515563965	9.426445960998535	8.205151557922363	11.393464088439941	12.457338333129883
K164L	5.408047199249268	8.702957153320312	-2.4291038513183594	2.682137966156006	5.565849304199219	15.61585807800293	9.083067893981934	9.595529556274414	15.74587631225586	3.156642436981201	7.312685489654541
K164M	22.863237380981445	28.28730583190918	20.652124404907227	18.889677047729492	4.556293964385986	13.073814392089844	6.070240497589111	6.33745002746582	12.13577651977539	16.19477653503418	14.9060697555542
K164N	22.606054306030273	29.850500106811523	22.731945037841797	14.45146656036377	1.5099979639053345	22.36682891845703	8.331806182861328	10.563491821289062	12.260907173156738	20.716726303100586	16.538972854614258
K164P	16.888792037963867	24.868799209594727	25.432769775390625	11.339599609375	1.2218025922775269	20.64316749572754	7.83478307723999	6.80265998840332	8.8606538772583	18.068603515625	14.19616413116455
K164Q	27.55522346496582	43.296966552734375	16.452491760253906	16.277986526489258	3.283473491668701	20.670705795288086	9.645344734191895	12.206767082214355	19.51413917541504	23.612546920776367	19.25156593322754
K164R	33.91740798950195	47.521995544433594	14.924603462219238	14.948282241821289	3.662466526031494	21.376646041870117	12.918001174926758	14.143434524536133	15.327814102172852	24.988426208496094	20.372909545898438
K164S	19.045438766479492	42.91806411743164	12.333566665649414	11.85480785369873	-0.4799794554710388	23.246898651123047	7.356871128082275	19.49365997314453	10.41035270690918	22.215286254882812	16.839496612548828
K164T	19.456462860107422	40.5563850402832	16.13043212890625	16.132755279541016	0.26358217000961304	20.38326072692871	6.6107354164123535	11.82861614227295	12.902775764465332	19.63486671447754	16.38998794555664
K164V	15.969594955444336	25.933446884155273	8.362627983093262	9.155228614807129	15.04515266418457	16.444429397583008	6.6107587814331055	13.052287101745605	11.137484550476074	11.860018730163574	13.357101440429688
K164W	39.36652755737305	19.689786911010742	41.66024398803711	13.811227798461914	4.9117536544799805	21.44108009338379	9.28866958618164	4.104650497436523	7.846896648406982	20.393110275268555	18.251392364501953
K164Y	19.228422164916992	26.88678550720215	19.78916358947754	14.052933692932129	2.5500974655151367	15.420175552368164	6.695184230804443	9.453689575195312	12.377449989318848	17.612586975097656	14.406648635864258
C165A	21.691255569458008	22.6683406829834	3.373983860015869	20.32826042175293	10.927239418029785	2.6137990951538086	3.046910047531128	3.9752309322357178	2.6851603984832764	5.4373650550842285	9.67475414276123
C165D	18.898481369018555	18.34029197692871	7.199984073638916	23.498214721679688	14.191597938537598	9.622190475463867	2.590446949005127	3.160534620285034	20.432544708251953	0.26853322982788086	11.820282936096191
C165E	17.654388427734375	21.92839241027832	8.404536247253418	31.036970138549805	17.078685760498047	7.679967403411865	2.8548991680145264	-0.8845888376235962	11.01522445678711	3.6816675662994385	12.045013427734375
C165F	10.483052253723145	17.33843231201172	-2.3526368141174316	7.311966896057129	4.098408222198486	5.150406837463379	1.7716987133026123	4.401721954345703	9.119222640991211	14.610466957092285	7.193274021148682
C165G	17.226808547973633	16.0587158203125	4.3412580490112305	28.52422523498535	12.30750846862793	7.0189433097839355	2.554429531097412	1.0760372877120972	11.316508293151855	0.8896640539169312	10.131409645080566
C165H	1.7206231355667114	12.275627136230469	5.262791633605957	27.118209838867188	10.247178077697754	3.196579933166504	2.7326314449310303	0.9210971593856812	6.130504608154297	0.3941206932067871	6.999936103820801
C165I	12.81936264038086	9.010017395019531	-2.1268696784973145	1.0971195697784424	9.31200122833252	0.3708265423774719	-1.7046117782592773	2.434825897216797	3.9305670261383057	13.4672269821167	4.86104679107666
C165K	1.5627423524856567	15.899662017822266	6.521114349365234	27.5770263671875	12.475016593933105	1.9536712169647217	3.220592498779297	5.125048637390137	5.901213645935059	-1.5162774324417114	7.8719801902771
C165L	4.433213710784912	-8.747398376464844	-8.103975296020508	-4.250980854034424	-0.6703357100486755	4.561676025390625	-2.746257781982422	5.9354753494262695	14.323469161987305	18.449512481689453	2.3184399604797363
C165M	8.164340019226074	12.757344245910645	6.478909969329834	21.345964431762695	11.928353309631348	2.849766492843628	1.657541036605835	-2.8644025325775146	9.847711563110352	2.3754281997680664	7.454095363616943
C165N	6.069833755493164	13.620661735534668	4.097702503204346	26.227455139160156	12.461014747619629	2.4182045459747314	3.2039034366607666	3.5838286876678467	7.411591529846191	-0.5472028851509094	7.85469913482666
C165P	0.017335109412670135	11.333765029907227	1.2243307828903198	22.770858764648438	11.273638725280762	-0.394758403301239	1.2631738185882568	3.2959091663360596	5.5541815757751465	-2.27636456489563	5.406207084655762
C165Q	10.42750358581543	13.038711547851562	5.444138526916504	30.34416389465332	13.205109596252441	7.580310344696045	1.16057550907135	-2.815518617630005	9.477901458740234	4.326079845428467	9.218896865844727
C165R	3.3393959999084473	-0.8608847260475159	1.6374770402908325	17.566368103027344	5.944316387176514	7.780611515045166	-0.7198795676231384	-4.927067756652832	6.39693021774292	3.722580671310425	3.9879848957061768
C165S	23.387222290039062	32.70973205566406	7.036206245422363	19.786046981811523	14.079192161560059	7.360812664031982	2.0683116912841797	2.7038543224334717	10.353350639343262	4.044266223907471	12.352899551391602
C165T	20.1173095703125	21.639238357543945	8.602615356445312	25.4263973236084	14.826807975769043	5.639670372009277	3.0303640365600586	-0.3037398159503937	10.494579315185547	3.6014623641967773	11.307470321655273
C165V	8.965447425842285	-2.6838486194610596	-5.827089786529541	4.344489097595215	4.46256685256958	-0.1192457526922226	-2.6060056686401367	2.629552125930786	2.4616119861602783	15.713996887207031	2.734147548675537
C165W	5.521420478820801	10.953479766845703	8.438801765441895	11.09752368927002	10.033586502075195	5.8280229568481445	5.201581001281738	8.287657737731934	3.385284900665283	-1.5017507076263428	6.724560737609863
C165Y	4.7143754959106445	17.287508010864258	6.732895851135254	22.9730281829834	11.50423526763916	1.3381553888320923	3.3532350063323975	1.3737329244613647	10.860726356506348	2.7715492248535156	8.29094409942627
Y166A	-55.4741325378418	-31.57341194152832	-24.28032112121582	-24.986196517944336	-60.94226837158203	-42.60585021972656	-28.873703002929688	-14.696724891662598	-51.370277404785156	-48.586517333984375	-38.33893585205078
Y166C	-71.54219818115234	-32.6395263671875	-17.273773193359375	-32.78110122680664	-46.893192291259766	-60.926963806152344	-35.18159866333008	-17.022085189819336	-41.86846923828125	-56.80569839477539	-41.29346466064453
Y166D	-66.72325897216797	-45.61014938354492	-26.051239013671875	-37.13436508178711	-70.9283447265625	-55.29769515991211	-36.810791015625	-16.315521240234375	-52.44973373413086	-57.24567413330078	-46.4566764831543
Y166E	-73.17316436767578	-43.37245178222656	-24.483875274658203	-37.3801383972168	-66.890625	-57.14704895019531	-34.91574478149414	-23.569141387939453	-49.556827545166016	-54.97040557861328	-46.54594421386719
Y166F	-26.111465454101562	-32.60569763183594	-29.386457443237305	-14.639674186706543	-45.074317932128906	-35.647247314453125	-24.44179344177246	-1.5491970777511597	-37.21404266357422	-34.319087982177734	-28.09889793395996
Y166G	-72.23959350585938	-43.19744110107422	-29.341596603393555	-37.176151275634766	-62.07772445678711	-50.913875579833984	-33.03799057006836	-23.81475257873535	-53.195926666259766	-62.63856887817383	-46.763362884521484
Y166H	-57.862892150878906	-38.00160217285156	-21.464366912841797	-34.78092575073242	-52.85603332519531	-63.31342697143555	-34.502159118652344	-16.195446014404297	-34.56755828857422	-58.93636703491211	-41.248077392578125
Y166I	-19.554519653320312	-30.75570297241211	-17.55262565612793	-10.21130657196045	-29.292316436767578	-36.430274963378906	-11.09162425994873	0.8198176026344299	-12.760436058044434	-34.46029281616211	-20.128929138183594
Y166K	-62.1982536315918	-40.365257263183594	-23.435955047607422	-39.519752502441406	-57.6483268737793	-71.33432006835938	-39.00382614135742	-16.216732025146484	-40.56374740600586	-62.42475128173828	-45.271095275878906
Y166L	-15.016117095947266	-37.61077117919922	-23.075740814208984	-9.185907363891602	-15.070588111877441	-25.7098445892334	0.060302142053842545	0.6852152347564697	7.008690357208252	-23.234779357910156	-14.114953994750977
Y166M	-49.49332046508789	-34.57882308959961	-11.916606903076172	-24.85419273376465	-34.59257507324219	-55.451908111572266	-21.923635482788086	-9.491742134094238	-28.490446090698242	-47.308189392089844	-31.810144424438477
Y166N	-65.88045501708984	-43.57899856567383	-25.560853958129883	-39.36699295043945	-61.25929260253906	-62.40082550048828	-37.32802200317383	-18.33834457397461	-45.36456298828125	-59.812625885009766	-45.88909912109375
Y166P	-62.97368240356445	-39.95026779174805	-31.052663803100586	-42.492591857910156	-65.3373031616211	-64.87281799316406	-37.1030158996582	-12.885011672973633	-45.19430160522461	-52.76639938354492	-45.462806701660156
Y166Q	-68.58424377441406	-41.05184555053711	-23.27646255493164	-36.16438674926758	-62.64790725708008	-59.530967712402344	-34.123592376708984	-14.276151657104492	-40.62062454223633	-59.719627380371094	-43.99958038330078
Y166R	-53.21234893798828	-40.085853576660156	-22.412099838256836	-31.686023712158203	-65.6037368774414	-62.89723587036133	-29.147001266479492	-10.918667793273926	-35.20563888549805	-57.18122863769531	-40.834983825683594
Y166S	-64.84686279296875	-36.52408218383789	-25.51156997680664	-32.93758010864258	-65.85493469238281	-49.022342681884766	-34.346229553222656	-17.083383560180664	-50.28219223022461	-56.17147445678711	-43.25806427001953
Y166T	-67.02095031738281	-36.91041946411133	-18.71372413635254	-31.023195266723633	-52.822261810302734	-50.4289665222168	-31.410966873168945	-16.914508819580078	-42.235172271728516	-51.306663513183594	-39.878684997558594
Y166V	-19.254117965698242	-39.87507629394531	-21.580665588378906	-12.46364974975586	-27.81740379333496	-37.087928771972656	-10.14733600616455	-0.8765451312065125	-10.710366249084473	-40.3478889465332	-22.016098022460938
Y166W	-47.271583557128906	-34.1810417175293	-17.188932418823242	-32.26456069946289	-44.46736145019531	-76.99421691894531	-34.51039505004883	-25.45703887939453	-30.90239143371582	-54.2466926574707	-39.74842071533203
A167C	-22.051008224487305	-10.42456340789795	-14.358124732971191	-1.881422758102417	-17.956260681152344	-23.492324829101562	-12.171784400939941	-8.016153335571289	-10.596869468688965	-12.530050277709961	-13.347856521606445
A167D	-31.874454498291016	-13.262904167175293	-20.556346893310547	-7.798025131225586	-31.12230682373047	-34.838932037353516	-10.631312370300293	-5.363378524780273	-17.004318237304688	-20.53193473815918	-19.298391342163086
A167E	-27.503292083740234	-14.061566352844238	-19.0776424407959	-11.023414611816406	-29.705656051635742	-30.772539138793945	-9.463269233703613	-7.4844746589660645	-15.436384201049805	-21.320466995239258	-18.58487319946289
A167F	-13.429900169372559	-19.72555923461914	-19.79912757873535	-1.4785435199737549	-23.31301498413086	-18.041568756103516	-7.521095275878906	1.3859466314315796	-6.852337837219238	-4.770858287811279	-11.354606628417969
A167G	-36.13187789916992	-12.563929557800293	-23.44145965576172	-5.483859062194824	-26.011287689208984	-29.45905113220215	-8.03948974609375	-1.7453817129135132	-17.580413818359375	-21.316505432128906	-18.177326202392578
A167H	-17.831846237182617	-11.43502426147461	-15.9780855178833	7.247021675109863	-18.503297805786133	-24.10316276550293	-16.95923614501953	-6.845874786376953	-8.538074493408203	-14.761184692382812	-12.77087688446045
A167I	-15.142814636230469	-26.99416732788086	-11.307870864868164	-0.7603033781051636	-16.81363296508789	-14.531441688537598	-0.7418963313102722	-1.5937350988388062	-4.449471473693848	-3.455571174621582	-9.57909107208252
A167K	-24.097719192504883	-12.897492408752441	-19.715595245361328	1.3042566776275635	-23.399211883544922	-27.989355087280273	-18.102981567382812	-9.624497413635254	-12.791143417358398	-16.08841896057129	-16.3402156829834
A167L	-19.701169967651367	-37.46419143676758	-17.430519104003906	-7.819709777832031	-9.650725364685059	-26.707551956176758	-0.7898973822593689	2.460556983947754	-3.7938292026519775	-8.163792610168457	-12.906082153320312
A167M	-18.406347274780273	-11.531803131103516	-12.559731483459473	2.726513147354126	-15.976600646972656	-24.117576599121094	-13.557744026184082	-6.956585884094238	-9.805524826049805	-11.353668212890625	-12.153907775878906
A167N	-23.850927352905273	-12.713555335998535	-19.405759811401367	-0.6175574064254761	-23.394887924194336	-30.252666473388672	-12.837747573852539	-7.5223517417907715	-16.580474853515625	-17.216577529907227	-16.439250946044922
A167P	-29.03082275390625	-13.518806457519531	-19.039827346801758	-3.472850799560547	-27.987979888916016	-28.533531188964844	-16.52605438232422	-7.834358215332031	-21.193239212036133	-15.652459144592285	-18.27899169921875
A167Q	-17.43547248840332	-12.760251998901367	-16.470308303833008	3.839702606201172	-23.574989318847656	-30.337539672851562	-12.76391887664795	-6.2792067527771	-11.006454467773438	-18.21574592590332	-14.500417709350586
A167R	-19.287063598632812	-13.090177536010742	-15.047359466552734	16.844213485717773	-18.863964080810547	-25.21893310546875	-9.123381614685059	-3.725733518600464	-10.369023323059082	-17.06637954711914	-11.494779586791992
A167S	-30.015907287597656	-9.9141206741333	-22.3863468170166	-4.628108501434326	-32.748050689697266	-30.339244842529297	-7.3942437171936035	-4.492558002471924	-14.896328926086426	-20.99154281616211	-17.7806453704834
A167T	-24.39272689819336	-12.866130828857422	-15.140887260437012	-4.921469211578369	-28.371932983398438	-25.998567581176758	-7.594919204711914	-8.32712459564209	-14.085258483886719	-16.963071823120117	-15.86620807647705
A167V	-16.38496208190918	-24.014827728271484	-13.278026580810547	-3.6846256256103516	-13.271195411682129	-15.420008659362793	-1.833756446838379	-1.0142390727996826	-3.424206018447876	-5.52864408493042	-9.78544807434082
A167W	-28.342121124267578	-15.54675579071045	-16.886871337890625	-3.6833765506744385	-16.50885581970215	-27.729209899902344	-25.279739379882812	-5.658794403076172	-9.936158180236816	-11.382017135620117	-16.09539031982422
A167Y	-17.112993240356445	-9.13827896118164	-14.027763366699219	2.2620131969451904	-18.899169921875	-20.212745666503906	-10.530682563781738	-4.79817533493042	-9.514666557312012	-11.005868911743164	-11.297832489013672
D168A	27.454931259155273	57.78352737426758	4.679765701293945	11.314423561096191	1.1252614259719849	23.029430389404297	11.094109535217285	21.049997329711914	17.38818359375	22.13030242919922	19.704992294311523
D168C	27.256311416625977	30.96516990661621	7.632171630859375	3.750229835510254	2.972996950149536	21.481338500976562	8.94842529296875	8.477691650390625	14.146805763244629	15.299968719482422	14.093111038208008
D168E	29.65538215637207	42.662506103515625	6.528745651245117	14.796942710876465	1.914143681526184	28.418781280517578	12.035321235656738	17.735280990600586	18.06912612915039	19.886943817138672	19.170316696166992
D168F	13.729555130004883	53.33597183227539	2.006117343902588	8.49443244934082	2.2065253257751465	14.221054077148438	5.428814888000488	10.460380554199219	12.762450218200684	22.994171142578125	14.563947677612305
D168G	38.98733139038086	37.50092697143555	6.45003080368042	8.7141695022583	0.018526174128055573	27.8378849029541	10.104998588562012	17.529327392578125	22.551677703857422	19.678503036499023	18.937335968017578
D168H	34.92738342285156	27.578100204467773	8.282731056213379	1.8945411443710327	2.8991174697875977	25.14459228515625	8.669767379760742	10.491639137268066	13.280449867248535	14.965940475463867	14.81342601776123
D168I	10.332433700561523	37.67698669433594	4.1160502433776855	5.916378974914551	1.6752691268920898	7.697455883026123	8.000033378601074	8.688312530517578	10.628118515014648	16.830169677734375	11.156121253967285
D168K	31.1728458404541	28.994081497192383	8.658418655395508	1.7300605773925781	1.3292765617370605	27.3354434967041	9.290251731872559	9.456836700439453	12.735907554626465	14.931177139282227	14.56342887878418
D168L	7.510658264160156	13.539567947387695	-1.7683247327804565	-4.601401329040527	7.4987711906433105	13.281246185302734	-5.000930309295654	6.290924072265625	0.42975836992263794	15.744229316711426	5.292449951171875
D168M	21.596683502197266	24.630430221557617	7.482666015625	6.811237335205078	3.2900311946868896	18.720380783081055	8.370089530944824	5.191573143005371	10.097512245178223	12.493057250976562	11.868365287780762
D168N	25.447641372680664	28.36249542236328	8.536186218261719	2.847604751586914	-0.1535540223121643	25.015625	9.541114807128906	9.377005577087402	10.075370788574219	13.320575714111328	13.237005233764648
D168P	24.19580078125	18.74774169921875	3.2063143253326416	-3.369070529937744	-2.685262680053711	18.17188262939453	5.136014461517334	7.799056053161621	4.853227138519287	-1.1541193723678589	7.490157127380371
D168Q	32.220726013183594	38.166873931884766	7.502518177032471	7.689881801605225	2.6090612411499023	26.048236846923828	10.131421089172363	12.105133056640625	15.932653427124023	17.560012817382812	16.996652603149414
D168R	26.535234451293945	39.628944396972656	7.317699909210205	9.339978218078613	2.3192343711853027	28.469017028808594	10.359162330627441	13.255034446716309	18.385082244873047	17.73528480529785	17.334468841552734
D168S	33.363162994384766	52.806148529052734	4.933132171630859	9.056593894958496	1.3137825727462769	27.4591064453125	11.171372413635254	19.60947608947754	19.323528289794922	19.001176834106445	19.803749084472656
D168T	27.759096145629883	40.45956802368164	6.990663528442383	6.013813495635986	1.7220325469970703	23.505067825317383	10.971182823181152	13.063515663146973	14.789027214050293	17.32394790649414	16.25979232788086
D168V	10.309768676757812	48.29907989501953	3.8791515827178955	7.0539374351501465	3.601691246032715	7.577254772186279	6.5656962394714355	15.124319076538086	8.892258644104004	18.681354522705078	12.998451232910156
D168W	25.223003387451172	16.39015007019043	11.535799026489258	-1.4890879392623901	2.217039108276367	22.791732788085938	11.127053260803223	2.95867657661438	7.461944580078125	11.544803619384766	10.976110458374023
D168Y	25.979656219482422	33.490238189697266	7.065441608428955	4.312553405761719	4.065434455871582	20.326416015625	8.4959135055542	8.409905433654785	14.168184280395508	14.005420684814453	14.031916618347168
T169A	-3.732217311859131	6.9372172355651855	-12.15507698059082	-7.654065132141113	-18.941997528076172	-11.213364601135254	-3.011326313018799	-0.9337859153747559	-6.17190408706665	-15.561986923217773	-7.2438507080078125
T169C	-2.976146936416626	-3.751307487487793	-3.621279716491699	-13.680405616760254	-11.80601978302002	-12.450018882751465	-8.920533180236816	-2.5191874504089355	-14.954290390014648	-7.275856971740723	-8.195505142211914
T169D	-5.8581953048706055	-7.453311920166016	-16.90850067138672	-15.40377426147461	-20.846698760986328	-15.433277130126953	-6.691033840179443	-6.324401378631592	-12.648231506347656	-11.784245491027832	-11.93516731262207
T169E	-4.703549861907959	-1.7043099403381348	-10.677618980407715	-5.2582550048828125	-20.865175247192383	-18.22039222717285	-6.507068634033203	-5.274421691894531	-8.12612247467041	-10.815271377563477	-9.215218544006348
T169F	-7.814826011657715	-0.5269601941108704	-14.157806396484375	-1.0184868574142456	-19.717117309570312	-11.980477333068848	-0.9625391364097595	0.9535907506942749	-2.3359687328338623	-7.3404645919799805	-6.490105628967285
T169G	-5.56033992767334	-2.0391430854797363	-15.785920143127441	-7.3504228591918945	-20.949546813964844	-12.478628158569336	-6.94835901260376	-6.167161464691162	-11.377899169921875	-12.890973091125488	-10.154839515686035
T169H	-3.2670741081237793	-1.447455644607544	-3.552597999572754	-15.27926254272461	-6.958583831787109	-20.02615737915039	-11.6392822265625	-0.6544427871704102	-14.419024467468262	-7.978598117828369	-8.522248268127441
T169I	-0.3145303428173065	8.711469650268555	-9.225197792053223	5.617682933807373	-5.252293586730957	-9.4655179977417	1.991464614868164	2.0338096618652344	1.5982084274291992	2.522555112838745	-0.17823489010334015
T169K	-3.40452241897583	-4.488742828369141	-6.675041675567627	-21.512834548950195	-8.127182006835938	-22.487167358398438	-12.29627799987793	-5.125399589538574	-19.634620666503906	-9.427027702331543	-11.31788158416748
T169L	-1.8769482374191284	-6.655987739562988	-17.245296478271484	-0.611011266708374	-1.0541952848434448	-19.818405151367188	10.886930465698242	14.893058776855469	4.469641208648682	-3.4432036876678467	-2.045542001724243
T169M	-4.14494514465332	-7.433803081512451	-0.7942572832107544	-11.84593391418457	-5.735745906829834	-11.68973159790039	-4.28164529800415	-11.794261932373047	-9.012960433959961	-6.653075218200684	-7.3386359214782715
T169N	-4.079095840454102	-4.4146318435668945	-8.891172409057617	-16.277280807495117	-13.134902954101562	-19.079574584960938	-7.244884014129639	-4.3835625648498535	-15.069877624511719	-9.145674705505371	-10.172064781188965
T169P	-13.004109382629395	-10.525221824645996	-17.26116180419922	-30.43031883239746	-15.688638687133789	-20.361663818359375	-12.658440589904785	-10.755849838256836	-26.28233528137207	-12.646098136901855	-16.961383819580078
T169Q	-3.0104706287384033	-4.261234283447266	-5.855217456817627	-7.577539443969727	-11.774026870727539	-22.7840576171875	-7.525295257568359	-2.992387533187866	-11.929438591003418	-10.778899192810059	-8.848855972290039
T169R	-2.381446599960327	-2.012258291244507	-6.961670875549316	-6.129892826080322	-13.758783340454102	-16.17491340637207	-6.427847862243652	-3.539302110671997	-9.75089168548584	-10.652215957641602	-7.778922080993652
T169S	-3.9547362327575684	4.128228187561035	-12.976053237915039	-9.832625389099121	-22.02496337890625	-11.50010871887207	-6.005908489227295	-4.836021423339844	-9.279522895812988	-12.544461250305176	-8.882616996765137
T169V	-3.982515335083008	-1.4896347522735596	-12.376241683959961	-1.0059934854507446	-4.4187469482421875	-16.652084350585938	5.11351203918457	1.9168834686279297	2.4856393337249756	-5.024639129638672	-3.543382167816162
T169W	-5.800417900085449	-2.094510078430176	-3.84846568107605	-24.219507217407227	-5.353647232055664	-19.898147583007812	-14.128898620605469	-15.948253631591797	-25.557376861572266	-7.629387855529785	-12.447861671447754
T169Y	-1.3951575756072998	-2.245123863220215	-4.827625751495361	-9.429132461547852	-15.452900886535645	-14.316617012023926	-8.038246154785156	-2.2413814067840576	-13.612565040588379	-8.098918914794922	-7.965766906738281
M170A	-29.32476043701172	-45.84352493286133	-29.689495086669922	-25.91020965576172	-63.001182556152344	-41.94105911254883	-18.738718032836914	-21.37686538696289	-48.945411682128906	-38.219478607177734	-36.299072265625
M170C	-49.03593444824219	-32.931819915771484	-19.222007751464844	-27.580049514770508	-36.124820709228516	-32.613426208496094	-29.050512313842773	-40.44017028808594	-38.22853088378906	-37.05739974975586	-34.22846221923828
M170D	-63.2039680480957	-36.98149108886719	-26.335744857788086	-44.30481719970703	-65.95328521728516	-45.237457275390625	-32.053985595703125	-41.57157897949219	-61.908538818359375	-40.549339294433594	-45.810020446777344
M170E	-56.647483825683594	-35.68547821044922	-25.417877197265625	-43.97864532470703	-66.88484191894531	-44.239280700683594	-33.32848358154297	-46.88243865966797	-62.487152099609375	-41.13455581665039	-45.66862487792969
M170F	-32.04768371582031	-36.726104736328125	-27.649417877197266	-8.644536972045898	-39.971134185791016	-32.7336311340332	-7.891246318817139	-4.639820575714111	-37.40193557739258	-21.82195472717285	-24.952747344970703
M170G	-47.23594665527344	-36.050174713134766	-29.62554359436035	-35.11636734008789	-59.55255126953125	-41.79475021362305	-22.285459518432617	-39.79768371582031	-54.871002197265625	-45.848758697509766	-41.21782684326172
M170H	-61.90340805053711	-34.974552154541016	-20.821352005004883	-32.620086669921875	-43.39640808105469	-37.559818267822266	-42.86227035522461	-41.97079849243164	-39.50645446777344	-37.38950729370117	-39.30046081542969
M170I	-17.11027717590332	-24.989282608032227	-15.337715148925781	2.94455623626709	-10.492045402526855	-19.488014221191406	0.0073397196829319	-1.8105260133743286	-3.523282051086426	-12.347024917602539	-10.214627265930176
M170K	-62.35139846801758	-37.571083068847656	-22.619125366210938	-35.232887268066406	-44.99686050415039	-40.917240142822266	-51.552574157714844	-43.52973556518555	-42.18603515625	-40.947689056396484	-42.19046401977539
M170L	-11.588695526123047	-25.892108917236328	-13.4995756149292	-0.11782577633857727	0.31642401218414307	-7.1885857582092285	-0.24776878952980042	7.511969566345215	10.998552322387695	-8.3330659866333	-4.804067611694336
M170N	-65.4077377319336	-36.821319580078125	-23.993806838989258	-35.97333526611328	-48.540348052978516	-39.570919036865234	-34.761985778808594	-40.366493225097656	-49.97602081298828	-42.14848327636719	-41.75604248046875
M170P	-69.045166015625	-36.50356674194336	-29.376794815063477	-41.140872955322266	-43.3289794921875	-42.898311614990234	-40.68626022338867	-33.40597915649414	-49.522117614746094	-37.05306625366211	-42.296112060546875
M170Q	-50.859107971191406	-36.4279899597168	-22.166467666625977	-33.02854919433594	-54.38959503173828	-39.23925018310547	-32.66987991333008	-37.38607406616211	-45.921852111816406	-39.20494842529297	-39.129371643066406
M170R	-52.8823356628418	-35.656497955322266	-22.920318603515625	-33.548377990722656	-59.397056579589844	-39.853816986083984	-32.154266357421875	-36.66814422607422	-49.679290771484375	-41.01313781738281	-40.37732696533203
M170S	-43.41120910644531	-32.988494873046875	-25.132076263427734	-35.56027603149414	-63.87902069091797	-40.70314025878906	-25.34853172302246	-30.862972259521484	-56.22863006591797	-36.94953918457031	-39.10639190673828
M170T	-39.46326446533203	-35.0425910949707	-17.612472534179688	-28.48326301574707	-50.311973571777344	-37.182945251464844	-23.368061065673828	-27.119384765625	-41.35585021972656	-35.85652542114258	-33.57963562011719
M170V	-22.224014282226562	-27.57990264892578	-16.821638107299805	-3.3825066089630127	-14.495438575744629	-24.863895416259766	-1.3202756643295288	-2.0123538970947266	-10.254863739013672	-15.607046127319336	-13.856193542480469
M170W	-52.681209564208984	-32.92869186401367	-16.29998779296875	-29.700923919677734	-25.755451202392578	-42.265872955322266	-48.95437240600586	-42.151187896728516	-34.56351852416992	-30.561555862426758	-35.58627700805664
M170Y	-42.19379425048828	-31.58205223083496	-17.840084075927734	-25.289148330688477	-40.587364196777344	-30.37364959716797	-22.92479133605957	-30.913198471069336	-37.98602294921875	-33.167476654052734	-31.285757064819336
F171A	0.40193259716033936	1.1832809448242188	-6.721540927886963	8.45534896850586	5.448829174041748	-8.99700927734375	0.8637996315956116	0.8286455869674683	0.03994410112500191	-2.600287437438965	-0.10970564931631088
F171C	0.7802271246910095	8.386037826538086	0.40874698758125305	8.088461875915527	0.5969889163970947	-3.245191812515259	-3.7493255138397217	6.214510917663574	2.0857789516448975	-0.9242185950279236	1.864201545715332
F171D	-0.41391995549201965	5.844765663146973	-5.001409530639648	16.296932220458984	-0.34062355756759644	-3.9543232917785645	-7.2548041343688965	0.11267219483852386	-0.8477264642715454	0.11248528212308884	0.4554048478603363
F171E	1.0294898748397827	5.980044364929199	-7.916257381439209	16.39727210998535	3.228026866912842	-7.74339485168457	-4.879035949707031	2.2263143062591553	-0.8904596567153931	-0.8785976767539978	0.655340313911438
F171G	-0.5975333452224731	9.757078170776367	-3.8377699851989746	18.994556427001953	-3.0126941204071045	-5.108465671539307	-1.0186586380004883	7.946743011474609	-0.3969537019729614	-4.104715347290039	1.8621587753295898
F171H	1.69542396068573	9.720396041870117	0.7236498594284058	12.862197875976562	3.646235466003418	-0.9739084839820862	-8.687113761901855	11.867931365966797	-0.9654437303543091	-0.8230031728744507	2.9066364765167236
F171I	-2.3011598587036133	-11.543196678161621	-8.061970710754395	-5.26261043548584	0.09427554905414581	-7.343118667602539	1.4251232147216797	-0.6122661232948303	1.0721793174743652	5.629365921020508	-2.690337657928467
F171K	-0.5333655476570129	10.3272705078125	-0.44003841280937195	9.641355514526367	1.1447638273239136	-5.059045791625977	-10.955658912658691	13.674822807312012	-1.734501600265503	-2.8299458026885986	1.3235657215118408
F171L	-7.929784774780273	-39.93389129638672	-12.227072715759277	-5.08647346496582	0.7415576577186584	-9.603836059570312	1.374734878540039	7.818567276000977	-3.5712685585021973	3.8446481227874756	-6.457282066345215
F171M	-1.240041732788086	4.935356140136719	1.7182796001434326	13.96002197265625	1.653384804725647	2.135683059692383	-1.2800145149230957	-2.5213963985443115	2.7095978260040283	0.6307706832885742	2.2701640129089355
F171N	-0.912812352180481	10.748496055603027	-2.7315187454223633	16.440406799316406	2.8687472343444824	-4.959512710571289	-8.723867416381836	10.669637680053711	0.33590608835220337	-2.619389295578003	2.11160945892334
F171P	-3.288815975189209	5.6286797523498535	-5.834750175476074	5.922301292419434	-0.6755735874176025	-11.208991050720215	-7.559889316558838	2.3433101177215576	-2.9897098541259766	-4.204352855682373	-2.186779022216797
F171Q	-0.7324814200401306	3.7385358810424805	-2.051516056060791	19.558792114257812	3.8107759952545166	-4.935870170593262	-3.966726779937744	5.783317565917969	0.15261386334896088	-3.300875425338745	1.8056567907333374
F171R	1.4255496263504028	4.171497344970703	-1.0727189779281616	19.708480834960938	4.370570182800293	-1.1320374011993408	-2.057293653488159	4.533072471618652	0.48745864629745483	-1.5321751832962036	2.890240430831909
F171S	0.30066195130348206	13.228961944580078	-8.410568237304688	17.307415008544922	-4.281473159790039	-5.574145317077637	-1.902259111404419	0.4833129942417145	-0.33031654357910156	-0.1749834418296814	1.0646607875823975
F171T	0.9061701893806458	4.776761531829834	-2.2280685901641846	13.570338249206543	-0.3955102562904358	-3.03709077835083	-3.2881879806518555	3.1851773262023926	-0.2539430856704712	0.40523311495780945	1.3640881776809692
F171V	-1.6799315214157104	-32.624149322509766	-10.045571327209473	-10.168587684631348	9.46395492553711	-9.944725036621094	5.44839334487915	2.620659351348877	2.96675181388855	9.253313064575195	-3.470989227294922
F171W	-5.199906826019287	6.992651462554932	1.8617541790008545	2.0463216304779053	-2.1034586429595947	0.8524722456932068	-10.696430206298828	-5.547823429107666	-3.936797857284546	-4.380997657775879	-2.0112216472625732
F171Y	0.7486760020256042	7.677105903625488	0.5648807287216187	8.032838821411133	1.2524218559265137	-6.576141834259033	-3.3678383827209473	9.855052947998047	1.0111420154571533	0.09053602069616318	1.9288676977157593
S172A	40.93104553222656	57.02888488769531	3.795225143432617	16.52507972717285	-1.1027421951293945	19.801998138427734	11.617671012878418	20.695045471191406	21.810937881469727	18.595781326293945	20.969892501831055
S172C	22.889545440673828	23.407747268676758	6.325126647949219	1.7060987949371338	3.235659122467041	4.737853527069092	17.709308624267578	4.7681684494018555	13.269974708557129	11.686869621276855	10.973634719848633
S172D	32.89211654663086	45.40668869018555	4.154716491699219	9.063034057617188	3.5402002334594727	19.502410888671875	13.704446792602539	11.30811882019043	18.853593826293945	15.959407806396484	17.438472747802734
S172E	36.856258392333984	49.780113220214844	3.450169563293457	12.217531204223633	5.437207221984863	17.621501922607422	13.544289588928223	13.629274368286133	16.769479751586914	21.709583282470703	19.10154151916504
S172F	14.668232917785645	45.46012878417969	3.9046149253845215	16.420347213745117	-2.6654114723205566	10.89732837677002	4.517833232879639	9.973855018615723	14.998895645141602	18.440946578979492	13.661676406860352
S172G	31.111419677734375	43.26081848144531	4.089037895202637	8.779998779296875	-0.9656040072441101	20.415664672851562	10.691817283630371	18.064373016357422	21.850101470947266	19.985883712768555	17.728351593017578
S172H	24.802404403686523	24.23494529724121	8.22256088256836	-5.016870021820068	4.141836643218994	4.056065082550049	18.47230339050293	4.059637069702148	10.05726432800293	13.436199188232422	10.646635055541992
S172I	16.86861228942871	40.3160285949707	4.660586833953857	13.482208251953125	-8.079419136047363	9.310181617736816	0.8521527051925659	7.841139316558838	10.984212875366211	18.75995445251465	11.499566078186035
S172K	27.770973205566406	27.058225631713867	9.059024810791016	-8.177226066589355	4.343483924865723	6.408636093139648	16.67953872680664	4.535612106323242	8.381797790527344	13.668161392211914	10.972822189331055
S172L	2.972341537475586	18.40291976928711	-0.2426864206790924	10.57528305053711	2.986629009246826	19.016340255737305	4.158385753631592	-9.545888900756836	5.446111679077148	9.711038589477539	6.348046779632568
S172M	21.64264678955078	24.391508102416992	6.000039100646973	1.813201665878296	2.5434486865997314	7.266935348510742	9.057265281677246	1.3541382551193237	8.37710189819336	11.23361873626709	9.367990493774414
S172N	25.446062088012695	26.919334411621094	5.648861885070801	-0.7391234636306763	3.852379083633423	9.859622955322266	14.631709098815918	6.212512016296387	8.159897804260254	10.852131843566895	11.084338188171387
S172P	20.39912223815918	21.59138298034668	4.832235813140869	-15.123923301696777	1.7557215690612793	6.609666347503662	12.40700626373291	2.3231654167175293	5.515941619873047	5.998754024505615	6.6309075355529785
S172Q	32.28578186035156	38.81221008300781	6.127721786499023	4.010280609130859	5.662929058074951	12.701274871826172	14.4019136428833	8.005071640014648	15.404397964477539	15.76237964630127	15.317395210266113
S172R	28.496816635131836	40.454368591308594	6.082366943359375	0.9536875486373901	5.461582660675049	13.935333251953125	14.687895774841309	8.493972778320312	18.58685874938965	17.827011108398438	15.497990608215332
S172T	28.85136604309082	41.248748779296875	4.952030181884766	0.8561460971832275	2.127265453338623	15.388177871704102	10.71041202545166	8.344050407409668	14.892668724060059	13.76845645904541	14.113931655883789
S172V	12.689170837402344	43.29534912109375	4.419498920440674	11.983800888061523	-1.69951593875885	10.14556884765625	1.6930434703826904	8.859394073486328	8.63193130493164	22.054922103881836	12.207315444946289
S172W	15.94318962097168	18.538476943969727	9.099006652832031	-6.1545586585998535	1.5286694765090942	-3.879101514816284	21.658693313598633	2.9648501873016357	6.190197944641113	6.776651859283447	7.266607761383057
S172Y	21.034711837768555	24.893312454223633	4.14975118637085	4.828713417053223	4.097761154174805	4.824161052703857	16.24001121520996	5.89274787902832	12.845763206481934	10.743611335754395	10.95505428314209
L173A	-10.45336627960205	-25.853992462158203	-10.429567337036133	-18.977922439575195	-38.58986282348633	-20.850040435791016	-8.320775032043457	-19.095722198486328	-29.035491943359375	-13.723793029785156	-19.533050537109375
L173C	-28.390737533569336	-22.916767120361328	-11.545137405395508	-25.889680862426758	-22.475204467773438	-30.64167594909668	-12.185403823852539	-19.708274841308594	-31.97161102294922	-8.189895629882812	-21.391437530517578
L173D	-40.67530822753906	-24.78565788269043	-14.357145309448242	-42.39387512207031	-35.580238342285156	-35.992530822753906	-16.75353240966797	-21.757654190063477	-42.49385452270508	-16.006067276000977	-29.07958984375
L173E	-34.481468200683594	-29.380712509155273	-14.761784553527832	-28.92951011657715	-32.55917739868164	-36.2559700012207	-15.195995330810547	-27.368392944335938	-42.98655700683594	-15.922929763793945	-27.784250259399414
L173F	-16.72422981262207	-16.47425079345703	-4.729541778564453	-3.0851504802703857	-15.63082504272461	-12.859977722167969	-4.730785846710205	-1.1332933902740479	-11.641164779663086	-2.585820198059082	-8.959505081176758
L173G	-26.52690887451172	-24.92384147644043	-14.7434720993042	-27.86789894104004	-30.233444213867188	-30.53531837463379	-11.073345184326172	-22.832080841064453	-39.745445251464844	-20.45896339416504	-24.894071578979492
L173H	-26.69858169555664	-27.488401412963867	-11.732488632202148	-28.462692260742188	-20.55014419555664	-36.97697830200195	-15.53646183013916	-22.057456970214844	-32.96242141723633	-9.546112060546875	-23.201173782348633
L173I	-4.619669437408447	-7.6147236824035645	-7.531674861907959	1.2849671840667725	-2.228991985321045	-5.4007158279418945	1.8867526054382324	-0.3371011018753052	2.5640206336975098	0.5536372065544128	-2.144350051879883
L173K	-39.29532241821289	-31.63095474243164	-14.465513229370117	-35.856788635253906	-27.552997589111328	-43.8873291015625	-19.49482536315918	-25.103317260742188	-32.199951171875	-14.244718551635742	-28.373172760009766
L173M	-6.029604434967041	-16.855833053588867	-7.539669036865234	-19.274168014526367	-23.577980041503906	-46.20682144165039	-6.735626697540283	-17.735637664794922	-23.131139755249023	-7.742262840270996	-17.482873916625977
L173N	-35.34523391723633	-25.758718490600586	-14.972084999084473	-37.729679107666016	-28.881649017333984	-36.32258987426758	-16.68206024169922	-20.84797477722168	-38.274112701416016	-14.024890899658203	-26.883899688720703
L173P	-41.46037673950195	-31.109893798828125	-23.30321502685547	-50.41014099121094	-30.99435043334961	-55.02688980102539	-22.677221298217773	-22.477807998657227	-40.290863037109375	-20.40863609313965	-33.815940856933594
L173Q	-29.760473251342773	-28.186920166015625	-11.27535629272461	-28.94582748413086	-25.190929412841797	-37.18598937988281	-14.443951606750488	-23.767560958862305	-40.90412139892578	-12.859676361083984	-25.2520809173584
L173R	-36.16225814819336	-29.223926544189453	-11.990388870239258	-31.196929931640625	-29.46156120300293	-39.921539306640625	-14.523838996887207	-24.812774658203125	-40.6897087097168	-17.082345962524414	-27.50652503967285
L173S	-17.614776611328125	-24.445829391479492	-13.248126983642578	-28.381786346435547	-41.53645706176758	-31.159238815307617	-13.48499870300293	-21.80721092224121	-35.34147262573242	-14.631386756896973	-24.165128707885742
L173T	-10.22705364227295	-20.83753776550293	-9.843541145324707	-25.80068016052246	-38.94301223754883	-43.72489547729492	-11.161259651184082	-21.920570373535156	-26.98514747619629	-10.686830520629883	-22.01305389404297
L173V	-4.282781600952148	-26.44917869567871	-6.565608024597168	-8.910694122314453	-4.710460662841797	-11.935969352722168	3.6824567317962646	3.3733811378479004	3.1039631366729736	1.0202146768569946	-5.167468070983887
L173W	-34.899932861328125	-34.743186950683594	-11.332181930541992	-24.28563117980957	-15.595476150512695	-35.641971588134766	-19.469898223876953	-26.786699295043945	-28.439697265625	-10.736384391784668	-24.193105697631836
L173Y	-23.941347122192383	-21.5637149810791	-10.140955924987793	-25.078588485717773	-20.906055450439453	-28.76472282409668	-11.843504905700684	-18.346786499023438	-45.26716232299805	-7.215301513671875	-21.306814193725586
L174A	-14.744481086730957	-21.367536544799805	-24.524456024169922	-6.324471473693848	-40.09016036987305	-29.678829193115234	-6.316892147064209	-16.745386123657227	-27.540712356567383	-26.009889602661133	-21.33428192138672
L174C	-21.339872360229492	-16.115629196166992	-14.195642471313477	-7.997264862060547	-27.519081115722656	-20.6892032623291	-10.654096603393555	-14.043197631835938	-20.599559783935547	-26.589933395385742	-17.974348068237305
L174D	-32.03255844116211	-24.123523712158203	-23.84430503845215	-22.14237403869629	-42.46833419799805	-32.806365966796875	-12.722708702087402	-19.888940811157227	-38.32011795043945	-32.29066467285156	-28.063989639282227
L174E	-29.02174949645996	-22.474721908569336	-17.465110778808594	-19.69112205505371	-39.57865905761719	-30.938549041748047	-9.750632286071777	-22.296871185302734	-42.19696807861328	-30.95922088623047	-26.437358856201172
L174F	-10.927069664001465	-20.377742767333984	-21.15658187866211	8.519620895385742	-14.38559627532959	-11.251558303833008	-3.2710466384887695	0.3504093885421753	-7.410550594329834	-11.113682746887207	-9.102380752563477
L174G	-27.848962783813477	-22.762557983398438	-33.96027374267578	-19.921459197998047	-39.422080993652344	-31.855884552001953	-9.284818649291992	-14.47462272644043	-22.841577529907227	-36.16635513305664	-25.85386085510254
L174H	-25.173786163330078	-15.24952507019043	-12.375555992126465	-15.933394432067871	-26.126218795776367	-25.091360092163086	-17.839017868041992	-16.806550979614258	-24.900482177734375	-25.41709327697754	-20.49129867553711
L174I	-2.6659493446350098	-37.79475402832031	-18.078964233398438	6.010797500610352	-11.472658157348633	-14.884969711303711	2.2664008140563965	-1.7632741928100586	-6.2717976570129395	-1.1638582944869995	-8.581902503967285
L174K	-28.617223739624023	-17.98356056213379	-16.761951446533203	-19.959897994995117	-31.749961853027344	-26.609577178955078	-20.754243850708008	-13.396103858947754	-31.73298454284668	-30.109323501586914	-23.76748275756836
L174M	-11.307558059692383	-16.110563278198242	-15.890607833862305	-3.0306262969970703	-21.592304229736328	-12.705188751220703	-8.425971984863281	-10.73885440826416	-9.582304954528809	-21.578332901000977	-13.096231460571289
L174N	-29.223257064819336	-20.507234573364258	-18.628637313842773	-19.087291717529297	-34.506622314453125	-26.38162612915039	-14.582921981811523	-10.734216690063477	-31.18848419189453	-29.41177749633789	-23.425207138061523
L174P	-34.847896575927734	-18.15321159362793	-25.487905502319336	-24.13835334777832	-34.5797004699707	-28.004024505615234	-19.228649139404297	-7.174971580505371	-39.72459030151367	-28.151033401489258	-25.94903564453125
L174Q	-26.719457626342773	-22.76319122314453	-18.175975799560547	-17.52802085876465	-37.7837028503418	-30.894611358642578	-12.996550559997559	-19.752103805541992	-30.5835018157959	-27.685546875	-24.488265991210938
L174R	-26.818416595458984	-24.08521842956543	-21.10038185119629	-22.174354553222656	-41.117408752441406	-33.11029052734375	-13.700315475463867	-17.54966926574707	-33.45180130004883	-28.159921646118164	-26.12677574157715
L174S	-20.652721405029297	-22.652894973754883	-25.910606384277344	-14.458313941955566	-40.7320556640625	-30.393795013427734	-10.854930877685547	-19.778169631958008	-35.30787658691406	-31.786191940307617	-25.252756118774414
L174T	-17.79437255859375	-24.372623443603516	-16.334596633911133	-9.151329040527344	-31.21653175354004	-25.71944808959961	-7.2972588539123535	-14.375346183776855	-27.284900665283203	-24.870704650878906	-19.841711044311523
L174V	-0.6049835085868835	-38.94782257080078	-21.7797794342041	3.757833957672119	-7.130190849304199	-16.913488388061523	3.0921671390533447	0.6111235618591309	1.235591173171997	-1.3946250677108765	-7.807417392730713
L174W	-28.405183792114258	-12.247002601623535	-15.115840911865234	-14.142255783081055	-18.25140953063965	-25.32285499572754	-23.92271614074707	-10.47730827331543	-21.043140411376953	-27.883764266967773	-19.681148529052734
L174Y	-23.026748657226562	-13.99262523651123	-13.4629545211792	-7.298699378967285	-34.236846923828125	-22.57305145263672	-8.899657249450684	-14.831456184387207	-18.458282470703125	-24.280000686645508	-18.10603141784668
G175A	20.703662872314453	43.41595458984375	5.858843803405762	8.012150764465332	2.2062227725982666	23.127418518066406	5.414455890655518	14.415042877197266	8.380623817443848	20.976572036743164	15.25109577178955
G175C	16.2585506439209	34.019107818603516	11.707892417907715	10.91832447052002	5.844755172729492	21.26624298095703	8.73090934753418	8.339838027954102	11.97103500366211	17.44530487060547	14.650195121765137
G175D	22.18272590637207	43.113346099853516	12.575214385986328	11.62532901763916	1.3489242792129517	25.788423538208008	6.070369243621826	15.454116821289062	11.407023429870605	19.389820098876953	16.89552879333496
G175E	20.832380294799805	42.38306427001953	10.654349327087402	12.32448959350586	3.314936399459839	23.63949966430664	6.08032751083374	19.14733123779297	9.428267478942871	20.25532341003418	16.805997848510742
G175F	11.595439910888672	36.13062286376953	2.4096059799194336	7.874446392059326	-1.5436981916427612	18.623519897460938	5.014337062835693	12.602924346923828	8.957074165344238	16.959901809692383	11.862417221069336
G175H	17.4309139251709	32.42038345336914	14.435282707214355	10.109683990478516	6.041032314300537	21.375476837158203	7.903077602386475	10.386762619018555	10.405534744262695	16.76492691040039	14.72730541229248
G175I	12.421871185302734	33.06161880493164	4.194061279296875	7.737743854522705	-0.5154576897621155	14.344667434692383	3.5084948539733887	7.516077995300293	6.4925618171691895	12.801172256469727	10.156280517578125
G175K	17.26603126525879	40.30402374267578	16.038917541503906	9.8912935256958	6.666013717651367	26.627336502075195	7.4486846923828125	10.088916778564453	11.046578407287598	19.54599380493164	16.492380142211914
G175L	3.135925769805908	16.047670364379883	-11.543373107910156	8.140254020690918	4.910398483276367	4.803554058074951	3.2664413452148438	0.4853939712047577	6.390091896057129	3.086294412612915	3.872265338897705
G175M	21.382625579833984	36.143333435058594	9.94748306274414	10.530848503112793	5.834721088409424	17.343223571777344	8.821714401245117	8.396190643310547	11.179479598999023	14.907083511352539	14.448671340942383
G175N	15.508726119995117	38.320499420166016	12.496563911437988	8.534255981445312	3.0912606716156006	23.304044723510742	6.675409317016602	11.621848106384277	12.151874542236328	17.649600982666016	14.935407638549805
G175P	13.607782363891602	34.34458541870117	14.512577056884766	5.264223098754883	1.6702841520309448	21.164901733398438	5.589867115020752	10.060041427612305	11.511701583862305	17.161109924316406	13.48870849609375
G175Q	16.382631301879883	42.7159309387207	11.845826148986816	12.73436164855957	4.268007278442383	24.39901351928711	6.149837970733643	13.07498550415039	10.917811393737793	19.47464942932129	16.196306228637695
G175R	13.991069793701172	46.21660232543945	10.52009391784668	10.078256607055664	3.9939656257629395	22.150371551513672	5.235461235046387	12.161603927612305	13.161437034606934	22.702611923217773	16.021146774291992
G175S	21.040525436401367	45.402034759521484	7.787659645080566	9.635284423828125	2.810291051864624	27.59518051147461	5.154033184051514	14.264518737792969	9.836145401000977	22.434921264648438	16.596057891845703
G175T	20.671695709228516	47.74760055541992	8.045167922973633	10.94012451171875	1.6510969400405884	24.341228485107422	6.299011707305908	11.774916648864746	10.814482688903809	18.339862823486328	16.062519073486328
G175V	14.033344268798828	28.31574058532715	4.236273288726807	8.579912185668945	2.0063822269439697	14.142546653747559	5.319036483764648	9.73560619354248	7.5318284034729	13.869114875793457	10.776978492736816
G175W	22.293222427368164	28.910005569458008	24.98995590209961	9.449028015136719	11.408271789550781	26.005157470703125	10.303752899169922	6.715976238250732	6.925482749938965	16.474729537963867	16.347557067871094
G175Y	13.446003913879395	30.812143325805664	10.803227424621582	11.358383178710938	4.32605504989624	19.295421600341797	7.007904529571533	10.754093170166016	9.679052352905273	14.619383811950684	13.210165023803711
K176A	18.93800926208496	42.44300079345703	5.9064226150512695	14.9270658493042	-1.5617761611938477	17.18316078186035	9.125332832336426	9.313186645507812	16.91541862487793	14.93368148803711	14.812350273132324
K176C	13.192117691040039	21.31873321533203	37.0050048828125	16.318782806396484	1.5247414112091064	16.379013061523438	14.621102333068848	8.156506538391113	14.719927787780762	20.520017623901367	16.375595092773438
K176D	16.83835220336914	35.08335876464844	15.351564407348633	13.884838104248047	1.2489042282104492	18.17904281616211	11.315038681030273	9.837327003479004	12.051603317260742	23.54657554626465	15.733659744262695
K176E	15.178078651428223	32.5540771484375	11.39538860321045	15.3991060256958	2.3543972969055176	15.60081958770752	11.212567329406738	9.268795013427734	11.91583251953125	20.835241317749023	14.571431159973145
K176F	8.177482604980469	26.254117965698242	3.0231730937957764	8.449382781982422	-8.716163635253906	10.722518920898438	6.634186267852783	3.9954421520233154	11.468414306640625	7.363257884979248	7.737181663513184
K176G	16.959903717041016	41.85068130493164	9.882108688354492	10.158829689025879	-0.4464225769042969	19.371906280517578	8.789231300354004	11.785640716552734	12.108768463134766	20.362316131591797	15.082296371459961
K176H	13.70001220703125	18.45288848876953	41.63938522338867	16.011533737182617	3.7090489864349365	15.88334846496582	16.1260986328125	8.173866271972656	13.31639289855957	19.990272521972656	16.70028305053711
K176I	9.832051277160645	23.07965660095215	3.187990665435791	4.590878486633301	-2.8898539543151855	11.57178783416748	6.9549055099487305	4.863521575927734	7.295270919799805	7.73987340927124	7.6226091384887695
K176L	-1.3213728666305542	14.15408706665039	-15.496440887451172	-0.16019383072853088	-4.120938301086426	10.789624214172363	7.133662223815918	-2.738600254058838	6.17246150970459	5.794022083282471	2.0206313133239746
K176M	10.884786605834961	22.873661041259766	28.491703033447266	14.811080932617188	3.577665090560913	13.89238166809082	13.491676330566406	8.697866439819336	12.17248821258545	17.72633934020996	14.661964416503906
K176N	16.166906356811523	21.490642547607422	35.8340950012207	17.546411514282227	1.9793287515640259	17.27581024169922	13.262504577636719	9.101883888244629	15.245426177978516	21.803068161010742	16.97060775756836
K176P	17.21959686279297	18.316797256469727	35.85200500488281	16.99039649963379	0.16632384061813354	18.365568161010742	12.245960235595703	8.83415412902832	14.275654792785645	21.178804397583008	16.344524383544922
K176Q	14.075068473815918	26.633501052856445	26.068265914916992	18.649681091308594	3.874309539794922	15.543015480041504	12.425707817077637	10.632047653198242	15.679643630981445	19.949993133544922	16.35312271118164
K176R	14.566768646240234	35.07604217529297	19.531864166259766	17.506126403808594	3.616576910018921	18.745773315429688	11.058429718017578	11.169419288635254	14.93803596496582	21.256423950195312	16.746545791625977
K176S	15.796542167663574	46.22429275512695	7.221060752868652	11.016164779663086	1.5750622749328613	19.151382446289062	8.855488777160645	8.901650428771973	12.446276664733887	18.237407684326172	14.942533493041992
K176T	13.42731761932373	35.25260543823242	13.592524528503418	13.65898323059082	2.3502235412597656	15.211552619934082	10.219786643981934	10.393529891967773	11.415541648864746	18.377365112304688	14.389944076538086
K176V	9.191866874694824	17.777385711669922	-2.3739748001098633	6.720691680908203	-0.26455608010292053	11.869719505310059	6.542637348175049	3.459284543991089	8.196659088134766	5.512419700622559	6.66321325302124
K176W	12.537338256835938	15.359220504760742	57.30431365966797	19.520421981811523	5.38070821762085	16.947372436523438	19.625701904296875	6.645652770996094	9.934999465942383	22.840015411376953	18.609575271606445
K176Y	12.433131217956543	23.88991928100586	31.449392318725586	13.065672874450684	2.9407958984375	13.601106643676758	14.732890129089355	8.794951438903809	15.984258651733398	18.881576538085938	15.577369689941406
K177A	30.28382682800293	25.91374397277832	1.7392137050628662	2.970029830932617	0.07463432103395462	25.061426162719727	10.634781837463379	17.735305786132812	6.1248908042907715	17.17473793029785	13.771260261535645
K177C	48.21394348144531	22.53251075744629	27.192319869995117	11.108829498291016	2.5244438648223877	25.138124465942383	13.01755142211914	10.919832229614258	17.6324405670166	23.490156173706055	20.17701530456543
K177D	49.3397102355957	29.235761642456055	18.994230270385742	5.604268550872803	2.5129666328430176	30.657669067382812	12.730405807495117	15.145951271057129	16.55954933166504	23.876523971557617	20.4657039642334
K177E	54.53437423706055	31.454931259155273	15.652295112609863	8.469463348388672	5.0863142013549805	28.4666690826416	14.414478302001953	14.909954071044922	17.829221725463867	23.563045501708984	21.43807601928711
K177F	22.071157455444336	21.19966697692871	1.9622834920883179	4.109949111938477	-2.0226974487304688	16.405609130859375	2.7177627086639404	13.91823959350586	2.9845774173736572	11.237272262573242	9.458382606506348
K177G	46.762062072753906	24.361804962158203	11.208427429199219	4.687342643737793	1.9738743305206299	28.34402847290039	10.207925796508789	14.884119033813477	9.7827730178833	22.626750946044922	17.483911514282227
K177H	50.61591339111328	22.846662521362305	24.46000099182129	8.38144302368164	2.667266607284546	25.19215965270996	16.171768188476562	11.762992858886719	17.16152572631836	23.66997528076172	20.292972564697266
K177I	29.36516761779785	12.679170608520508	1.0588072538375854	2.3436906337738037	1.2292536497116089	14.016907691955566	4.341877460479736	9.949163436889648	3.658466339111328	10.612968444824219	8.925546646118164
K177L	10.950435638427734	1.579695463180542	-6.860830307006836	-3.2067666053771973	-3.201719284057617	8.94541072845459	1.4256532192230225	-0.3831806480884552	5.186870098114014	-7.318935871124268	0.7116633653640747
K177M	41.53731155395508	19.546260833740234	16.205768585205078	6.448513507843018	4.315746307373047	20.43625259399414	13.663151741027832	11.499605178833008	13.83836841583252	18.037641525268555	16.5528621673584
K177N	50.58908462524414	25.565935134887695	22.40148162841797	6.094515800476074	3.087895393371582	27.56002426147461	13.830891609191895	12.954627990722656	19.756431579589844	24.0616512298584	20.590251922607422
K177P	42.560455322265625	25.097301483154297	17.873971939086914	4.53769063949585	2.3289947509765625	24.543237686157227	12.701842308044434	10.991876602172852	18.37358856201172	23.709707260131836	18.271867752075195
K177Q	50.59041213989258	28.89898681640625	18.568782806396484	7.482640266418457	5.559799671173096	25.822235107421875	14.703181266784668	13.507889747619629	20.081680297851562	22.983957290649414	20.819957733154297
K177R	55.105709075927734	30.126598358154297	16.692453384399414	7.811807632446289	4.549764633178711	25.189342498779297	11.8419771194458	12.591632843017578	17.087060928344727	22.35442543029785	20.335079193115234
K177S	48.48263931274414	27.352420806884766	10.504093170166016	6.231879711151123	2.285532236099243	28.140636444091797	10.702591896057129	15.82489013671875	9.465556144714355	21.30127716064453	18.02915382385254
K177T	50.975772857666016	25.758804321289062	15.107667922973633	7.182926654815674	2.99946928024292	24.800233840942383	10.81212043762207	14.112621307373047	13.281511306762695	21.103038787841797	18.61341667175293
K177V	29.64131736755371	9.12043571472168	0.6234261989593506	3.2777934074401855	3.614457607269287	18.967056274414062	3.828983783721924	8.020898818969727	4.426994323730469	10.034317970275879	9.15556812286377
K177W	46.4848747253418	18.386695861816406	38.81498336791992	10.50279426574707	2.816316843032837	31.335121154785156	27.617847442626953	10.968265533447266	11.03151798248291	29.69573402404785	22.76541519165039
K177Y	44.94425964355469	21.510007858276367	19.344858169555664	7.173506259918213	3.9801406860351562	22.8160343170166	12.671233177185059	12.106941223144531	17.833850860595703	20.195728302001953	18.257654190063477
F178A	-3.7988030910491943	-16.68128204345703	-3.668959856033325	0.8161580562591553	-15.581418991088867	-1.1473491191864014	0.6039445400238037	-4.345168590545654	-3.326836585998535	-2.9197256565093994	-5.004944801330566
F178C	-2.2309529781341553	3.653977870941162	-0.5674114227294922	3.5076756477355957	-3.560289144515991	2.827737331390381	0.032176319509744644	-0.1320601850748062	-2.516500949859619	-7.149508953094482	-0.6135156750679016
F178D	-1.804360270500183	-6.7586989402771	-5.904596328735352	-12.043207168579102	-6.319905757904053	-6.9997782707214355	-3.5210304260253906	-7.196434020996094	-8.446435928344727	-7.622010707855225	-6.661645412445068
F178E	-2.040414333343506	-5.480135917663574	-5.8373894691467285	-11.596242904663086	-2.3949012756347656	-11.44140911102295	-1.0246508121490479	-7.617746353149414	-8.618032455444336	-6.086735725402832	-6.213766098022461
F178G	-0.12993642687797546	-3.6738157272338867	-2.1269962787628174	6.416254997253418	-5.707130432128906	0.6834425926208496	3.2378528118133545	-4.74282169342041	-1.9166896343231201	-3.025099039077759	-1.0984938144683838
F178H	-4.888329029083252	-0.5239413976669312	-4.063238143920898	-4.864449501037598	-0.0909757986664772	-3.524005174636841	-1.1093500852584839	0.8680406808853149	-12.144756317138672	-4.03071403503418	-3.4371719360351562
F178I	-0.1576305627822876	-19.25080108642578	-3.0610084533691406	-12.489398002624512	-22.386329650878906	-3.0735671520233154	3.051021099090576	-9.210027694702148	-10.619743347167969	-4.748804569244385	-8.194628715515137
F178K	-3.4337656497955322	-2.411560297012329	-4.465770721435547	-4.346793174743652	-0.14230206608772278	-1.5895271301269531	-3.2840170860290527	1.39850652217865	-12.486197471618652	-7.164533615112305	-3.7925963401794434
F178L	-8.926822662353516	-34.354705810546875	-9.352240562438965	-29.676223754882812	-17.546234130859375	-13.006053924560547	-13.305781364440918	2.081068754196167	-16.29892349243164	-21.604827880859375	-16.19907569885254
F178M	-2.075639486312866	-1.2175676822662354	-0.41064491868019104	-2.0582873821258545	0.06379442662000656	0.14405761659145355	-0.2164393663406372	-4.183798789978027	-12.8189058303833	-12.580440521240234	-3.5353870391845703
F178N	-2.4338557720184326	-4.448482513427734	-5.597929954528809	-7.9189772605896	-0.9275184273719788	-7.4405622482299805	-2.6447434425354004	0.4427015483379364	-8.51260757446289	-7.6644206047058105	-4.714639663696289
F178P	-2.151155948638916	-8.49361801147461	-5.821609973907471	-7.7913689613342285	-1.2787014245986938	-9.477449417114258	-4.581504821777344	1.730000376701355	-8.698689460754395	-14.01323127746582	-6.057732582092285
F178Q	-1.6831088066101074	-3.767352819442749	-3.9346425533294678	-9.021353721618652	-0.6387084126472473	-7.792275905609131	0.5966808199882507	-2.8532888889312744	-8.182050704956055	-4.469228267669678	-4.174532890319824
F178R	-2.0978775024414062	-3.3602988719940186	-4.250545978546143	-8.574239730834961	-4.066343784332275	-6.756853103637695	1.1814250946044922	-3.635960102081299	-8.21351432800293	-4.588669300079346	-4.436287879943848
F178S	-4.1243510246276855	-6.245067596435547	-3.9981861114501953	2.690035820007324	-7.392175197601318	-1.4113295078277588	1.9928257465362549	-5.674777030944824	-6.274658203125	-4.054615497589111	-3.4492297172546387
F178T	-1.3769112825393677	-0.20387858152389526	-2.1144165992736816	-0.7837424278259277	-3.0965309143066406	-0.35212671756744385	2.12955641746521	-4.6295599937438965	-8.173184394836426	-3.6022145748138428	-2.2203011512756348
F178V	-0.249017596244812	-19.548397064208984	-6.2661943435668945	-13.130040168762207	-27.06018829345703	-14.736106872558594	-3.281783103942871	-4.783226490020752	-14.97083854675293	-6.68281364440918	-11.070860862731934
F178W	-0.09818119555711746	-0.4773610532283783	-2.787703514099121	-3.5290863513946533	1.1731109619140625	7.254474639892578	-2.518934965133667	0.27504393458366394	-11.290362358093262	-7.535810470581055	-1.9534809589385986
F178Y	-3.994515895843506	1.4198065996170044	-0.31676551699638367	0.7263123989105225	-1.3410528898239136	2.149683952331543	-3.331843614578247	-1.9621559381484985	-11.820141792297363	-9.428335189819336	-2.789900779724121
Q179A	-3.3104827404022217	9.994606971740723	-8.261611938476562	7.678418159484863	-3.4065468311309814	2.2273197174072266	0.18879178166389465	-0.2098635584115982	6.757447719573975	-6.299007415771484	0.5359071493148804
Q179C	-1.9763978719711304	11.164660453796387	1.8013256788253784	-17.776042938232422	0.07968680560588837	7.398066520690918	-1.575035572052002	-0.06830017268657684	-3.8211684226989746	-8.073186874389648	-1.2846391201019287
Q179D	-1.4443718194961548	7.391308307647705	-10.77932357788086	0.43640264868736267	-0.49550050497055054	8.060149192810059	-5.086838245391846	-0.42184707522392273	-4.8450422286987305	-14.024406433105469	-2.1209468841552734
Q179E	0.75625079870224	7.835146903991699	-5.604919910430908	7.62105655670166	0.9669380784034729	5.605303764343262	-3.6165175437927246	0.6272257566452026	-7.033238887786865	-9.413232803344727	-0.22559885680675507
Q179F	-3.5880465507507324	-4.287360191345215	-13.211849212646484	-2.482656240463257	-11.679231643676758	5.4363484382629395	2.931791305541992	1.5433357954025269	5.123219013214111	-2.1865525245666504	-2.240100383758545
Q179G	-0.13428252935409546	10.65386962890625	-12.579282760620117	-3.1494579315185547	1.9701634645462036	5.815664768218994	-1.7248332500457764	-4.455230712890625	5.5955119132995605	-16.516620635986328	-1.4524497985839844
Q179H	-5.475470066070557	13.629531860351562	1.3546243906021118	-11.299151420593262	0.5307413339614868	9.202013969421387	-9.839682579040527	-2.142569065093994	-16.608055114746094	-7.1398420333862305	-2.7787857055664062
Q179I	4.93845796585083	-2.3684747219085693	-4.754990100860596	0.9007914066314697	2.5316362380981445	3.078817844390869	9.057003021240234	3.085984230041504	1.121461272239685	-1.1056692600250244	1.648501992225647
Q179K	-6.954198360443115	12.49640941619873	0.9829577207565308	-14.697578430175781	-0.08566179126501083	9.350303649902344	-8.96199893951416	-4.171802997589111	-16.495468139648438	-10.137145042419434	-3.8674182891845703
Q179L	6.954463958740234	-11.373451232910156	-7.541780471801758	-12.875633239746094	-1.3985995054244995	-5.19649600982666	2.506962299346924	11.247745513916016	10.020523071289062	6.3788065910339355	-0.1277458667755127
Q179M	-2.691408157348633	10.571955680847168	3.4671778678894043	-6.515893459320068	0.8209587335586548	7.370469093322754	-4.386192798614502	2.993215560913086	-11.868951797485352	-6.413799285888672	-0.6652469635009766
Q179N	-7.628089904785156	9.383241653442383	-4.801145553588867	-5.6576948165893555	-1.0608466863632202	6.839919567108154	-10.621405601501465	-2.47270131111145	-10.400900840759277	-15.987905502319336	-4.240753173828125
Q179P	-8.826272964477539	-1.726334571838379	-13.93936824798584	-10.675434112548828	-3.334991455078125	4.436858177185059	-12.922759056091309	-4.598873138427734	-12.989009857177734	-31.660364151000977	-9.623655319213867
Q179R	-1.2446315288543701	11.87777042388916	-5.334582805633545	-2.427914619445801	-1.3249319791793823	6.947045803070068	-5.281707286834717	-1.7624465227127075	-5.30629825592041	-12.248684883117676	-1.6106382608413696
Q179S	-4.057003974914551	6.344079494476318	-9.737886428833008	4.134563446044922	0.22309905290603638	8.351282119750977	-2.2264606952667236	-0.2120344191789627	2.222688913345337	-8.340848922729492	-0.3298521041870117
Q179T	0.1439383625984192	9.976524353027344	-3.6227049827575684	0.868300199508667	-1.1562453508377075	8.385052680969238	-5.749675273895264	2.5346016883850098	-4.866936206817627	-8.114720344543457	-0.1601865291595459
Q179V	5.9746198654174805	-6.039816856384277	-5.308727741241455	0.7956187725067139	2.7242650985717773	-4.491634368896484	17.64277458190918	9.29603099822998	2.602912187576294	-3.1534903049468994	2.0042552947998047
Q179W	1.8698471784591675	14.350214004516602	2.1134862899780273	-33.70058822631836	0.8157723546028137	12.070036888122559	-2.7659599781036377	-10.78656005859375	-25.195545196533203	-1.9622300863265991	-4.31915283203125
Q179Y	-2.2159106731414795	12.067643165588379	2.1056716442108154	-14.36290454864502	1.4258694648742676	8.057130813598633	-0.2578403651714325	0.15565331280231476	-2.225961446762085	-10.91186237335205	-0.6162511110305786
Y180A	-32.14032745361328	-34.309200286865234	-19.759519577026367	-11.858179092407227	-61.55524826049805	-33.90239715576172	-7.152365684509277	-5.204402446746826	-32.746910095214844	-32.05669403076172	-27.068523406982422
Y180C	-41.66490173339844	-39.16121292114258	-22.94716453552246	-28.79047203063965	-42.38761901855469	-31.512983322143555	-10.290648460388184	-7.54088020324707	-25.041940689086914	-26.839780807495117	-27.617761611938477
Y180D	-56.4831657409668	-43.4143180847168	-29.82944107055664	-30.28306770324707	-58.88697814941406	-45.78001022338867	-16.757230758666992	-5.648021697998047	-46.90235137939453	-32.211814880371094	-36.61963653564453
Y180E	-59.63998031616211	-46.331146240234375	-23.664871215820312	-21.81492805480957	-52.09442138671875	-44.52189254760742	-12.826904296875	-5.673131465911865	-42.039432525634766	-31.492412567138672	-34.009910583496094
Y180F	-31.952028274536133	-36.88343048095703	-25.26365089416504	-4.785358905792236	-44.702693939208984	-23.883100509643555	-6.584930419921875	-3.081756830215454	-23.964204788208008	-12.830785751342773	-21.393192291259766
Y180G	-55.58464050292969	-41.22905731201172	-32.7717170715332	-24.42462730407715	-58.40364456176758	-42.25258255004883	-7.642884731292725	-4.539153099060059	-44.01735305786133	-35.652870178222656	-34.651851654052734
Y180H	-44.51375961303711	-37.2253532409668	-21.291292190551758	-29.632671356201172	-40.66869354248047	-42.12953567504883	-15.634196281433105	-5.419785022735596	-30.08699607849121	-24.093456268310547	-29.069570541381836
Y180I	-21.520118713378906	-49.833473205566406	-20.034652709960938	-8.654731750488281	-25.26047134399414	-24.18825340270996	-5.598912715911865	-2.9683001041412354	-14.730925559997559	-17.771533966064453	-19.056137084960938
Y180K	-48.121368408203125	-37.49803924560547	-25.12251091003418	-36.62154769897461	-44.919395446777344	-48.56166076660156	-22.125629425048828	-4.815328121185303	-33.4970588684082	-29.7110652923584	-33.099361419677734
Y180L	-13.63792610168457	-55.13084411621094	-21.431541442871094	-22.50274658203125	-3.5759799480438232	-7.212540149688721	-9.10476303100586	1.3316787481307983	-11.034950256347656	-0.30366289615631104	-14.26032829284668
Y180M	-37.148860931396484	-40.3831672668457	-22.22979736328125	-23.58795738220215	-42.24124526977539	-28.991722106933594	-7.473827838897705	-7.48586368560791	-25.836517333984375	-23.11143684387207	-25.849040985107422
Y180N	-49.94969177246094	-44.04895782470703	-32.78303146362305	-33.905906677246094	-49.57163619995117	-46.992366790771484	-16.649991989135742	-4.258716106414795	-37.06990432739258	-30.901376724243164	-34.6131591796875
Y180P	-50.45975875854492	-41.52400588989258	-37.78009796142578	-39.59962844848633	-51.25978088378906	-44.105899810791016	-23.234638214111328	-5.7093658447265625	-44.15154266357422	-30.882911682128906	-36.87076187133789
Y180Q	-53.91933059692383	-44.39352798461914	-23.930479049682617	-26.406776428222656	-46.96934509277344	-45.33832550048828	-13.817902565002441	-6.200033664703369	-35.49205017089844	-29.32552719116211	-32.57933044433594
Y180R	-47.42996597290039	-40.539886474609375	-22.690488815307617	-21.548852920532227	-46.70016860961914	-46.739837646484375	-13.892237663269043	-5.688488006591797	-29.109630584716797	-28.025556564331055	-30.23651123046875
Y180S	-40.87778854370117	-36.93050765991211	-25.200746536254883	-20.853012084960938	-62.21434783935547	-39.37694549560547	-10.250337600708008	-4.658437252044678	-45.599647521972656	-35.09945297241211	-32.10612106323242
Y180T	-40.96091079711914	-45.724212646484375	-21.549137115478516	-20.83921241760254	-50.72740173339844	-41.525875091552734	-10.23350715637207	-6.718787670135498	-36.60451889038086	-30.9081974029541	-30.579174041748047
Y180V	-15.385878562927246	-54.62805938720703	-22.756454467773438	-10.995858192443848	-26.92637062072754	-20.44594955444336	-4.192887783050537	-3.9787771701812744	-13.113675117492676	-17.611608505249023	-19.003551483154297
Y180W	-47.19140625	-28.6239070892334	-19.80583381652832	-29.76401710510254	-31.787490844726562	-43.819580078125	-24.142501831054688	-10.794116973876953	-29.659595489501953	-26.00068473815918	-29.158910751342773
L181A	-14.536088943481445	-23.00493621826172	-26.011606216430664	-13.315845489501953	-60.196102142333984	-27.39601707458496	-6.766427516937256	-3.9760429859161377	-27.35279655456543	-49.00659942626953	-25.156246185302734
L181C	-16.766525268554688	-28.62002944946289	-26.336305618286133	-26.102031707763672	-36.643310546875	-22.78711700439453	-11.269576072692871	-16.31911849975586	-30.89134979248047	-39.260250091552734	-25.499561309814453
L181D	-35.30925750732422	-37.948280334472656	-35.663734436035156	-31.73090171813965	-67.74918365478516	-40.48130798339844	-11.211286544799805	-25.291000366210938	-39.134735107421875	-51.72074508666992	-37.62404251098633
L181E	-26.038997650146484	-37.08540725708008	-30.350933074951172	-27.29250144958496	-54.268375396728516	-35.84061813354492	-9.047493934631348	-24.869386672973633	-38.742652893066406	-51.10777282714844	-33.46441650390625
L181F	-19.229591369628906	-26.562925338745117	-21.45323371887207	-0.5046685934066772	-40.09463882446289	-23.80021858215332	-2.218597888946533	-2.963379144668579	-32.84371566772461	-30.447826385498047	-20.01188087463379
L181G	-29.640188217163086	-36.45781707763672	-40.9010124206543	-21.72942543029785	-56.76999282836914	-30.994834899902344	-9.522700309753418	-9.093579292297363	-27.916719436645508	-59.68305206298828	-32.27093505859375
L181H	-22.8406982421875	-32.922332763671875	-32.02900314331055	-33.71896743774414	-37.370025634765625	-30.033302307128906	-12.294601440429688	-19.642303466796875	-31.342214584350586	-38.01506805419922	-29.02085304260254
L181I	-13.046159744262695	-19.28573226928711	-13.077449798583984	6.280806064605713	-30.71453285217285	-13.633997917175293	-4.557099342346191	-4.3744611740112305	-16.949844360351562	-16.80694007873535	-12.616540908813477
L181K	-29.03609848022461	-35.54100799560547	-32.1064453125	-37.38630676269531	-43.98612594604492	-38.8145637512207	-15.903603553771973	-20.97126007080078	-35.07316589355469	-43.92229461669922	-33.27408981323242
L181M	-21.132644653320312	-32.66710662841797	-26.67768096923828	-16.932968139648438	-33.27973937988281	-24.596851348876953	-8.009820938110352	-20.365434646606445	-33.23725891113281	-37.286109924316406	-25.418560028076172
L181N	-29.870561599731445	-38.38765335083008	-34.11975860595703	-30.622634887695312	-49.69972610473633	-39.74833679199219	-12.831565856933594	-21.715288162231445	-39.7219123840332	-44.57204055786133	-34.12895202636719
L181P	-37.30328369140625	-33.983673095703125	-38.92180252075195	-30.814748764038086	-50.58955764770508	-40.41050338745117	-14.68331241607666	-21.8952693939209	-43.57046127319336	-42.42664337158203	-35.459922790527344
L181Q	-30.32596778869629	-39.66724395751953	-31.674148559570312	-29.498882293701172	-49.43001174926758	-40.727264404296875	-10.423914909362793	-23.94992446899414	-35.999351501464844	-44.221351623535156	-33.59180450439453
L181R	-28.638965606689453	-39.48099136352539	-32.84194564819336	-26.18047523498535	-51.669830322265625	-33.949310302734375	-8.764191627502441	-19.884605407714844	-35.47426986694336	-49.43669128417969	-32.63212966918945
L181S	-21.2563533782959	-30.343286514282227	-26.47547149658203	-20.57321548461914	-64.67414093017578	-33.747005462646484	-8.251309394836426	-12.773289680480957	-37.876399993896484	-52.89334487915039	-30.886383056640625
L181T	-23.526683807373047	-34.40940475463867	-21.644439697265625	-18.933130264282227	-50.3153076171875	-29.393150329589844	-7.114256381988525	-18.351192474365234	-40.24473190307617	-44.03200149536133	-28.796428680419922
L181V	-14.782255172729492	-27.611154556274414	-13.667977333068848	1.7620704174041748	-27.36903953552246	-17.700326919555664	-3.2694902420043945	-1.859157919883728	-16.371532440185547	-23.141326904296875	-14.401019096374512
L181W	-20.683130264282227	-34.616676330566406	-30.52561378479004	-29.394254684448242	-19.24993133544922	-40.49182891845703	-24.07025909423828	-18.45963478088379	-33.90231704711914	-44.37931442260742	-29.577295303344727
L181Y	-23.012968063354492	-29.967304229736328	-25.07076072692871	-18.946992874145508	-37.32088851928711	-25.931781768798828	-9.4749116897583	-13.812376022338867	-30.49345588684082	-38.40937042236328	-25.24407958984375
L182A	-38.985557556152344	-35.97905731201172	-27.26616668701172	-7.898321628570557	-56.32559585571289	-34.9553337097168	-12.96373176574707	-3.731503963470459	-59.00276565551758	-33.30935287475586	-31.041738510131836
L182C	-50.24538803100586	-40.80583572387695	-20.420528411865234	-17.125783920288086	-39.061946868896484	-36.94157409667969	-12.031325340270996	-11.907256126403809	-47.051185607910156	-35.398380279541016	-31.098918914794922
L182D	-84.22100067138672	-42.752628326416016	-29.05454444885254	-25.636348724365234	-67.04088592529297	-47.802879333496094	-17.274532318115234	-12.469269752502441	-67.0302734375	-44.74592971801758	-43.802833557128906
L182E	-69.9458999633789	-46.212406158447266	-28.58812141418457	-23.413503646850586	-58.50627517700195	-46.34410095214844	-15.47119140625	-16.53046989440918	-66.58566284179688	-42.647727966308594	-41.424537658691406
L182F	-24.82898712158203	-48.408172607421875	-33.69538497924805	-8.45185661315918	-39.38707733154297	-24.488187789916992	-6.073421478271484	-3.831735134124756	-67.7439956665039	-27.52650260925293	-28.443532943725586
L182G	-60.68431091308594	-29.68546485900879	-32.26740646362305	-18.936857223510742	-51.03909683227539	-42.597652435302734	-13.975640296936035	-7.314397811889648	-58.61590576171875	-46.36722946166992	-36.14839553833008
L182H	-68.33927917480469	-40.48160934448242	-22.632089614868164	-22.569591522216797	-41.96955871582031	-41.921173095703125	-12.814153671264648	-20.53662109375	-48.51837158203125	-34.60559844970703	-35.438804626464844
L182I	-12.916226387023926	-43.16266632080078	-15.441621780395508	-2.5935871601104736	-19.259292602539062	-21.28097915649414	-5.046847343444824	-3.4267356395721436	-16.429983139038086	-16.08836555480957	-15.564630508422852
L182K	-74.96199798583984	-39.546775817871094	-27.14875030517578	-27.291898727416992	-46.333465576171875	-48.084285736083984	-15.978589057922363	-22.434345245361328	-46.89529800415039	-39.89421463012695	-38.856964111328125
L182M	-42.96883773803711	-42.09429168701172	-17.644880294799805	-11.629875183105469	-37.09577941894531	-34.50773239135742	-8.365086555480957	-9.42074966430664	-42.20399475097656	-29.111225128173828	-27.50424575805664
L182N	-79.31632995605469	-41.81367874145508	-28.07986068725586	-22.78217887878418	-51.706932067871094	-46.44975280761719	-15.093494415283203	-12.936203002929688	-58.015464782714844	-38.920291900634766	-39.51142120361328
L182P	-76.36219787597656	-35.87513732910156	-37.170806884765625	-29.63090705871582	-49.29246139526367	-50.67301940917969	-19.208051681518555	-15.348468780517578	-58.21006774902344	-38.66779708862305	-41.04389190673828
L182Q	-68.30731201171875	-43.13180923461914	-24.71894073486328	-21.140256881713867	-52.735328674316406	-47.492191314697266	-13.940052032470703	-13.871502876281738	-55.841304779052734	-39.73801803588867	-38.09166717529297
L182R	-61.89116287231445	-44.06954574584961	-25.250186920166016	-21.452686309814453	-53.16462326049805	-44.07314682006836	-11.202454566955566	-13.479144096374512	-55.82620620727539	-39.5681266784668	-36.99773025512695
L182S	-57.862892150878906	-38.9078254699707	-28.14114761352539	-12.673824310302734	-54.965972900390625	-38.96843719482422	-15.123676300048828	-4.913167476654053	-65.58441162109375	-42.25734329223633	-35.93987274169922
L182T	-45.19551086425781	-45.63214111328125	-22.86553382873535	-11.49139404296875	-49.73643112182617	-38.23413848876953	-11.186137199401855	-5.575944900512695	-51.92170333862305	-37.65155029296875	-31.949047088623047
L182V	-12.629326820373535	-51.418785095214844	-14.60955810546875	-2.6610517501831055	-10.401926040649414	-15.658821105957031	-2.4351084232330322	-2.8147733211517334	-8.410320281982422	-16.02397918701172	-13.706365585327148
L182W	-64.63451385498047	-30.114112854003906	-21.580902099609375	-21.98841094970703	-27.476877212524414	-44.79636001586914	-21.523496627807617	-29.666580200195312	-35.54912185668945	-32.17048645019531	-32.9500846862793
L182Y	-43.13129806518555	-33.26287078857422	-16.362834930419922	-11.088743209838867	-34.29681396484375	-34.36518859863281	-9.69035816192627	-7.309187889099121	-44.475830078125	-31.89247703552246	-26.587560653686523
C183A	-24.613048553466797	-28.43332290649414	-21.585060119628906	-9.8444242477417	-42.705413818359375	-33.63173294067383	-8.44641399383545	-4.639437675476074	-40.530120849609375	-39.31203842163086	-25.374101638793945
C183D	-31.51815414428711	-29.99974250793457	-32.382667541503906	-24.168378829956055	-46.057003021240234	-32.13994598388672	-15.465704917907715	-12.101634979248047	-41.126461029052734	-42.810272216796875	-30.776996612548828
C183E	-29.215438842773438	-29.3675537109375	-26.1468505859375	-22.543678283691406	-40.77410125732422	-27.755714416503906	-13.626893997192383	-16.658281326293945	-35.730403900146484	-39.867435455322266	-28.168636322021484
C183F	-24.474687576293945	-25.67928123474121	-27.955461502075195	-8.12523078918457	-30.332767486572266	-23.11397933959961	-1.8596690893173218	1.6585047245025635	-37.14969253540039	-25.986265182495117	-20.30185317993164
C183G	-31.86128044128418	-28.790695190429688	-30.197460174560547	-21.51337432861328	-42.202674865722656	-27.921228408813477	-14.032931327819824	-12.42863655090332	-44.210845947265625	-46.77457809448242	-29.993371963500977
C183H	-27.495309829711914	-20.16633415222168	-20.39291000366211	-22.902116775512695	-27.994203567504883	-23.7509708404541	-15.928668022155762	-18.553956985473633	-30.57185935974121	-33.880245208740234	-24.16365623474121
C183I	-10.823805809020996	-41.44942092895508	-12.324986457824707	-14.98808479309082	-11.804882049560547	-27.543821334838867	-2.349987268447876	2.015763521194458	-16.977699279785156	-23.84239387512207	-16.008930206298828
C183K	-30.178312301635742	-19.61286163330078	-21.706933975219727	-23.687620162963867	-29.870174407958984	-28.742511749267578	-19.639667510986328	-19.8073787689209	-28.098224639892578	-40.801795959472656	-26.214548110961914
C183L	-7.1172332763671875	-35.83390426635742	-13.127439498901367	-1.7569835186004639	-3.847689151763916	-20.10636329650879	2.510801315307617	10.151649475097656	-1.8653303384780884	-19.418581008911133	-9.041107177734375
C183M	-20.02200698852539	-17.526050567626953	-13.4271821975708	-12.548625946044922	-23.96868896484375	-18.073518753051758	-11.133987426757812	-17.63779067993164	-17.76154327392578	-27.250423431396484	-17.934982299804688
C183N	-31.855224609375	-24.652996063232422	-28.827865600585938	-23.440641403198242	-34.19977951049805	-31.813282012939453	-17.268178939819336	-14.765247344970703	-34.41483688354492	-44.99238586425781	-28.623043060302734
C183P	-34.340877532958984	-26.16367530822754	-36.747161865234375	-26.475317001342773	-32.865787506103516	-32.010135650634766	-18.71453285217285	-11.995383262634277	-44.742576599121094	-41.92954635620117	-30.598499298095703
C183Q	-30.579795837402344	-23.736183166503906	-23.821239471435547	-25.19662094116211	-34.384883880615234	-30.810850143432617	-16.81273651123047	-19.87986183166504	-35.657814025878906	-39.36815643310547	-28.024816513061523
C183R	-24.759084701538086	-22.516281127929688	-30.286680221557617	-25.39166831970215	-37.045230865478516	-29.94805145263672	-15.49426555633545	-13.565362930297852	-34.99886703491211	-37.17531204223633	-27.11808204650879
C183S	-25.621078491210938	-27.03358268737793	-29.910715103149414	-17.95987892150879	-40.835365295410156	-31.361740112304688	-11.96338939666748	-9.318331718444824	-45.520545959472656	-47.3587760925293	-28.688339233398438
C183T	-24.51831817626953	-28.372867584228516	-24.758445739746094	-18.265592575073242	-33.55895233154297	-28.061071395874023	-12.97110652923584	-17.301834106445312	-31.706466674804688	-39.54013442993164	-25.90547752380371
C183V	-10.41277027130127	-38.315006256103516	-16.478403091430664	-11.39609432220459	-10.424280166625977	-34.62957763671875	-1.7238742113113403	3.8838930130004883	-10.814142227172852	-32.445072174072266	-16.275531768798828
C183W	-25.85948944091797	-8.333989143371582	-13.825127601623535	-18.655107498168945	-17.660852432250977	-24.220022201538086	-22.790559768676758	-18.58530044555664	-20.34406280517578	-30.725013732910156	-20.099950790405273
C183Y	-20.766515731811523	-19.59642219543457	-18.58738136291504	-23.68935775756836	-24.547801971435547	-22.7872257232666	-16.3065242767334	-14.2028226852417	-32.7692756652832	-33.21860122680664	-22.647192001342773
V184A	-23.635395050048828	-17.851701736450195	-17.140295028686523	-6.519798278808594	-44.405853271484375	-25.524595260620117	-5.1496148109436035	-7.689579010009766	-27.640230178833008	-24.713422775268555	-20.027048110961914
V184C	-31.130311965942383	-15.601940155029297	-15.81134033203125	-17.167787551879883	-17.824909210205078	-37.004920959472656	-17.115999221801758	-14.461335182189941	-16.32366180419922	-21.688364028930664	-20.413057327270508
V184D	-40.30854415893555	-24.651905059814453	-28.621660232543945	-19.340457916259766	-36.06321716308594	-38.26047134399414	-11.802063941955566	-17.059755325317383	-26.324020385742188	-25.94123649597168	-26.837331771850586
V184E	-39.862510681152344	-25.76618766784668	-23.32427978515625	-17.15203857421875	-32.096866607666016	-39.793155670166016	-10.794095039367676	-26.086965560913086	-28.40542984008789	-24.931852340698242	-26.821338653564453
V184F	-24.131427764892578	-20.4266414642334	-20.93392562866211	-6.172460556030273	-35.79380798339844	-21.2453670501709	-4.170253753662109	-2.0654537677764893	-27.3785400390625	-11.225425720214844	-17.35433006286621
V184G	-44.611392974853516	-25.8913516998291	-28.680137634277344	-16.705564498901367	-31.884729385375977	-38.5764045715332	-11.721323013305664	-14.267704010009766	-30.46157455444336	-35.04902648925781	-27.784921646118164
V184H	-37.6356086730957	-17.1800479888916	-21.47567367553711	-19.81988525390625	-21.456497192382812	-39.57195281982422	-21.82292938232422	-19.27054786682129	-18.82492446899414	-23.832319259643555	-24.089040756225586
V184I	-12.56367015838623	-25.708049774169922	-8.712540626525879	-4.082200527191162	-18.5894718170166	-20.395963668823242	-0.9398806691169739	2.1025772094726562	-9.173578262329102	-10.135594367980957	-10.81983757019043
V184K	-41.49378204345703	-18.11114501953125	-22.32850456237793	-23.0231990814209	-21.736480712890625	-42.7855339050293	-22.37662696838379	-22.642974853515625	-18.056081771850586	-25.794111251831055	-25.8348445892334
V184L	-8.622660636901855	-9.33724308013916	-10.59906005859375	0.23684602975845337	-4.000884056091309	-24.339086532592773	3.1485090255737305	5.746156692504883	1.7034450769424438	-7.789410591125488	-5.385338306427002
V184M	-26.352651596069336	-17.563730239868164	-12.776687622070312	-10.800368309020996	-16.471546173095703	-29.040863037109375	-13.284335136413574	-19.105876922607422	-15.275596618652344	-16.03158187866211	-17.670324325561523
V184N	-40.699440002441406	-21.39097785949707	-29.465009689331055	-23.931703567504883	-29.797119140625	-45.196563720703125	-15.973282814025879	-20.204633712768555	-22.662551879882812	-27.98334503173828	-27.7304630279541
V184P	-45.79011917114258	-19.964008331298828	-39.10673141479492	-32.35997772216797	-30.58949851989746	-46.93358612060547	-19.91154670715332	-16.569042205810547	-26.884342193603516	-26.7379150390625	-30.48467445373535
V184Q	-36.046142578125	-24.633310317993164	-22.48122215270996	-19.631885528564453	-29.251846313476562	-38.22242736816406	-13.663729667663574	-20.15458869934082	-24.473552703857422	-25.692638397216797	-25.425134658813477
V184R	-32.667415618896484	-25.237699508666992	-26.081140518188477	-20.180814743041992	-29.65822410583496	-34.28520965576172	-12.119851112365723	-15.950942993164062	-21.334548950195312	-29.729957580566406	-24.72458267211914
V184S	-25.231901168823242	-21.041858673095703	-24.48566246032715	-10.295822143554688	-39.65055465698242	-35.5467643737793	-7.894140720367432	-11.94776725769043	-29.25119400024414	-34.811424255371094	-24.01570701599121
V184T	-24.569833755493164	-19.339811325073242	-16.85622787475586	-14.849589347839355	-25.9812068939209	-30.888439178466797	-8.988933563232422	-14.794477462768555	-21.940731048583984	-24.564842224121094	-20.27741050720215
V184W	-31.305721282958984	-18.78908920288086	-21.910280227661133	-14.495291709899902	-11.627464294433594	-40.29595184326172	-33.754268646240234	-21.79399299621582	-17.871337890625	-18.754560470581055	-23.059795379638672
V184Y	-26.518571853637695	-20.81175994873047	-15.157041549682617	-15.65954303741455	-18.47553062438965	-32.69008255004883	-12.064715385437012	-15.001224517822266	-25.957897186279297	-21.717870712280273	-20.40542221069336
L185A	-24.435468673706055	-14.092168807983398	-21.452678680419922	-3.746184825897217	-46.22898483276367	-30.762283325195312	-7.48606014251709	1.2980082035064697	-24.555095672607422	-35.968570709228516	-20.742948532104492
L185C	-44.5536994934082	-17.82010269165039	-13.539255142211914	-10.36050033569336	-41.52641296386719	-34.73079299926758	-28.648332595825195	-16.005769729614258	-16.80207633972168	-29.613739013671875	-25.36006736755371
L185D	-45.315486907958984	-27.680883407592773	-27.38036346435547	-18.015249252319336	-50.60903549194336	-44.736083984375	-14.106030464172363	-15.9000883102417	-34.751319885253906	-42.22007369995117	-32.07146072387695
L185E	-36.91501998901367	-25.221773147583008	-25.28377342224121	-15.92818832397461	-49.051204681396484	-45.34726333618164	-14.398846626281738	-15.444297790527344	-32.74068069458008	-45.373966217041016	-30.57050132751465
L185F	-24.89573860168457	-21.274667739868164	-19.061233520507812	-2.7029542922973633	-15.990854263305664	-32.637264251708984	-1.7586662769317627	12.297761917114258	-17.125959396362305	-10.302306175231934	-13.345189094543457
L185G	-47.343544006347656	-21.510202407836914	-27.30693817138672	-16.097980499267578	-48.05682373046875	-42.12809753417969	-13.294495582580566	-9.798771858215332	-38.956478118896484	-52.87614822387695	-31.736948013305664
L185H	-47.67153549194336	-16.265954971313477	-15.578909873962402	-13.405797004699707	-39.55019760131836	-36.45676803588867	-28.34358024597168	-19.24886703491211	-20.70047378540039	-29.527910232543945	-26.674999237060547
L185I	-5.162395477294922	-31.80848503112793	-2.039799451828003	-1.5221006870269775	-5.82171106338501	-30.2166748046875	1.6678078174591064	10.610006332397461	0.2562429904937744	-8.488317489624023	-7.252542972564697
L185K	-48.56727600097656	-16.709165573120117	-16.299280166625977	-14.687662124633789	-40.07533264160156	-37.18408966064453	-33.956809997558594	-23.065568923950195	-20.223819732666016	-32.06252670288086	-28.283151626586914
L185M	-32.30228805541992	-15.035550117492676	-12.433639526367188	-2.311774730682373	-31.780832290649414	-26.878740310668945	-18.149187088012695	-19.212121963500977	-6.5072340965271	-22.63152503967285	-18.72429084777832
L185N	-46.22964859008789	-19.069202423095703	-22.716781616210938	-16.517057418823242	-44.602474212646484	-41.040740966796875	-24.10000228881836	-20.829082489013672	-28.91009521484375	-42.55549621582031	-30.657054901123047
L185P	-47.73279571533203	-22.992164611816406	-35.37559509277344	-23.740015029907227	-38.87931442260742	-40.151336669921875	-27.817697525024414	-20.600435256958008	-36.10940933227539	-38.7128791809082	-33.21116638183594
L185Q	-44.84852981567383	-22.548057556152344	-21.22303009033203	-13.320089340209961	-45.84242630004883	-37.31494140625	-22.565460205078125	-24.464628219604492	-26.218063354492188	-33.759952545166016	-29.21051597595215
L185R	-44.9659309387207	-19.33880615234375	-19.818872451782227	-18.074161529541016	-46.11687469482422	-32.82528305053711	-17.316688537597656	-19.653034210205078	-21.934053421020508	-34.31460952758789	-27.43583106994629
L185S	-39.72614288330078	-29.42484474182129	-25.622390747070312	-11.086921691894531	-50.16007995605469	-47.04692840576172	-10.86079216003418	-9.9813232421875	-34.1915283203125	-41.955833435058594	-30.005680084228516
L185T	-29.437889099121094	-23.404905319213867	-19.81316566467285	-14.902630805969238	-40.92112350463867	-39.38460159301758	-17.05059242248535	-14.400308609008789	-22.487659454345703	-49.02867889404297	-27.08315658569336
L185V	-9.035006523132324	-25.295394897460938	-8.322114944458008	-1.3677232265472412	-3.345060348510742	-30.001996994018555	-0.05120977386832237	7.708266735076904	-1.1531972885131836	-11.145827293395996	-8.200926780700684
L185W	-57.12495803833008	-9.813941955566406	-11.540562629699707	-3.0993924140930176	-24.745378494262695	-31.176050186157227	-35.39469909667969	-12.848588943481445	-10.25843620300293	-23.186079025268555	-21.91880989074707
L185Y	-43.00489044189453	-19.389575958251953	-14.240062713623047	-7.030710697174072	-39.53329849243164	-32.35501480102539	-22.59663200378418	-12.490691184997559	-17.697851181030273	-27.476825714111328	-23.581554412841797
S186A	-1.0171507596969604	6.681050777435303	-4.754038333892822	20.820159912109375	-1.3707867860794067	-2.3171443939208984	4.116684913635254	6.677470684051514	1.5611313581466675	-5.883955478668213	2.4513421058654785
S186C	1.97624933719635	6.066683769226074	-1.6457704305648804	13.076148986816406	-0.5668408870697021	-5.044123649597168	-4.621304035186768	4.649445533752441	3.407761812210083	-3.445270538330078	1.3852980136871338
S186D	2.4905853271484375	15.209197044372559	-7.296537399291992	25.350086212158203	-4.484368801116943	-0.2016124278306961	-1.9690841436386108	13.134319305419922	1.754270076751709	-3.55021071434021	4.043664932250977
S186E	2.6826298236846924	14.817028999328613	-4.489686965942383	28.07888412475586	1.4742116928100586	-0.5398334264755249	-2.527050018310547	13.071409225463867	0.8352092504501343	-3.3736190795898438	5.002918720245361
S186F	-2.2657651901245117	-2.295344352722168	-14.372111320495605	5.538577079772949	-4.032341003417969	-1.646131992340088	9.679342269897461	6.786280632019043	-1.3709592819213867	-2.213696002960205	-0.619214653968811
S186G	-9.080222129821777	5.113404273986816	-7.095785617828369	23.213279724121094	-6.625884056091309	-3.214820384979248	-1.83643639087677	6.688955783843994	-0.3329414129257202	-4.947656154632568	0.18818941712379456
S186H	1.1110631227493286	12.26620864868164	-3.622258424758911	12.649410247802734	0.2921934425830841	-4.701615810394287	-5.479750633239746	5.501298427581787	1.632551670074463	-3.1133739948272705	1.6535724401474
S186I	3.683073043823242	-8.080277442932129	-0.8500005006790161	1.2775194644927979	4.812014102935791	-5.656540393829346	8.591317176818848	0.5689054131507874	1.8424180746078491	-4.265908241271973	0.19225206971168518
S186K	-0.7863945364952087	12.757932662963867	-6.99855899810791	14.490461349487305	0.008118294179439545	-3.3887174129486084	-7.258941173553467	6.103877544403076	-0.259682834148407	-4.305454730987549	1.0362638235092163
S186L	-7.354589462280273	-21.526670455932617	-8.934755325317383	3.3801698684692383	0.5001767873764038	-10.161474227905273	7.676163673400879	13.814807891845703	3.6766369342803955	-12.217991828918457	-3.114753007888794
S186M	0.647469699382782	6.914126873016357	-3.2079355716705322	14.950926780700684	2.0930137634277344	-4.438058376312256	-2.7828192710876465	5.467049598693848	-1.9204641580581665	-3.5755348205566406	1.414777398109436
S186N	-1.5623029470443726	12.647966384887695	-8.608038902282715	19.898605346679688	-2.2065212726593018	-1.3936893939971924	-4.833789825439453	5.470661640167236	1.361010193824768	-4.284457683563232	1.6489441394805908
S186P	-2.136399269104004	6.096851348876953	-15.816224098205566	8.241924285888672	-10.519580841064453	-1.7668657302856445	-5.308563709259033	3.1903905868530273	-0.9509599208831787	-6.044788360595703	-2.5014214515686035
S186Q	1.4973866939544678	12.991535186767578	-7.099350452423096	24.505817413330078	-0.22130724787712097	-1.4020686149597168	-3.8829240798950195	10.107765197753906	1.8971889019012451	-3.4427335262298584	3.495131015777588
S186R	1.8975387811660767	12.614734649658203	-7.699699401855469	18.651880264282227	-4.308070659637451	-1.2916345596313477	-2.0060739517211914	7.676155090332031	1.3545806407928467	-2.8430707454681396	2.4046339988708496
S186T	1.8747831583023071	6.485076427459717	-1.964572548866272	19.542591094970703	-6.488547325134277	-1.0688676834106445	-2.9232194423675537	12.179997444152832	1.7530730962753296	-2.3978378772735596	2.6992475986480713
S186V	1.8630077838897705	1.4714616537094116	-4.134000301361084	2.3753066062927246	7.53513765335083	-4.334779739379883	12.116713523864746	6.900948524475098	2.627044200897217	-5.610072135925293	2.0810768604278564
S186W	-0.9293350577354431	16.4915828704834	-5.399118423461914	7.057923316955566	-3.7692716121673584	-11.930502891540527	-6.964298248291016	-0.7262672185897827	-10.077996253967285	-2.5754380226135254	-1.8822720050811768
S186Y	2.659425735473633	10.66152572631836	1.8426837921142578	9.176961898803711	-0.6769655346870422	2.261246681213379	0.40583375096321106	-3.939929962158203	3.5869736671447754	2.6526310443878174	2.8630385398864746
Y187A	-20.449281692504883	-12.23538589477539	-28.317668914794922	-8.930103302001953	-44.00513458251953	-40.94745635986328	-12.1878662109375	2.6878201961517334	-27.283184051513672	-36.851318359375	-22.851959228515625
Y187C	-34.39408493041992	-17.396133422851562	-20.436914443969727	-18.39251136779785	-36.73422622680664	-40.982460021972656	-33.106689453125	-12.873607635498047	-14.231644630432129	-51.14310073852539	-27.96913719177246
Y187D	-31.842817306518555	-21.654531478881836	-29.19474983215332	-18.764108657836914	-50.438472747802734	-50.087825775146484	-17.69415283203125	-6.2370429039001465	-26.88678741455078	-41.21293258666992	-29.401342391967773
Y187E	-29.181394577026367	-22.92010498046875	-27.830867767333984	-18.87557601928711	-47.37038803100586	-49.734561920166016	-16.773725509643555	-6.028465270996094	-24.162891387939453	-40.953514099121094	-28.383148193359375
Y187F	-21.655179977416992	-4.254077911376953	-30.71902847290039	3.618239402770996	-20.849794387817383	-33.36384582519531	-7.292579650878906	21.267759323120117	-25.585521697998047	-28.40422248840332	-14.723825454711914
Y187G	-31.457242965698242	-18.66887092590332	-29.723447799682617	-17.564865112304688	-48.67084503173828	-47.54563903808594	-14.624221801757812	-6.798436164855957	-36.305137634277344	-52.0557746887207	-30.341449737548828
Y187H	-30.412647247314453	-16.6381893157959	-20.773244857788086	-18.301687240600586	-34.63301086425781	-46.78003692626953	-29.694074630737305	-10.419694900512695	-11.994640350341797	-54.354923248291016	-27.400217056274414
Y187I	-19.76988410949707	-15.14907169342041	-18.869873046875	-6.092555999755859	-22.531951904296875	-37.86517333984375	-8.079126358032227	15.707036018371582	-23.587100982666016	-30.066713333129883	-16.630441665649414
Y187K	-32.7729606628418	-19.017240524291992	-24.539024353027344	-18.597211837768555	-39.86807632446289	-48.20465087890625	-32.12723922729492	-11.008639335632324	-14.91130256652832	-60.46947479248047	-30.151580810546875
Y187L	-48.02936553955078	-0.4407837688922882	-26.809425354003906	1.3641752004623413	-13.507013320922852	-34.15201187133789	-2.560138702392578	24.142425537109375	-25.61111831665039	-33.293243408203125	-15.8896484375
Y187M	-30.450088500976562	-18.901050567626953	-21.25352668762207	-13.99996566772461	-31.97189712524414	-40.04452133178711	-27.425567626953125	-5.219546794891357	-9.499534606933594	-39.41706085205078	-23.818273544311523
Y187N	-32.83225631713867	-18.64023208618164	-26.738393783569336	-21.098649978637695	-43.94524002075195	-50.36737060546875	-27.202037811279297	-9.034667015075684	-16.929481506347656	-57.714786529541016	-30.4503116607666
Y187P	-34.36518478393555	-24.066787719726562	-29.81965446472168	-18.161670684814453	-42.29633712768555	-50.226219177246094	-23.532018661499023	-10.341568946838379	-23.067230224609375	-52.59090805053711	-30.846755981445312
Y187Q	-32.769752502441406	-21.979572296142578	-27.229890823364258	-21.66050148010254	-47.12682342529297	-50.177146911621094	-24.884130477905273	-6.351691246032715	-18.461332321166992	-49.15951919555664	-29.98003578186035
Y187R	-30.294775009155273	-18.415437698364258	-25.50892448425293	-16.654882431030273	-44.69168472290039	-46.88291931152344	-18.448781967163086	-7.915520191192627	-20.839935302734375	-45.808998107910156	-27.546184539794922
Y187S	-25.210031509399414	-18.385040283203125	-29.57322883605957	-12.040484428405762	-43.14842224121094	-48.0251579284668	-15.783209800720215	-4.275882720947266	-27.693315505981445	-44.09810256958008	-26.823287963867188
Y187T	-21.758262634277344	-18.28265380859375	-24.6810359954834	-14.106232643127441	-38.70649337768555	-42.925086975097656	-22.904541015625	-1.1906055212020874	-17.748613357543945	-46.0154914855957	-24.8319034576416
Y187V	-24.525100708007812	-5.470596790313721	-18.924362182617188	2.4695558547973633	-16.401897430419922	-38.03956604003906	-7.53605318069458	26.212472915649414	-22.776453018188477	-33.02205276489258	-13.80140495300293
Y187W	-33.42866134643555	-10.095438003540039	-16.984987258911133	-12.701544761657715	-36.31747817993164	-42.62525177001953	-33.02769088745117	-25.22553062438965	-9.34927749633789	-43.06364822387695	-26.28194808959961
D188A	4.425182342529297	16.463308334350586	-3.198943853378296	8.837003707885742	-2.858443021774292	-1.3407108783721924	-2.9575657844543457	1.6910830736160278	0.6119658946990967	3.0219814777374268	2.4694862365722656
D188C	-1.0434132814407349	5.816251277923584	4.238132953643799	-5.902725696563721	-9.269745826721191	-2.2975575923919678	-1.5650848150253296	-2.582909345626831	-2.6034328937530518	3.2041022777557373	-1.2006381750106812
D188E	1.336177945137024	13.836761474609375	2.0011606216430664	4.537149429321289	0.41755619645118713	2.119825839996338	-6.992625713348389	5.84458065032959	1.27299964427948	7.317432880401611	3.1691017150878906
D188F	-7.520425319671631	-0.8369641900062561	-10.225135803222656	10.263914108276367	-1.1154261827468872	-6.910820960998535	-3.8433916568756104	0.482328861951828	-6.0023040771484375	-4.334087371826172	-3.0042312145233154
D188G	7.829293251037598	9.129636764526367	-5.986833095550537	8.617094993591309	-2.8262295722961426	0.1763373464345932	-5.221892356872559	2.8338351249694824	3.667802572250366	4.279510021209717	2.2498555183410645
D188H	-2.835784435272217	6.388388633728027	4.628706932067871	-4.086416244506836	-3.2271766662597656	-2.133251667022705	0.12463538348674774	-2.5940916538238525	-3.3970255851745605	7.03157377243042	-0.010044192895293236
D188I	-6.8810715675354	-3.3595547676086426	-3.2005677223205566	2.2793357372283936	-1.7649239301681519	-9.7289457321167	-4.789717674255371	1.4993195533752441	-7.024438381195068	-6.015469074249268	-3.8986034393310547
D188K	-2.2448766231536865	8.391785621643066	4.433517932891846	-11.143850326538086	0.12895220518112183	-2.200991630554199	0.701448917388916	-5.324254035949707	-2.743823289871216	6.302213191986084	-0.36998772621154785
D188L	-40.86171340942383	-9.628177642822266	-13.07479476928711	-0.20708253979682922	-1.0046331882476807	-15.61541748046875	18.869590759277344	2.1212031841278076	-8.472770690917969	-18.27145004272461	-8.614524841308594
D188M	-4.015142440795898	6.857363700866699	1.3670744895935059	5.18907356262207	-5.617433547973633	-6.841932773590088	-7.9893012046813965	1.2435100078582764	-9.889615058898926	3.1154463291168213	-1.6580957174301147
D188N	-4.612276554107666	8.083847045898438	0.9682385921478271	-5.551308631896973	-6.699526786804199	-1.42562997341156	-4.009951591491699	-0.41748562455177307	-2.557208776473999	4.819157123565674	-1.1402145624160767
D188P	-4.649068832397461	-0.11827381700277328	-5.867859840393066	-17.368104934692383	2.5095834732055664	0.25780266523361206	-6.185570240020752	-3.813333749771118	-2.726386308670044	-0.592313826084137	-3.8553528785705566
D188Q	-1.814455509185791	7.788468837738037	1.0992354154586792	-4.961348533630371	2.072887420654297	1.5100388526916504	-1.412349820137024	5.07793664932251	-0.046973198652267456	5.3476481437683105	1.4661089181900024
D188R	-0.6008351445198059	10.806137084960938	0.37287065386772156	-2.9282588958740234	-3.8418385982513428	-0.21413357555866241	-1.4280650615692139	4.738934516906738	0.02041970193386078	6.1631951332092285	1.3088425397872925
D188S	2.7849411964416504	17.649045944213867	-1.536136507987976	5.152009010314941	-5.533147811889648	2.112621307373047	-6.8487043380737305	4.2921223640441895	3.1599416732788086	5.665950298309326	2.68986439704895
D188T	-1.8193278312683105	10.644742012023926	-1.1064592599868774	0.5244805812835693	-5.7144670486450195	-0.16756461560726166	-8.542139053344727	2.4693124294281006	0.28688591718673706	-0.49420517683029175	-0.39187413454055786
D188V	-7.880078315734863	-0.8359453678131104	-7.753819465637207	6.060853481292725	-1.8770275115966797	-9.99362850189209	3.2801122665405273	3.208244562149048	-5.420277118682861	-7.758193492889404	-2.8969757556915283
D188W	7.300938606262207	6.787759304046631	9.54271411895752	7.689184665679932	-2.085482120513916	-5.131153583526611	0.053533587604761124	-8.578498840332031	-3.1239421367645264	6.310938358306885	1.8765993118286133
D188Y	-0.649522066116333	-0.09569140523672104	0.1367070972919464	-10.220911026000977	2.834085464477539	1.3983190059661865	-1.1482369899749756	4.611140727996826	-2.36080265045166	3.1705424785614014	-0.2324369251728058
P189A	-6.393148422241211	-11.599956512451172	-9.878329277038574	5.4472784996032715	-7.853841304779053	-17.82866859436035	-4.956382751464844	8.764522552490234	-9.620163917541504	-21.08954429626465	-7.500823020935059
P189C	-4.49887752532959	-13.471044540405273	-11.738658905029297	4.15224027633667	-4.384122848510742	-13.674572944641113	-6.810242176055908	-5.380063533782959	-1.7490184307098389	-22.35313606262207	-7.990749359130859
P189D	-4.049328327178955	-10.28757095336914	-7.043398857116699	7.771516799926758	-4.169101715087891	-10.888320922851562	-4.173628807067871	1.2786427736282349	-4.140163898468018	-20.797897338867188	-5.649925231933594
P189E	-4.228271961212158	-12.061461448669434	-6.146304607391357	7.697209358215332	-4.074502944946289	-12.014986038208008	-5.343920707702637	2.342691421508789	-4.1952972412109375	-20.466325759887695	-5.849116325378418
P189F	-9.247220039367676	-10.510669708251953	-16.565292358398438	6.2824578285217285	-11.575233459472656	-21.997417449951172	-9.984519004821777	8.816108703613281	-18.427783966064453	-21.61171531677246	-10.482128143310547
P189G	-5.382979393005371	-13.863611221313477	-7.548242092132568	-1.2990450859069824	-8.839859962463379	-12.135232925415039	-2.253851890563965	0.41125723719596863	-5.973586559295654	-25.743934631347656	-8.262908935546875
P189H	-3.5193307399749756	-14.559446334838867	-10.344500541687012	4.875430583953857	-3.5301766395568848	-9.953950881958008	-5.732081413269043	-10.448271751403809	0.5998934507369995	-18.510473251342773	-7.112290859222412
P189I	-9.558280944824219	-12.520299911499023	-11.885770797729492	5.934150218963623	-11.142828941345215	-26.21165657043457	-9.839645385742188	14.027971267700195	-17.912519454956055	-26.4292049407959	-10.55380916595459
P189K	-4.345858097076416	-15.403031349182129	-10.310174942016602	6.990053176879883	-5.223304271697998	-13.141602516174316	-6.663089275360107	-10.98788833618164	0.4347838759422302	-21.49468421936035	-8.014479637145996
P189L	-22.676607131958008	-6.8647894859313965	-28.692642211914062	-1.1555185317993164	-24.612199783325195	-29.98240089416504	-18.711790084838867	11.963232040405273	-21.282394409179688	-33.959381103515625	-17.597448348999023
P189M	-5.304794788360596	-14.391402244567871	-8.640460968017578	6.040122985839844	-3.7089831829071045	-14.460529327392578	-4.2491984367370605	1.5506305694580078	-3.14727520942688	-23.860565185546875	-7.017245292663574
P189N	-4.708811283111572	-12.37214183807373	-10.881074905395508	6.5834856033325195	-4.573729515075684	-12.174375534057617	-6.711264610290527	-4.701205253601074	0.7893711924552917	-22.910520553588867	-7.166027069091797
P189Q	-3.2236459255218506	-10.701568603515625	-8.241966247558594	6.117648124694824	-4.068619251251221	-12.217365264892578	-4.446850299835205	0.5320075750350952	0.8249167203903198	-25.534696578979492	-6.09601354598999
P189R	-2.2165963649749756	-11.301152229309082	-8.075002670288086	1.9710807800292969	-3.465061902999878	-11.283965110778809	-4.52580451965332	-0.2878432869911194	-0.7638950347900391	-19.967937469482422	-5.991617202758789
P189S	-7.153692245483398	-10.581628799438477	-8.195228576660156	3.7456119060516357	-7.120819568634033	-12.50723648071289	-3.629591464996338	3.2287166118621826	-8.162179946899414	-20.01734733581543	-7.039340019226074
P189T	-6.264970302581787	-13.294858932495117	-9.138851165771484	4.5367608070373535	-5.312783718109131	-14.112815856933594	-5.829318046569824	1.6552244424819946	-4.0278639793396	-21.360807418823242	-7.315028190612793
P189V	-9.292430877685547	-7.499973773956299	-14.083573341369629	9.004197120666504	-14.11040210723877	-26.705068588256836	-11.55051040649414	9.922842025756836	-21.22543716430664	-33.04492950439453	-11.858529090881348
P189W	-3.0850207805633545	-12.70238208770752	-8.320775032043457	9.33837890625	-2.3961613178253174	-12.637706756591797	-7.749179363250732	-22.040956497192383	-0.1899179369211197	-21.92838478088379	-8.171210289001465
P189Y	-6.0996270179748535	-15.729859352111816	-12.430458068847656	1.29257333278656	-5.869079113006592	-10.610017776489258	-4.993175983428955	-6.2442145347595215	-4.970252513885498	-15.797897338867188	-8.145200729370117
T190A	35.328670501708984	57.999149322509766	9.414684295654297	13.396098136901855	-1.1138335466384888	12.12398910522461	7.389875411987305	20.741413116455078	12.741010665893555	33.4695930480957	20.149065017700195
T190C	27.74074935913086	27.751066207885742	19.68178939819336	4.8288397789001465	5.369091510772705	17.248706817626953	12.919426918029785	7.463303089141846	13.220951080322266	20.28398323059082	15.650790214538574
T190D	29.9921817779541	49.76419448852539	12.134021759033203	10.521308898925781	2.313373327255249	24.642637252807617	11.902070045471191	14.160370826721191	24.113834381103516	26.16965103149414	20.571361541748047
T190E	31.507892608642578	47.471519470214844	13.371831893920898	17.368865966796875	6.84294319152832	24.06381607055664	9.359549522399902	18.013755798339844	23.28997039794922	35.43263244628906	22.672279357910156
T190F	18.53107261657715	40.7818717956543	-1.653060793876648	9.391498565673828	-0.4511924386024475	9.511249542236328	3.542724847793579	8.039443969726562	8.747721672058105	27.33681297302246	12.377813339233398
T190G	36.695960998535156	42.375205993652344	11.02717113494873	12.172699928283691	1.3442561626434326	26.501083374023438	9.900200843811035	21.369531631469727	24.09111785888672	26.65746307373047	21.213470458984375
T190H	32.30602264404297	26.96446990966797	24.309558868408203	4.857058525085449	7.041693210601807	19.485862731933594	14.571462631225586	7.8420186042785645	11.360822677612305	19.090085983276367	16.78290557861328
T190I	18.562576293945312	37.71227264404297	2.091122627258301	8.54684066772461	0.6241862177848816	8.416593551635742	3.3888421058654785	3.6426241397857666	5.7361884117126465	19.115333557128906	10.783658027648926
T190K	27.891193389892578	38.47819137573242	9.648473739624023	-6.937778472900391	3.116931915283203	24.776933670043945	13.769582748413086	5.716122150421143	16.746850967407227	18.09182357788086	15.12983226776123
T190L	9.412837982177734	8.803543090820312	-10.302297592163086	10.090095520019531	13.38399600982666	8.054391860961914	10.488507270812988	-7.982610702514648	6.318737030029297	5.644617080688477	5.391181945800781
T190M	26.904298782348633	27.513378143310547	21.87872886657715	8.222613334655762	10.300471305847168	12.610189437866211	9.899632453918457	8.265987396240234	11.429033279418945	20.449705123901367	15.747404098510742
T190N	29.5986385345459	32.103153228759766	15.553539276123047	3.719479560852051	4.032026767730713	21.1009521484375	14.415885925292969	9.022971153259277	14.320908546447754	19.798906326293945	16.36664581298828
T190P	24.401554107666016	23.359167098999023	7.457906246185303	-13.61148738861084	0.6663681268692017	20.233692169189453	12.322875022888184	6.593871593475342	8.867340087890625	11.089452743530273	10.138073921203613
T190Q	27.520517349243164	46.664920806884766	9.714927673339844	4.322243690490723	5.929864883422852	26.469072341918945	12.248431205749512	12.12054443359375	22.317659378051758	24.828405380249023	19.21365737915039
T190R	30.768091201782227	39.046241760253906	13.08641529083252	9.844300270080566	5.37971305847168	26.861248016357422	10.604477882385254	13.078265190124512	26.131534576416016	28.5985164642334	20.33987808227539
T190S	38.57168197631836	52.43452072143555	10.12610912322998	13.232933044433594	2.101166248321533	21.454004287719727	9.456948280334473	17.46324920654297	23.075952529907227	33.316490173339844	22.123306274414062
T190V	16.413341522216797	44.29582595825195	1.8097928762435913	9.043468475341797	1.5350099802017212	14.356172561645508	2.512552499771118	4.437395095825195	5.946186065673828	15.915353775024414	11.626508712768555
T190W	25.72322654724121	18.99759864807129	32.431243896484375	-6.158545017242432	6.877043724060059	14.351961135864258	24.03860092163086	-3.509150981903076	6.580379962921143	13.770782470703125	13.310315132141113
T190Y	28.766096115112305	28.830373764038086	15.269693374633789	6.122832298278809	6.608335494995117	17.33657455444336	10.552414894104004	8.06209945678711	15.4334716796875	21.981739044189453	15.896364212036133
K191A	4.6899614334106445	21.408823013305664	-2.7092080116271973	10.45617961883545	2.0225608348846436	6.036745548248291	-0.9050886034965515	-1.2303749322891235	1.1404470205307007	6.219104766845703	4.712914943695068
K191C	11.614821434020996	19.65663719177246	5.700972557067871	2.0516462326049805	0.012261621654033661	2.183897018432617	0.6010496616363525	3.87742018699646	-10.405189514160156	9.057539939880371	4.435105800628662
K191D	19.171579360961914	15.590516090393066	0.424722820520401	4.2927632331848145	-2.9471335411071777	10.44717788696289	-2.7319095134735107	-0.5313166379928589	1.2192696332931519	8.940374374389648	5.387604713439941
K191E	15.080069541931152	22.156126022338867	2.785968780517578	13.739361763000488	2.227616786956787	10.887933731079102	-1.6898866891860962	1.8139429092407227	2.725881338119507	12.251324653625488	8.197834014892578
K191F	0.42444175481796265	0.8643953800201416	-2.407910108566284	4.064732074737549	1.7749816179275513	9.722576141357422	6.341226100921631	-1.4209593534469604	1.6762303113937378	5.024452209472656	2.6064164638519287
K191G	14.391701698303223	6.228366851806641	-1.9658056497573853	3.5828213691711426	-4.093299388885498	9.205012321472168	-2.4357104301452637	-3.4180335998535156	2.923370599746704	14.412761688232422	3.8831183910369873
K191H	13.542078018188477	19.273862838745117	8.075525283813477	4.203078746795654	2.120248317718506	6.784420967102051	-0.2501216530799866	6.556960105895996	-11.717641830444336	10.215580940246582	5.880398750305176
K191I	-0.3632439076900482	3.280484676361084	0.40699639916419983	1.6511614322662354	3.9175021648406982	4.210585594177246	2.647213935852051	1.0884456634521484	-1.2148700952529907	-0.0007402375340461731	1.562353491783142
K191L	-4.020086288452148	-11.04654312133789	0.14482781291007996	2.2720580101013184	2.662569761276245	5.868423938751221	7.35552453994751	2.8515453338623047	1.5643366575241089	-6.56236457824707	0.10902919620275497
K191M	4.489596843719482	20.28228187561035	6.593703746795654	7.129767417907715	3.7252864837646484	4.2575860023498535	0.36590391397476196	7.54775333404541	-11.473599433898926	3.0926342010498047	4.6010918617248535
K191N	16.326650619506836	14.09636402130127	8.596700668334961	-0.36379769444465637	-1.637691855430603	9.363557815551758	-2.4696860313415527	3.654627561569214	-9.030595779418945	9.935651779174805	4.8471784591674805
K191P	7.532790184020996	-4.410246849060059	-4.406167984008789	-12.995294570922852	-6.046923637390137	4.8494954109191895	-6.954806804656982	-26.46590805053711	-13.530376434326172	-5.298312664031982	-6.772575378417969
K191Q	18.347145080566406	17.01926612854004	4.798976421356201	9.578998565673828	2.9478540420532227	12.649532318115234	-2.36261248588562	5.52554178237915	-3.5777127742767334	10.42080307006836	7.534777641296387
K191R	26.414630889892578	21.870622634887695	6.15181827545166	10.069214820861816	1.6078987121582031	9.345359802246094	-1.0795342922210693	6.791525840759277	-0.9009852409362793	13.4447660446167	9.371530532836914
K191S	13.1902494430542	22.400768280029297	-0.45374539494514465	8.817322731018066	-2.0046095848083496	9.142759323120117	-3.5041072368621826	1.6631816625595093	8.741073608398438	11.989219665527344	6.998210906982422
K191T	18.820714950561523	25.255779266357422	3.253950595855713	5.832183837890625	-1.2360787391662598	8.195826530456543	-1.7339441776275635	5.022073745727539	0.1800433248281479	8.726387023925781	7.231694221496582
K191V	1.6055541038513184	5.926599025726318	-0.77788245677948	2.4255318641662598	5.643074035644531	6.25172758102417	5.092445373535156	6.122236251831055	3.1581051349639893	0.049660153687000275	3.5497047901153564
K191W	8.0939359664917	18.67734718322754	12.301689147949219	1.4705326557159424	1.7468531131744385	-4.566290378570557	0.8761816024780273	2.166527032852173	-15.745095252990723	1.7725293636322021	2.6794209480285645
K191Y	13.317819595336914	19.631637573242188	4.98628044128418	3.2874507904052734	2.1391022205352783	2.3175621032714844	-0.34806424379348755	3.4083058834075928	-12.447154998779297	10.494217872619629	4.678715705871582
H192A	-11.966093063354492	-42.80158996582031	-27.323078155517578	-0.8410083055496216	-11.560722351074219	-28.127254486083984	-4.45259428024292	-14.47408390045166	-18.220365524291992	-25.254566192626953	-18.50213623046875
H192C	-10.1278657913208	-26.33613395690918	-23.05194664001465	-1.3460116386413574	-4.075298309326172	-26.260963439941406	-7.680496692657471	-14.630428314208984	-17.42778205871582	-27.06376838684082	-15.800068855285645
H192D	-14.540719985961914	-45.43131637573242	-28.992677688598633	-13.403900146484375	-11.272868156433105	-33.75999069213867	-7.021176815032959	-25.220703125	-27.981935501098633	-24.787384033203125	-23.241268157958984
H192E	-12.414878845214844	-40.88656997680664	-24.502309799194336	-11.280875205993652	-7.105237007141113	-32.8532829284668	-6.623645305633545	-30.404346466064453	-25.246437072753906	-21.178743362426758	-21.249629974365234
H192F	-11.529487609863281	-43.561790466308594	-36.104496002197266	-8.706825256347656	-6.254737854003906	-29.031145095825195	-0.6825100779533386	3.0204215049743652	-22.53561019897461	-23.79010009765625	-17.91762924194336
H192G	-20.903295516967773	-45.900596618652344	-24.29309844970703	-1.7621824741363525	-17.285783767700195	-34.74957275390625	-6.438487529754639	-14.52138900756836	-24.986522674560547	-32.56045150756836	-22.340139389038086
H192I	-13.017343521118164	-51.23097610473633	-14.63919448852539	-11.639238357543945	-2.23456072807312	-27.521116256713867	0.20973122119903564	0.9900897741317749	-18.799869537353516	-19.265792846679688	-15.714826583862305
H192K	-10.880911827087402	-33.045074462890625	-29.832185745239258	12.811820030212402	-10.552817344665527	-34.114356994628906	-5.306626319885254	-13.687304496765137	-17.85628890991211	-27.70149803161621	-17.016523361206055
H192L	-21.995737075805664	-45.472591400146484	-22.51479721069336	-18.979631423950195	-2.570862054824829	-23.358558654785156	-3.891270399093628	11.775008201599121	-5.830595016479492	-23.76767921447754	-15.660672187805176
H192M	-8.657215118408203	-29.817047119140625	-19.36665153503418	3.477835178375244	-1.7513190507888794	-25.13247299194336	-4.796101093292236	-11.472301483154297	-10.759840965270996	-22.04191780090332	-13.031702995300293
H192N	-11.953447341918945	-32.72431564331055	-29.373865127563477	-6.336148262023926	-7.694927215576172	-27.30478858947754	-7.2265472412109375	-21.813060760498047	-31.22109603881836	-28.2969970703125	-20.394519805908203
H192P	-20.981197357177734	-31.900394439697266	-36.31629180908203	6.35374116897583	-12.616527557373047	-29.047195434570312	-9.279504776000977	-5.027853488922119	-25.100536346435547	-27.033187866210938	-19.094894409179688
H192Q	-12.08746337890625	-32.278785705566406	-28.24703025817871	-7.3465986251831055	-7.816198348999023	-32.40327835083008	-6.123195171356201	-21.023038864135742	-24.291603088378906	-24.766315460205078	-19.638349533081055
H192R	-11.65623664855957	-36.50290298461914	-30.485668182373047	-10.504657745361328	-7.799100875854492	-32.92457962036133	-6.591757774353027	-24.743139266967773	-24.70407485961914	-23.894906997680664	-20.980701446533203
H192S	-15.773618698120117	-46.94039535522461	-32.37880325317383	-7.123155117034912	-14.421931266784668	-32.59558868408203	-6.521714687347412	-17.42533302307129	-27.744232177734375	-26.29726219177246	-22.72220230102539
H192T	-12.86717700958252	-35.96901321411133	-27.078983306884766	-4.896676063537598	-6.453177452087402	-27.6416072845459	-5.236652851104736	-19.140871047973633	-16.885143280029297	-21.379457473754883	-17.7548770904541
H192V	-10.768856048583984	-48.625152587890625	-17.720672607421875	-10.379494667053223	-1.9391590356826782	-29.0048885345459	0.48563849925994873	7.515667915344238	-10.734618186950684	-22.42459487915039	-14.359613418579102
H192W	-9.834734916687012	-17.422605514526367	-18.63681411743164	8.571395874023438	-4.6305036544799805	-32.8448600769043	-10.224749565124512	-11.500336647033691	-19.12139892578125	-21.263126373291016	-13.690773010253906
H192Y	-9.760912895202637	-29.376638412475586	-28.185874938964844	0.9067838191986084	-4.7307448387146	-23.732078552246094	-6.071717739105225	-13.431400299072266	-15.476276397705078	-24.754146575927734	-15.46130084991455
P193A	37.41783142089844	34.94725799560547	4.227499008178711	14.650774955749512	8.711310386657715	18.87518882751465	2.4871273040771484	20.168298721313477	6.026880264282227	2.54331111907959	15.005548477172852
P193C	17.37380027770996	8.892967224121094	25.49051856994629	13.29007625579834	3.802682876586914	26.936134338378906	4.088871479034424	19.886877059936523	10.142416000366211	8.118817329406738	13.802316665649414
P193D	32.61480712890625	29.240694046020508	6.948221206665039	17.53685188293457	1.8934853076934814	20.888351440429688	6.10598087310791	25.7939395904541	7.322136402130127	13.9916410446167	16.233610153198242
P193E	34.14391326904297	29.967065811157227	7.410062789916992	18.489988327026367	2.95528244972229	20.28530502319336	5.005608081817627	25.29231071472168	7.491857051849365	13.303638458251953	16.43450164794922
P193F	9.598897933959961	1.113694429397583	-8.710978507995605	14.051772117614746	11.1991605758667	13.199498176574707	1.4350345134735107	6.256518363952637	4.52709436416626	-2.8379409313201904	4.983275413513184
P193G	32.207584381103516	28.765871047973633	6.859218120574951	11.149335861206055	2.8211374282836914	31.30908203125	3.9124653339385986	10.939568519592285	9.10519790649414	15.003768920898438	15.20732307434082
P193H	22.880674362182617	12.298195838928223	31.97643280029297	13.264731407165527	1.2550864219665527	34.18607711791992	6.035501956939697	12.970134735107422	13.606304168701172	10.87144660949707	15.93445873260498
P193I	11.659255981445312	2.705305576324463	-5.370084762573242	8.407782554626465	9.765008926391602	13.114717483520508	1.742882490158081	4.579446792602539	4.498889923095703	-3.066243886947632	4.803696632385254
P193K	27.797197341918945	12.665569305419922	28.669694900512695	17.59162712097168	2.4571404457092285	39.522762298583984	7.480493068695068	8.722331047058105	12.750602722167969	13.104235649108887	17.076168060302734
P193L	-8.36609935760498	-10.536806106567383	-20.953763961791992	-3.633654832839966	-0.6237565875053406	-7.559918403625488	6.1534953117370605	6.6541218757629395	-6.533966541290283	-26.803483963012695	-7.2203826904296875
P193M	18.181228637695312	3.82212495803833	20.918195724487305	11.612011909484863	5.205350875854492	20.725568771362305	1.0724122524261475	13.685922622680664	8.438895225524902	7.692292213439941	11.13539981842041
P193N	25.568674087524414	16.403671264648438	20.109745025634766	15.352741241455078	0.14679551124572754	31.634862899780273	5.299779891967773	14.830459594726562	13.452786445617676	10.313127517700195	15.31126594543457
P193Q	30.11690330505371	18.23749542236328	16.13254737854004	19.279977798461914	2.3679842948913574	29.019081115722656	5.422178268432617	15.089736938476562	14.019484519958496	11.641273498535156	16.132665634155273
P193R	35.68675994873047	21.858781814575195	10.325210571289062	17.59842300415039	4.346357822418213	23.998737335205078	4.047191619873047	13.794323921203613	7.596135139465332	12.282759666442871	15.153468132019043
P193S	35.2944221496582	33.560733795166016	5.572326183319092	16.11301040649414	5.68545389175415	22.886699676513672	5.256908416748047	22.949443817138672	5.776234149932861	10.818901062011719	16.391414642333984
P193T	28.653594970703125	22.430936813354492	5.34122371673584	13.393301963806152	6.148323059082031	21.52688217163086	4.290037155151367	25.308242797851562	6.0352911949157715	11.992706298828125	14.512054443359375
P193V	7.8029303550720215	3.1094167232513428	-6.278064727783203	12.819432258605957	12.365038871765137	8.498815536499023	4.127378940582275	7.153670787811279	5.832530975341797	-4.770009517669678	5.0661139488220215
P193W	11.187487602233887	8.907474517822266	41.74317169189453	10.551573753356934	-1.1342564821243286	48.39043426513672	10.030028343200684	-1.461434245109558	8.56916618347168	11.93201732635498	14.871566772460938
P193Y	26.8925724029541	9.090907096862793	17.949865341186523	14.43278980255127	5.865241527557373	24.83826446533203	2.713797092437744	14.678031921386719	10.915268898010254	8.908757209777832	13.628549575805664
G194A	-21.634273529052734	-35.209720611572266	-9.877191543579102	-2.2809667587280273	-15.768718719482422	-22.05565071105957	-7.999807834625244	-2.6999363899230957	-14.110553741455078	-22.402502059936523	-15.403932571411133
G194C	-11.136832237243652	-23.173219680786133	-12.251703262329102	-7.239487171173096	-11.13798713684082	-23.93838119506836	-14.721692085266113	-13.326607704162598	-8.588781356811523	-24.96656036376953	-15.048126220703125
G194D	-14.888002395629883	-29.530216217041016	-11.658312797546387	-0.6987888813018799	-16.0408992767334	-23.485233306884766	-13.103432655334473	-6.143413543701172	-10.570049285888672	-23.880672454833984	-14.999902725219727
G194E	-14.14776611328125	-31.97327995300293	-10.07507038116455	-1.9892675876617432	-13.366161346435547	-24.24932098388672	-12.96137523651123	-7.462474346160889	-10.999234199523926	-24.10249137878418	-15.13264274597168
G194F	-21.086729049682617	-30.84211540222168	-21.74771499633789	-2.5985615253448486	-13.024686813354492	-19.405858993530273	-2.0155742168426514	-1.5446916818618774	-26.93931007385254	-21.192949295043945	-16.039819717407227
G194H	-10.199058532714844	-23.787002563476562	-13.860177040100098	-4.580500602722168	-10.144370079040527	-23.346445083618164	-14.19823932647705	-12.618879318237305	-7.810156345367432	-23.316547393798828	-14.386138916015625
G194I	-22.897409439086914	-36.216190338134766	-11.419609069824219	-6.807493209838867	-18.468488693237305	-22.554723739624023	-6.0451812744140625	-5.153234004974365	-21.276994705200195	-20.905887603759766	-17.17452049255371
G194K	-8.98962116241455	-23.399614334106445	-14.749391555786133	-5.7209038734436035	-11.128927230834961	-25.06731605529785	-15.889796257019043	-13.656803131103516	-6.875319480895996	-26.07952880859375	-15.155721664428711
G194L	-40.24766159057617	-20.375194549560547	-43.64208221435547	-9.148975372314453	-14.394777297973633	-20.76516342163086	-5.02769660949707	3.7518556118011475	-32.95118713378906	-26.03304100036621	-20.883390426635742
G194M	-14.127581596374512	-23.991104125976562	-11.2644681930542	-6.521451473236084	-9.35080337524414	-22.494895935058594	-13.569713592529297	-14.011690139770508	-8.75069808959961	-24.183622360229492	-14.826603889465332
G194N	-11.98282241821289	-26.25815200805664	-12.99458122253418	-5.6980085372924805	-13.003114700317383	-25.4749698638916	-15.73835277557373	-11.45872974395752	-9.879186630249023	-25.742319107055664	-15.823023796081543
G194P	-9.135948181152344	-23.52802085876465	-12.60275650024414	1.0977404117584229	-15.352720260620117	-22.564876556396484	-12.62831974029541	-5.945930004119873	-8.900609016418457	-16.11524772644043	-12.567668914794922
G194Q	-13.207805633544922	-29.486392974853516	-11.705554008483887	-6.002834796905518	-13.129106521606445	-25.288551330566406	-13.601811408996582	-9.430809020996094	-9.801522254943848	-23.880220413208008	-15.553461074829102
G194R	-11.262067794799805	-27.529747009277344	-11.817509651184082	-5.09719181060791	-13.587359428405762	-23.716182708740234	-12.697227478027344	-8.646941184997559	-8.488516807556152	-23.34180450439453	-14.618453979492188
G194S	-18.835744857788086	-30.256088256835938	-10.336996078491211	-0.6255604028701782	-14.197937965393066	-23.573667526245117	-10.52988052368164	-4.618007659912109	-10.716276168823242	-22.772714614868164	-14.646288871765137
G194T	-14.230280876159668	-27.477989196777344	-10.36281681060791	-4.349967956542969	-12.099153518676758	-23.974966049194336	-12.3897123336792	-6.791939735412598	-7.097596645355225	-24.982635498046875	-14.375704765319824
G194V	-26.715864181518555	-38.76847839355469	-16.681896209716797	-7.368191719055176	-14.836457252502441	-21.781280517578125	-4.990098476409912	-0.9407351016998291	-24.345468521118164	-25.148542404174805	-18.157703399658203
G194W	-6.342107772827148	-16.96645164489746	-16.708513259887695	-5.012941360473633	-11.461791038513184	-27.69202423095703	-15.417353630065918	-24.618776321411133	-8.163178443908691	-22.460784912109375	-15.484392166137695
G194Y	-11.535796165466309	-27.39662742614746	-11.440502166748047	-5.172883033752441	-11.937268257141113	-22.785587310791016	-13.183001518249512	-10.563606262207031	-8.737907409667969	-21.648305892944336	-14.440147399902344
P195A	-48.83693313598633	-4.860182762145996	-5.409252643585205	-10.506248474121094	-21.669843673706055	-26.261709213256836	-4.992674827575684	31.265213012695312	-13.06915283203125	-31.986791610717773	-13.632757186889648
P195C	-18.012996673583984	4.766375541687012	5.955953598022461	0.9279494285583496	-6.47623348236084	-32.45490646362305	-8.684033393859863	-2.8388524055480957	-7.950164318084717	-42.566776275634766	-10.733367919921875
P195D	-32.88508224487305	-5.650346279144287	-1.9782434701919556	-10.82102108001709	-7.86683464050293	-30.20283317565918	-12.862460136413574	5.981217384338379	-2.195894956588745	-44.188201904296875	-14.26697063446045
P195E	-35.755615234375	-12.079887390136719	0.3245721161365509	-9.535633087158203	-7.381155967712402	-30.649534225463867	-12.344956398010254	5.173605442047119	-0.4959467649459839	-38.3651008605957	-14.11096477508545
P195F	-57.61583709716797	-4.993428707122803	-3.9389615058898926	-4.276859760284424	-10.313628196716309	-19.983858108520508	-3.7106964588165283	16.443857192993164	-9.553832054138184	-16.840272903442383	-11.478351593017578
P195G	-41.53266906738281	-16.88204574584961	-13.337240219116211	-19.46641731262207	-10.960216522216797	-26.749765396118164	-7.141738414764404	10.2055082321167	0.42676639556884766	-49.263038635253906	-17.4700870513916
P195H	-15.146235466003418	0.6833896636962891	5.416703224182129	4.467296600341797	-5.807840347290039	-34.748172760009766	-7.982217311859131	-8.303912162780762	-2.2446556091308594	-30.592613220214844	-9.425825119018555
P195I	-59.52320098876953	-18.904035568237305	-6.216794013977051	-8.103878021240234	-13.195623397827148	-22.412837982177734	-4.06845235824585	13.678590774536133	-18.099496841430664	-28.990449905395508	-16.5836181640625
P195K	-16.679574966430664	-1.7714145183563232	5.123963356018066	1.9492270946502686	-8.224512100219727	-33.63722229003906	-10.347530364990234	-18.306888580322266	-5.651241779327393	-40.54775619506836	-12.809295654296875
P195L	-60.73360061645508	-21.096670150756836	-20.950923919677734	15.290975570678711	-20.97663688659668	-30.425697326660156	-1.8455119132995605	22.127965927124023	-42.46129608154297	-41.434715270996094	-20.2506103515625
P195M	-18.120372772216797	-3.284135103225708	2.679703950881958	-0.1465972363948822	-3.9701528549194336	-26.773540496826172	-10.427580833435059	-5.9728498458862305	-7.165422439575195	-34.356910705566406	-10.753786087036133
P195N	-25.148834228515625	0.4408157765865326	1.697077751159668	-0.8601019382476807	-7.340826034545898	-33.19179916381836	-11.47348403930664	-12.511280059814453	-6.556127548217773	-42.71110534667969	-13.7655668258667
P195Q	-23.99471092224121	-4.527199745178223	2.794597625732422	-4.732563018798828	-7.983094215393066	-30.732622146606445	-12.702494621276855	-2.035407304763794	-3.6162588596343994	-42.58213806152344	-13.011187553405762
P195R	-29.985620498657227	9.201693534851074	5.150906562805176	-4.7648210525512695	-5.667563438415527	-33.57353210449219	-11.416665077209473	2.397829294204712	-1.0828046798706055	-40.6468620300293	-11.03874397277832
P195S	-46.78432846069336	3.5640077590942383	-1.5756434202194214	-12.786787033081055	-12.114294052124023	-26.46737289428711	-7.2909393310546875	24.84598159790039	1.2990473508834839	-36.463836669921875	-11.377416610717773
P195T	-30.0284481048584	-1.3877370357513428	-0.5007730722427368	-7.535193920135498	-7.1769609451293945	-25.474937438964844	-14.56982707977295	11.031938552856445	0.31861042976379395	-45.69601821899414	-12.101934432983398
P195V	-68.4565658569336	-17.365846633911133	-8.278214454650879	-3.166961669921875	-16.83705711364746	-24.719104766845703	-3.076392889022827	15.336181640625	-18.4140567779541	-31.52525520324707	-17.650325775146484
P195W	-10.177507400512695	-2.8900394439697266	19.06005096435547	14.01783275604248	-14.389532089233398	-39.41205596923828	-11.170830726623535	-18.798236846923828	-1.9628702402114868	-29.993528366088867	-9.571672439575195
P195Y	-25.978919982910156	4.304083824157715	5.544020652770996	0.587530255317688	-2.0788137912750244	-29.183218002319336	-8.734543800354004	8.191859245300293	-2.877520799636841	-34.7423210144043	-8.496783256530762
P196A	-37.481754302978516	-25.23369789123535	-10.15276050567627	-1.925680160522461	-17.45330238342285	-25.573692321777344	0.5381477475166321	11.356400489807129	-14.20094108581543	-31.45668601989746	-15.15839672088623
P196C	-29.25541114807129	-25.25971794128418	-8.029513359069824	-4.831910610198975	-22.75372314453125	-23.854766845703125	-11.980536460876465	-23.453048706054688	-6.447485446929932	-42.6618537902832	-19.85279655456543
P196D	-41.219207763671875	-44.72818374633789	-13.998364448547363	-11.280660629272461	-20.145910263061523	-29.76462745666504	-8.071615219116211	-1.279101848602295	-8.952703475952148	-42.39113998413086	-22.183151245117188
P196E	-39.99580764770508	-50.66780471801758	-12.933892250061035	-11.192092895507812	-19.42058563232422	-27.873287200927734	-7.572976589202881	-2.693608522415161	-10.43985652923584	-39.96221923828125	-22.275211334228516
P196F	-29.37019920349121	-13.727521896362305	-18.830068588256836	-0.12443360686302185	-13.056939125061035	-25.531574249267578	2.489631175994873	19.978559494018555	-15.83218765258789	-22.578872680664062	-11.658360481262207
P196G	-39.99045181274414	-28.490182876586914	-10.846844673156738	-12.189521789550781	-18.75123405456543	-27.224807739257812	-4.390444278717041	-2.327496290206909	-4.191770076751709	-32.690650939941406	-18.10934066772461
P196H	-25.990055084228516	-23.718982696533203	-10.361879348754883	-7.18402099609375	-20.225746154785156	-25.571413040161133	-9.137523651123047	-29.881505966186523	-1.8661366701126099	-40.33074188232422	-19.426799774169922
P196I	-40.792640686035156	-34.172847747802734	-9.41740894317627	2.0537633895874023	-14.055791854858398	-23.55243682861328	2.933288097381592	15.357027053833008	-16.829431533813477	-29.71787452697754	-14.819435119628906
P196K	-31.306875228881836	-25.260353088378906	-13.952648162841797	-7.830890655517578	-22.424877166748047	-28.475631713867188	-12.382080078125	-32.208396911621094	-7.090917587280273	-47.36503601074219	-22.829771041870117
P196L	-54.153194427490234	-16.960695266723633	-23.433238983154297	27.69110679626465	-18.544721603393555	-23.86142349243164	8.100369453430176	22.77735137939453	-43.746158599853516	-35.03977584838867	-15.717039108276367
P196M	-31.655502319335938	-31.5733699798584	-5.543318748474121	-4.47054386138916	-16.33013343811035	-24.217185974121094	-9.792893409729004	-16.465476989746094	-3.6886448860168457	-36.45907974243164	-18.019615173339844
P196N	-33.719688415527344	-34.86202621459961	-14.487979888916016	-9.68109130859375	-22.018997192382812	-27.769750595092773	-14.427231788635254	-22.508525848388672	-8.18057632446289	-42.89365005493164	-23.054950714111328
P196Q	-35.68545150756836	-42.09854507446289	-10.113652229309082	-9.625530242919922	-20.652917861938477	-28.690771102905273	-11.538403511047363	-12.088581085205078	-7.063150882720947	-40.39754104614258	-21.795454025268555
P196R	-36.52191162109375	-37.00068664550781	-10.223278999328613	-8.824700355529785	-21.636741638183594	-29.037473678588867	-10.141891479492188	-7.1225690841674805	-7.7888031005859375	-42.05790328979492	-21.03559684753418
P196S	-36.214439392089844	-34.583065032958984	-14.34175968170166	-8.06356430053711	-15.397186279296875	-29.61416244506836	-2.135437488555908	5.625473499298096	-6.878151893615723	-35.61198425292969	-17.72142791748047
P196T	-37.37337875366211	-41.78244400024414	-9.107187271118164	-8.379663467407227	-18.42012596130371	-25.770122528076172	-8.916987419128418	0.44716665148735046	-2.796848773956299	-38.775325775146484	-19.08749008178711
P196V	-45.87424850463867	-28.966154098510742	-11.06863021850586	10.012084007263184	-14.971590042114258	-25.79731559753418	6.04982328414917	20.501052856445312	-25.26799964904785	-29.822219848632812	-14.520520210266113
P196W	-27.6993408203125	-7.351066589355469	-16.365819931030273	-0.29291754961013794	-23.209102630615234	-32.01854705810547	-13.080826759338379	-34.63447570800781	-7.203804016113281	-51.566566467285156	-21.34224510192871
P196Y	-30.754241943359375	-33.40696334838867	-6.140065670013428	-6.343639850616455	-17.501962661743164	-22.109439849853516	-9.465388298034668	-11.73105239868164	1.1438344717025757	-38.13269805908203	-17.444162368774414
F197A	-26.554723739624023	-28.33987045288086	-9.297807693481445	-4.074358940124512	-17.608379364013672	-18.47075843811035	-5.917099475860596	-6.6153035163879395	-19.276098251342773	-36.907108306884766	-17.306148529052734
F197C	-15.766048431396484	-19.619369506835938	-1.4791715145111084	2.9890220165252686	-16.054222106933594	-21.65018653869629	-23.774110794067383	-27.020822525024414	-13.185770988464355	-43.18055725097656	-17.87412452697754
F197D	-15.847602844238281	-22.388439178466797	-11.335071563720703	-1.908205270767212	-14.5098237991333	-22.956035614013672	-14.714159965515137	-11.918577194213867	-18.071025848388672	-49.640010833740234	-18.328895568847656
F197E	-14.213005065917969	-29.013010025024414	-4.995745658874512	0.7100409269332886	-12.563360214233398	-22.58965301513672	-14.968303680419922	-17.45785903930664	-14.600784301757812	-44.67409896850586	-17.43657875061035
F197G	-17.950382232666016	-24.316463470458984	-10.262337684631348	-1.8178268671035767	-17.449106216430664	-22.64373016357422	-10.435761451721191	-8.427913665771484	-27.42460823059082	-71.37622833251953	-21.210433959960938
F197H	-9.997359275817871	-15.368270874023438	-2.731995105743408	8.349021911621094	-11.49056339263916	-24.333650588989258	-21.742145538330078	-34.532859802246094	-12.577485084533691	-41.38016891479492	-16.580547332763672
F197I	-42.85365676879883	-31.332998275756836	-7.2664079666137695	-1.5863919258117676	-17.601022720336914	-19.301902770996094	-6.064213275909424	14.304075241088867	-20.763256072998047	-28.85471534729004	-16.132049560546875
F197K	-11.83888053894043	-14.856571197509766	-6.767132759094238	9.185997009277344	-12.285802841186523	-26.20536231994629	-25.707338333129883	-38.960411071777344	-13.912201881408691	-48.23576736450195	-18.95834732055664
F197L	-81.60173034667969	-14.886723518371582	-17.5777587890625	10.617485046386719	-15.758790969848633	-21.99530601501465	-2.2072746753692627	21.840137481689453	-32.41635513305664	-35.058250427246094	-18.904455184936523
F197M	-18.423250198364258	-23.05683708190918	1.081478476524353	2.5024266242980957	-10.805706024169922	-21.0849552154541	-18.97300910949707	-21.92948341369629	-7.900089740753174	-37.420196533203125	-15.600961685180664
F197N	-10.920364379882812	-16.53937530517578	-12.24378490447998	1.0187369585037231	-12.675985336303711	-26.68777084350586	-23.951101303100586	-30.973398208618164	-16.601476669311523	-48.037635803222656	-19.761215209960938
F197P	-14.55293083190918	-21.328012466430664	-17.119226455688477	-12.150459289550781	-13.716644287109375	-28.229581832885742	-25.258895874023438	-11.501495361328125	-17.933862686157227	-35.34415817260742	-19.71352767944336
F197Q	-11.727262496948242	-22.2913875579834	-5.643592834472656	-0.7855045795440674	-12.466379165649414	-23.906038284301758	-20.81234359741211	-22.814908981323242	-16.684606552124023	-43.710670471191406	-18.08426856994629
F197R	-11.303117752075195	-15.476550102233887	-6.831061363220215	-4.09950065612793	-11.808466911315918	-23.872844696044922	-18.462032318115234	-19.160430908203125	-17.19530487060547	-51.7256965637207	-17.993501663208008
F197S	-17.62918472290039	-26.35470199584961	-9.831012725830078	-1.7587041854858398	-16.954814910888672	-22.71787452697754	-10.228845596313477	-8.617741584777832	-21.973243713378906	-47.42794418334961	-18.349407196044922
F197T	-16.395841598510742	-23.050329208374023	-5.838216304779053	-2.2639009952545166	-13.437311172485352	-22.773983001708984	-16.04233741760254	-12.194013595581055	-14.485152244567871	-47.8950080871582	-17.437610626220703
F197V	-62.17389678955078	-22.346097946166992	-8.511682510375977	0.32902997732162476	-17.72788429260254	-22.576065063476562	-2.6403274536132812	22.87405776977539	-26.822372436523438	-32.78703689575195	-17.23822593688965
F197W	-18.161413192749023	-5.426740646362305	0.8667675256729126	15.447494506835938	-17.42034149169922	-31.851242065429688	-16.387319564819336	-43.42957305908203	-9.20846939086914	-40.2886848449707	-16.58595085144043
F197Y	-12.586423873901367	-22.573970794677734	-6.085745811462402	1.0792217254638672	-18.797557830810547	-25.67877769470215	-24.67999839782715	-23.183509826660156	-12.317063331604004	-35.964298248291016	-18.078811645507812
Y198A	-14.35770034790039	-35.71051788330078	-10.752837181091309	-3.9096317291259766	-28.660425186157227	-22.49386978149414	-7.639587879180908	-13.131189346313477	-23.467979431152344	-25.278268814086914	-18.540203094482422
Y198C	-13.181902885437012	-13.481452941894531	-6.764309406280518	0.8814295530319214	-9.349525451660156	-20.495304107666016	-17.646766662597656	-12.347626686096191	-10.892816543579102	-31.294973373413086	-13.457324028015137
Y198D	-15.545195579528809	-23.938955307006836	-13.339776992797852	-2.3278350830078125	-21.403005599975586	-25.13776397705078	-13.03547191619873	-10.213080406188965	-17.817546844482422	-29.69362449645996	-17.24522590637207
Y198E	-14.690399169921875	-28.24778938293457	-9.791051864624023	-1.1550753116607666	-18.08745765686035	-25.496383666992188	-11.917454719543457	-11.635995864868164	-18.297922134399414	-27.545339584350586	-16.686487197875977
Y198F	-27.069581985473633	-24.342029571533203	-21.994417190551758	-2.653280019760132	-27.576866149902344	-27.172327041625977	-5.31654691696167	-7.220675468444824	-29.398712158203125	-23.800434112548828	-19.65448570251465
Y198G	-20.26390266418457	-32.72534942626953	-15.165043830871582	-0.4758665859699249	-24.185914993286133	-22.99102783203125	-11.67249584197998	-9.607138633728027	-25.47313117980957	-38.81513214111328	-20.137500762939453
Y198H	-11.161883354187012	-11.14651870727539	-8.36865234375	4.3841962814331055	-7.285852909088135	-23.284425735473633	-17.390399932861328	-9.899139404296875	-9.408623695373535	-24.22700309753418	-11.778830528259277
Y198I	-17.693546295166016	-52.25880432128906	-10.346226692199707	-0.1578981876373291	-25.815080642700195	-20.626012802124023	-5.785923957824707	-10.886022567749023	-27.814531326293945	-22.795299530029297	-19.41793441772461
Y198K	-13.032902717590332	-12.335774421691895	-10.31749439239502	5.359662055969238	-7.9390411376953125	-24.545352935791016	-19.067174911499023	-10.70326042175293	-10.122431755065918	-29.442058563232422	-13.214582443237305
Y198L	-44.7537956237793	-32.63439178466797	-18.07979965209961	-3.858947515487671	-20.41292953491211	-18.94426918029785	-9.616209983825684	5.170534133911133	-34.57027816772461	-24.412742614746094	-20.211284637451172
Y198M	-12.643918991088867	-21.761398315429688	-3.7455146312713623	2.01322340965271	-8.2435941696167	-24.391624450683594	-16.04561424255371	-16.139942169189453	-9.624124526977539	-25.22061538696289	-13.580312728881836
Y198N	-12.90004825592041	-16.786378860473633	-11.609593391418457	-1.1741042137145996	-15.104938507080078	-27.77347183227539	-15.788830757141113	-10.707326889038086	-14.984697341918945	-33.41887283325195	-16.024826049804688
Y198P	-20.370058059692383	-20.063955307006836	-11.659688949584961	8.042739868164062	-15.022204399108887	-21.619043350219727	-17.913028717041016	-5.110455513000488	-16.048290252685547	-33.03342819213867	-15.279742240905762
Y198Q	-11.167525291442871	-23.494670867919922	-7.2987165451049805	-2.7786426544189453	-13.374077796936035	-25.122417449951172	-13.408864974975586	-12.527926445007324	-13.796415328979492	-26.308988571166992	-14.927824020385742
Y198R	-9.432762145996094	-18.140106201171875	-11.670576095581055	-1.8740776777267456	-15.733762741088867	-22.799514770507812	-13.545320510864258	-9.075103759765625	-11.830610275268555	-28.707128524780273	-14.280896186828613
Y198S	-16.563430786132812	-24.593904495239258	-14.086660385131836	-1.6651170253753662	-25.938024520874023	-24.114118576049805	-9.310736656188965	-10.147300720214844	-23.177593231201172	-29.323335647583008	-17.89202308654785
Y198T	-13.176173210144043	-27.58565902709961	-10.103838920593262	-0.4222116768360138	-18.32325553894043	-24.25662612915039	-11.847902297973633	-10.736437797546387	-17.857471466064453	-26.2264461517334	-16.053600311279297
Y198V	-35.69572067260742	-43.68882369995117	-11.521065711975098	-0.9970990419387817	-27.775785446166992	-22.845417022705078	-6.990112781524658	-5.670372009277344	-28.877887725830078	-27.14672088623047	-21.120899200439453
Y198W	-13.782214164733887	-0.6299713850021362	-14.215417861938477	7.599626064300537	-4.7323408126831055	-21.2601318359375	-23.593055725097656	-22.07476234436035	-12.761425018310547	-25.47479248046875	-13.092448234558105
V199A	-37.64488220214844	-30.576032638549805	-32.86635208129883	-12.349312782287598	-45.0673942565918	-43.84771728515625	-9.247145652770996	-14.085664749145508	-49.23892593383789	-37.019805908203125	-31.194324493408203
V199C	-29.70623779296875	-27.657732009887695	-22.699628829956055	-24.051237106323242	-41.58547592163086	-35.60692596435547	-20.702482223510742	-17.883342742919922	-33.18193435668945	-30.693849563598633	-28.37688636779785
V199D	-37.57717514038086	-32.96827697753906	-34.15237808227539	-18.551069259643555	-50.63167190551758	-44.67976760864258	-15.901988983154297	-12.706711769104004	-34.61680603027344	-37.33268737792969	-31.911853790283203
V199E	-31.62624168395996	-35.596187591552734	-31.46607208251953	-15.936494827270508	-41.371829986572266	-38.04376220703125	-11.3056640625	-12.298200607299805	-35.52511978149414	-37.554561614990234	-29.072412490844727
V199F	-22.970930099487305	-41.71135330200195	-47.665687561035156	-9.331737518310547	-28.099136352539062	-38.37165451049805	-6.602728366851807	-2.0857484340667725	-37.69293975830078	-29.107982635498047	-26.363988876342773
V199G	-44.06062316894531	-32.46133041381836	-39.024375915527344	-22.299291610717773	-44.870574951171875	-41.447776794433594	-13.417598724365234	-19.8764591217041	-41.54707336425781	-45.0861701965332	-34.40913009643555
V199H	-26.509037017822266	-28.651626586914062	-28.07663345336914	-24.898757934570312	-40.92428970336914	-39.097286224365234	-24.304182052612305	-12.630219459533691	-26.479290008544922	-30.13906478881836	-28.171039581298828
V199I	-19.74534034729004	-44.982093811035156	-17.831457138061523	-14.357477188110352	-28.86171531677246	-39.21581268310547	-3.348271369934082	-10.076879501342773	-36.685760498046875	-35.15652847290039	-25.026132583618164
V199K	-31.81887435913086	-27.53414535522461	-29.08708381652832	-27.877010345458984	-45.36648941040039	-39.9268684387207	-30.032922744750977	-16.905765533447266	-29.811988830566406	-34.23828887939453	-31.25994300842285
V199L	-22.256513595581055	-54.07168960571289	-29.322872161865234	-14.572754859924316	-26.119340896606445	-48.06629943847656	-1.1555404663085938	8.673789024353027	-29.94723129272461	-32.8509521484375	-24.96894073486328
V199M	-28.905590057373047	-32.61298751831055	-18.1674861907959	-18.608240127563477	-39.73659133911133	-36.1497688293457	-13.768448829650879	-20.460800170898438	-34.21266174316406	-29.988521575927734	-27.2611083984375
V199N	-34.68003845214844	-30.026874542236328	-33.72274398803711	-27.39304542541504	-47.02568435668945	-43.760162353515625	-22.000539779663086	-16.256589889526367	-33.947845458984375	-34.63252258300781	-32.3446044921875
V199P	-38.35154342651367	-25.638582229614258	-37.528175354003906	-27.369386672973633	-38.089210510253906	-45.45362854003906	-29.054874420166016	-7.687824726104736	-35.842071533203125	-31.256811141967773	-31.627208709716797
V199Q	-28.922082901000977	-32.831783294677734	-33.272056579589844	-21.726560592651367	-45.38014602661133	-41.3636589050293	-16.940248489379883	-14.06993579864502	-31.200986862182617	-35.05976104736328	-30.07672119140625
V199R	-25.86968231201172	-32.39031219482422	-33.56393051147461	-20.00522804260254	-46.637916564941406	-36.54908752441406	-12.633914947509766	-11.730135917663574	-26.09836196899414	-35.929290771484375	-28.140783309936523
V199S	-39.47671127319336	-28.56080436706543	-37.108394622802734	-20.887948989868164	-48.6581916809082	-43.53535842895508	-14.44122314453125	-13.225625991821289	-41.70991134643555	-40.21612548828125	-32.78202819824219
V199T	-29.50058937072754	-32.2105598449707	-27.690025329589844	-19.022375106811523	-42.544559478759766	-38.47874069213867	-14.404290199279785	-15.503782272338867	-37.055564880371094	-35.00912857055664	-29.1419620513916
V199W	-24.59964942932129	-18.351482391357422	-25.066911697387695	-18.98994255065918	-34.92998504638672	-38.737796783447266	-34.67160415649414	-14.969182968139648	-25.53907585144043	-26.05811309814453	-26.19137191772461
V199Y	-27.50864028930664	-29.900856018066406	-21.42854118347168	-20.182567596435547	-39.69004821777344	-33.71855163574219	-15.01404094696045	-14.257354736328125	-32.16551971435547	-32.02313995361328	-26.588924407958984
P200A	0.9003812670707703	18.73615074157715	-8.895337104797363	8.824454307556152	3.7883009910583496	-7.948980331420898	0.6969025135040283	4.985795497894287	1.355782151222229	-12.414691925048828	1.0028759241104126
P200C	6.961448669433594	5.192984580993652	14.265853881835938	2.616541624069214	0.8235063552856445	8.726240158081055	1.115092158317566	17.25589942932129	8.860808372497559	2.6906166076660156	6.850900173187256
P200D	9.089065551757812	15.015243530273438	6.328164577484131	9.963573455810547	1.8544304370880127	0.36466312408447266	0.11889341473579407	22.492244720458984	5.976216793060303	-2.1366922855377197	6.906580448150635
P200E	8.614593505859375	8.859237670898438	8.061958312988281	11.428522109985352	1.092110514640808	0.050540875643491745	0.46230602264404297	21.590633392333984	7.787434101104736	-3.2947769165039062	6.4652557373046875
P200F	-7.327755928039551	-2.6949033737182617	-12.443553924560547	6.689538955688477	-0.08803213387727737	-9.43006706237793	-1.7957611083984375	-0.0027036257088184357	-0.04010052978992462	-9.962615013122559	-3.709595203399658
P200G	9.02989387512207	17.67391014099121	1.1518584489822388	8.394441604614258	1.9073764085769653	-5.029900074005127	-3.4607787132263184	14.83994197845459	3.9622676372528076	-10.646349906921387	3.782266139984131
P200H	7.430868625640869	4.044981002807617	14.996489524841309	2.439004898071289	2.821927547454834	9.877923965454102	1.735644817352295	15.811389923095703	10.515399932861328	5.169353485107422	7.4842987060546875
P200I	-4.060218811035156	-0.946479082107544	-16.5766658782959	4.986831188201904	-2.0060129165649414	-8.942873001098633	0.8950077891349792	2.5284159183502197	0.14449065923690796	-11.21742057800293	-3.5194923877716064
P200K	6.765130519866943	5.589105129241943	13.763335227966309	2.337031364440918	1.8128350973129272	10.14647102355957	0.1448773741722107	13.150857925415039	9.604247093200684	2.812190055847168	6.612608432769775
P200L	-28.812089920043945	7.613366603851318	-28.149471282958984	-0.7244243621826172	-14.362443923950195	-12.278318405151367	3.105024814605713	0.652123212814331	-14.494199752807617	-27.186264038085938	-11.463669776916504
P200M	4.791508197784424	3.6509804725646973	10.840780258178711	1.5333830118179321	2.350548028945923	3.5903635025024414	0.10949325561523438	15.513922691345215	7.613250732421875	1.798319935798645	5.17925500869751
P200N	5.331822395324707	4.533063888549805	10.378373146057129	5.249573230743408	0.8815711140632629	6.30656623840332	-0.5304552316665649	20.720497131347656	8.10984992980957	1.9909323453903198	6.297179222106934
P200Q	4.703973770141602	5.801783561706543	10.117229461669922	7.598330974578857	1.4118059873580933	4.716017723083496	-0.5404354929924011	24.947853088378906	8.71424674987793	3.3213140964508057	7.079211235046387
P200R	5.7649030685424805	10.146196365356445	8.667646408081055	9.256359100341797	2.1431262493133545	4.543468475341797	-0.5002199411392212	27.610328674316406	7.040351867675781	1.774408221244812	7.644656181335449
P200S	11.345891952514648	22.554832458496094	3.2994070053100586	10.030328750610352	1.5254920721054077	1.5137100219726562	0.01333111897110939	16.530410766601562	2.3268704414367676	-5.226441860198975	6.391384124755859
P200T	4.363687515258789	8.070120811462402	7.821661472320557	4.7786688804626465	0.3743255138397217	3.779378890991211	-0.5445998907089233	23.44894027709961	7.212081432342529	-0.7904082536697388	5.851386070251465
P200V	-4.10081148147583	13.455678939819336	-17.878551483154297	6.257057189941406	-0.8964709043502808	-6.716653347015381	3.1421666145324707	4.940974712371826	4.938206672668457	-10.104971885681152	-0.6963375210762024
P200W	5.497315883636475	6.132111549377441	15.514699935913086	2.3346829414367676	4.4781880378723145	9.448247909545898	1.2424612045288086	4.96684455871582	10.380799293518066	5.351370811462402	6.534671783447266
P200Y	6.939598083496094	0.021190442144870758	13.913641929626465	5.35102653503418	1.556900143623352	9.231813430786133	-0.17903482913970947	11.815140724182129	7.404184818267822	6.983933448791504	6.303839683532715
H201A	22.185754776000977	45.92041015625	3.0480892658233643	17.912975311279297	5.878351211547852	17.147342681884766	6.658314228057861	17.428756713867188	11.843961715698242	11.577131271362305	15.960108757019043
H201C	25.029958724975586	22.569799423217773	6.533463954925537	8.708870887756348	-1.4320915937423706	12.367522239685059	6.079288482666016	5.339747428894043	12.58612060546875	16.252819061279297	11.403549194335938
H201D	26.99046516418457	38.35602569580078	8.217845916748047	10.430253982543945	0.9475677013397217	14.163263320922852	6.9189066886901855	15.853652000427246	11.389458656311035	18.702011108398438	15.196945190429688
H201E	26.720796585083008	41.14336395263672	6.888675689697266	12.738539695739746	3.637714385986328	10.783562660217285	6.558166027069092	13.980870246887207	13.779254913330078	16.270349502563477	15.250129699707031
H201F	8.117925643920898	27.63347816467285	-7.241297245025635	9.693675994873047	9.018537521362305	11.320577621459961	-0.7852368950843811	18.636756896972656	14.02273178100586	12.2701416015625	10.268730163574219
H201G	34.91969299316406	33.98595428466797	4.831515789031982	10.69597339630127	3.2515997886657715	15.793533325195312	5.1508660316467285	20.744813919067383	6.503184795379639	15.200156211853027	15.107728958129883
H201I	8.11408805847168	33.26422882080078	-2.419295310974121	4.202078342437744	6.799553871154785	8.46911907196045	0.6577189564704895	11.056221961975098	8.798172950744629	10.130366325378418	8.907224655151367
H201K	28.723388671875	23.497228622436523	7.698481559753418	6.077420234680176	-1.783844232559204	14.575929641723633	7.320140361785889	6.020003318786621	12.64010238647461	16.77762222290039	12.154645919799805
H201L	-3.6150050163269043	1.000457763671875	-13.721746444702148	-10.09942626953125	-2.7137868404388428	2.9007644653320312	-2.4906110763549805	5.579315185546875	7.823265552520752	8.162090301513672	-0.71746826171875
H201M	17.37104034423828	22.318159103393555	4.348780632019043	9.652753829956055	0.3387482464313507	7.708043575286865	6.099921703338623	5.580415725708008	9.936989784240723	14.516252517700195	9.787110328674316
H201N	26.09197235107422	27.210662841796875	6.936310768127441	5.502689361572266	-0.27730077505111694	11.943904876708984	6.225989818572998	7.62680721282959	14.170196533203125	17.885108947753906	12.331635475158691
H201P	26.181970596313477	24.699674606323242	7.756649017333984	2.920903444290161	2.1842901706695557	9.084784507751465	4.25032377243042	5.744369029998779	12.315726280212402	12.281221389770508	10.74199104309082
H201Q	25.568540573120117	32.902130126953125	5.907143592834473	13.709007263183594	1.0377781391143799	11.574617385864258	7.238893032073975	9.682903289794922	13.313529014587402	21.240663528442383	14.217521667480469
H201R	24.403438568115234	32.74380111694336	5.670111656188965	8.524735450744629	0.1845329999923706	11.487167358398438	7.431514739990234	9.384782791137695	14.797690391540527	24.613489151000977	13.924125671386719
H201S	31.078950881958008	45.20454406738281	3.4420065879821777	14.908607482910156	0.6740999817848206	17.895294189453125	6.585607051849365	16.70859146118164	15.557472229003906	18.013643264770508	17.006881713867188
H201T	26.707962036132812	36.34870147705078	4.446743011474609	16.423309326171875	-0.5450689196586609	12.27829360961914	6.718465805053711	9.508649826049805	14.801656723022461	16.391090393066406	14.30798053741455
H201V	4.991365909576416	27.015439987182617	-4.283309459686279	-0.14921966195106506	1.8328537940979004	7.128957748413086	1.3825528621673584	5.44828462600708	9.279403686523438	8.781373023986816	6.142769813537598
H201W	30.830318450927734	18.007566452026367	10.501522064208984	8.065826416015625	4.371102809906006	17.48887825012207	7.990940570831299	-7.850740432739258	8.82199478149414	14.506024360656738	11.273343086242676
H201Y	28.51463508605957	25.12348747253418	6.107021331787109	8.990293502807617	3.0655243396759033	10.848321914672852	7.128226280212402	7.264359474182129	14.054844856262207	15.845885276794434	12.694259643554688
A202C	16.123016357421875	24.085947036743164	12.118574142456055	6.559335708618164	-1.465433120727539	18.138427734375	7.527129173278809	4.873307228088379	13.93445110321045	24.532766342163086	12.642751693725586
A202D	15.675507545471191	33.02626037597656	10.191537857055664	8.081603050231934	-3.5614418983459473	20.448617935180664	10.75365161895752	9.433404922485352	14.147500991821289	29.058135986328125	14.72547721862793
A202E	25.754453659057617	42.974613189697266	8.594002723693848	9.069400787353516	-2.1963040828704834	18.842561721801758	14.07190990447998	10.64805793762207	13.994047164916992	29.220951080322266	17.097368240356445
A202F	8.957993507385254	31.21319007873535	3.7785537242889404	4.752806186676025	9.352775573730469	9.84460163116455	7.113210201263428	7.044788360595703	3.7796764373779297	11.396697998046875	9.723429679870605
A202G	12.231242179870605	28.588260650634766	8.966104507446289	8.426433563232422	-0.1792593002319336	18.62276268005371	6.677419185638428	11.319234848022461	9.098453521728516	30.106042861938477	13.38567066192627
A202H	20.024660110473633	26.928037643432617	15.472216606140137	6.195478916168213	-1.2985972166061401	20.200069427490234	7.70657205581665	4.634312152862549	15.611357688903809	26.01771354675293	14.149182319641113
A202I	9.158722877502441	29.115022659301758	4.7428131103515625	4.3517985343933105	8.214493751525879	7.730459690093994	4.848124027252197	5.465670585632324	4.657534122467041	10.565422058105469	8.885005950927734
A202K	19.445310592651367	28.635543823242188	15.210494041442871	6.7048163414001465	-2.7354438304901123	24.939292907714844	8.693034172058105	5.116539001464844	16.549333572387695	28.695890426635742	15.125480651855469
A202L	-2.6697821617126465	7.335883140563965	-2.3267409801483154	-0.6057518720626831	6.754763603210449	25.201492309570312	2.380336284637451	-12.976175308227539	3.295025110244751	0.6131179928779602	2.700216770172119
A202M	14.57387638092041	26.382543563842773	10.733924865722656	7.460331916809082	0.9529172778129578	15.556244850158691	7.396672248840332	4.880770683288574	13.339142799377441	21.140453338623047	12.24168872833252
A202N	14.787769317626953	26.883163452148438	11.656867027282715	5.984955310821533	-3.368443012237549	21.642709732055664	8.248976707458496	5.5240020751953125	14.574947357177734	29.45762062072754	13.539258003234863
A202P	13.576854705810547	25.58375358581543	12.701598167419434	3.339362621307373	-2.668344497680664	21.414438247680664	6.541601657867432	4.233081817626953	12.386153221130371	23.739070892333984	12.084757804870605
A202Q	18.79245376586914	34.6406364440918	10.574034690856934	7.537869453430176	-1.2403680086135864	19.447450637817383	10.278502464294434	6.611184120178223	15.980659484863281	28.72947120666504	15.1351900100708
A202R	19.278100967407227	35.17264175415039	10.037155151367188	9.050623893737793	-2.3180899620056152	19.607776641845703	8.31402587890625	7.5646653175354	15.991259574890137	32.56856918334961	15.52667236328125
A202S	11.128070831298828	36.195560455322266	8.933249473571777	8.488414764404297	0.3218708634376526	18.171144485473633	7.883288860321045	11.248144149780273	9.787368774414062	26.371191024780273	13.85283088684082
A202T	13.834754943847656	33.49564743041992	9.065969467163086	8.325214385986328	-0.8251193165779114	16.538564682006836	9.257465362548828	7.362112998962402	13.145650863647461	25.076871871948242	13.527714729309082
A202V	10.430270195007324	31.255878448486328	3.832059383392334	3.265778064727783	9.836713790893555	7.2055463790893555	4.8549981117248535	6.206570148468018	4.80399227142334	8.07282543182373	8.976462364196777
A202W	26.077451705932617	20.792085647583008	28.045930862426758	6.13275671005249	-1.526059627532959	28.59884262084961	7.633166790008545	4.661322116851807	13.808647155761719	25.77825927734375	16.000240325927734
A202Y	13.766725540161133	26.487260818481445	10.794515609741211	7.092462062835693	1.099186658859253	14.847698211669922	6.880372047424316	4.328022003173828	11.683197975158691	20.782936096191406	11.776236534118652
E203A	0.6854337453842163	13.031283378601074	-2.9710092544555664	4.544992446899414	0.7754581570625305	1.7166047096252441	0.8654089570045471	-2.5225441455841064	-3.541137933731079	-3.6741082668304443	0.8910381197929382
E203C	4.711937427520752	14.193424224853516	2.01137638092041	-0.7055059671401978	-0.3533618152141571	0.42415061593055725	-1.5563989877700806	3.3666272163391113	-6.264019966125488	1.1558970212936401	1.698412537574768
E203D	4.519223213195801	9.620345115661621	-4.992312908172607	6.741546630859375	-3.2159924507141113	7.535407066345215	-0.4025612473487854	2.2678487300872803	-0.4544900059700012	6.28868293762207	2.7907698154449463
E203F	-8.512714385986328	-9.746726036071777	-2.586906671524048	-4.685690402984619	-13.385934829711914	-3.418107032775879	1.764021635055542	-2.012819766998291	-8.784096717834473	-3.1392085552215576	-5.450818061828613
E203G	-0.08432076126337051	6.550650119781494	-8.291605949401855	6.122553825378418	-4.5178446769714355	1.6430721282958984	-3.3441162109375	-2.253772020339966	-2.8287386894226074	-2.273743152618408	-0.9277865290641785
E203H	6.754450798034668	11.946575164794922	-1.6377620697021484	-4.355441570281982	-1.3800914287567139	2.167022466659546	-1.3619611263275146	2.5988776683807373	-4.2031636238098145	4.877786159515381	1.5406293869018555
E203I	0.37006473541259766	-4.025125026702881	-1.10696542263031	-5.813263893127441	-3.2511281967163086	-4.36742639541626	3.657132387161255	-1.0800172090530396	-4.063144207000732	-1.5279349088668823	-2.1207807064056396
E203K	8.851231575012207	7.011491775512695	-2.051271915435791	-1.7026630640029907	-2.3210296630859375	-1.1681158542633057	-2.8563551902770996	-1.2773914337158203	-6.680599689483643	2.893165349960327	0.06984613090753555
E203L	-0.24249675869941711	-20.322053909301758	-5.5561017990112305	-7.592216968536377	-4.127982139587402	-9.718576431274414	6.738725185394287	3.6285207271575928	-2.2526705265045166	-13.229596138000488	-5.267444610595703
E203M	1.4847441911697388	16.518985748291016	1.3707622289657593	0.9002718925476074	-1.8621710538864136	-4.0179924964904785	-1.7349953651428223	3.0330870151519775	-6.9866461753845215	1.4537197351455688	1.0159766674041748
E203N	6.2934370040893555	5.8467206954956055	-3.151226043701172	0.09526035189628601	-5.067470550537109	-1.3672131299972534	-3.156043767929077	-2.764981269836426	-4.2713518142700195	1.8397774696350098	-0.5703091025352478
E203P	3.933297634124756	-1.5265471935272217	-14.514751434326172	-9.586519241333008	-13.592642784118652	-7.8707356452941895	-5.124785900115967	-4.361514568328857	-4.114449501037598	-3.373833179473877	-6.013247966766357
E203Q	6.824565410614014	17.059417724609375	-0.7867453098297119	6.672789573669434	-3.6213479042053223	4.077367782592773	0.42257365584373474	3.59686017036438	-2.359740972518921	5.7860894203186035	3.7671828269958496
E203R	10.10291576385498	24.08753776550293	-3.5480921268463135	0.6899832487106323	-3.519796371459961	4.551112651824951	1.10545015335083	0.15060432255268097	2.7614643573760986	11.503325462341309	4.788450241088867
E203S	-1.4628478288650513	12.813499450683594	-5.422969341278076	-1.1650729179382324	-3.7695157527923584	3.297825813293457	-0.42112982273101807	-0.8036305904388428	-2.0993573665618896	-0.5729278922080994	0.03938737511634827
E203T	3.993425130844116	19.061279296875	1.7005581855773926	2.631354570388794	-2.5302958488464355	5.311074256896973	0.239349365234375	0.6180858612060547	0.8447942733764648	2.6604325771331787	3.45300555229187
E203V	4.4814910888671875	6.589684963226318	-3.475614547729492	-8.051549911499023	9.2753267288208	-0.7949844002723694	5.817054271697998	0.805180549621582	4.029687881469727	2.650270938873291	2.1326546669006348
E203W	11.012802124023438	6.498457908630371	-2.6663103103637695	-11.179990768432617	0.5344464182853699	-1.819684386253357	-2.1358017921447754	-0.4293558895587921	-9.181467056274414	-0.11810804158449173	-0.9485011100769043
E203Y	2.6838972568511963	14.898567199707031	-0.4665798842906952	-0.3247891962528229	-4.2722978591918945	-0.7394367456436157	-2.362276792526245	2.594182014465332	-7.531668186187744	1.8400013446807861	0.6319599151611328
I204A	-29.32016944885254	-22.991849899291992	-26.22878646850586	-19.63149070739746	-48.927955627441406	-41.91283416748047	-12.312232971191406	-34.46761703491211	-46.36301803588867	-29.938413619995117	-31.209436416625977
I204C	-45.92926025390625	-28.425548553466797	-15.78646183013916	-27.420923233032227	-22.298404693603516	-40.612789154052734	-14.747289657592773	-39.18767547607422	-43.296424865722656	-26.377296447753906	-30.408206939697266
I204D	-54.60246658325195	-33.488643646240234	-22.423131942749023	-32.10874557495117	-42.22511291503906	-60.105987548828125	-18.742536544799805	-44.699947357177734	-48.195640563964844	-31.059743881225586	-38.76519775390625
I204E	-43.30350875854492	-34.71229934692383	-22.416790008544922	-31.44993019104004	-39.52065658569336	-55.038536071777344	-17.869821548461914	-46.72456741333008	-44.294761657714844	-30.95416259765625	-36.62850570678711
I204F	-18.768239974975586	-35.93471145629883	-22.168010711669922	3.6668245792388916	-19.514007568359375	-32.18556594848633	-2.2117760181427	-0.5460060834884644	-24.31120491027832	-10.8258056640625	-16.279850006103516
I204G	-55.63884353637695	-34.95780563354492	-32.837440490722656	-29.660995483398438	-42.63593673706055	-52.638671875	-18.420774459838867	-44.308719635009766	-54.60813522338867	-35.73859786987305	-40.144588470458984
I204H	-47.272247314453125	-32.8433952331543	-17.19637107849121	-28.753236770629883	-25.03299331665039	-44.442787170410156	-18.034543991088867	-40.28529357910156	-43.39856719970703	-28.519296646118164	-32.57787322998047
I204K	-55.860713958740234	-31.684152603149414	-19.217140197753906	-35.70700454711914	-30.239763259887695	-50.316253662109375	-23.409099578857422	-39.97076416015625	-44.67462158203125	-33.53524398803711	-36.46147918701172
I204L	-14.81635856628418	-37.64675521850586	-11.31699275970459	3.6008379459381104	-0.36276817321777344	-12.70594310760498	5.238099575042725	7.896491527557373	5.097924709320068	-1.15509033203125	-5.617055416107178
I204M	-41.316280364990234	-37.19290542602539	-14.802000999450684	-17.892057418823242	-22.783836364746094	-28.515953063964844	-11.106128692626953	-33.4893684387207	-33.69847106933594	-21.859081268310547	-26.265609741210938
I204N	-64.98655700683594	-32.96154022216797	-23.5042781829834	-32.54148864746094	-33.76090621948242	-51.750247955322266	-18.488235473632812	-39.487918853759766	-51.80658721923828	-33.234981536865234	-38.25227355957031
I204P	-65.51071166992188	-27.626873016357422	-30.68016242980957	-40.373226165771484	-30.685827255249023	-53.48775100708008	-23.965770721435547	-28.588809967041016	-50.19810104370117	-33.646846771240234	-38.47640609741211
I204Q	-48.88565444946289	-33.8497428894043	-20.90312385559082	-27.542009353637695	-33.35329055786133	-52.38426971435547	-15.112506866455078	-42.11038589477539	-44.343318939208984	-30.898754119873047	-34.93830490112305
I204R	-44.927730560302734	-33.9137077331543	-19.308639526367188	-27.31888771057129	-36.16398239135742	-44.66156005859375	-12.61117172241211	-38.405906677246094	-40.744140625	-30.28580665588379	-32.83415222167969
I204S	-48.300048828125	-29.65435791015625	-24.735126495361328	-26.126907348632812	-47.174983978271484	-50.0401496887207	-15.695650100708008	-45.49581527709961	-49.12578582763672	-31.323875427246094	-36.767269134521484
I204T	-41.82402038574219	-29.62383270263672	-19.82990837097168	-20.86240577697754	-37.86048126220703	-45.846012115478516	-13.8142671585083	-34.53253173828125	-40.20307540893555	-28.644779205322266	-31.304128646850586
I204V	-13.80825138092041	-19.234312057495117	-11.505694389343262	1.8858455419540405	-11.064228057861328	-23.195091247558594	2.7714452743530273	1.1063913106918335	0.16227124631404877	-14.042434692382812	-8.69240665435791
I204W	-48.24098205566406	-30.44379234313965	-13.691611289978027	-33.105995178222656	-16.965667724609375	-45.42063903808594	-32.243629455566406	-32.720882415771484	-33.10678482055664	-26.352624893188477	-31.229263305664062
I204Y	-31.962678909301758	-25.35200309753418	-13.531427383422852	-21.403982162475586	-19.86302375793457	-33.71236038208008	-13.026825904846191	-34.096439361572266	-44.15971374511719	-21.564193725585938	-25.867263793945312
E205A	34.06593322753906	53.63469696044922	4.990817546844482	11.261262893676758	3.7726500034332275	12.870725631713867	5.681169033050537	19.152677536010742	20.22382164001465	16.503643035888672	18.215740203857422
E205C	34.56623458862305	27.66327667236328	3.6655592918395996	-14.849411964416504	1.0562809705734253	5.831996440887451	3.784670829772949	0.22858785092830658	7.466474533081055	2.0071420669555664	7.142081260681152
E205D	35.15468978881836	35.08740997314453	3.578894853591919	-0.24205434322357178	0.695435106754303	16.69279670715332	5.571382522583008	4.929008960723877	14.966360092163086	9.574823379516602	12.600873947143555
E205F	12.471173286437988	47.91191482543945	0.9667192697525024	16.097145080566406	4.668002128601074	11.1697998046875	2.969390392303467	14.269376754760742	10.392119407653809	17.236814498901367	13.815244674682617
E205G	38.889583587646484	41.19157028198242	2.480210065841675	-7.051696300506592	2.6389975547790527	16.289409637451172	5.468430042266846	13.4061279296875	24.081357955932617	12.456642150878906	14.985064506530762
E205H	37.44394302368164	25.590984344482422	1.971925139427185	-14.901117324829102	-0.48381197452545166	6.062226295471191	4.044357776641846	0.9658867120742798	3.5020949840545654	3.555274248123169	6.775176048278809
E205I	8.245563507080078	35.04978561401367	5.118288516998291	7.734542369842529	4.007620334625244	9.091002464294434	3.6193294525146484	11.205816268920898	7.212157249450684	16.30614471435547	10.759025573730469
E205K	37.157562255859375	20.29570960998535	0.11240044236183167	-17.942886352539062	-2.477621555328369	6.913780689239502	4.164984703063965	0.8866235017776489	2.872846841812134	1.0897070169448853	5.307310581207275
E205L	6.191953182220459	-0.03150119632482529	-4.680523872375488	-1.1383342742919922	7.923619270324707	6.817756175994873	4.63409423828125	1.2963091135025024	3.5442543029785156	16.88931655883789	4.1446943283081055
E205M	27.211137771606445	31.029600143432617	3.009638786315918	-6.631166458129883	3.3922119140625	3.940492630004883	3.9211010932922363	0.2684191167354584	7.47401237487793	2.9481699466705322	7.656362056732178
E205N	37.60384750366211	25.519956588745117	0.33221569657325745	-14.500985145568848	-2.189760208129883	8.776872634887695	4.574703693389893	4.026775360107422	4.838968753814697	1.8178272247314453	7.080041408538818
E205P	30.209918975830078	11.252546310424805	-3.6562750339508057	-20.600065231323242	-2.0733141899108887	5.899497032165527	-0.451257586479187	0.18141888082027435	3.251255750656128	-26.314380645751953	-0.23006610572338104
E205Q	37.845916748046875	36.73121643066406	2.9772450923919678	-8.810184478759766	0.9419575929641724	11.97035026550293	5.176002025604248	3.484271287918091	5.702555179595947	7.779408931732178	10.379873275756836
E205R	37.954280853271484	35.732208251953125	4.345039367675781	-3.126615047454834	2.4883594512939453	11.075654029846191	6.695188045501709	8.70011043548584	13.21933364868164	10.472115516662598	12.75556755065918
E205S	39.95359420776367	51.08226013183594	5.095161437988281	-3.5742180347442627	2.7569031715393066	16.492177963256836	6.812170505523682	15.246746063232422	25.953641891479492	13.925819396972656	17.374425888061523
E205T	34.479591369628906	39.48591232299805	3.9837112426757812	-4.290074348449707	1.6785441637039185	12.887519836425781	5.858932971954346	4.29456901550293	13.705409049987793	7.434230327606201	11.951833724975586
E205V	9.274871826171875	38.496883392333984	5.01970100402832	11.413829803466797	5.506434917449951	9.585638046264648	2.568084239959717	12.220682144165039	4.951725959777832	17.94392967224121	11.698179244995117
E205W	31.040220260620117	16.670024871826172	1.2154014110565186	-31.270164489746094	-0.05731946974992752	-0.2750357389450073	5.460230827331543	-11.697354316711426	1.9958008527755737	-11.640996932983398	0.14408054947853088
E205Y	32.57097244262695	32.73600387573242	2.4133496284484863	-14.500188827514648	1.8359743356704712	7.128223419189453	3.3211522102355957	3.2878048419952393	6.925115585327148	2.1012613773345947	7.781968116760254
R206A	16.166790008544922	50.052120208740234	5.830355644226074	12.22947883605957	3.716397285461426	11.755845069885254	8.931133270263672	15.299515724182129	10.986607551574707	18.45117950439453	15.341939926147461
R206C	31.93730354309082	19.845613479614258	7.574136734008789	2.559434175491333	0.9183599948883057	11.005683898925781	12.705672264099121	6.788525581359863	9.946552276611328	9.45871639251709	11.27400016784668
R206D	24.066883087158203	28.41638946533203	6.763302803039551	1.296266794204712	-0.4486766457557678	13.88707447052002	13.189337730407715	12.61052417755127	9.6119966506958	12.095431327819824	12.148853302001953
R206E	28.66287612915039	39.1862907409668	6.526583671569824	3.9687156677246094	1.7221544981002808	13.54993724822998	13.762555122375488	13.948905944824219	10.486377716064453	14.517644882202148	14.633203506469727
R206F	10.544568061828613	26.032962799072266	0.7741467952728271	11.258133888244629	4.139976978302002	9.317312240600586	8.043416023254395	10.065715789794922	5.49544095993042	12.839012145996094	9.851068496704102
R206G	22.470317840576172	32.4502067565918	5.861298084259033	3.37469744682312	1.4424039125442505	13.25852108001709	10.027088165283203	14.650325775146484	12.625242233276367	13.577305793762207	12.97374153137207
R206H	33.24784469604492	19.244112014770508	9.05214786529541	0.3027697205543518	1.4785107374191284	11.570859909057617	13.3701171875	6.310257434844971	9.439719200134277	10.10722541809082	11.41235637664795
R206I	8.990334510803223	32.94965362548828	5.1042351722717285	7.333014011383057	11.422420501708984	9.84115982055664	8.549775123596191	11.958593368530273	4.904382228851318	14.018821716308594	11.50723934173584
R206K	35.361114501953125	20.614046096801758	9.440572738647461	-1.0716325044631958	1.3574634790420532	13.620309829711914	13.126477241516113	6.237932205200195	9.349451065063477	9.941078186035156	11.797680854797363
R206L	4.763004302978516	3.1528539657592773	-1.5908820629119873	0.9652405977249146	12.250075340270996	23.109872817993164	3.8620738983154297	4.672992706298828	1.676299810409546	6.6486287117004395	5.951015949249268
R206M	28.185935974121094	20.216049194335938	6.991223335266113	4.474433422088623	5.116552352905273	8.75417423248291	13.539834022521973	6.703252792358398	9.472095489501953	8.567275047302246	11.202082633972168
R206N	29.097938537597656	20.644681930541992	8.36557388305664	0.19302020967006683	0.5985457301139832	12.215394020080566	12.419635772705078	6.898094177246094	7.956123352050781	9.610208511352539	10.799921035766602
R206P	25.777799606323242	16.921960830688477	7.271663665771484	-6.130973815917969	-0.09538400918245316	10.178293228149414	8.348870277404785	4.513451099395752	5.109867095947266	-1.9607609510421753	6.993479251861572
R206Q	29.556344985961914	30.81109619140625	7.838515758514404	3.232163190841675	1.1250239610671997	12.24967098236084	14.224614143371582	10.0750732421875	9.767460823059082	11.821992874145508	13.070196151733398
R206S	17.443239212036133	38.19182586669922	5.323244571685791	6.611662864685059	2.999478340148926	13.096806526184082	10.668946266174316	14.169523239135742	12.240952491760254	13.512380599975586	13.425806045532227
R206T	24.13711929321289	30.71993637084961	5.988618850708008	4.824766159057617	1.4566519260406494	12.024879455566406	13.230918884277344	11.344633102416992	10.428523063659668	9.660788536071777	12.381683349609375
R206V	9.163894653320312	38.80585861206055	3.9492077827453613	8.350907325744629	9.769636154174805	10.140116691589355	7.240306854248047	13.082915306091309	4.568309307098389	15.085698127746582	12.015684127807617
R206W	37.60693359375	13.642553329467773	12.703712463378906	-7.055243968963623	1.563991665840149	15.951238632202148	13.390284538269043	3.7702739238739014	7.268709182739258	8.89794635772705	10.774039268493652
R206Y	30.14459991455078	18.121618270874023	7.292154312133789	1.653827428817749	-0.45645636320114136	9.391221046447754	12.045662879943848	6.259674549102783	7.905993938446045	9.04852294921875	10.140681266784668
L207A	-21.73086929321289	-28.46750259399414	-19.29104995727539	-6.984968185424805	-31.974063873291016	-35.14048385620117	-8.085352897644043	4.048958778381348	-32.0191535949707	-37.309059143066406	-21.695354461669922
L207C	-42.828304290771484	-25.558502197265625	-14.323362350463867	-14.577776908874512	-23.420612335205078	-36.68984603881836	-20.604516983032227	-24.327760696411133	-21.566757202148438	-28.677112579345703	-25.257455825805664
L207D	-36.13028335571289	-27.134092330932617	-19.09220314025879	-18.70990562438965	-34.449012756347656	-52.44792175292969	-14.527616500854492	-19.00165367126465	-40.99231719970703	-36.540042877197266	-29.90250587463379
L207E	-27.993350982666016	-28.98990821838379	-14.863030433654785	-14.433857917785645	-27.352310180664062	-45.3006591796875	-14.622344970703125	-13.655049324035645	-29.32608413696289	-37.73124694824219	-25.42678451538086
L207F	-19.285795211791992	-26.704477310180664	-30.910207748413086	-3.364482879638672	-24.95343780517578	-24.74913787841797	-7.062475681304932	1.353888750076294	-22.152950286865234	-36.591922760009766	-19.442100524902344
L207G	-45.51503372192383	-26.459339141845703	-28.128175735473633	-20.64387321472168	-36.139915466308594	-44.728675842285156	-13.132721900939941	-25.113317489624023	-52.922454833984375	-44.71070861816406	-33.749420166015625
L207H	-40.261131286621094	-27.4206600189209	-15.273550033569336	-15.973718643188477	-22.123886108398438	-44.075836181640625	-27.319812774658203	-26.22371482849121	-17.82257843017578	-26.810264587402344	-26.330514907836914
L207I	-7.7273335456848145	-32.721614837646484	-8.327170372009277	-11.394316673278809	-10.152873992919922	-30.315248489379883	-0.19380998611450195	4.602745056152344	-2.7744503021240234	-7.079935550689697	-10.608400344848633
L207K	-53.19124984741211	-29.2014217376709	-17.86981773376465	-20.35872459411621	-25.801231384277344	-50.93352508544922	-32.12469482421875	-36.12792205810547	-25.317913055419922	-30.693449020385742	-32.16199493408203
L207M	-40.564186096191406	-29.465171813964844	-11.525578498840332	-6.3904924392700195	-22.175697326660156	-30.103130340576172	-12.13251781463623	-22.294876098632812	-15.552977561950684	-28.02178955078125	-21.822643280029297
L207N	-52.51709747314453	-28.277179718017578	-20.445886611938477	-22.442026138305664	-28.9991397857666	-46.7663459777832	-21.53131675720215	-31.769453048706055	-37.133636474609375	-33.87326431274414	-32.37553405761719
L207P	-45.4528694152832	-29.267597198486328	-37.58403396606445	-30.972871780395508	-27.379186630249023	-59.84684753417969	-27.386091232299805	-21.050912857055664	-46.92009735107422	-33.574893951416016	-35.943538665771484
L207Q	-43.47426986694336	-28.892114639282227	-16.67172622680664	-13.276691436767578	-26.510883331298828	-45.190608978271484	-17.265649795532227	-21.61754608154297	-21.04245948791504	-35.38216018676758	-26.93241310119629
L207R	-31.40057373046875	-28.971837997436523	-16.96038818359375	-11.699188232421875	-30.413721084594727	-38.52037048339844	-13.274956703186035	-17.36762046813965	-17.040279388427734	-39.31086349487305	-24.495981216430664
L207S	-36.8770751953125	-26.29003143310547	-23.19684410095215	-17.06807518005371	-41.3521728515625	-43.005958557128906	-11.656001091003418	-19.89899444580078	-52.03264617919922	-40.48454284667969	-31.186237335205078
L207T	-32.67741775512695	-29.392732620239258	-15.199466705322266	-13.125903129577637	-28.56435775756836	-39.70331573486328	-11.287871360778809	-19.497146606445312	-28.233308792114258	-32.72477340698242	-25.040630340576172
L207V	-6.8311967849731445	-26.947689056396484	-6.990767478942871	-9.2568359375	-11.629552841186523	-23.73187255859375	0.9030516743659973	2.095608949661255	1.5060769319534302	-5.35177755355835	-8.623495101928711
L207W	-50.06795883178711	-32.08897399902344	-11.8535737991333	-19.45265007019043	-15.684043884277344	-46.196434020996094	-32.81647872924805	-28.073322296142578	-16.067739486694336	-20.30931854248047	-27.261051177978516
L207Y	-25.64703369140625	-26.881317138671875	-17.610416412353516	-21.327390670776367	-24.407135009765625	-30.72933006286621	-15.365623474121094	-21.60822868347168	-26.78076171875	-30.056835174560547	-24.041406631469727
F208A	-15.016550064086914	-30.659177780151367	-21.57608985900879	-4.389388084411621	-29.29289436340332	-25.417905807495117	-10.325769424438477	-10.509495735168457	-26.46485710144043	-25.034618377685547	-19.868675231933594
F208C	-9.276719093322754	-44.33475112915039	-11.577790260314941	-8.803583145141602	-15.879798889160156	-38.93418884277344	-11.758428573608398	-18.566389083862305	-16.978374481201172	-23.30597496032715	-19.941598892211914
F208D	-20.6814022064209	-48.94375228881836	-18.03818702697754	-13.105426788330078	-32.18522262573242	-33.23222351074219	-12.084646224975586	-21.146289825439453	-24.5838623046875	-30.71933937072754	-25.472034454345703
F208E	-14.940406799316406	-43.93186950683594	-15.057610511779785	-14.181049346923828	-32.07529067993164	-32.67677307128906	-12.22889232635498	-22.61321449279785	-26.490217208862305	-31.649089813232422	-24.584442138671875
F208G	-14.134130477905273	-50.50421142578125	-22.727388381958008	-18.07395362854004	-34.67496871948242	-32.09429168701172	-17.390615463256836	-24.141328811645508	-25.923694610595703	-35.247806549072266	-27.49123764038086
F208H	-15.854132652282715	-40.989017486572266	-12.617759704589844	-6.039525508880615	-12.940171241760254	-43.13433074951172	-13.160255432128906	-19.55168342590332	-18.262744903564453	-25.347492218017578	-20.789710998535156
F208I	-5.990575313568115	-11.482908248901367	-8.58436393737793	5.89417839050293	-8.820286750793457	-9.42259693145752	-3.336428642272949	0.08501298725605011	-1.7040621042251587	-7.594400405883789	-5.095643043518066
F208K	-20.93746566772461	-47.4188117980957	-14.970630645751953	-8.436513900756836	-17.257335662841797	-45.91363525390625	-16.659189224243164	-25.817073822021484	-22.42593002319336	-31.375398635864258	-25.121198654174805
F208L	-5.311307907104492	-30.04503059387207	-8.439764022827148	3.8473637104034424	-4.418619155883789	-4.243547439575195	-1.9751451015472412	4.810152053833008	6.599740982055664	-13.25312328338623	-5.242928504943848
F208M	-10.422722816467285	-37.67094039916992	-13.089996337890625	1.2578353881835938	-12.556017875671387	-30.44570541381836	-5.112898826599121	-15.446134567260742	-9.628517150878906	-16.77537727355957	-14.989048957824707
F208N	-18.935245513916016	-48.91975021362305	-17.409360885620117	-11.951882362365723	-22.070228576660156	-34.81161880493164	-12.693252563476562	-21.982572555541992	-25.901872634887695	-29.289772033691406	-24.396554946899414
F208P	-21.94655418395996	-45.36030197143555	-21.33404541015625	-15.081799507141113	-22.666423797607422	-35.475311279296875	-18.211105346679688	-17.43692970275879	-32.17438507080078	-29.096099853515625	-25.8782958984375
F208Q	-15.322324752807617	-43.51491165161133	-15.820082664489746	-7.749431610107422	-20.130077362060547	-35.66943359375	-10.580589294433594	-20.29777717590332	-19.50308609008789	-23.59334945678711	-21.218107223510742
F208R	-9.695598602294922	-46.53956604003906	-16.886917114257812	-8.679655075073242	-21.24385643005371	-33.174922943115234	-10.186156272888184	-22.282621383666992	-19.136430740356445	-26.289987564086914	-21.411571502685547
F208S	-13.70478630065918	-43.47319793701172	-18.197891235351562	-9.292484283447266	-33.21196365356445	-27.578590393066406	-11.296406745910645	-18.183298110961914	-28.92681884765625	-30.5067138671875	-23.43721580505371
F208T	-9.074461936950684	-40.66579055786133	-12.245597839355469	-4.993556499481201	-22.709054946899414	-24.65911102294922	-6.437641143798828	-17.248435974121094	-19.76409912109375	-21.41541862487793	-17.92131805419922
F208V	-9.112236976623535	-12.988631248474121	-10.307669639587402	5.385885715484619	-6.3082075119018555	-10.72875690460205	-2.8043603897094727	0.9191210865974426	1.561364769935608	-14.055452346801758	-5.843894004821777
F208W	-14.620016098022461	-44.606266021728516	-15.755912780761719	1.6684679985046387	-10.446200370788574	-46.525970458984375	-14.452629089355469	-27.30795669555664	-15.773028373718262	-30.158906936645508	-21.797840118408203
F208Y	-9.700164794921875	-35.14904022216797	-9.00310230255127	-2.4104666709899902	-15.254788398742676	-30.344615936279297	-6.105011463165283	-6.083584308624268	-8.486581802368164	-16.49773406982422	-13.903509140014648
G209A	9.194600105285645	30.575544357299805	4.465005397796631	8.694478034973145	15.981157302856445	20.141921997070312	6.772590160369873	6.938043594360352	3.821589231491089	10.967423439025879	11.755234718322754
G209C	12.850909233093262	8.645087242126465	6.913829803466797	8.42094898223877	7.772318363189697	14.874202728271484	0.8512978553771973	-1.3681707382202148	6.092391490936279	7.378101825714111	7.2430925369262695
G209D	14.906907081604004	13.915464401245117	7.515869140625	3.504223585128784	11.95988655090332	22.187196731567383	4.293426513671875	3.7434628009796143	3.320500135421753	10.973347663879395	9.632028579711914
G209E	12.385527610778809	16.036415100097656	9.314205169677734	6.114396095275879	14.935577392578125	23.673227310180664	5.515842437744141	4.588186264038086	3.8010072708129883	12.078782081604004	10.844316482543945
G209F	2.78491473197937	20.466108322143555	-2.125096321105957	5.316443920135498	5.553983688354492	11.578186988830566	1.9766744375228882	2.480241537094116	2.38511061668396	8.840801239013672	5.925736427307129
G209H	18.05912971496582	7.5222883224487305	5.859348773956299	6.046001434326172	8.989090919494629	13.758785247802734	1.5389745235443115	0.44137337803840637	5.604134559631348	8.019628524780273	7.5838751792907715
G209I	5.197468280792236	9.269697189331055	-0.5253125429153442	0.7852908372879028	11.149327278137207	8.794624328613281	3.771786689758301	5.267997741699219	2.7389159202575684	7.084218502044678	5.353401184082031
G209K	19.439979553222656	5.3462018966674805	5.767765998840332	6.972771644592285	10.00506591796875	13.930296897888184	0.465678334236145	1.4236795902252197	5.887913703918457	7.777205467224121	7.701656341552734
G209L	2.231092691421509	2.868311643600464	-7.116915702819824	-3.192589044570923	5.861484050750732	3.342994451522827	-9.280030250549316	2.3919754028320312	2.395502805709839	-3.6415908336639404	-0.4139764904975891
G209M	10.564413070678711	4.987345218658447	5.377860069274902	9.196934700012207	9.190814018249512	7.703744888305664	2.0267820358276367	0.6948739290237427	5.518337726593018	6.394962787628174	6.165606498718262
G209N	19.454383850097656	5.390848159790039	5.837149620056152	4.223719596862793	9.015336036682129	17.640777587890625	0.922529399394989	2.3148934841156006	5.553008556365967	7.482380390167236	7.78350305557251
G209P	18.916440963745117	-1.8123160600662231	4.022047996520996	11.05113410949707	6.049768447875977	10.21142292022705	-2.1501073837280273	1.352927327156067	4.483415603637695	6.240785121917725	5.836551666259766
G209Q	18.192556381225586	12.339506149291992	7.194153785705566	5.913191318511963	10.104966163635254	18.27653694152832	3.0326976776123047	2.717597484588623	6.196520805358887	8.77608871459961	9.274381637573242
G209R	14.298343658447266	14.803083419799805	6.448724269866943	3.539353847503662	10.203163146972656	19.0805721282959	2.903204917907715	2.64522123336792	5.421104907989502	9.18690013885498	8.85296630859375
G209S	13.847674369812012	23.448293685913086	7.487090110778809	7.213234901428223	14.423514366149902	22.591033935546875	5.867058277130127	8.26622486114502	3.061089515686035	10.6714448928833	11.687665939331055
G209T	14.107048034667969	11.268260955810547	6.79958438873291	7.948195934295654	9.825383186340332	16.153167724609375	4.096701622009277	3.966420888900757	4.9120402336120605	8.113569259643555	8.719038009643555
G209V	6.332289695739746	9.200408935546875	0.7814103364944458	1.5572705268859863	11.41113567352295	8.62824821472168	0.05893269553780556	5.800177097320557	3.2784335613250732	8.102256774902344	5.51505708694458
G209W	13.249442100524902	-3.0182034969329834	2.6801559925079346	8.317931175231934	8.710323333740234	13.780080795288086	-0.055118050426244736	-20.615447998046875	6.927964687347412	4.641735076904297	3.461885929107666
G209Y	15.02441120147705	10.180632591247559	6.221715927124023	4.724755764007568	4.397802829742432	11.051004409790039	1.324608564376831	-6.447528839111328	5.687647819519043	7.147397994995117	5.93124532699585
K210A	15.704344749450684	37.51737594604492	4.027209281921387	14.920807838439941	4.462808132171631	21.59088706970215	8.813117027282715	15.363044738769531	10.759861946105957	16.447134017944336	14.960658073425293
K210C	10.247323036193848	20.95296287536621	7.175014495849609	1.757961630821228	4.413196563720703	11.012810707092285	8.448040962219238	5.438116073608398	9.380265235900879	15.495879173278809	9.432157516479492
K210D	14.768134117126465	34.47700119018555	5.437530040740967	5.951746940612793	4.415207862854004	22.44447135925293	10.012114524841309	11.633358001708984	9.67055892944336	15.603864669799805	13.441400527954102
K210E	12.93304443359375	37.222660064697266	4.731568336486816	9.539995193481445	4.726110458374023	21.553373336791992	10.642010688781738	11.857423782348633	10.656294822692871	16.901153564453125	14.076364517211914
K210F	11.262109756469727	23.507091522216797	3.361438274383545	13.833479881286621	0.7446417808532715	19.340757369995117	0.4341941475868225	10.867504119873047	4.3956618309021	11.96059799194336	9.970748901367188
K210G	12.020891189575195	28.27725601196289	3.242588996887207	2.4150471687316895	1.3153353929519653	19.59046745300293	8.172260284423828	10.970993041992188	7.236995220184326	14.721039772033691	10.796286582946777
K210H	11.62639045715332	22.475244522094727	5.86070442199707	2.2773237228393555	6.2255449295043945	11.308165550231934	8.801396369934082	6.711975574493408	11.390604972839355	16.35991859436035	10.303727149963379
K210I	14.56692123413086	27.063678741455078	5.83046817779541	7.968527793884277	4.3706583976745605	16.783809661865234	1.6865370273590088	7.557774543762207	8.619454383850098	12.934619903564453	10.738245010375977
K210L	3.975172996520996	8.379762649536133	-7.55453634262085	14.930888175964355	-5.846800804138184	18.620189666748047	1.9735180139541626	-14.456019401550293	14.842906951904297	8.536781311035156	4.34018611907959
K210M	12.151742935180664	21.159643173217773	7.282248020172119	4.286921501159668	7.923050880432129	7.152143955230713	10.312787055969238	5.894608020782471	10.295403480529785	14.83243179321289	10.129098892211914
K210N	12.997049331665039	25.593013763427734	4.549569129943848	1.2129185199737549	4.669468879699707	16.653526306152344	8.328875541687012	8.128310203552246	9.89818286895752	16.463247299194336	10.849416732788086
K210P	11.071718215942383	21.647058486938477	3.8613691329956055	-0.1806659996509552	3.5298283100128174	17.719301223754883	7.588634490966797	6.2384467124938965	8.748021125793457	13.810774803161621	9.403449058532715
K210Q	13.355929374694824	33.18326950073242	4.721621513366699	4.241689682006836	6.755222320556641	15.907939910888672	9.874640464782715	8.916406631469727	11.602300643920898	17.436721801757812	12.599574089050293
K210R	10.73808479309082	34.261722564697266	4.169892311096191	5.167953014373779	5.758049964904785	16.859291076660156	8.591423034667969	8.227489471435547	11.402437210083008	16.218183517456055	12.139452934265137
K210S	15.04845905303955	35.95732879638672	3.6714510917663574	7.309817790985107	2.965146541595459	21.290027618408203	9.1842622756958	13.895341873168945	12.141550064086914	14.759821891784668	13.622320175170898
K210T	14.342239379882812	34.262638092041016	4.093436241149902	6.3273773193359375	5.074938774108887	16.056407928466797	10.030669212341309	9.979252815246582	12.901718139648438	15.278318405151367	12.834699630737305
K210V	14.992424011230469	27.415266036987305	3.8960866928100586	10.667125701904297	6.292631149291992	19.267404556274414	1.453944444656372	9.444710731506348	10.03217601776123	9.872547149658203	11.333430290222168
K210W	9.770484924316406	12.957564353942871	11.143997192382812	-3.0892391204833984	7.563010215759277	18.99813461303711	10.821102142333984	4.5325798988342285	10.386244773864746	16.373483657836914	9.945735931396484
K210Y	8.92284870147705	18.05247688293457	6.084491729736328	3.7411701679229736	2.9911141395568848	10.15613842010498	8.141193389892578	5.906868934631348	8.334648132324219	13.196048736572266	8.552699089050293
I211A	11.130016326904297	33.27582550048828	-10.308097839355469	12.198052406311035	-12.899288177490234	13.136409759521484	3.6317880153656006	3.4587433338165283	10.54255199432373	19.85126304626465	8.401726722717285
I211C	29.116273880004883	13.659996032714844	7.148350715637207	-4.052336692810059	-0.18159979581832886	6.054111480712891	11.872325897216797	-8.881208419799805	4.490400791168213	7.333789348602295	6.656009674072266
I211D	11.763465881347656	18.83758544921875	4.831263542175293	-4.12306022644043	-5.408875465393066	9.605755805969238	5.714508533477783	2.4053537845611572	-3.955773115158081	15.556476593017578	5.522669792175293
I211E	12.9144926071167	21.970369338989258	4.886080265045166	2.9010629653930664	-1.7923356294631958	9.245508193969727	4.668460845947266	3.678194046020508	1.757733702659607	19.56319236755371	7.979275703430176
I211F	2.6516523361206055	21.647066116333008	-10.876773834228516	5.054527282714844	-12.114167213439941	11.862752914428711	4.49980354309082	-9.327502250671387	-1.0701490640640259	12.330031394958496	2.465723752975464
I211G	8.256755828857422	18.9359130859375	-4.15540075302124	-0.4492138922214508	-8.675772666931152	9.242137908935547	3.70814847946167	10.123966217041016	1.6566505432128906	19.306943893432617	5.795012474060059
I211H	20.17119789123535	11.17897891998291	14.824920654296875	-2.159956932067871	5.965159893035889	3.6714205741882324	10.047249794006348	-11.496347427368164	2.0110974311828613	12.59664535522461	6.681036472320557
I211K	20.912385940551758	10.513275146484375	14.212730407714844	-3.708674430847168	6.0319414138793945	2.8177971839904785	11.743939399719238	-12.409019470214844	1.5401579141616821	12.103947639465332	6.375847816467285
I211L	-0.1893984079360962	-6.438900947570801	-1.133419394493103	3.799196720123291	8.08467960357666	20.972740173339844	8.903252601623535	0.12401913106441498	3.1854541301727295	9.486149787902832	4.679377555847168
I211M	22.35985565185547	12.532424926757812	7.261821269989014	4.522618770599365	4.771512508392334	7.078441143035889	11.229424476623535	-10.261789321899414	6.984418869018555	9.389275550842285	7.586800575256348
I211N	19.178260803222656	11.733861923217773	8.196245193481445	-9.697162628173828	1.771866798400879	3.9782919883728027	7.6718902587890625	-5.379087924957275	0.08682911098003387	14.314397811889648	5.185539245605469
I211P	12.778493881225586	7.0870866775512695	2.9258713722229004	-19.64206886291504	2.6951661109924316	4.050695419311523	7.506148815155029	-12.67465877532959	-6.1237640380859375	8.241657257080078	0.68446284532547
I211Q	17.35598373413086	14.074634552001953	7.011955261230469	0.4394807517528534	2.155630350112915	6.2158684730529785	6.246511936187744	-1.6482642889022827	1.4257268905639648	17.039981842041016	7.0317511558532715
I211R	18.257795333862305	17.0695743560791	6.463265419006348	1.7450560331344604	1.002138376235962	7.238324165344238	5.635165214538574	3.205141305923462	2.1727101802825928	19.792123794555664	8.258130073547363
I211S	14.961885452270508	28.235939025878906	-0.7757863998413086	2.5779988765716553	-8.692217826843262	12.770151138305664	4.837887287139893	5.503274440765381	6.042309761047363	20.14139175415039	8.560282707214355
I211T	11.475601196289062	22.45758819580078	5.1076250076293945	1.177740454673767	-1.4834372997283936	9.811808586120605	6.314551830291748	-2.0228707790374756	3.2599897384643555	13.481840133666992	6.958044528961182
I211V	5.666349411010742	13.276185035705566	-1.1291407346725464	3.600922107696533	-1.0302506685256958	9.420486450195312	7.126520156860352	4.239220142364502	2.79126238822937	7.4661126136779785	5.142766952514648
I211W	24.786434173583984	8.342266082763672	18.05044937133789	-3.01935076713562	11.711014747619629	4.277167320251465	17.08863639831543	-23.57612419128418	3.901148796081543	10.26551628112793	7.18271541595459
I211Y	18.336441040039062	14.140581130981445	5.547422409057617	-13.35733413696289	1.3748835325241089	3.60347843170166	7.8051862716674805	-17.08343505859375	-0.20022554695606232	4.938003063201904	2.510500431060791
C212A	-16.58806800842285	-18.255035400390625	-23.039215087890625	-11.815301895141602	-25.27752685546875	-23.624767303466797	-12.255606651306152	-5.206740856170654	-9.063411712646484	-14.655487060546875	-15.978116035461426
C212D	-23.38983917236328	-22.068017959594727	-23.759380340576172	-18.759851455688477	-41.61927032470703	-32.111541748046875	-15.370559692382812	-16.295869827270508	-16.344924926757812	-22.168466567993164	-23.188772201538086
C212E	-21.041637420654297	-19.722280502319336	-20.60877799987793	-15.360257148742676	-36.593841552734375	-33.11119079589844	-14.218207359313965	-18.353769302368164	-15.499670028686523	-20.04632568359375	-21.455595016479492
C212F	-12.0968599319458	-30.297428131103516	-14.712982177734375	2.153463363647461	-12.752182006835938	-10.513141632080078	-10.21947193145752	-1.8133456707000732	-11.670308113098145	-14.917119026184082	-11.683938980102539
C212G	-21.400535583496094	-35.2020263671875	-29.838712692260742	-18.85615348815918	-32.479183197021484	-27.781843185424805	-10.598305702209473	-13.645535469055176	-13.917610168457031	-25.556901931762695	-22.92768096923828
C212H	-19.527462005615234	-18.800310134887695	-20.903196334838867	-10.070839881896973	-23.611846923828125	-49.34974670410156	-22.646825790405273	-17.32729721069336	-16.5628662109375	-17.360013961791992	-21.616039276123047
C212I	-7.261303901672363	-31.30865478515625	-11.732136726379395	-2.863481283187866	-13.81532096862793	-12.842870712280273	-4.38345193862915	-1.7403398752212524	-14.20053768157959	-4.687679767608643	-10.4835786819458
C212K	-20.840152740478516	-21.254545211791992	-22.561573028564453	-9.482327461242676	-24.937044143676758	-52.22216796875	-23.94517707824707	-19.030216217041016	-18.53280258178711	-19.86654281616211	-23.267253875732422
C212L	-4.655953884124756	-33.812129974365234	-11.239710807800293	2.506317138671875	-5.095558166503906	-3.3862175941467285	-2.9853451251983643	6.586407661437988	-3.702422618865967	-19.48543357849121	-7.527005195617676
C212M	-17.971210479736328	-18.70628547668457	-16.57304573059082	-3.635385274887085	-23.87603759765625	-30.835268020629883	-9.727792739868164	-13.75193977355957	-14.206363677978516	-14.877389907836914	-16.416072845458984
C212N	-21.060203552246094	-21.580739974975586	-25.441808700561523	-12.609073638916016	-29.725154876708984	-41.081600189208984	-17.257160186767578	-16.302520751953125	-17.895084381103516	-19.185562133789062	-22.213891983032227
C212P	-22.723651885986328	-22.33407974243164	-32.11189651489258	-15.487860679626465	-38.2340202331543	-35.29289627075195	-18.753442764282227	-15.05976676940918	-20.29652976989746	-18.430931091308594	-23.872507095336914
C212Q	-19.3461856842041	-21.556779861450195	-27.405080795288086	-13.300832748413086	-29.868379592895508	-45.5477294921875	-19.04026985168457	-19.005462646484375	-16.198688507080078	-18.11644172668457	-22.93858528137207
C212R	-18.627235412597656	-21.587696075439453	-19.87632942199707	-11.156497955322266	-30.774158477783203	-41.43589401245117	-15.161070823669434	-19.83995246887207	-14.46424674987793	-18.049848556518555	-21.097293853759766
C212S	-18.435197830200195	-21.350173950195312	-24.90337371826172	-15.854609489440918	-33.785152435302734	-28.867610931396484	-13.18120288848877	-9.418044090270996	-12.89703369140625	-18.551450729370117	-19.724384307861328
C212T	-17.246774673461914	-21.32550621032715	-21.407690048217773	-13.80504035949707	-31.752098083496094	-31.030380249023438	-10.81883716583252	-14.909573554992676	-16.115238189697266	-15.342355728149414	-19.375349044799805
C212V	-7.617582321166992	-29.463417053222656	-10.940876960754395	-3.445773124694824	-8.084173202514648	-10.199501037597656	-8.960332870483398	-0.20950452983379364	-16.58818244934082	-8.560507774353027	-10.40698528289795
C212W	-9.7877779006958	-21.153221130371094	-18.612789154052734	-6.973941802978516	-13.248163223266602	-39.67654037475586	-19.333051681518555	-19.381954193115234	-12.096000671386719	-25.32107925415039	-18.558452606201172
C212Y	-17.83272933959961	-26.40216636657715	-19.798551559448242	-0.6593068838119507	-32.15959167480469	-28.541227340698242	-11.663931846618652	-16.688003540039062	-9.850770950317383	-13.606154441833496	-17.720243453979492
N213A	16.904354095458984	49.27671432495117	4.58936882019043	16.116008758544922	5.079812049865723	17.712448120117188	4.095242023468018	10.245916366577148	21.350988388061523	10.892345428466797	15.626319885253906
N213C	32.19163513183594	20.401626586914062	3.373871326446533	-8.849143028259277	-1.7341886758804321	9.758691787719727	6.989135265350342	-6.971503257751465	4.219789028167725	-2.20993709564209	5.7169976234436035
N213D	18.003643035888672	21.737302780151367	3.1813576221466064	4.888454914093018	1.8402553796768188	16.58611297607422	2.9289677143096924	5.422885894775391	8.20938491821289	6.360398769378662	8.915875434875488
N213E	15.559367179870605	22.701154708862305	4.618527412414551	11.719736099243164	3.492654800415039	15.042276382446289	3.6439757347106934	10.123401641845703	9.968279838562012	9.047147750854492	10.591651916503906
N213F	10.458810806274414	25.02012825012207	0.5733915567398071	14.333030700683594	-0.7361662983894348	12.048482894897461	1.9287015199661255	9.469748497009277	12.047457695007324	8.502346992492676	9.364593505859375
N213G	19.46122169494629	22.794755935668945	-0.29773780703544617	0.7760806083679199	1.8422991037368774	15.028105735778809	1.1679151058197021	6.700481414794922	15.931634902954102	10.701866149902344	9.410662651062012
N213H	24.32125473022461	17.239927291870117	0.7797094583511353	-9.269834518432617	1.467034101486206	8.560321807861328	5.540036678314209	-0.17464865744113922	3.0966694355010986	7.415348529815674	5.897581100463867
N213I	9.216065406799316	29.84499740600586	2.852304458618164	8.5947904586792	-0.742985188961029	8.514227867126465	2.709371566772461	6.886793613433838	10.450752258300781	13.679924964904785	9.200624465942383
N213K	21.141292572021484	17.738418579101562	-1.5358123779296875	-14.240859985351562	1.1091917753219604	9.406819343566895	4.780489921569824	-6.446634292602539	2.329530954360962	7.260608196258545	4.154304504394531
N213L	11.668171882629395	18.125347137451172	-1.8822871446609497	-16.417728424072266	-1.016432762145996	15.942176818847656	-2.008573055267334	10.137235641479492	8.28544807434082	9.841470718383789	5.267482757568359
N213M	14.181926727294922	17.969301223754883	4.156766414642334	-6.809821128845215	1.677744746208191	7.1935625076293945	5.782280445098877	-1.741073727607727	3.878571033477783	-1.5408656597137451	4.474839210510254
N213P	20.873210906982422	9.410974502563477	-9.752446174621582	-19.48640251159668	-0.37688106298446655	8.087496757507324	-4.305322647094727	-9.180021286010742	-0.05660839378833771	-15.712459564208984	-2.0498459339141846
N213Q	15.407182693481445	19.906841278076172	0.29030677676200867	2.226532459259033	1.99137544631958	11.734806060791016	4.120484352111816	3.553611993789673	4.0425238609313965	8.01414680480957	7.128781318664551
N213R	15.520890235900879	19.487226486206055	-0.06229591369628906	2.2201433181762695	1.8714383840560913	11.671977043151855	4.120193958282471	2.5168919563293457	7.056351184844971	6.7662482261657715	7.116906642913818
N213S	21.5460205078125	35.41347885131836	4.792545795440674	8.734519958496094	4.903676986694336	17.847585678100586	2.0688390731811523	9.454742431640625	20.567426681518555	9.048032760620117	13.437687873840332
N213T	12.663288116455078	23.373958587646484	4.125194549560547	5.303419589996338	1.3710845708847046	11.641317367553711	3.123271942138672	5.715388298034668	7.535353660583496	5.216329097747803	8.006860733032227
N213V	10.975945472717285	35.854007720947266	2.6363863945007324	7.6641693115234375	4.691405773162842	9.989527702331543	2.0276520252227783	11.723855972290039	11.421857833862305	13.762092590332031	11.074689865112305
N213W	33.74967575073242	15.93455696105957	6.984942436218262	-26.077051162719727	1.637984275817871	6.4990034103393555	9.039166450500488	-4.065239429473877	1.1101850271224976	8.47962474822998	5.329285144805908
N213Y	22.147396087646484	19.89106559753418	2.350187063217163	-10.677823066711426	0.007293634116649628	7.932830810546875	5.3725104331970215	-1.0637274980545044	3.9135372638702393	-2.30131459236145	4.757194995880127
I214A	-8.833958625793457	1.2202061414718628	-11.478137969970703	4.040012359619141	-15.072056770324707	-22.241592407226562	-2.097215414047241	0.10910023748874664	-1.8381520509719849	-17.80818748474121	-7.399998664855957
I214C	-4.288018703460693	-1.148065447807312	0.1085461676120758	-6.62032413482666	-6.268260955810547	0.027440976351499557	-9.7301607131958	-4.418292999267578	-1.268194556236267	-5.848857402801514	-3.9454188346862793
I214D	-7.430232524871826	-5.612775802612305	-6.704817295074463	-3.8447821140289307	-16.52385711669922	-19.538089752197266	-11.70605754852295	-4.092616558074951	-5.474059104919434	-13.168993949890137	-9.409627914428711
I214E	-8.054303169250488	-5.640310287475586	-4.8625874519348145	2.922473192214966	-12.313292503356934	-21.687931060791016	-10.51097297668457	-2.495103120803833	-4.480187892913818	-11.879413604736328	-7.900163173675537
I214F	-7.016098976135254	1.6526556015014648	-18.073196411132812	3.086876392364502	-10.780759811401367	-11.500734329223633	-0.8402634263038635	3.489126443862915	-3.349428415298462	-5.215408802032471	-4.85472297668457
I214G	-5.677883625030518	-11.994915962219238	-6.899693965911865	0.6001777648925781	-13.053584098815918	-13.60042667388916	-4.225368976593018	-3.10402774810791	-6.626209735870361	-13.454731941223145	-7.803666591644287
I214H	-3.8462791442871094	-11.152329444885254	-0.7309774160385132	0.43582144379615784	-1.3747210502624512	-3.2079267501831055	-12.782219886779785	-4.47598123550415	-1.0500534772872925	-2.72709059715271	-4.091175556182861
I214K	-3.3853495121002197	-8.494535446166992	-2.2369353771209717	-0.8401968479156494	-2.3163890838623047	-6.520280838012695	-15.511527061462402	-5.07669734954834	-4.895526885986328	-2.4516029357910156	-5.172904014587402
I214L	-7.098841190338135	-14.902336120605469	-20.835895538330078	-19.29114532470703	-2.089674711227417	-13.006279945373535	-2.147103786468506	12.193000793457031	4.895045280456543	2.3432397842407227	-5.993999004364014
I214M	-3.976652145385742	-1.9351272583007812	0.8915201425552368	-7.482858657836914	-3.84035587310791	2.27854585647583	-9.876509666442871	-2.958225965499878	1.9589966535568237	-6.814818859100342	-3.175549030303955
I214N	-3.0323917865753174	-7.630012035369873	-4.286943435668945	-1.6690502166748047	-8.060072898864746	-11.379916191101074	-13.320656776428223	-4.980889320373535	-7.3680572509765625	-4.060378551483154	-6.578836917877197
I214P	-2.6955881118774414	-7.1939849853515625	-9.167706489562988	-2.880582809448242	-12.399911880493164	-9.505127906799316	-14.717966079711914	-3.9947988986968994	-9.449576377868652	-5.306056022644043	-7.7311296463012695
I214Q	-4.49302864074707	-7.864789962768555	-2.920724868774414	-2.8949127197265625	-8.654986381530762	-13.160139083862305	-10.167445182800293	-5.538662433624268	-4.725656032562256	-5.2282609939575195	-6.5648603439331055
I214R	-4.801142692565918	-7.357810020446777	-3.0330893993377686	4.038814544677734	-8.183707237243652	-17.093090057373047	-9.296401977539062	-4.086738109588623	-4.351234436035156	-6.263723373413086	-6.042812347412109
I214S	-6.917964935302734	-4.4600348472595215	-8.248053550720215	1.0915606021881104	-17.15349578857422	-20.46086883544922	-5.591238975524902	-3.2604641914367676	-3.7256662845611572	-16.42656135559082	-8.515279769897461
I214T	-4.031460762023926	-7.433221817016602	-3.562056541442871	-2.690169095993042	-8.233808517456055	-11.883630752563477	-5.762886047363281	-4.65956449508667	-3.1986587047576904	-5.449302673339844	-5.690475940704346
I214V	-4.713006496429443	-9.902914047241211	-19.7974796295166	-7.088070869445801	-3.1820809841156006	-20.075077056884766	2.641803741455078	7.594209671020508	4.063745021820068	4.879541397094727	-4.557932376861572
I214W	2.0433332920074463	-1.4686652421951294	2.5983707904815674	-7.964125633239746	1.9109817743301392	7.331131458282471	-14.326720237731934	-3.457775115966797	-4.077774524688721	-4.060580253601074	-2.1471824645996094
I214Y	-3.731048583984375	-2.2640490531921387	1.0108821392059326	-2.055661916732788	-9.710265159606934	2.4069361686706543	-6.698026180267334	-4.019366264343262	0.09420797228813171	-6.8314595222473145	-3.1797852516174316
R215A	26.825000762939453	45.37286376953125	5.779792308807373	10.30667781829834	7.0050249099731445	18.99774932861328	5.114124774932861	17.637340545654297	26.711627960205078	8.023953437805176	17.17741584777832
R215C	30.843778610229492	16.40810775756836	0.2669592499732971	-8.206158638000488	0.39198315143585205	9.283185958862305	5.0634284019470215	-12.721810340881348	4.815720081329346	-7.76279878616333	3.8382391929626465
R215D	21.98288917541504	23.887147903442383	2.031736373901367	6.1342926025390625	3.3256325721740723	21.80396270751953	3.695827007293701	-0.17080940306186676	10.867630958557129	-1.5287514925003052	9.20295524597168
R215E	22.414596557617188	24.616756439208984	3.6207435131073	7.059189796447754	3.6605162620544434	18.647266387939453	4.4497294425964355	4.275173187255859	12.035177230834961	1.239491581916809	10.201864242553711
R215F	14.299835205078125	31.594242095947266	2.069666862487793	17.14274024963379	0.5478593111038208	10.832254409790039	2.359316110610962	11.121742248535156	18.430944442749023	7.788929462432861	11.618753433227539
R215G	28.945531845092773	23.90105628967285	-0.9129048585891724	6.037964820861816	2.878281354904175	21.40732192993164	1.3037614822387695	7.060866832733154	13.507397651672363	0.5139216184616089	10.464320182800293
R215H	29.85669708251953	17.691041946411133	-1.6146105527877808	-10.007711410522461	-0.5975316166877747	8.66880989074707	5.692104339599609	-12.945058822631836	3.821021556854248	2.255232095718384	4.2820000648498535
R215I	12.73888111114502	28.984731674194336	2.657508373260498	14.121819496154785	1.3416000604629517	8.57072925567627	4.221799373626709	6.102092742919922	18.233945846557617	12.125657081604004	10.909876823425293
R215K	31.44647979736328	18.117263793945312	-4.012519359588623	-12.31181812286377	-0.5751059651374817	10.682513236999512	5.581346035003662	-16.859844207763672	3.633464813232422	-2.4524412155151367	3.3249335289001465
R215L	9.378141403198242	5.064421653747559	-5.4624223709106445	3.495800495147705	5.802613258361816	5.440154075622559	-1.1313512325286865	7.350242614746094	0.6489389538764954	28.31073570251465	5.889727592468262
R215M	27.676057815551758	16.051048278808594	-0.9836496114730835	-8.57070255279541	2.04036283493042	7.860682487487793	4.170451641082764	-9.946817398071289	2.4451167583465576	-5.407980918884277	3.533456802368164
R215N	27.02672004699707	18.242578506469727	-2.965972423553467	-6.275460720062256	0.6791589260101318	13.01905345916748	3.5453548431396484	-15.000215530395508	6.162009239196777	-10.629895210266113	3.380333423614502
R215P	23.244665145874023	14.311795234680176	-4.710754871368408	-10.909636497497559	3.690004587173462	13.604666709899902	-2.1700730323791504	-28.490564346313477	5.768162727355957	-43.95370864868164	-2.9615445137023926
R215Q	23.248178482055664	22.015398025512695	1.3741732835769653	-2.059555768966675	1.2819108963012695	13.234949111938477	4.491476535797119	-7.256241798400879	7.280881404876709	-2.2415316104888916	6.136963844299316
R215S	25.189348220825195	35.496917724609375	4.97924280166626	8.762996673583984	5.99268102645874	21.463401794433594	3.972529411315918	10.235989570617676	24.9292049407959	3.5154638290405273	14.453776359558105
R215T	23.53191566467285	24.516036987304688	2.8707828521728516	3.756471633911133	2.4954307079315186	14.160309791564941	5.181787014007568	2.0576419830322266	11.122230529785156	-2.953277826309204	8.673932075500488
R215V	12.75783634185791	37.50757598876953	3.0894675254821777	11.523720741271973	2.5430312156677246	9.29405689239502	6.680220603942871	14.45039176940918	14.25403881072998	19.47638511657715	13.157671928405762
R215W	46.062191009521484	14.025655746459961	-3.7886085510253906	-18.96478843688965	-0.508034884929657	8.911251068115234	7.499447345733643	-21.28753662109375	1.143053650856018	-1.1540127992630005	3.193861961364746
R215Y	26.960268020629883	17.517602920532227	-0.5426520109176636	-9.011926651000977	0.8729481101036072	9.301236152648926	3.677027940750122	-10.920141220092773	5.214874267578125	-5.284799575805664	3.7784438133239746
C216A	-4.16048526763916	19.29374885559082	-4.145604133605957	7.015567779541016	-6.288127899169922	5.134298324584961	1.822830319404602	10.739609718322754	2.6290740966796875	1.6268351078033447	3.366774797439575
C216D	-1.4191240072250366	5.4150390625	0.9083086252212524	6.566449165344238	-9.677261352539062	1.4980127811431885	-10.15198040008545	0.24794365465641022	1.809070110321045	-1.8901718854904175	-0.669371485710144
C216E	-2.945753574371338	6.621308326721191	2.0526387691497803	9.45421314239502	-9.954566955566406	3.5751233100891113	-9.674814224243164	-0.4510168135166168	1.4352225065231323	-1.016135811805725	-0.09037810564041138
C216F	-10.900641441345215	6.554593086242676	-14.092942237854004	3.446908473968506	-1.6921204328536987	3.1802597045898438	1.5347384214401245	-1.2478266954421997	-0.6626213192939758	0.8629580140113831	-1.3016693592071533
C216G	0.06011783331632614	6.797098636627197	-0.5819958448410034	6.181901931762695	-10.982513427734375	-0.47834306955337524	-0.13494667410850525	6.775653839111328	1.8029446601867676	-5.885805606842041	0.3554112911224365
C216H	-3.6738548278808594	5.528120517730713	11.176313400268555	-1.1096564531326294	2.636481285095215	4.634791374206543	-3.319124460220337	-2.0659000873565674	0.5795049667358398	-0.03473968058824539	1.4351937770843506
C216I	-3.544872283935547	7.565652847290039	-9.755080223083496	1.0928943157196045	2.0251388549804688	10.389697074890137	2.328958511352539	-3.315169334411621	2.1279642581939697	8.54391860961914	1.7459102869033813
C216K	-4.083041191101074	6.562767505645752	14.49140739440918	1.3044781684875488	3.1518635749816895	5.149796485900879	-4.329439640045166	-0.11024150252342224	-1.4470914602279663	-0.19710928201675415	2.0493388175964355
C216L	-14.098160743713379	-5.179604530334473	-28.724943161010742	-17.11125373840332	-3.1172518730163574	-2.1947641372680664	-0.8971946835517883	1.884163498878479	-11.252547264099121	2.8996174335479736	-7.779192924499512
C216M	-1.3319408893585205	2.906924247741699	5.89338493347168	-0.34783735871315	2.706141233444214	2.715698719024658	-5.412344455718994	-4.917698860168457	0.509178638458252	-1.6613374948501587	0.10601695626974106
C216N	-1.894768476486206	1.1134486198425293	9.01934814453125	1.3760582208633423	0.2949990928173065	-2.4255080223083496	-6.2204389572143555	-0.5515561699867249	-1.6520317792892456	-7.157635688781738	-0.8098084330558777
C216P	0.07108057290315628	-0.5135637521743774	7.326859474182129	-3.353954315185547	-0.32038414478302	-5.58547306060791	-4.326562881469727	-1.633446455001831	-5.070181369781494	-12.963233947753906	-2.6368861198425293
C216Q	-2.3927512168884277	2.9742393493652344	6.012764930725098	3.2003965377807617	-1.4327062368392944	1.1812365055084229	-7.996028423309326	-2.028933048248291	-1.0264167785644531	-4.272411823272705	-0.578061044216156
C216R	-0.5622543692588806	3.1934337615966797	6.26729154586792	2.9063773155212402	-2.498361110687256	2.681210517883301	-7.300294399261475	-0.7195329070091248	-0.9976400136947632	-7.05377721786499	-0.40835481882095337
C216S	-0.6143874526023865	11.374946594238281	-2.3444571495056152	2.937562942504883	-11.964695930480957	2.3561551570892334	-0.9671744704246521	4.4271721839904785	3.268296718597412	0.027819328010082245	0.8501237630844116
C216T	-2.029916524887085	4.240032196044922	1.757218837738037	2.9984757900238037	-6.300837516784668	4.193887710571289	-5.717313289642334	-1.9185112714767456	2.6169769763946533	-0.7109007835388184	-0.08708880096673965
C216V	-4.915788650512695	11.372396469116211	-15.003293991088867	-0.12310594320297241	0.11066754907369614	9.216658592224121	1.1374397277832031	-1.8074281215667725	0.03237538039684296	9.944649696350098	0.9964569807052612
C216W	0.9760841131210327	7.069679260253906	18.722091674804688	1.3344405889511108	4.879921913146973	11.473252296447754	1.1401211023330688	-0.892078161239624	0.7615519762039185	7.0247111320495605	5.248977184295654
C216Y	0.9469991326332092	2.6358776092529297	7.144319534301758	-3.2951321601867676	1.7847070693969727	0.9074437022209167	-4.8275299072265625	-1.8019126653671265	0.4762269854545593	-4.94083833694458	-0.09698398411273956
L217A	-23.803102493286133	-0.37281450629234314	-9.770577430725098	-7.42147970199585	-18.57164764404297	-4.115276336669922	-5.746124267578125	-15.902790069580078	-3.3373610973358154	-7.362014293670654	-9.640318870544434
L217C	-13.42910385131836	-6.38976526260376	-17.613691329956055	-47.016544342041016	-2.821246862411499	-4.843491077423096	-9.841096878051758	-38.60605239868164	-4.434929847717285	-17.97951316833496	-16.297542572021484
L217D	-42.732398986816406	-10.883515357971191	-25.483049392700195	-19.416643142700195	-24.36606216430664	-19.467931747436523	-10.045150756835938	-43.43972396850586	-17.939579010009766	-13.93628215789795	-22.771032333374023
L217E	-28.807758331298828	-7.860622882843018	-16.062204360961914	-20.457683563232422	-12.76394271850586	-11.899595260620117	-9.076153755187988	-44.146888732910156	-12.15868854522705	-13.362344741821289	-17.659589767456055
L217F	-16.65144157409668	6.642306804656982	-7.356581211090088	-3.895186424255371	-11.19100284576416	2.314631938934326	-0.5771765112876892	-5.784897804260254	5.720353126525879	-0.44197922945022583	-3.1220974922180176
L217G	-25.49594497680664	-17.561330795288086	-25.963790893554688	-14.439566612243652	-20.58530044555664	-10.318671226501465	-10.152379035949707	-38.331581115722656	-20.157203674316406	-16.366390228271484	-19.93721580505371
L217H	-17.312063217163086	-9.05810546875	-17.246387481689453	-36.7216911315918	-6.412059307098389	-5.703792095184326	-13.037041664123535	-38.26982116699219	-8.78365421295166	-16.664506912231445	-16.92091178894043
L217I	-6.10930871963501	6.467684745788574	-3.307420015335083	3.5711679458618164	-2.9865856170654297	0.3371563255786896	3.289902448654175	-4.001296043395996	5.329820156097412	2.891427516937256	0.5482548475265503
L217K	-18.42732810974121	-15.216504096984863	-17.79001235961914	-40.55850601196289	-7.256458759307861	-7.496234893798828	-13.788561820983887	-49.952720642089844	-13.578046798706055	-18.094120025634766	-20.215848922729492
L217M	-15.105335235595703	-0.8100969791412354	-9.556069374084473	-37.45734405517578	-3.3978636264801025	-4.987693786621094	-8.950146675109863	-31.136714935302734	-5.282653331756592	-15.191904067993164	-13.187582015991211
L217N	-22.578622817993164	-15.224945068359375	-22.653005599975586	-34.99839782714844	-11.99206256866455	-14.120696067810059	-12.293331146240234	-46.538307189941406	-16.232484817504883	-16.47620964050293	-21.310808181762695
L217P	-22.595447540283203	-25.242578506469727	-32.46745300292969	-35.81129455566406	-16.25644874572754	-18.107398986816406	-15.822625160217285	-41.77855682373047	-24.585235595703125	-24.325437545776367	-25.699249267578125
L217Q	-22.421010971069336	-10.226346969604492	-19.50475311279297	-28.797870635986328	-11.082354545593262	-12.725606918334961	-9.807940483093262	-43.60286331176758	-12.513174057006836	-14.595620155334473	-18.527753829956055
L217R	-19.76584815979004	-10.655126571655273	-18.42133140563965	-26.41054344177246	-11.694221496582031	-13.45019245147705	-6.942812442779541	-42.40918731689453	-13.05118465423584	-13.45897102355957	-17.62594223022461
L217S	-28.817472457885742	-8.634101867675781	-21.96523094177246	-11.345467567443848	-23.488948822021484	-11.152522087097168	-7.816085338592529	-23.391294479370117	-15.168267250061035	-8.79831314086914	-16.057769775390625
L217T	-22.82682991027832	-4.157517910003662	-14.455374717712402	-20.068037033081055	-13.021085739135742	-10.921466827392578	-7.637296199798584	-39.68678665161133	-13.297741889953613	-11.097184181213379	-15.71693229675293
L217V	-4.008312225341797	-2.1819589138031006	-4.269375801086426	4.577530860900879	2.5403475761413574	0.25906598567962646	5.407409191131592	0.38393351435661316	7.012429714202881	1.6512229442596436	1.1372292041778564
L217W	-6.9977312088012695	-11.262441635131836	-15.96981430053711	-58.93951416015625	1.0931224822998047	-1.528390645980835	-10.87436580657959	-48.862369537353516	-15.773236274719238	-22.2734375	-19.138818740844727
L217Y	-13.373139381408691	-5.0500664710998535	-19.266456604003906	-39.518070220947266	-5.767748832702637	-5.833639621734619	-8.78516674041748	-36.48854064941406	-7.651895046234131	-17.870927810668945	-15.960565567016602
E218A	21.203941345214844	51.43490219116211	-1.365799903869629	9.20999526977539	3.6861190795898438	11.240609169006348	0.2525506317615509	11.296187400817871	12.701735496520996	11.226679801940918	13.088691711425781
E218C	16.165674209594727	16.414894104003906	0.7493221759796143	1.1651712656021118	4.5191473960876465	4.813673973083496	0.9137243628501892	8.307381629943848	4.076805114746094	6.989189624786377	6.411498069763184
E218D	25.600605010986328	29.470104217529297	1.2205827236175537	11.19179630279541	6.193505764007568	7.78909969329834	1.7547149658203125	6.913494110107422	9.617097854614258	18.087148666381836	11.783814430236816
E218F	1.0130572319030762	43.92827606201172	-7.92717170715332	15.705379486083984	-4.791439056396484	1.502698540687561	-0.9219767451286316	6.025320053100586	5.867422580718994	10.056892395019531	7.045845985412598
E218G	23.31461524963379	22.974979400634766	-4.2559332847595215	14.15384292602539	1.6735121011734009	8.09078598022461	1.6958954334259033	9.339484214782715	11.753559112548828	18.205698013305664	10.694643020629883
E218H	19.22104263305664	14.09283447265625	1.0455571413040161	0.6548703908920288	4.5773491859436035	5.004638195037842	0.1063433289527893	7.794520378112793	2.57033371925354	10.884825706481934	6.595231533050537
E218I	8.548629760742188	44.022647857666016	-1.9218140840530396	16.567481994628906	-2.6523005962371826	6.348478317260742	1.801609992980957	5.125059127807617	4.930840015411377	9.783357620239258	9.255399703979492
E218K	20.999509811401367	16.44369125366211	1.1388683319091797	-4.527282238006592	7.2570061683654785	4.337863445281982	-0.27715927362442017	7.428737640380859	2.419283151626587	10.652111053466797	6.587263584136963
E218L	1.963629126548767	20.9168701171875	-2.67533540725708	7.348361015319824	7.723933219909668	15.790535926818848	5.3504228591918945	5.0517120361328125	2.8510518074035645	0.6652916073799133	6.498647212982178
E218M	15.945032119750977	12.453428268432617	0.9786578416824341	2.2698731422424316	0.2893471121788025	4.130795955657959	0.08664208650588989	4.705474853515625	2.8561830520629883	6.357545852661133	5.007298469543457
E218N	22.62331199645996	17.670495986938477	1.0927683115005493	-0.7573374509811401	3.5187344551086426	5.505683422088623	0.09307163953781128	6.629671096801758	4.954533100128174	9.2601900100708	7.059112548828125
E218P	15.974404335021973	10.189498901367188	-3.582714319229126	-8.45504379272461	1.305341124534607	4.70042085647583	0.22226017713546753	3.3890421390533447	2.008183240890503	1.5776270627975464	2.7329018115997314
E218Q	22.486347198486328	23.240230560302734	3.8799281120300293	10.07883071899414	2.9791946411132812	7.641517162322998	0.4746231436729431	8.957439422607422	7.813297748565674	14.555930137634277	10.210734367370605
E218R	19.228206634521484	25.61456871032715	3.6495444774627686	9.823203086853027	6.336840629577637	7.759684085845947	2.0363337993621826	11.4876127243042	9.23276138305664	13.589883804321289	10.875863075256348
E218S	21.482898712158203	40.2303581237793	-2.8028807640075684	11.30196762084961	4.306732177734375	7.719651699066162	2.6799983978271484	9.732054710388184	12.445226669311523	15.470747947692871	12.256675720214844
E218T	23.030702590942383	31.233633041381836	2.320051670074463	11.61770248413086	2.7581522464752197	8.128499984741211	2.026097297668457	5.092617034912109	8.833248138427734	11.435014724731445	10.64757251739502
E218V	5.4904913902282715	44.28935623168945	-1.6907910108566284	15.538864135742188	1.3958834409713745	8.860735893249512	2.179131031036377	8.260393142700195	4.387671947479248	6.478207111358643	9.518994331359863
E218W	22.96970558166504	11.979442596435547	0.71685791015625	-10.994329452514648	9.513256072998047	1.0804600715637207	5.198929309844971	2.4780051708221436	-2.5437467098236084	7.582773208618164	4.798135280609131
E218Y	18.717975616455078	16.140853881835938	-0.18283775448799133	6.643768310546875	-1.9799150228500366	5.6339192390441895	0.8960592150688171	7.481070518493652	3.9538798332214355	7.060962200164795	6.4365739822387695
K219A	11.133828163146973	43.5926399230957	0.23437198996543884	21.280841827392578	4.496305465698242	23.599212646484375	7.5871405601501465	13.835156440734863	11.26474666595459	12.079527854919434	14.910377502441406
K219C	28.61882972717285	8.334138870239258	4.756595611572266	-0.2507063150405884	-0.8295676112174988	4.792968273162842	9.191634178161621	1.2549644708633423	4.403434753417969	-11.63326644897461	4.863902568817139
K219D	22.835481643676758	16.897401809692383	2.7809839248657227	3.678346633911133	1.9631271362304688	10.991704940795898	6.214135646820068	6.414638519287109	5.229719161987305	-1.6035977602005005	7.540194034576416
K219E	24.634424209594727	19.156763076782227	1.6748793125152588	6.44654655456543	2.5567784309387207	17.189350128173828	6.942087650299072	8.175546646118164	5.348926544189453	-0.7613962292671204	9.136388778686523
K219F	4.781312465667725	34.2299919128418	-5.279378890991211	21.091577529907227	3.3341803550720215	13.3148775100708	1.5212706327438354	6.940106391906738	7.012896537780762	18.5496768951416	10.549650192260742
K219G	21.244741439819336	17.32813262939453	4.0715484619140625	12.67351245880127	3.251948833465576	15.672000885009766	5.180720806121826	4.732759952545166	5.150611400604248	-0.5615350604057312	8.874443054199219
K219H	27.65804100036621	6.944235324859619	5.591030597686768	-0.837804913520813	-0.8722955584526062	4.166172981262207	8.260506629943848	0.3868875205516815	4.742770195007324	-10.596661567687988	4.54428768157959
K219I	4.242847919464111	29.53804588317871	-6.608444690704346	14.388396263122559	4.321441650390625	7.816360950469971	3.104199171066284	5.999098777770996	6.037344455718994	15.785944938659668	8.462523460388184
K219L	-7.198413848876953	-2.7706212997436523	-24.385120391845703	-7.677556037902832	3.7450242042541504	-13.267404556274414	-5.397772312164307	6.910783290863037	-2.684706211090088	33.9315185546875	-1.8794273138046265
K219M	30.475412368774414	7.903291702270508	4.843835353851318	1.1887588500976562	-0.564432680606842	6.234609603881836	9.340696334838867	4.719243049621582	4.308960437774658	-4.3780012130737305	6.407238006591797
K219N	26.553878784179688	8.769488334655762	6.523242950439453	2.9267327785491943	0.10267137736082077	3.0098354816436768	6.968961238861084	-0.9956033825874329	4.4459733963012695	-17.163522720336914	4.114165306091309
K219P	23.613996505737305	6.69912052154541	6.058970928192139	4.506407737731934	-1.0642848014831543	0.1789592057466507	5.336813449859619	-8.466012954711914	3.3043034076690674	-34.43321228027344	0.5735065340995789
K219Q	28.58119773864746	11.066136360168457	4.6932878494262695	5.680480480194092	0.41756880283355713	5.6438069343566895	8.124234199523926	4.338253974914551	4.018438339233398	-9.206075668334961	6.335732936859131
K219R	25.41633415222168	12.984867095947266	5.440899848937988	7.296142578125	1.2300468683242798	10.797794342041016	7.468810558319092	5.557724952697754	5.0594377517700195	-4.688870906829834	7.656317710876465
K219S	17.120832443237305	35.812496185302734	-0.4699077010154724	12.750740051269531	6.064195156097412	19.246238708496094	7.940749168395996	9.53553295135498	5.36406135559082	4.981150150299072	11.83460807800293
K219T	24.59784507751465	19.42441749572754	1.0593174695968628	9.61279296875	2.3159849643707275	8.988349914550781	9.061580657958984	10.250432968139648	3.8613193035125732	-2.9416792392730713	8.62303638458252
K219V	1.8801838159561157	36.61955261230469	-9.960393905639648	9.451226234436035	6.188138961791992	6.361715316772461	-0.4929836392402649	4.708311080932617	3.3430511951446533	22.356103897094727	8.045491218566895
K219W	26.01955223083496	5.8957695960998535	6.78073263168335	-14.536657333374023	-1.938072919845581	12.466120719909668	7.516053199768066	-19.95126724243164	5.319429874420166	-13.043130874633789	1.4528526067733765
K219Y	27.66164779663086	9.100324630737305	3.5486950874328613	2.416198492050171	0.06400822848081589	4.552560806274414	8.608214378356934	2.276402711868286	3.7804086208343506	-10.18860912322998	5.1819844245910645
V220A	8.261093139648438	39.26741027832031	-0.4942186772823334	20.620769500732422	-0.9302526116371155	3.4808878898620605	1.0375680923461914	4.453719615936279	1.9298427104949951	6.918737888336182	8.454556465148926
V220C	5.51985502243042	9.093156814575195	5.861413955688477	1.6585222482681274	2.816847801208496	1.2564105987548828	-1.0340664386749268	1.6647204160690308	0.5580239295959473	3.572190046310425	3.0967071056365967
V220D	5.488641262054443	16.829654693603516	2.8931429386138916	5.197307109832764	4.278378963470459	5.160262107849121	2.145017385482788	4.559322834014893	5.784817218780518	7.482792377471924	5.98193359375
V220E	7.335280418395996	15.477191925048828	4.927566051483154	1.3286001682281494	-0.8842783570289612	4.69590950012207	0.2727486491203308	3.3734257221221924	0.9234482049942017	4.640219688415527	4.209011077880859
V220F	-2.4924473762512207	16.15562629699707	-11.947975158691406	16.52921485900879	-0.3480892777442932	-6.960009574890137	1.6201062202453613	5.558073997497559	-3.7095470428466797	7.821681022644043	2.222663402557373
V220G	5.189776420593262	9.307841300964355	0.7754000425338745	14.20582103729248	-1.8290349245071411	5.426369667053223	0.6774197220802307	-0.3696046769618988	3.3771464824676514	7.252264499664307	4.401340484619141
V220H	4.509037971496582	10.909292221069336	5.987420558929443	-7.252832412719727	4.296664237976074	1.4990262985229492	-1.9835734367370605	0.2181854099035263	-3.0423672199249268	4.383615970611572	1.9524469375610352
V220I	2.0362653732299805	10.794686317443848	-8.843660354614258	7.156783580780029	3.732448101043701	-5.108304023742676	2.649588108062744	1.3381246328353882	2.5151052474975586	11.555089950561523	2.7826128005981445
V220K	5.560632705688477	9.879655838012695	6.4478254318237305	-12.72218132019043	6.380972862243652	0.8550098538398743	-0.5216571688652039	0.0017228536307811737	-4.763743877410889	2.4105193614959717	1.352875828742981
V220L	-6.3058013916015625	-4.012297630310059	-9.392518997192383	-2.3248677253723145	6.206587314605713	-15.527435302734375	13.136752128601074	6.449454307556152	3.142871856689453	21.767391204833984	1.3140136003494263
V220M	8.9480562210083	13.59730339050293	5.402205467224121	3.980403184890747	8.010995864868164	4.476728916168213	0.08223074674606323	2.4093260765075684	2.5637435913085938	5.082153797149658	5.455314636230469
V220N	3.2879507541656494	6.700943946838379	5.540203094482422	-10.713106155395508	2.550262212753296	2.20011043548584	-1.118195652961731	0.1367366760969162	-3.01469087600708	3.0782666206359863	0.8648481369018555
V220P	0.7368711233139038	1.2349879741668701	1.365373134613037	-16.237028121948242	-1.8475807905197144	0.3867507576942444	-3.563309669494629	-2.8516969680786133	-5.216273784637451	-2.7143101692199707	-2.8706214427948
V220Q	4.6814374923706055	10.567805290222168	4.8364105224609375	-2.8187942504882812	0.6902337074279785	3.1787776947021484	-1.1912952661514282	2.580601930618286	-0.6285442113876343	5.278127193450928	2.7174761295318604
V220R	6.154637336730957	8.449825286865234	5.5422682762146	4.777920722961426	1.5746791362762451	3.019862174987793	-0.9519558548927307	1.9316929578781128	-1.5577820539474487	5.409597396850586	3.4350745677948
V220S	5.696524143218994	27.7605037689209	0.3798995316028595	15.770171165466309	-2.0274312496185303	1.6315313577651978	3.357062339782715	4.7303571701049805	1.0073375701904297	8.983804702758789	6.728975772857666
V220T	10.503247261047363	14.981762886047363	4.656701564788818	8.913358688354492	-0.4051809310913086	1.5601462125778198	0.5765822529792786	2.5960845947265625	0.33377957344055176	5.867753028869629	4.958423137664795
V220W	9.468122482299805	12.434749603271484	7.719876766204834	-13.676568984985352	9.109960556030273	2.279782295227051	-3.557492256164551	-3.5923919677734375	-9.326210021972656	5.007194519042969	1.5867023468017578
V220Y	6.481154441833496	4.606316089630127	5.015760898590088	5.519740581512451	2.497727632522583	1.9192155599594116	-1.3877519369125366	-0.034422654658555984	0.7980148196220398	4.896627902984619	3.031238555908203
D221A	0.996364951133728	18.215557098388672	-0.6161773204803467	-0.25961533188819885	2.5440163612365723	8.713411331176758	-0.5398526787757874	0.4388941824436188	-2.2231695652008057	4.558424949645996	3.1827855110168457
D221C	2.1768274307250977	6.605613708496094	1.943332552909851	4.790205478668213	0.9601947069168091	2.3327512741088867	-6.672604560852051	-16.562753677368164	-8.77431869506836	-13.602890014648438	-2.6803641319274902
D221E	0.03951423615217209	11.57386589050293	0.37624475359916687	7.704092502593994	4.928282737731934	6.88270378112793	-8.195186614990234	-5.439446449279785	-3.8961777687072754	-9.034897804260254	0.4938996434211731
D221F	-5.891696453094482	9.672765731811523	-3.9611992835998535	2.049262762069702	-8.709478378295898	9.440628051757812	0.493663489818573	-0.40356960892677307	-0.18293069303035736	4.952080249786377	0.7459526062011719
D221G	4.715482711791992	7.943652153015137	-3.4427785873413086	9.039783477783203	5.273856163024902	7.345447063446045	-5.056507587432861	-0.9547991752624512	0.4113844037055969	-5.668895244598389	1.9606624841690063
D221H	3.0304956436157227	7.949329853057861	1.0059715509414673	5.159480571746826	2.1838788986206055	4.101865768432617	-4.925034523010254	-24.633819580078125	-11.243696212768555	-11.740739822387695	-2.911226749420166
D221I	-3.252513885498047	7.553086757659912	-3.482102155685425	0.5064762830734253	-7.586009502410889	6.59140682220459	2.514587879180908	0.012867677956819534	-1.2815762758255005	1.1968419551849365	0.27730655670166016
D221K	3.9854111671447754	8.044164657592773	1.1746004819869995	1.5379788875579834	0.6950622200965881	4.981932640075684	-5.404749870300293	-29.315805435180664	-13.901129722595215	-16.145050048828125	-4.434758186340332
D221L	-22.840843200683594	2.845696210861206	-9.731058120727539	-4.823538303375244	-13.006209373474121	-1.5743517875671387	1.5588103532791138	7.898735046386719	-1.964579463005066	-7.430589199066162	-4.906792640686035
D221M	-2.14201283454895	5.4076828956604	2.452302932739258	7.031864643096924	3.41748309135437	2.0680360794067383	-7.423105716705322	-18.08708381652832	-7.689122676849365	-10.83600902557373	-2.5799965858459473
D221N	-0.08178331702947617	4.7821526527404785	-0.24137111008167267	9.223727226257324	2.1717019081115723	4.205269813537598	-7.824037551879883	-19.17973518371582	-2.7763755321502686	-18.514745712280273	-2.8235199451446533
D221P	-1.1178615093231201	3.231571912765503	-3.736278772354126	-1.4603525400161743	2.8377602100372314	0.28441673517227173	-12.312637329101562	-34.12522506713867	-2.8084311485290527	-30.07582664489746	-7.928286075592041
D221Q	-0.4342960715293884	7.831393241882324	0.7718513011932373	14.206927299499512	4.2132368087768555	4.688673496246338	-8.327326774597168	-16.849525451660156	-2.8916702270507812	-13.737234115600586	-1.0527970790863037
D221R	1.7494714260101318	9.054762840270996	0.3960156738758087	8.333770751953125	3.5932345390319824	4.032018184661865	-6.5793280601501465	-17.35805320739746	-1.253456950187683	-14.933056831359863	-1.296462059020996
D221S	0.11347930878400803	17.67784309387207	-0.42540499567985535	1.322288155555725	3.6865994930267334	10.211116790771484	-5.76128625869751	0.3003480136394501	1.5275031328201294	0.7812461256980896	2.943373441696167
D221T	-2.2805826663970947	9.116046905517578	0.6274598836898804	5.269635200500488	2.5871686935424805	4.218806266784668	-8.75818920135498	-7.130690097808838	-3.684612274169922	-8.237604141235352	-0.8272562026977539
D221V	-6.798315525054932	7.542560577392578	-4.9411516189575195	0.8282411098480225	-7.943249225616455	6.369886875152588	7.256323337554932	2.4579761028289795	-1.0546813011169434	-0.881305992603302	0.2836284935474396
D221W	7.09197998046875	10.788104057312012	2.762221097946167	-0.5919432640075684	1.5826975107192993	8.344926834106445	0.49601975083351135	-18.361793518066406	-15.650064468383789	-5.021565914154053	-0.8559419512748718
D221Y	0.6712979078292847	7.618227005004883	1.4070864915847778	5.713271617889404	1.1914204359054565	2.6346044540405273	-7.19198751449585	-23.512142181396484	-2.6302108764648438	-12.362149238586426	-2.6460583209991455
A222C	8.111270904541016	1.0460714101791382	-7.307921409606934	9.200592041015625	-3.2772836685180664	-7.3016533851623535	-4.869462490081787	-7.812626838684082	4.752969264984131	-7.502676486968994	-1.4960720539093018
A222D	7.941795349121094	11.131477355957031	-12.179205894470215	2.9538278579711914	-1.6414070129394531	-3.8122482299804688	-1.6322046518325806	-7.976936340332031	4.806781768798828	1.680707335472107	0.127258762717247
A222E	11.950203895568848	8.917917251586914	-8.39990520477295	11.420634269714355	-2.6487913131713867	-1.557621717453003	-1.6005628108978271	-11.647268295288086	5.729228496551514	-4.330663681030273	0.7833172082901001
A222F	-0.6082350611686707	5.720675945281982	-12.400879859924316	9.152896881103516	0.20351850986480713	-10.362546920776367	3.321336030960083	-2.5654356479644775	-1.4719898700714111	-17.166860580444336	-2.6177520751953125
A222G	5.749206066131592	9.485157012939453	-15.041462898254395	15.908122062683105	-4.807206153869629	-5.443723201751709	-3.7447867393493652	-6.892596244812012	-2.6821210384368896	-9.95918083190918	-1.7428592443466187
A222H	8.447084426879883	0.8154217004776001	-6.65676212310791	7.304718971252441	-5.0618977546691895	-5.48184061050415	-7.675596714019775	-10.661690711975098	4.1087260246276855	-4.450847625732422	-1.931268334388733
A222I	0.9864563345909119	1.6975029706954956	-3.0902011394500732	7.273744583129883	4.547824859619141	-10.99868392944336	4.185418605804443	-3.679405927658081	2.9118998050689697	-17.57732582092285	-1.3742769956588745
A222K	7.828790664672852	0.24437293410301208	-3.003793716430664	2.4753172397613525	-7.439366340637207	-8.000896453857422	-4.381950855255127	-10.935510635375977	5.3799052238464355	-3.4538910388946533	-2.128702402114868
A222L	-4.605512619018555	-2.4019572734832764	-6.660190582275391	8.912907600402832	-1.1643258333206177	-21.388084411621094	7.033249378204346	3.6880853176116943	-0.6153620481491089	-29.376365661621094	-4.6577558517456055
A222M	8.899489402770996	1.5328588485717773	-6.736026287078857	6.974918365478516	-0.3111753463745117	-7.487105369567871	-3.1261210441589355	-12.119226455688477	5.874484539031982	-8.264707565307617	-1.4762611389160156
A222N	2.8455028533935547	-1.1986783742904663	-13.848810195922852	5.825461387634277	-6.643088340759277	-5.425518989562988	-3.65628719329834	-11.783394813537598	3.9874372482299805	-6.055091381072998	-3.5952465534210205
A222P	1.5766836404800415	-1.4500765800476074	-16.11663818359375	-1.3702142238616943	-13.988164901733398	-4.15647029876709	-5.643990993499756	-8.39236068725586	1.3405964374542236	-5.718074321746826	-5.391870975494385
A222Q	8.978015899658203	0.3889908492565155	-10.448786735534668	4.518665313720703	-4.950090408325195	-4.201177597045898	-3.618656635284424	-11.844209671020508	5.081411838531494	-3.8821463584899902	-1.9977985620498657
A222R	7.949103355407715	1.0882487297058105	-8.499369621276855	11.715499877929688	-4.18458366394043	-5.5181121826171875	-2.8782734870910645	-11.646514892578125	4.48015022277832	-4.688398361206055	-1.218225121498108
A222S	10.134161949157715	11.228372573852539	-9.325035095214844	12.269604682922363	-3.697831869125366	-7.1576385498046875	-2.9755120277404785	-12.965856552124023	-0.27856773138046265	-8.54758071899414	-1.1315885782241821
A222T	7.766769886016846	6.131353855133057	-9.86282730102539	11.860957145690918	-5.901918411254883	-3.405365467071533	-2.8836989402770996	-9.301254272460938	3.3865344524383545	-6.8414692878723145	-0.9050918817520142
A222V	-1.3754993677139282	0.08817676454782486	-3.7584760189056396	6.8795270919799805	3.4304256439208984	-14.249279022216797	6.303276062011719	-3.206892251968384	3.3645131587982178	-16.927492141723633	-1.9451719522476196
A222W	6.178799629211426	2.515094518661499	6.035194396972656	2.8955461978912354	-6.345122337341309	-20.59174919128418	-9.244269371032715	-17.757699966430664	0.2119472771883011	-5.1474199295043945	-4.124967575073242
A222Y	9.9719877243042	1.8551701307296753	-5.3631157875061035	10.500311851501465	-0.9824331402778625	-5.814286708831787	-4.262994289398193	-9.590341567993164	3.0957236289978027	-5.293364524841309	-0.5883343815803528
F223A	4.1330976486206055	-4.46910285949707	-1.416955828666687	-0.18911287188529968	0.4268210232257843	2.4494709968566895	-0.05756324157118797	2.6155614852905273	-1.5203458070755005	-8.810493469238281	-0.6838623285293579
F223C	3.835139751434326	-0.3552216589450836	8.429335594177246	6.8730645179748535	-0.6919382214546204	-0.7970972061157227	-1.765953779220581	-13.514150619506836	-0.2344859093427658	-0.16998788714408875	0.16087031364440918
F223D	7.746685028076172	0.9314948916435242	-1.8820196390151978	-4.319560527801514	-3.262739658355713	3.7937870025634766	-1.3238065242767334	-3.0045745372772217	-3.784893274307251	-2.1248905658721924	-0.7230517268180847
F223E	9.108063697814941	-0.8951975107192993	-1.3331102132797241	-2.974003314971924	-1.3821156024932861	3.284632921218872	-1.808479905128479	-5.001171588897705	-3.2127773761749268	-1.3009945154190063	-0.5515153408050537
F223G	11.464704513549805	-5.852048397064209	-2.1890363693237305	2.6526618003845215	-0.6134374737739563	2.8383383750915527	-2.1372973918914795	-7.35898494720459	-0.20769722759723663	0.34823960065841675	-0.10545585304498672
F223H	6.12709903717041	1.306122064590454	7.393477439880371	6.269989967346191	-0.8158401846885681	1.2834548950195312	-1.8182363510131836	-9.06404972076416	0.06789565086364746	-0.2830575406551361	1.0466855764389038
F223I	-4.8870849609375	-12.605713844299316	-2.1395652294158936	-0.26429757475852966	-4.198540210723877	-5.99547815322876	0.9239890575408936	2.3700318336486816	-2.1384360790252686	-5.933525562286377	-3.4868617057800293
F223K	5.645444393157959	0.6542726755142212	11.944296836853027	5.318946361541748	-1.3936383724212646	1.3680708408355713	-1.5184510946273804	-11.59486198425293	1.125592589378357	-0.6308988332748413	1.0918773412704468
F223L	-12.23779010772705	-11.157977104187012	-4.680098533630371	-0.8242528438568115	-4.420267105102539	-0.04031418636441231	3.0451323986053467	10.203694343566895	2.4066381454467773	-5.106590747833252	-2.2811827659606934
F223M	5.686893939971924	-0.4920366704463959	6.307554244995117	8.813467025756836	-0.7429606318473816	1.0496596097946167	-0.5918654203414917	-9.671599388122559	-0.056793078780174255	0.009511463344097137	1.0311830043792725
F223N	7.799840927124023	-0.5182018876075745	5.148917198181152	4.0515289306640625	-2.075345516204834	2.1976864337921143	-1.5418585538864136	-8.558234214782715	0.7924168109893799	-0.09072340279817581	0.7206027507781982
F223P	3.708594799041748	-1.137135624885559	5.989459037780762	5.457688808441162	-0.9776361584663391	0.6512990593910217	-1.2623318433761597	-8.543277740478516	1.885124921798706	-0.8113802075386047	0.4960406422615051
F223Q	12.973873138427734	2.0845742225646973	1.7877386808395386	2.6534156799316406	-1.0522290468215942	2.9254486560821533	-0.8209370374679565	-2.5216076374053955	0.29267704486846924	0.6355788707733154	1.8958532810211182
F223R	12.033601760864258	2.7407619953155518	2.385662317276001	1.363215684890747	-0.6955017447471619	1.8778125047683716	-0.6805300116539001	-2.5634920597076416	-0.42080986499786377	1.1704092025756836	1.7211132049560547
F223S	10.535856246948242	-1.9233412742614746	-1.5539497137069702	0.788704514503479	-0.8794086575508118	4.61799955368042	-1.3573920726776123	-2.2099287509918213	-1.227186679840088	-2.537520408630371	0.42538315057754517
F223T	12.478341102600098	2.3541085720062256	-0.029530510306358337	4.1685590744018555	-1.2646987438201904	3.336717128753662	-1.0894047021865845	0.5304878950119019	-0.39705711603164673	1.5327471494674683	2.162026882171631
F223V	-7.70963191986084	-11.529083251953125	-2.1516687870025635	1.2989354133605957	-6.6814045906066895	-3.8434529304504395	0.4117487072944641	-0.4335140287876129	-2.4633264541625977	-5.812522888183594	-3.891392230987549
F223W	-1.4879913330078125	-1.4264390468597412	18.12645149230957	6.4772443771362305	1.0765864849090576	-2.737355947494507	-6.056160926818848	-17.273839950561523	-5.158327579498291	-2.3504064083099365	-1.081023931503296
F223Y	9.245113372802734	1.1531232595443726	4.231958866119385	7.573532581329346	-1.4465787410736084	3.3700339794158936	-0.8968756794929504	-6.412759780883789	0.4632856249809265	0.9716413021087646	1.8252474069595337
E224A	28.32472038269043	48.801971435546875	8.027063369750977	21.791940689086914	6.293139457702637	15.198752403259277	7.490167140960693	19.181289672851562	12.160961151123047	21.01923179626465	18.828922271728516
E224C	16.119230270385742	23.24195671081543	12.37592887878418	12.292086601257324	2.7232751846313477	22.740375518798828	7.297293186187744	10.428168296813965	8.393450736999512	14.661650657653809	13.02734088897705
E224D	28.58424949645996	35.97666931152344	8.70100212097168	15.518692970275879	0.42829596996307373	22.864967346191406	8.94770622253418	14.752317428588867	18.157054901123047	18.7913761138916	17.272235870361328
E224F	13.020975112915039	38.88148880004883	5.55278205871582	18.93260383605957	12.215683937072754	9.751280784606934	6.611997604370117	13.499160766601562	9.750802040100098	21.854602813720703	15.0071382522583
E224G	31.001802444458008	32.9232292175293	8.907636642456055	20.472272872924805	3.3696250915527344	19.41278839111328	8.350769996643066	18.368309020996094	18.946712493896484	22.803672790527344	18.4556827545166
E224H	22.370962142944336	24.937694549560547	10.801285743713379	12.982283592224121	3.383131504058838	26.164688110351562	9.410097122192383	8.590877532958984	9.589203834533691	15.86873722076416	14.409896850585938
E224I	10.071187973022461	28.591825485229492	7.061918258666992	11.393436431884766	12.923880577087402	9.533941268920898	3.040052652359009	15.5116605758667	6.5066447257995605	12.83688735961914	11.747143745422363
E224K	25.745643615722656	26.074365615844727	9.713334083557129	12.313892364501953	2.343100070953369	30.141979217529297	9.777824401855469	7.965105056762695	10.986659049987793	16.11394691467285	15.117584228515625
E224L	-0.775853157043457	-0.2582959234714508	0.965958833694458	11.405694961547852	16.035812377929688	15.10322093963623	9.949138641357422	8.558412551879883	2.618664264678955	1.1602476835250854	6.476300239562988
E224M	19.284725189208984	22.213769912719727	10.508996963500977	12.999884605407715	4.083932399749756	18.457876205444336	6.930130481719971	9.57254409790039	8.214754104614258	12.855276107788086	12.512189865112305
E224N	24.399431228637695	26.203638076782227	9.799155235290527	11.01504898071289	0.944426953792572	24.606517791748047	8.712337493896484	9.227190971374512	12.068999290466309	15.16731071472168	14.21440601348877
E224P	24.490230560302734	18.279327392578125	7.392083168029785	6.498464584350586	-0.8841774463653564	19.633695602416992	6.849691867828369	8.086843490600586	9.14995288848877	9.897724151611328	10.939384460449219
E224Q	24.100786209106445	34.36742401123047	9.057563781738281	19.160919189453125	3.4964029788970947	24.31411361694336	8.541815757751465	11.06607723236084	16.586679458618164	20.015987396240234	17.070777893066406
E224R	23.26355743408203	34.60472869873047	8.05171012878418	18.383163452148438	4.94941520690918	26.532581329345703	7.53241491317749	11.793274879455566	15.815176963806152	19.842552185058594	17.076858520507812
E224S	31.077899932861328	43.52290344238281	8.889378547668457	19.133502960205078	2.357726573944092	22.004241943359375	7.624814033508301	17.6339111328125	18.309627532958984	21.44696807861328	19.200098037719727
E224T	21.071189880371094	35.53976058959961	9.35424518585205	16.635465621948242	2.344999313354492	18.444644927978516	7.397088527679443	13.706817626953125	13.537980079650879	17.729167938232422	15.576136589050293
E224V	10.366046905517578	29.056718826293945	6.469037055969238	11.937521934509277	14.425115585327148	9.556587219238281	3.0144872665405273	13.387365341186523	6.860293388366699	8.959023475646973	11.403219223022461
E224W	21.943506240844727	17.552221298217773	16.02368927001953	7.3520379066467285	2.8197574615478516	24.04640007019043	10.787590980529785	3.775209903717041	4.716105937957764	11.736104965209961	12.075262069702148
E224Y	19.639223098754883	24.04787826538086	11.136384010314941	13.89766788482666	4.7880144119262695	20.514564514160156	6.9628586769104	11.2723388671875	10.982314109802246	13.770896911621094	13.701214790344238
E225A	22.644933700561523	54.515682220458984	4.36959981918335	15.031540870666504	-4.663814544677734	23.82996940612793	0.41549941897392273	9.664953231811523	11.118544578552246	11.121201515197754	14.8048095703125
E225C	13.670559883117676	17.99295997619629	7.2344231605529785	15.712112426757812	-1.958720326423645	18.831745147705078	6.869334697723389	6.475368976593018	1.1189342737197876	8.239548683166504	9.41862678527832
E225D	31.151987075805664	38.12744140625	6.451135635375977	12.452080726623535	-2.6485543251037598	32.712974548339844	5.862255573272705	13.608589172363281	8.981325149536133	10.529561042785645	15.722879409790039
E225F	1.60942804813385	23.12375831604004	-1.3033194541931152	6.689031600952148	0.21239012479782104	19.743074417114258	-1.0882551670074463	7.418459892272949	6.350048065185547	7.837879657745361	7.0592498779296875
E225G	33.99009704589844	38.98213577270508	5.079990386962891	14.727376937866211	-5.109443664550781	31.08409881591797	4.4370036125183105	13.756170272827148	11.676424980163574	10.184099197387695	15.880793571472168
E225H	19.61637306213379	21.559724807739258	7.648366928100586	12.97500228881836	2.30755877494812	19.890155792236328	8.104079246520996	5.221737861633301	5.010382652282715	11.618721961975098	11.395210266113281
E225I	2.9464547634124756	27.208330154418945	0.16316187381744385	5.687748432159424	-0.8244215250015259	15.57092571258545	-0.5298173427581787	9.302470207214355	2.4532129764556885	11.809698104858398	7.378776550292969
E225K	23.661775588989258	20.646799087524414	6.6079301834106445	9.626888275146484	-0.03202725201845169	21.712087631225586	8.707752227783203	3.902527332305908	6.354654788970947	11.609393119812012	11.279776573181152
E225L	-11.998014450073242	1.142406702041626	-9.616911888122559	-3.7746434211730957	-17.99380111694336	4.254287242889404	-0.13593250513076782	6.061258792877197	-0.5542645454406738	2.975325345993042	-2.964028835296631
E225M	11.22557544708252	18.90928840637207	5.9137163162231445	18.769113540649414	-1.8953838348388672	16.756654739379883	5.5493550300598145	3.210806369781494	-1.2776378393173218	7.0140862464904785	8.417556762695312
E225N	24.11219596862793	22.38914680480957	6.367265224456787	10.081177711486816	-2.996734857559204	24.558990478515625	6.583991527557373	6.601306915283203	4.861100196838379	8.336856842041016	11.089529037475586
E225P	20.76118278503418	17.412431716918945	7.011514663696289	9.02619743347168	-3.2043731212615967	22.131851196289062	5.710577487945557	3.2261972427368164	4.83872127532959	3.57551646232605	9.048982620239258
E225Q	22.413192749023438	34.774776458740234	5.923333168029785	15.01836109161377	-3.1586642265319824	25.373401641845703	7.028164863586426	9.396385192871094	5.499145030975342	12.563146591186523	13.483125686645508
E225R	26.13568115234375	38.693939208984375	3.693627119064331	9.866995811462402	-1.5864052772521973	22.430110931396484	7.519890308380127	10.61348819732666	10.150884628295898	10.368962287902832	13.788717269897461
E225S	31.770341873168945	46.61127471923828	6.0864129066467285	13.255535125732422	-6.299408912658691	30.908374786376953	4.301712512969971	10.979785919189453	9.920454025268555	10.86778450012207	15.840225219726562
E225T	21.3016357421875	37.17256164550781	6.528940677642822	17.801097869873047	-6.373934745788574	25.57366371154785	5.807338714599609	8.245524406433105	2.817857503890991	9.478185653686523	12.835286140441895
E225V	0.6515742540359497	22.29475212097168	-1.0117391347885132	6.413143634796143	0.17310726642608643	14.798855781555176	-0.820093035697937	19.870983123779297	2.905651807785034	7.078963279724121	7.235520362854004
E225W	23.642066955566406	15.807863235473633	14.861132621765137	8.872425079345703	3.5630249977111816	17.76329803466797	9.825587272644043	-8.182994842529297	1.0961240530014038	11.235593795776367	9.84841251373291
E225Y	12.968168258666992	22.196447372436523	7.046390056610107	16.246423721313477	-3.489405870437622	21.843368530273438	5.8072686195373535	7.7790913581848145	-0.3100253939628601	7.710432052612305	9.779814720153809
R226A	8.04619026184082	36.39720916748047	2.7219929695129395	18.696683883666992	-1.2061383724212646	28.578428268432617	3.5320777893066406	15.840849876403809	5.3617658615112305	18.754858016967773	13.672391891479492
R226C	11.892732620239258	9.26120662689209	8.703766822814941	4.904329776763916	-1.7296477556228638	13.840782165527344	0.08252379298210144	3.7955992221832275	-0.32373952865600586	12.544242858886719	6.297179698944092
R226D	16.74297332763672	29.156330108642578	3.9629807472229004	18.993274688720703	-3.6658992767333984	28.83631134033203	1.1341010332107544	7.822351932525635	7.91563606262207	22.33938217163086	13.32374382019043
R226E	20.696273803710938	32.35906219482422	4.08609676361084	17.939044952392578	-2.790292263031006	23.687828063964844	2.3571667671203613	9.850435256958008	8.120218276977539	21.615522384643555	13.792135238647461
R226F	0.6901491284370422	19.52464485168457	2.4458889961242676	22.04781150817871	1.4191040992736816	18.2501220703125	2.7973430156707764	8.093491554260254	2.6515653133392334	8.28721809387207	8.620733261108398
R226G	13.467244148254395	17.989168167114258	2.3556318283081055	17.063201904296875	-4.8371782302856445	31.57353973388672	0.6719185709953308	7.908848762512207	7.7626118659973145	21.813167572021484	11.576815605163574
R226H	17.40245246887207	11.930173873901367	6.28719425201416	5.448646068572998	-1.503981351852417	17.29000473022461	3.0568504333496094	4.421849727630615	4.877447605133057	15.01919937133789	8.42298412322998
R226I	-4.09116268157959	7.461712837219238	2.5502970218658447	13.71219539642334	-0.679624617099762	12.915127754211426	2.77392578125	0.003917556256055832	-1.05276620388031	-0.9520288109779358	3.2641594409942627
R226K	14.870834350585938	12.418525695800781	7.702629089355469	6.330838203430176	0.7289789319038391	24.466197967529297	3.7108960151672363	4.896961212158203	7.253054618835449	17.990934371948242	10.036985397338867
R226L	-17.69155502319336	-0.9752874374389648	-1.8836157321929932	14.989266395568848	-8.429536819458008	1.2956795692443848	-2.441704750061035	5.1150803565979	-1.366471290588379	-9.966584205627441	-2.1354727745056152
R226M	10.045929908752441	8.233566284179688	6.6514997482299805	8.161304473876953	1.4756354093551636	13.861467361450195	-0.04252442345023155	2.8701837062835693	1.417984127998352	14.221409797668457	6.689645290374756
R226N	12.05229663848877	12.900558471679688	6.613751411437988	9.403175354003906	-0.5758921504020691	21.814210891723633	1.7200982570648193	8.965902328491211	6.398421764373779	18.056550979614258	9.734907150268555
R226P	10.018539428710938	4.590579032897949	7.822007179260254	5.611342906951904	-3.315258264541626	17.870771408081055	0.2533212900161743	4.292889595031738	3.427349328994751	9.717684745788574	6.028923034667969
R226Q	16.682170867919922	21.805444717407227	5.687866687774658	16.334365844726562	0.2787729501724243	21.249431610107422	2.1849870681762695	8.271002769470215	7.5291829109191895	21.42765235900879	12.145088195800781
R226S	18.194673538208008	33.23222732543945	3.396930694580078	20.445148468017578	-3.8703393936157227	30.488786697387695	0.42115986347198486	9.05630111694336	6.668215751647949	24.514942169189453	14.254803657531738
R226T	16.438879013061523	22.22762680053711	4.093141555786133	13.754167556762695	-2.8598766326904297	22.08516502380371	-1.1636977195739746	6.6866536140441895	5.754018306732178	20.341527938842773	10.735760688781738
R226V	-6.105308532714844	7.903835296630859	1.5198947191238403	15.546370506286621	1.0105494260787964	14.496440887451172	2.7409772872924805	2.939857244491577	-1.5889379978179932	-2.9466512203216553	3.5517024993896484
R226W	14.530831336975098	7.719734191894531	16.891286849975586	-0.2613709270954132	-0.25691062211990356	15.140368461608887	2.7729668617248535	-18.293251037597656	-3.201608180999756	7.590264797210693	4.26323127746582
R226Y	12.735084533691406	10.906898498535156	5.912376880645752	7.84785795211792	-1.6011713743209839	15.816146850585938	-0.37288403511047363	5.706300735473633	0.904007077217102	14.177247047424316	7.203186988830566
H227A	-7.79013204574585	-26.501815795898438	-8.576004981994629	-1.6506720781326294	-14.82060432434082	-22.156097412109375	-2.7091100215911865	1.4370977878570557	-2.5109527111053467	-10.256088256835938	-9.553438186645508
H227C	-22.01061248779297	-31.16204833984375	-12.246648788452148	-12.289170265197754	-12.673194885253906	-33.9428825378418	-13.534242630004883	-2.429497241973877	-13.45140552520752	-20.62775230407715	-17.436744689941406
H227D	-14.834429740905762	-38.87526321411133	-11.084709167480469	-17.61615562438965	-20.396255493164062	-24.71378517150879	-4.431285381317139	-7.742995262145996	-12.455262184143066	-19.159595489501953	-17.13097381591797
H227E	-11.519808769226074	-36.32083511352539	-9.365991592407227	-14.375226974487305	-17.518953323364258	-26.246824264526367	-4.409106254577637	-2.9060375690460205	-6.392353057861328	-14.901357650756836	-14.395648002624512
H227F	-12.299708366394043	-25.80729866027832	-12.563546180725098	0.7919998168945312	-20.960039138793945	-22.569625854492188	-5.422820568084717	18.161968231201172	0.8120065927505493	-7.059861660003662	-8.691692352294922
H227G	-12.481952667236328	-37.63349533081055	-10.526391983032227	-10.318347930908203	-21.58521270751953	-21.830318450927734	-3.8346309661865234	-9.331276893615723	-10.670138359069824	-16.93178367614746	-15.51435375213623
H227I	-9.867255210876465	-28.052955627441406	-9.755860328674316	-0.8344769477844238	-17.49356460571289	-28.958885192871094	-0.32876092195510864	7.414755344390869	1.4021172523498535	-7.44411039352417	-9.391899108886719
H227K	-16.333057403564453	-38.13666915893555	-10.661942481994629	-12.863825798034668	-15.8391695022583	-35.423580169677734	-9.504284858703613	-5.611929416656494	-11.547245979309082	-22.024805068969727	-17.79465103149414
H227L	-6.469221591949463	-27.46619415283203	-23.580991744995117	-0.8426728248596191	-13.98350715637207	-20.060531616210938	2.314134120941162	7.543349266052246	6.793710708618164	-1.9371742010116577	-7.7689104080200195
H227M	-19.476408004760742	-31.884218215942383	-11.61920166015625	-8.794498443603516	-12.514126777648926	-30.760662078857422	-8.139516830444336	4.163234710693359	-10.683236122131348	-12.734293937683105	-14.244295120239258
H227N	-15.301918983459473	-40.09217071533203	-11.995430946350098	-16.80708885192871	-17.29291343688965	-33.4548454284668	-9.997171401977539	-6.2382121086120605	-12.576298713684082	-21.858715057373047	-18.56147575378418
H227P	-13.753702163696289	-39.30581283569336	-12.616610527038574	-16.075302124023438	-18.36238670349121	-26.158647537231445	-6.729701519012451	-9.821710586547852	-12.116630554199219	-21.927474975585938	-17.686800003051758
H227Q	-14.777444839477539	-36.86049270629883	-9.878641128540039	-13.664076805114746	-13.948244094848633	-31.232219696044922	-8.368865013122559	-0.517082154750824	-9.340152740478516	-17.478023529052734	-15.606523513793945
H227R	-15.708784103393555	-38.038719177246094	-10.23017406463623	-16.260217666625977	-15.19699764251709	-32.24065399169922	-7.233604431152344	-4.824301719665527	-12.335832595825195	-18.636005401611328	-17.070528030395508
H227S	-11.371037483215332	-34.56498336791992	-9.728955268859863	-9.428154945373535	-17.47908592224121	-21.614919662475586	-4.054647922515869	-2.1931681632995605	-10.116727828979492	-13.98440170288086	-13.453608512878418
H227T	-16.281911849975586	-34.432308197021484	-10.978131294250488	-14.346365928649902	-15.632938385009766	-27.110641479492188	-9.44149112701416	1.4103041887283325	-11.801773071289062	-16.09529685974121	-15.47105598449707
H227V	-10.756104469299316	-28.20277214050293	-13.198065757751465	-4.546545505523682	-20.435659408569336	-29.83210563659668	-1.4708610773086548	10.791211128234863	2.451688051223755	-13.730224609375	-10.8929443359375
H227W	-24.326557159423828	-34.54352951049805	-15.376920700073242	-7.708024501800537	-15.592818260192871	-44.11351013183594	-15.034966468811035	-14.53786563873291	-16.61522674560547	-22.1008243560791	-20.995025634765625
H227Y	-16.408720016479492	-31.358102798461914	-11.892178535461426	-11.925168991088867	-11.507238388061523	-30.23031997680664	-10.749409675598145	-2.2675931453704834	-12.222197532653809	-15.696845054626465	-15.425776481628418
K228A	14.960477828979492	29.554134368896484	1.6002129316329956	16.541606903076172	0.7924159169197083	19.993886947631836	3.315864324569702	7.009824752807617	4.287275791168213	2.799697160720825	10.085539817810059
K228C	15.261836051940918	3.6468262672424316	2.737427234649658	9.701663970947266	4.565563201904297	8.632838249206543	0.843666136264801	-0.07177461683750153	4.982625961303711	5.005058765411377	5.53057336807251
K228D	15.228531837463379	15.98089599609375	1.3192569017410278	13.93576717376709	-0.8461624383926392	17.24384307861328	3.0921597480773926	5.738237380981445	7.325891017913818	9.140257835388184	8.81586742401123
K228E	18.1765079498291	21.830718994140625	2.8501100540161133	13.881782531738281	-0.957757294178009	16.34365463256836	4.559353828430176	5.629204750061035	9.158730506896973	11.43959903717041	10.291190147399902
K228F	5.907773017883301	1.5587434768676758	0.6487233638763428	20.081850051879883	7.513028144836426	6.79601526260376	1.8688364028930664	5.5669379234313965	3.099534273147583	9.480077743530273	6.2521514892578125
K228G	7.10871696472168	13.22271728515625	-3.423347234725952	16.44902801513672	-6.792386531829834	19.089651107788086	1.148329734802246	5.0316972732543945	4.7326836585998535	8.080842018127441	6.4647932052612305
K228H	23.65702247619629	4.209083557128906	5.047141075134277	7.904321193695068	2.573643684387207	11.70669174194336	5.118759632110596	1.3295180797576904	8.712416648864746	6.251464366912842	7.651005744934082
K228I	4.365221977233887	2.303483009338379	-0.9577760696411133	10.42445182800293	5.157949447631836	5.4871625900268555	2.1663081645965576	5.865311145782471	2.579294443130493	1.0525689125061035	3.844397783279419
K228L	-5.698005676269531	-12.094339370727539	-6.147092819213867	8.868609428405762	-2.1109395027160645	-6.120955467224121	-1.694736123085022	13.987174987792969	1.2943382263183594	-8.5940580368042	-1.831000566482544
K228M	13.126132011413574	4.28311824798584	3.924010753631592	8.85435962677002	5.65078067779541	8.740776062011719	1.7267818450927734	-2.1314547061920166	4.2170820236206055	5.054811954498291	5.344640254974365
K228N	11.927532196044922	5.386824607849121	1.9695605039596558	8.559267044067383	0.7960915565490723	13.267669677734375	2.580660581588745	2.5169615745544434	10.056632995605469	4.661266326904297	6.17224645614624
K228P	6.6639533042907715	2.2802815437316895	0.31768089532852173	7.0131049156188965	-1.9656399488449097	9.097505569458008	0.46345266699790955	0.5035873651504517	9.381294250488281	-0.3697192370891571	3.338550090789795
K228Q	18.457475662231445	9.800861358642578	4.535595893859863	10.54770565032959	1.9236613512039185	13.095894813537598	4.6106390953063965	3.975250005722046	10.670340538024902	6.571319580078125	8.418874740600586
K228R	17.394878387451172	8.289594650268555	3.1957850456237793	9.935688972473145	2.8902294635772705	15.07874870300293	3.60036301612854	3.238510847091675	7.966704845428467	6.8746819496154785	7.846518516540527
K228S	15.781294822692871	23.055330276489258	-0.0704304575920105	17.37005043029785	-2.2041280269622803	20.59606170654297	2.3909339904785156	4.220098495483398	5.037108898162842	7.745840549468994	9.392216682434082
K228T	17.78031349182129	14.753561019897461	1.8716078996658325	13.260110855102539	-0.042046017944812775	14.804844856262207	1.8603078126907349	4.142693519592285	7.158918857574463	6.084316253662109	8.167463302612305
K228V	3.6412699222564697	0.2525114119052887	-1.4276509284973145	12.05941104888916	5.828961372375488	2.1771185398101807	2.0633535385131836	11.40856647491455	2.5474092960357666	0.21240997314453125	3.876335859298706
K228W	18.745080947875977	3.2233710289001465	6.845155715942383	5.041703224182129	5.375223636627197	8.851361274719238	1.7565968036651611	-11.059918403625488	2.0746304988861084	3.797940254211426	4.465114593505859
K228Y	10.813204765319824	7.357446193695068	3.0007386207580566	12.175215721130371	5.128662586212158	8.806244850158691	0.5809275507926941	0.3338131606578827	5.922652721405029	4.458890914916992	5.857779502868652
S229A	4.822258949279785	16.91725730895996	-8.836029052734375	9.832746505737305	-1.7606064081192017	15.88949203491211	6.776294708251953	9.88348388671875	7.820056438446045	18.632326126098633	7.997727870941162
S229C	21.55600357055664	14.679719924926758	1.460115671157837	7.567328929901123	0.4013040065765381	17.096923828125	6.071944713592529	7.438179016113281	10.90564250946045	13.547002792358398	10.072416305541992
S229D	9.7550048828125	17.958763122558594	-2.2493929862976074	8.565738677978516	-1.0045976638793945	16.277862548828125	8.410932540893555	9.0486421585083	12.258666038513184	22.71378517150879	10.173540115356445
S229E	11.620559692382812	18.565736770629883	-3.4237828254699707	10.951748847961426	1.4435502290725708	16.912734985351562	8.236662864685059	9.961784362792969	11.887069702148438	27.752849578857422	11.390892028808594
S229F	2.264625072479248	0.9676183462142944	-4.255585670471191	7.096745014190674	0.2996841073036194	14.074016571044922	7.157073020935059	9.446905136108398	6.13906192779541	7.651373863220215	5.084151268005371
S229G	8.383776664733887	11.591164588928223	-15.868612289428711	5.801473140716553	-3.997340679168701	14.231706619262695	5.722383975982666	8.660295486450195	7.7441582679748535	24.931734085083008	6.720074653625488
S229H	21.788312911987305	13.60370922088623	1.5917457342147827	6.364555358886719	-0.09540338069200516	19.001079559326172	6.168751239776611	5.637425422668457	10.821288108825684	18.649757385253906	10.35312271118164
S229I	0.323072224855423	-0.2861882746219635	0.06664195656776428	1.5617127418518066	-3.5141501426696777	16.166458129882812	3.4317800998687744	5.904102325439453	3.1989355087280273	3.8571979999542236	3.070956230163574
S229K	22.564271926879883	14.962827682495117	1.6269118785858154	7.215079307556152	0.8452015519142151	22.584699630737305	6.678564071655273	4.812893867492676	10.304819107055664	18.625469207763672	11.022074699401855
S229L	-18.792438507080078	-7.1265645027160645	-5.625429153442383	7.560384273529053	-0.4805225133895874	19.036117553710938	2.3801841735839844	-4.164175033569336	2.515137195587158	-11.170493125915527	-1.5867798328399658
S229M	19.040071487426758	12.26368236541748	3.382134199142456	6.0433807373046875	1.0553303956985474	13.795158386230469	4.974792003631592	6.805118560791016	9.1455078125	13.481815338134766	8.998698234558105
S229N	16.55849266052246	13.54681396484375	0.15217897295951843	7.440042018890381	-0.4939083456993103	17.764291763305664	6.143021106719971	7.566661834716797	12.000982284545898	18.664159774780273	9.934274673461914
S229P	16.98744010925293	8.876103401184082	0.54854416847229	5.943713665008545	-0.3149838149547577	17.038991928100586	4.549631118774414	5.728584289550781	11.682693481445312	13.99670696258545	8.503742218017578
S229Q	15.885100364685059	13.458136558532715	0.24109932780265808	7.193467140197754	0.9744897484779358	16.78083610534668	6.829221725463867	7.934619903564453	12.939704895019531	22.011795043945312	10.424846649169922
S229R	15.150964736938477	15.523004531860352	-1.9387377500534058	7.418961524963379	1.5540014505386353	17.508544921875	6.284233570098877	9.582636833190918	12.285504341125488	23.44753646850586	10.681665420532227
S229T	13.190191268920898	17.904558181762695	0.5271848440170288	7.610778331756592	1.7149227857589722	12.399662971496582	6.000408172607422	9.675395965576172	10.633505821228027	18.39957618713379	9.805618286132812
S229V	-1.310999870300293	-0.06763612478971481	-1.52412748336792	3.407876491546631	2.979888439178467	17.1072940826416	4.518472671508789	8.180303573608398	3.383270740509033	-0.027592577040195465	3.664675235748291
S229W	27.123899459838867	8.752394676208496	6.386052131652832	6.557464599609375	1.0578985214233398	28.85103988647461	7.683050155639648	-4.818098068237305	7.733400344848633	10.896125793457031	10.022321701049805
S229Y	20.494401931762695	15.670811653137207	1.300773024559021	6.827353000640869	0.8095589876174927	12.861396789550781	4.997092247009277	9.792603492736816	10.172410011291504	14.015345573425293	9.694174766540527
W230A	2.37796950340271	10.818148612976074	-0.139972984790802	1.2044315338134766	8.042664527893066	-3.440277099609375	3.989898443222046	18.310447692871094	7.307095050811768	-2.516937732696533	4.595346927642822
W230C	0.6109837889671326	2.3862671852111816	5.24601936340332	2.671445369720459	3.257072687149048	-7.217746734619141	-1.7317101955413818	23.890399932861328	4.935079574584961	-11.92972183227539	2.2118091583251953
W230D	-2.3457303047180176	-5.094111442565918	-2.1261942386627197	-7.670530319213867	2.207637071609497	-9.796537399291992	-0.7560011744499207	9.470020294189453	-2.5032830238342285	-3.7900421619415283	-2.2404770851135254
W230E	1.0472675561904907	0.10566935688257217	-1.6484330892562866	-4.842251777648926	3.5760912895202637	-10.231224060058594	0.9315625429153442	10.744813919067383	-1.2415175437927246	-2.927213191986084	-0.44852352142333984
W230F	5.082251071929932	10.46603012084961	1.5916696786880493	8.96337604522705	11.63949966430664	11.567366600036621	4.364930629730225	24.96905517578125	5.970010757446289	-0.7281031012535095	8.388608932495117
W230G	-6.646656036376953	-23.44013786315918	-7.410552978515625	-18.02021026611328	-8.176636695861816	-7.977687835693359	0.20931333303451538	2.596252202987671	-8.141121864318848	-6.7870402336120605	-8.379446983337402
W230H	4.45111083984375	-0.9056193828582764	6.9831132888793945	0.5392036437988281	2.1050477027893066	-7.289663791656494	-1.2461166381835938	16.299224853515625	2.2618649005889893	-8.492412567138672	1.4705753326416016
W230I	3.5873496532440186	4.003899574279785	-1.4760404825210571	3.089975595474243	7.144924163818359	-5.115944862365723	4.702103614807129	14.159089088439941	4.582399845123291	-6.380130767822266	2.8297626972198486
W230K	3.2102251052856445	-5.223120212554932	7.181715965270996	-0.6456568241119385	-0.4909188747406006	-8.463663101196289	-0.8841707706451416	12.288536071777344	-1.8151873350143433	-9.637258529663086	-0.4479498863220215
W230L	-3.048171043395996	11.330153465270996	-4.926830291748047	9.072999954223633	4.470535755157471	3.0352683067321777	7.76665735244751	6.69346284866333	6.102075099945068	-5.485228061676025	3.5010921955108643
W230M	-2.1610379219055176	0.8619281649589539	5.4216084480285645	0.7257752418518066	2.0696535110473633	-10.019956588745117	0.25606077909469604	23.42389678955078	4.077955722808838	-14.814947128295898	0.9840936660766602
W230N	-0.8967910408973694	-5.65589714050293	1.914275884628296	-5.815030097961426	0.19614443182945251	-9.242362976074219	-2.102611541748047	10.10190200805664	-3.4191062450408936	-9.361566543579102	-2.4281044006347656
W230P	-1.076277732849121	-6.341570854187012	1.5496933460235596	-8.532870292663574	-2.4780402183532715	-8.335123062133789	-5.473295211791992	3.9189653396606445	-8.953099250793457	-13.178080558776855	-4.889969825744629
W230Q	2.485997200012207	3.165102481842041	5.470017910003662	-3.8963663578033447	4.574163913726807	-7.057803153991699	-0.5452548861503601	20.24134635925293	-0.31975746154785156	-6.421199321746826	1.7696247100830078
W230R	2.1961405277252197	5.015623092651367	4.619091033935547	-4.262982368469238	3.4402575492858887	-6.807218551635742	0.17103207111358643	16.264381408691406	0.5271828174591064	-2.2259747982025146	1.8937532901763916
W230S	-0.1019435003399849	3.7530994415283203	-0.8404413461685181	-4.167617321014404	7.228147506713867	-8.596476554870605	2.6482186317443848	17.122047424316406	3.3746211528778076	-0.1199391558766365	2.0299715995788574
W230T	-0.18642976880073547	10.62059211730957	4.05477237701416	-1.4802522659301758	8.661046981811523	-7.016324520111084	0.2707592248916626	28.677112579345703	5.652400970458984	-6.510926246643066	4.274275302886963
W230V	2.4566822052001953	7.560613632202148	-2.5316734313964844	2.648275136947632	6.053675174713135	-7.10228157043457	5.986326694488525	15.494080543518066	3.38069224357605	-6.053356647491455	2.7893033027648926
W230Y	1.776643991470337	5.639086723327637	3.7159690856933594	2.128408432006836	3.1744067668914795	-6.120804786682129	-0.7896018028259277	27.136432647705078	5.07053279876709	-7.372701644897461	3.435837507247925
G231A	11.66722583770752	20.827308654785156	0.5766133069992065	4.556410312652588	2.1896612644195557	19.705432891845703	5.053544521331787	6.332214832305908	4.781563758850098	9.439004898071289	8.512898445129395
G231C	9.410118103027344	15.716146469116211	3.046208143234253	2.714402914047241	6.580815315246582	4.402333736419678	5.128727436065674	0.3964250981807709	4.8666229248046875	8.781652450561523	6.104344844818115
G231D	8.357657432556152	19.452083587646484	5.411005020141602	0.36246487498283386	-0.7340208292007446	10.707632064819336	8.259785652160645	8.428572654724121	2.332900047302246	13.921862602233887	7.649994850158691
G231E	13.529426574707031	27.467750549316406	6.2050628662109375	2.953136682510376	0.8687343001365662	10.507040977478027	8.639552116394043	9.015534400939941	5.611066818237305	17.445783615112305	10.224308967590332
G231F	8.417525291442871	12.362478256225586	-0.5550976991653442	3.3377206325531006	1.9542399644851685	19.14767074584961	2.9263522624969482	3.4404518604278564	2.161043643951416	8.371445655822754	6.156383037567139
G231H	12.242708206176758	18.35380744934082	5.496425628662109	2.884634017944336	7.374904155731201	4.560198783874512	5.778042793273926	0.7983119487762451	6.656112194061279	10.208477020263672	7.435362339019775
G231I	5.956324577331543	9.372336387634277	-1.0454251766204834	4.004544258117676	-4.202120304107666	15.807127952575684	1.5611469745635986	1.911551594734192	1.4448634386062622	9.368912696838379	4.417925834655762
G231K	15.650352478027344	21.02684783935547	4.70305871963501	1.3912036418914795	9.349578857421875	6.214294910430908	6.721728801727295	-3.305952310562134	8.035550117492676	9.976256370544434	7.976292610168457
G231L	-3.943134307861328	20.656476974487305	-7.333287239074707	4.5056915283203125	-7.514760971069336	13.726898193359375	-0.367148220539093	4.241679668426514	2.3151955604553223	-8.341508865356445	1.7946103811264038
G231M	10.35275936126709	16.27419090270996	2.4488015174865723	2.965125560760498	8.021899223327637	4.768710136413574	4.975561141967773	2.50130033493042	5.48745059967041	9.005973815917969	6.680177211761475
G231N	10.655363082885742	18.7314510345459	3.1389777660369873	0.3740409314632416	3.1402225494384766	6.0611677169799805	6.598140239715576	3.62168025970459	3.9765279293060303	12.884928703308105	6.91825008392334
G231P	4.43933629989624	15.739728927612305	3.0327064990997314	-1.7052507400512695	5.312745094299316	2.1858572959899902	6.230014801025391	-2.7148678302764893	1.3443418741226196	7.075402736663818	4.094001293182373
G231Q	11.147504806518555	24.26741600036621	3.9796948432922363	3.061614990234375	2.3361358642578125	8.014261245727539	6.984772205352783	5.625816345214844	5.751044273376465	13.146052360534668	8.43143081665039
G231R	12.819131851196289	26.603439331054688	4.306838035583496	2.1440179347991943	0.8144499659538269	8.338366508483887	7.085538387298584	7.172730922698975	5.468452453613281	13.50019359588623	8.825315475463867
G231S	10.177852630615234	23.280187606811523	2.48001766204834	2.12740421295166	-1.54609215259552	15.176637649536133	7.380091190338135	7.042111873626709	4.005283832550049	11.934136390686035	8.20576286315918
G231T	10.659725189208984	18.99120330810547	2.910409450531006	2.7947425842285156	-1.252170205116272	8.810972213745117	6.297170162200928	7.994082450866699	1.77196204662323	11.678872108459473	7.065696716308594
G231V	3.509115219116211	10.229226112365723	-1.9177671670913696	6.0762176513671875	-3.4638805389404297	15.89115047454834	0.8259400725364685	1.1406487226486206	2.0056803226470947	6.495674133300781	4.079200267791748
G231W	9.065678596496582	10.984821319580078	9.21047592163086	7.103091239929199	15.35384464263916	-5.275880813598633	8.151737213134766	-7.514827728271484	0.658916711807251	4.886353492736816	5.262421131134033
G231Y	7.915977478027344	15.662163734436035	2.4618163108825684	2.352663040161133	4.81874418258667	3.6916933059692383	5.115963459014893	3.196805953979492	4.833864212036133	9.046857833862305	5.9096550941467285
I232A	-13.602895736694336	-35.55445861816406	-6.2823028564453125	16.165170669555664	-8.460254669189453	-25.085506439208984	-0.175012469291687	-0.35964837670326233	-9.198585510253906	-23.0964412689209	-10.564993858337402
I232C	-14.594378471374512	-15.442757606506348	-4.989658355712891	7.528136253356934	-6.266663074493408	-33.47005844116211	-10.331660270690918	-14.58865737915039	-9.51290512084961	-25.879920959472656	-12.754853248596191
I232D	-23.64451789855957	-27.290851593017578	-9.424777030944824	-5.2016754150390625	-28.078201293945312	-36.63211441040039	-4.459704399108887	-17.466800689697266	-24.093347549438477	-22.321962356567383	-19.86139488220215
I232E	-14.236056327819824	-29.06974220275879	-10.010997772216797	-1.8465547561645508	-20.354387283325195	-35.25669860839844	-4.406233787536621	-21.434127807617188	-23.38739013671875	-21.61867332458496	-18.162086486816406
I232F	-13.135614395141602	-25.66965675354004	-0.6308844089508057	13.442070960998535	-2.8666954040527344	-18.319950103759766	3.6341700553894043	10.079511642456055	-1.7779299020767212	-9.00833797454834	-4.425332069396973
I232G	-26.183578491210938	-25.799619674682617	-13.17451000213623	-5.519660949707031	-34.919002532958984	-38.91958236694336	-7.590628147125244	-16.803916931152344	-33.696533203125	-25.360193252563477	-22.796722412109375
I232H	-12.150514602661133	-18.2847900390625	-5.797797203063965	2.294489860534668	-5.027083396911621	-31.32573890686035	-11.960477828979492	-18.79097557067871	-11.632223129272461	-24.2502498626709	-13.692537307739258
I232K	-14.642573356628418	-20.890714645385742	-10.602250099182129	-1.618198037147522	-13.65875244140625	-36.04971694946289	-12.598958015441895	-14.840682983398438	-18.894702911376953	-23.95977783203125	-16.775632858276367
I232L	-4.58809757232666	-45.35253143310547	9.791707038879395	4.054168224334717	10.113391876220703	-12.838977813720703	6.060776710510254	13.615499496459961	6.218480587005615	3.384352207183838	-0.9541231393814087
I232M	-9.050025939941406	-13.251076698303223	-0.5273342132568359	16.498676300048828	0.3918203115463257	-24.423065185546875	-8.276562690734863	-7.692108154296875	-3.4796783924102783	-24.268402099609375	-7.40777587890625
I232N	-19.397804260253906	-24.949316024780273	-9.212898254394531	-1.1185693740844727	-17.474929809570312	-38.592288970947266	-9.516026496887207	-14.910033226013184	-23.44984245300293	-22.345905303955078	-18.096759796142578
I232P	-27.33037567138672	-23.38143539428711	-10.455467224121094	-5.87680196762085	-19.69566535949707	-35.00540542602539	-9.416889190673828	-9.108375549316406	-29.00726318359375	-17.700138092041016	-18.69778060913086
I232Q	-15.056746482849121	-23.842662811279297	-7.664155960083008	2.8137311935424805	-13.916147232055664	-37.80645751953125	-8.455341339111328	-15.350653648376465	-13.76663589477539	-22.139476776123047	-15.518455505371094
I232R	-14.966182708740234	-28.642208099365234	-9.21175765991211	2.4720773696899414	-16.184009552001953	-38.240623474121094	-6.791966915130615	-17.75970458984375	-16.223583221435547	-22.713590621948242	-16.826154708862305
I232S	-21.042043685913086	-28.20241928100586	-11.173696517944336	5.690155506134033	-29.838478088378906	-36.440956115722656	-1.9932501316070557	-10.891507148742676	-22.380470275878906	-23.13102912902832	-17.940370559692383
I232T	-14.997217178344727	-27.764875411987305	-8.682183265686035	5.158493518829346	-15.562567710876465	-35.842281341552734	-5.268091201782227	-14.44355583190918	-12.011550903320312	-18.086868286132812	-14.750068664550781
I232V	-5.095556735992432	-38.6296272277832	6.444875240325928	1.6821062564849854	4.893377304077148	-19.349735260009766	4.869035243988037	7.730729103088379	1.5051515102386475	-7.422946453094482	-4.3372602462768555
I232W	-18.79279899597168	-9.123167037963867	-9.669731140136719	-3.9483768939971924	-2.878458023071289	-37.192604064941406	-20.5587100982666	-18.86488151550293	-15.176798820495605	-24.224321365356445	-16.042984008789062
I232Y	-12.415817260742188	-17.581966400146484	-4.512042045593262	7.116480350494385	-8.224174499511719	-32.26277160644531	-8.01318645477295	-12.565723419189453	-7.444934844970703	-21.95196533203125	-11.785609245300293
D233A	23.796056747436523	26.250253677368164	3.2804007530212402	8.222155570983887	6.343199729919434	13.697214126586914	8.390533447265625	19.13275909423828	5.929653167724609	5.7263264656066895	12.076854705810547
D233C	14.430864334106445	15.830268859863281	13.773704528808594	10.527461051940918	2.030258893966675	16.46750831604004	5.455062389373779	10.736776351928711	0.869398295879364	11.73086929321289	10.185216903686523
D233E	27.989093780517578	25.791086196899414	6.199355125427246	9.388017654418945	2.438880443572998	19.99771499633789	5.516055583953857	22.172056198120117	4.952990531921387	7.764962673187256	13.22102165222168
D233F	14.299864768981934	8.192774772644043	1.7916096448898315	0.17372223734855652	8.388010025024414	14.383257865905762	7.811748027801514	6.444869041442871	3.163210153579712	1.984052300453186	6.663311958312988
D233G	31.017980575561523	23.93929100036621	3.313063621520996	1.8301677703857422	-0.9574235081672668	20.02569007873535	4.235482692718506	15.796177864074707	3.2252631187438965	7.43023157119751	10.98559284210205
D233H	13.81930923461914	15.076326370239258	17.072925567626953	8.919692039489746	-0.9744636416435242	14.659590721130371	5.073657989501953	8.262847900390625	-4.857889175415039	10.412433624267578	8.746442794799805
D233I	15.087320327758789	10.527128219604492	1.0075219869613647	2.6517117023468018	6.363105773925781	14.88066577911377	7.070979595184326	2.252936363220215	-1.2185007333755493	-1.2503094673156738	5.737256050109863
D233K	19.131729125976562	20.061643600463867	17.281827926635742	6.812510013580322	-1.6855833530426025	23.952802658081055	6.2501983642578125	6.292318820953369	4.987574100494385	12.69066047668457	11.577568054199219
D233L	-11.798011779785156	5.789340019226074	-8.189257621765137	-2.5097780227661133	-7.456752777099609	10.647439002990723	1.0219273567199707	8.215312957763672	-10.836175918579102	-12.809479713439941	-2.792543411254883
D233M	10.393866539001465	13.479399681091309	13.951387405395508	12.41712474822998	1.7221428155899048	7.426393508911133	2.926872730255127	13.265093803405762	-8.198806762695312	8.917579650878906	7.630105018615723
D233N	13.973271369934082	18.52115821838379	12.239566802978516	7.624894618988037	-0.9762663245201111	17.40686798095703	4.529673099517822	10.622824668884277	1.2935346364974976	8.405667304992676	9.364118576049805
D233P	14.487594604492188	15.495759010314941	16.809362411499023	2.408099412918091	-2.318413019180298	15.130306243896484	3.5429811477661133	7.205788612365723	0.9104903936386108	8.444543838500977	8.211651802062988
D233Q	17.603612899780273	22.75845718383789	9.03878402709961	12.789468765258789	0.942092776298523	18.76060676574707	5.785412311553955	15.311050415039062	4.690120697021484	9.557672500610352	11.72372817993164
D233R	19.61379051208496	22.077373504638672	6.739779472351074	9.303855895996094	1.317543625831604	17.242324829101562	4.987171649932861	13.744348526000977	5.725453853607178	8.689657211303711	10.944129943847656
D233S	33.72151565551758	26.390920639038086	5.456514835357666	10.80214786529541	2.9200599193573	22.21739387512207	6.7755255699157715	23.00702667236328	8.208107948303223	9.14112377166748	14.864034652709961
D233T	23.503442764282227	20.99348258972168	6.665159225463867	14.230940818786621	3.8275339603424072	18.84235191345215	4.9542741775512695	18.595441818237305	7.517481803894043	9.356762886047363	12.848688125610352
D233V	13.060014724731445	12.768810272216797	-4.426593780517578	4.968335151672363	5.737295150756836	9.040861129760742	3.1995930671691895	10.702181816101074	-1.8970739841461182	-2.0593302249908447	5.109409809112549
D233W	10.803695678710938	13.185065269470215	31.42106819152832	8.075398445129395	-3.247424602508545	23.247983932495117	5.150542259216309	-4.3488359451293945	-15.802864074707031	10.377037048339844	7.886166572570801
D233Y	14.69324016571045	15.14967155456543	8.148889541625977	7.106391429901123	2.5304670333862305	12.942325592041016	4.7736496925354	11.736513137817383	1.4894756078720093	11.105023384094238	8.967565536499023
C234A	6.586635589599609	16.243797302246094	-6.679316520690918	4.950064659118652	-1.0079039335250854	1.690299153327942	-0.1221776157617569	11.032153129577637	0.7579535245895386	2.46325421333313	3.5914759635925293
C234D	8.531242370605469	12.168827056884766	-1.6983143091201782	0.9264580011367798	1.3956745862960815	4.8322248458862305	-6.4155755043029785	1.0816704034805298	0.06532220542430878	-0.6942835450172424	2.019324779510498
C234E	13.378334045410156	11.942233085632324	-1.565320611000061	1.3841756582260132	-5.204085350036621	3.9810400009155273	-4.331963539123535	7.069599628448486	-2.416091203689575	-1.8765225410461426	2.236140012741089
C234F	5.0031418800354	7.394014358520508	-7.739621162414551	0.15479013323783875	0.5029417872428894	1.9086941480636597	6.193791389465332	10.674938201904297	0.42694956064224243	4.36988639831543	2.8889527320861816
C234G	12.17133903503418	5.006071090698242	-2.6967811584472656	9.062812805175781	-0.8909450173377991	4.584683418273926	-2.888105869293213	0.8498544096946716	-1.3654673099517822	-1.7648184299468994	2.20686411857605
C234H	7.554144859313965	-1.0103766918182373	-4.535001277923584	-9.994955062866211	-4.975594997406006	0.7553089261054993	-12.402469635009766	0.12184622883796692	-9.452774047851562	-7.3267316818237305	-4.126660346984863
C234I	6.7941060066223145	-10.280688285827637	-7.36843204498291	2.855503559112549	-5.402663230895996	-1.620156168937683	1.7926571369171143	4.573757648468018	-2.3294155597686768	0.8478320837020874	-1.0137499570846558
C234K	5.106298923492432	-1.6116185188293457	-4.032489776611328	-18.93680763244629	-6.401509761810303	0.2705446183681488	-16.820066452026367	-0.9950723052024841	-8.269660949707031	-20.158761978149414	-7.184914588928223
C234L	2.6837847232818604	-17.52075958251953	-14.855220794677734	-5.6742706298828125	-2.3868167400360107	-6.162609577178955	4.575326442718506	20.993011474609375	-0.8581004738807678	-4.491950511932373	-2.3697609901428223
C234M	3.4348514080047607	2.3468706607818604	-1.523516058921814	-2.921053647994995	-5.021856784820557	0.8138063549995422	-5.580894947052002	1.2953442335128784	-8.896791458129883	-2.9137122631073	-1.8966953754425049
C234N	3.656437635421753	-3.4181478023529053	-4.833033561706543	-7.6465935707092285	-7.447077751159668	0.025307174772024155	-13.316071510314941	-0.5997599363327026	-6.568831920623779	-10.853283882141113	-5.100105285644531
C234P	0.9387300610542297	-9.42990493774414	-12.47728443145752	-9.457887649536133	-5.389854431152344	0.8791963458061218	-15.286398887634277	-2.8355634212493896	-11.770750045776367	-17.679237365722656	-8.250895500183105
C234Q	9.62585163116455	7.12445592880249	-0.729915976524353	-6.918386459350586	-4.939167022705078	2.5112643241882324	-8.082523345947266	0.7646772265434265	-4.401294231414795	-6.40349006652832	-1.144852876663208
C234R	11.771738052368164	9.200565338134766	-1.72024405002594	-1.3461921215057373	-5.0101318359375	2.286747455596924	-5.283651351928711	0.1719871610403061	-2.2208619117736816	-4.338201999664307	0.35117560625076294
C234S	9.991214752197266	18.47874641418457	1.3009576797485352	6.968630313873291	0.3348512649536133	5.068384170532227	-2.460238218307495	3.964289426803589	1.4522167444229126	5.587277412414551	5.068633079528809
C234T	12.300125122070312	10.928934097290039	2.5176010131835938	0.3013084828853607	-4.00685977935791	3.112809896469116	-4.103042125701904	3.3811094760894775	-2.5006682872772217	-0.9905951619148254	2.094072103500366
C234V	5.792661190032959	-11.340132713317871	-10.0514554977417	4.740358829498291	-3.3069961071014404	-3.277137279510498	5.718406677246094	9.18066120147705	1.5736315250396729	1.7585476636886597	0.07885457575321198
C234W	6.274842262268066	0.20185419917106628	-7.409999847412109	-18.725662231445312	0.8130326867103577	-2.596331834793091	-12.601096153259277	-2.2640745639801025	-28.233898162841797	-12.35098934173584	-7.68923282623291
C234Y	12.818138122558594	0.06256947666406631	-7.403798580169678	-2.7582409381866455	-2.5934128761291504	2.5054361820220947	-10.043464660644531	-0.3975781202316284	-2.81744384765625	-3.466651201248169	-1.4094445705413818
L235A	-26.181331634521484	-28.857208251953125	-14.304780006408691	-2.7902421951293945	-38.50933074951172	-45.19103240966797	-12.066184997558594	16.148792266845703	-18.450841903686523	-34.69213104248047	-20.489429473876953
L235C	-28.778823852539062	-26.698755264282227	-15.257460594177246	-13.678092956542969	-35.423789978027344	-42.60704803466797	-23.27071762084961	4.664583683013916	-14.941614151000977	-47.06043243408203	-24.30521583557129
L235D	-39.435977935791016	-39.49094009399414	-16.733470916748047	-22.84757423400879	-61.474029541015625	-55.01803970336914	-16.710277557373047	-9.233471870422363	-34.607791900634766	-43.18935012817383	-33.87409210205078
L235E	-31.650041580200195	-37.903568267822266	-17.75557518005371	-16.765119552612305	-56.18110656738281	-49.4080810546875	-13.66720962524414	-4.601785659790039	-24.90615463256836	-44.60627746582031	-29.744495391845703
L235F	-22.716222763061523	-21.286685943603516	-19.901491165161133	2.014563798904419	-15.766852378845215	-35.12488555908203	-4.812615871429443	19.56253433227539	-7.103250026702881	-17.06146812438965	-12.219636917114258
L235G	-32.60909652709961	-33.330162048339844	-18.084152221679688	-15.446470260620117	-56.91695785522461	-49.687496185302734	-14.21869945526123	0.662506639957428	-31.931289672851562	-44.06113052368164	-29.56229591369629
L235H	-31.359577178955078	-31.618722915649414	-15.472197532653809	-15.513294219970703	-36.09040069580078	-43.536224365234375	-21.753700256347656	-9.505144119262695	-21.89405632019043	-41.29342269897461	-26.803674697875977
L235I	-8.430220603942871	-38.13636779785156	-9.535761833190918	-3.2547316551208496	-6.3632073402404785	-35.90432357788086	-0.9587829113006592	19.385074615478516	-0.646703839302063	-14.898029327392578	-9.874307632446289
L235K	-35.05878448486328	-37.41036605834961	-18.398635864257812	-18.969335556030273	-39.165225982666016	-47.16338348388672	-20.541240692138672	-9.911943435668945	-22.71630859375	-48.34770584106445	-29.768295288085938
L235M	-19.121219635009766	-22.443035125732422	-12.270742416381836	0.7179890871047974	-24.912012100219727	-34.62245178222656	-9.883735656738281	6.85297966003418	-6.446332931518555	-37.39777755737305	-15.95263385772705
L235N	-36.94865417480469	-37.46908950805664	-17.47905731201172	-21.20039176940918	-46.417335510253906	-49.379981994628906	-17.82964515686035	-8.341840744018555	-29.149337768554688	-45.21297073364258	-30.94283103942871
L235P	-39.589439392089844	-39.57464599609375	-21.38742446899414	-26.731515884399414	-40.80782699584961	-53.404056549072266	-22.593082427978516	-9.454151153564453	-35.59342956542969	-40.97618865966797	-33.01117706298828
L235Q	-33.624332427978516	-37.214073181152344	-16.650278091430664	-19.44852638244629	-50.12050247192383	-52.70716094970703	-19.363882064819336	-7.8493146896362305	-26.066823959350586	-43.32395553588867	-30.636882781982422
L235R	-32.7329216003418	-37.70262908935547	-16.630130767822266	-19.070240020751953	-50.43562698364258	-50.225887298583984	-16.0488224029541	-5.136080741882324	-22.824350357055664	-41.53083038330078	-29.233753204345703
L235S	-34.64864730834961	-29.08545684814453	-15.665083885192871	-16.76435661315918	-61.020233154296875	-48.561927795410156	-19.277551651000977	0.175985649228096	-33.48567199707031	-37.11333465576172	-29.544628143310547
L235T	-29.728347778320312	-34.67112731933594	-13.356460571289062	-12.558176040649414	-46.90676498413086	-47.32861328125	-15.407044410705566	-3.5757150650024414	-20.543745040893555	-36.13460159301758	-26.021060943603516
L235V	-10.457900047302246	-34.29574203491211	-12.039979934692383	-5.638308525085449	-7.674731254577637	-32.997344970703125	-1.0370429754257202	20.295379638671875	2.063466787338257	-11.090446472167969	-9.287264823913574
L235W	-29.23360824584961	-26.92986297607422	-14.293805122375488	-16.238393783569336	-26.422494888305664	-39.44770050048828	-24.238794326782227	-12.24681282043457	-18.64928436279297	-43.33970642089844	-25.104045867919922
L235Y	-28.276601791381836	-31.22528648376465	-15.589201927185059	-14.166661262512207	-30.731287002563477	-43.05242156982422	-14.305100440979004	-3.5992112159729004	-16.503131866455078	-36.64310836791992	-23.40920066833496
F236A	8.874361038208008	27.52287483215332	3.9439282417297363	20.153074264526367	-3.45749831199646	3.9645400047302246	-3.787633180618286	19.701370239257812	6.434385776519775	8.951271057128906	9.23006820678711
F236C	-4.879125595092773	9.098264694213867	5.76741886138916	-4.964496612548828	1.179194688796997	0.8949536681175232	-5.56442403793335	2.6012938022613525	0.23534797132015228	4.878911018371582	0.9247338175773621
F236D	7.726305961608887	12.636186599731445	1.3433023691177368	5.753103256225586	-2.3612775802612305	2.8127822875976562	-6.825222015380859	16.14500617980957	3.1210052967071533	-2.3695778846740723	3.798161268234253
F236E	3.758850574493408	22.537824630737305	5.076898574829102	16.1655330657959	-0.9391362071037292	6.384520530700684	1.021569848060608	16.10350799560547	8.352351188659668	9.390641212463379	8.785256385803223
F236G	5.5994696617126465	7.217550277709961	-1.361883282661438	2.103550434112549	-6.923982620239258	-1.738426685333252	-4.951442718505859	17.34347915649414	1.2853235006332397	5.081974983215332	2.3655612468719482
F236H	-5.242176532745361	10.913509368896484	7.564587593078613	-3.115003824234009	2.099635601043701	5.185665130615234	-5.113444805145264	5.369842529296875	-2.8122661113739014	4.3382110595703125	1.9188560247421265
F236I	8.194903373718262	-4.182407379150391	3.7390451431274414	1.8928494453430176	11.64964771270752	4.16884183883667	6.19191837310791	7.26279354095459	4.574299335479736	5.1475067138671875	4.8639397621154785
F236K	-2.782620429992676	8.859701156616211	7.551783561706543	-8.690847396850586	1.7293294668197632	6.137909889221191	-4.122464656829834	5.607336044311523	-3.8805043697357178	2.1056172847747803	1.2515239715576172
F236L	3.4650754928588867	-31.62113380432129	-3.417484760284424	-8.43038272857666	17.81551742553711	0.45827656984329224	20.06161117553711	24.298442840576172	5.9952311515808105	4.238956928253174	3.2864112854003906
F236M	-1.7128231525421143	10.19235610961914	9.638263702392578	6.214044570922852	4.052776336669922	1.1647216081619263	-1.5208081007003784	6.298574447631836	-3.1495749950408936	6.163505554199219	3.7341041564941406
F236N	-7.846850395202637	7.27691650390625	0.9777313470840454	-6.973145961761475	-1.4088337421417236	2.3586885929107666	-6.8975911140441895	6.949863910675049	-3.6769938468933105	-2.2938644886016846	-1.1534078121185303
F236P	-18.11542320251465	-2.744692802429199	-13.577704429626465	-25.329572677612305	-9.92790699005127	1.016387939453125	-14.602304458618164	1.985434889793396	-12.306259155273438	-8.843160629272461	-10.24452018737793
F236Q	0.48169592022895813	14.5254545211792	6.4516801834106445	3.8059818744659424	-0.8814250826835632	1.8614195585250854	-6.85807466506958	13.380620956420898	0.8932819366455078	3.6775577068328857	3.7338194847106934
F236R	0.9047147631645203	16.5094051361084	4.279492378234863	2.187011241912842	-1.7126460075378418	0.8880494236946106	-8.3819580078125	15.588266372680664	3.1095633506774902	3.8059098720550537	3.717780590057373
F236S	7.038031578063965	18.03728485107422	0.6992499828338623	0.6099557876586914	-7.549602508544922	3.9543604850769043	-13.676514625549316	19.554040908813477	7.3297343254089355	4.9630022048950195	4.095953941345215
F236T	6.569844722747803	18.663480758666992	4.680272102355957	7.570688247680664	-4.2672576904296875	3.4144322872161865	-10.18492603302002	16.971782684326172	5.078669548034668	5.187472820281982	5.368445873260498
F236V	5.047684669494629	-1.863595724105835	5.157403945922852	0.4770476520061493	17.030977249145508	4.760614395141602	10.836466789245605	13.342323303222656	6.087583065032959	5.301146984100342	6.617764949798584
F236W	-10.020729064941406	9.270390510559082	0.16896799206733704	-18.725160598754883	3.2431912422180176	1.780311942100525	-2.932757616043091	-2.2003467082977295	-10.90438461303711	3.9743242263793945	-2.6346194744110107
F236Y	0.380828857421875	10.988175392150879	4.964028358459473	-10.205087661743164	4.229708194732666	2.294370412826538	-11.208695411682129	2.9497010707855225	1.9165548086166382	6.331572532653809	1.2641156911849976
E237A	-15.220467567443848	0.14541080594062805	-19.450519561767578	1.0807340145111084	-28.169858932495117	-17.777080535888672	-1.9279234409332275	2.3741519451141357	-7.061486721038818	-19.329565048217773	-10.533660888671875
E237C	-11.58079719543457	-7.735081195831299	-10.566195487976074	-11.197409629821777	-19.483997344970703	-27.395708084106445	-9.736543655395508	-6.193619728088379	1.4687169790267944	-18.895353317260742	-12.131598472595215
E237D	-16.782285690307617	-9.461532592773438	-28.02690887451172	-7.799092769622803	-23.2044620513916	-22.943603515625	-6.469260215759277	-3.257572889328003	-14.340105056762695	-15.897672653198242	-14.81825065612793
E237F	-18.194543838500977	0.8478564023971558	-30.429040908813477	3.6383931636810303	-29.43753433227539	-17.144025802612305	-8.684311866760254	2.429074764251709	-9.893488883972168	-8.764090538024902	-11.563170433044434
E237G	-18.550416946411133	-8.6739501953125	-34.507164001464844	-6.318696022033691	-31.44159507751465	-31.930599212646484	-2.4610722064971924	-2.987051010131836	-14.86596393585205	-26.633634567260742	-17.83701515197754
E237H	-10.203330039978027	-10.714473724365234	-7.733636379241943	-9.476797103881836	-14.473334312438965	-20.913087844848633	-10.038079261779785	-8.742927551269531	2.5821282863616943	-14.955047607421875	-10.466858863830566
E237I	-11.018743515014648	-5.975302219390869	-16.452796936035156	0.17190811038017273	-25.84764862060547	-27.02967643737793	0.5144587755203247	-0.8494060039520264	0.25794970989227295	-6.845491409301758	-9.307474136352539
E237K	-10.927362442016602	-9.13977336883545	-8.153215408325195	-8.911205291748047	-13.916030883789062	-19.50399398803711	-13.649425506591797	-10.64857292175293	3.2317328453063965	-15.060307502746582	-10.667815208435059
E237L	-11.791495323181152	-13.848041534423828	-27.58498191833496	-3.7029123306274414	-10.627426147460938	-25.08620262145996	8.154239654541016	14.702510833740234	2.69773006439209	-8.433955192565918	-7.5520524978637695
E237M	-12.993571281433105	-4.893202781677246	-10.886655807495117	-8.43507194519043	-22.050386428833008	-29.413501739501953	-9.199872970581055	-5.200924396514893	3.6536781787872314	-18.47492027282715	-11.789443969726562
E237N	-11.733681678771973	-13.210795402526855	-14.522932052612305	-9.35500431060791	-17.35483741760254	-24.696556091308594	-8.658902168273926	-4.7841267585754395	-5.299282550811768	-15.886204719543457	-12.550232887268066
E237P	-14.837467193603516	-15.217085838317871	-26.386245727539062	-16.636703491210938	-22.082975387573242	-19.917245864868164	-14.227577209472656	-11.67796802520752	-16.811391830444336	-17.957475662231445	-17.575212478637695
E237Q	-17.412965774536133	-11.303528785705566	-16.795215606689453	-10.027798652648926	-19.15962791442871	-29.949918746948242	-8.112485885620117	-4.966054439544678	-3.1113483905792236	-15.393682479858398	-13.623263359069824
E237R	-13.29545783996582	-6.919900417327881	-15.783023834228516	-5.984043121337891	-15.301743507385254	-25.79512596130371	-4.351217746734619	-5.236608505249023	1.2001522779464722	-15.259819984436035	-10.67267894744873
E237S	-15.804119110107422	-5.567985534667969	-31.80770492553711	-10.716897010803223	-34.33012771606445	-23.41287612915039	-2.6806464195251465	-3.519007444381714	-11.187492370605469	-19.558277130126953	-15.858512878417969
E237T	-8.898362159729004	-2.8461899757385254	-22.006237030029297	-2.520516872406006	-21.32952880859375	-28.24884033203125	-5.943157196044922	-2.715252161026001	0.4828004837036133	-18.9445858001709	-11.296987533569336
E237V	-5.385402202606201	-6.533465385437012	-19.69388198852539	-1.5782452821731567	-26.010265350341797	-27.282859802246094	3.0562829971313477	1.8716000318527222	1.3271126747131348	-11.357512474060059	-9.158663749694824
E237W	-4.582773208618164	-17.161235809326172	-3.7853493690490723	-10.767087936401367	-7.638653755187988	-14.040426254272461	-14.805453300476074	-18.951448440551758	0.8793054819107056	-15.863527297973633	-10.671664237976074
E237Y	-10.986811637878418	-9.20467472076416	-20.191816329956055	-10.1441650390625	-20.307044982910156	-27.854339599609375	-8.862317085266113	-9.184024810791016	-4.977797031402588	-18.004745483398438	-13.971774101257324
K238A	3.407618761062622	35.438419342041016	-2.828155040740967	9.469868659973145	-4.008543968200684	0.4493635296821594	2.04634165763855	11.02031135559082	-0.0976177304983139	2.1199371814727783	5.701754570007324
K238C	5.971004486083984	8.02878189086914	2.926506996154785	-2.3975331783294678	-0.9505102038383484	-1.6396881341934204	-5.327952861785889	-1.7355643510818481	1.7350949048995972	-0.5147771239280701	0.6095361113548279
K238D	5.918238639831543	12.697625160217285	-1.803314208984375	7.280930042266846	-1.9481631517410278	-0.3985954225063324	-4.488917827606201	2.771193742752075	0.44434887170791626	-0.9394360184669495	1.9533908367156982
K238E	3.2258353233337402	23.82245445251465	3.117614507675171	8.391051292419434	-3.108961582183838	6.923703193664551	-6.396728038787842	8.926593780517578	-1.2887314558029175	2.8442866802215576	4.645711898803711
K238F	-1.4091967344284058	5.786509990692139	-14.981873512268066	10.31120491027832	6.327597141265869	-7.117232799530029	1.4111366271972656	7.394909858703613	1.8968555927276611	7.158913612365723	1.677882432937622
K238G	9.857583999633789	1.8231698274612427	-3.1194069385528564	17.442012786865234	-3.9779281616210938	-2.026060104370117	-4.281515598297119	2.0320587158203125	0.25962740182876587	-3.181288719177246	1.482825517654419
K238H	8.272218704223633	9.563469886779785	2.52748703956604	-11.350984573364258	-0.32696762681007385	-0.03990911319851875	-8.819573402404785	1.299826741218567	-1.126848816871643	0.2933467626571655	0.029206644743680954
K238I	-1.6398820877075195	0.5740503072738647	-3.4064536094665527	3.738658905029297	9.68419075012207	-4.968066692352295	9.707283973693848	6.5254645347595215	5.199484348297119	2.780343532562256	2.819507360458374
K238L	-4.41399621963501	-28.031591415405273	-9.258430480957031	-4.253480434417725	10.824519157409668	-9.727476119995117	20.050203323364258	11.158889770507812	8.577286720275879	7.256997108459473	0.21829262375831604
K238M	8.284481048583984	14.620440483093262	2.5073468685150146	4.143972873687744	4.0948872566223145	-0.33150094747543335	-4.970421314239502	3.248202085494995	2.2550857067108154	2.8517327308654785	3.6704230308532715
K238N	6.320666790008545	5.425641059875488	0.5210554599761963	-7.954441070556641	-2.134798049926758	-1.882094383239746	-9.172582626342773	-0.2376089245080948	-4.13695764541626	-6.397024154663086	-1.9648144245147705
K238P	3.79984188079834	-5.110163688659668	-5.819555759429932	-12.47669792175293	-5.398645877838135	-4.130937099456787	-15.92696475982666	-5.64620304107666	-7.9757161140441895	-20.802345275878906	-7.948738098144531
K238Q	6.206153869628906	13.039621353149414	3.080615520477295	2.6711432933807373	-1.8834826946258545	0.9499782919883728	-6.652061939239502	3.078386068344116	0.5449090003967285	-0.8587702512741089	2.0176491737365723
K238R	9.256486892700195	13.250752449035645	3.4593420028686523	7.340359687805176	0.010404817759990692	3.3061373233795166	-4.9642252922058105	3.3717665672302246	0.7815458178520203	1.3253846168518066	3.7137959003448486
K238S	5.117504119873047	28.454078674316406	-2.758092164993286	7.752147197723389	-5.893921852111816	1.40199613571167	-1.3275481462478638	3.921748399734497	1.0657320022583008	1.4296401739120483	3.9163284301757812
K238T	5.489251136779785	26.266103744506836	3.4982903003692627	2.3907864093780518	-2.4735617637634277	0.6451568007469177	-2.635758399963379	4.305084228515625	3.0240659713745117	-0.1710587739944458	4.033836364746094
K238V	-3.350904941558838	3.9408462047576904	-4.66532039642334	-2.3542327880859375	6.183565616607666	-4.697239398956299	12.619645118713379	7.046777725219727	3.7180280685424805	5.285632133483887	2.3726799488067627
K238W	7.540811538696289	11.925004959106445	0.4924462139606476	-24.40261459350586	2.5372769832611084	-2.102079391479492	-2.804049491882324	-13.723052978515625	-7.138821601867676	-8.021340370178223	-3.569641590118408
K238Y	6.873316287994385	12.545501708984375	3.35012149810791	-1.5436787605285645	-0.19215822219848633	-1.343536615371704	-3.20381498336792	0.6806366443634033	1.1981163024902344	-0.8140383362770081	1.7550466060638428
L239A	-36.38323211669922	-19.606101989746094	-27.208242416381836	-2.4234228134155273	-50.524864196777344	-34.44404602050781	-13.152571678161621	-2.6896467208862305	-13.816510200500488	-33.854896545410156	-23.410354614257812
L239C	-30.614564895629883	-41.97038269042969	-16.204818725585938	-10.665199279785156	-39.070858001708984	-38.20524978637695	-11.652377128601074	-10.588115692138672	-5.818406105041504	-39.93214797973633	-24.472209930419922
L239D	-39.8295783996582	-39.91166305541992	-22.923416137695312	-15.491044998168945	-62.63169860839844	-41.655723571777344	-17.407217025756836	-10.552539825439453	-16.724201202392578	-42.57696533203125	-30.97040367126465
L239E	-31.721515655517578	-38.227027893066406	-24.901655197143555	-9.968196868896484	-51.967254638671875	-31.817033767700195	-12.958906173706055	-7.276867866516113	-11.541318893432617	-40.528594970703125	-26.090839385986328
L239F	-36.52703857421875	-14.478684425354004	-25.684112548828125	10.6041898727417	-34.28190231323242	-25.843034744262695	-8.202828407287598	0.17231608927249908	-14.530878067016602	-21.852405548095703	-17.06243896484375
L239G	-34.50233459472656	-37.79130935668945	-24.842857360839844	-12.544147491455078	-47.642215728759766	-35.51864242553711	-14.44757080078125	-10.086463928222656	-18.420398712158203	-40.44732666015625	-27.62432861328125
L239H	-35.36465835571289	-47.19844055175781	-17.396800994873047	-13.17208194732666	-40.8492546081543	-40.95055389404297	-12.196728706359863	-12.659085273742676	-5.3808183670043945	-34.265663146972656	-25.943408966064453
L239I	-32.06662368774414	-20.743412017822266	-19.389766693115234	7.052795886993408	-30.7186279296875	-34.30622100830078	-6.729033470153809	-2.4325942993164062	-11.605566024780273	-32.741085052490234	-18.368011474609375
L239K	-39.095096588134766	-49.37192916870117	-18.916072845458984	-13.913535118103027	-43.21738815307617	-45.02827072143555	-14.69735336303711	-13.521459579467773	-6.658336639404297	-43.6163444519043	-28.803579330444336
L239M	-28.21810531616211	-37.60414123535156	-12.5236234664917	-6.558419704437256	-38.8748779296875	-36.58392333984375	-8.42512321472168	-8.258620262145996	-5.294709205627441	-31.54958152770996	-21.38911247253418
L239N	-32.88296890258789	-48.021392822265625	-20.05267333984375	-12.364607810974121	-49.45844268798828	-42.03146743774414	-12.656319618225098	-12.059961318969727	-12.310722351074219	-38.25672912597656	-28.0095272064209
L239P	-38.014076232910156	-49.448570251464844	-24.106843948364258	-11.63044548034668	-52.95114517211914	-39.490108489990234	-16.632322311401367	-14.36567211151123	-19.887828826904297	-33.51912307739258	-30.004613876342773
L239Q	-33.4293098449707	-43.2638053894043	-16.9354190826416	-13.967506408691406	-51.63862991333008	-42.94331359863281	-13.043116569519043	-12.960886001586914	-8.985401153564453	-38.2212028503418	-27.53885841369629
L239R	-32.71487045288086	-38.89270782470703	-17.778907775878906	-12.814947128295898	-49.49442672729492	-41.0576171875	-12.134472846984863	-10.335055351257324	-9.691716194152832	-38.022613525390625	-26.293731689453125
L239S	-37.48430633544922	-28.560504913330078	-27.902585983276367	-9.18211555480957	-57.45270919799805	-39.43981170654297	-17.280696868896484	-7.7998809814453125	-16.669597625732422	-39.96758270263672	-28.173980712890625
L239T	-28.18267250061035	-34.858699798583984	-18.88780403137207	-7.019258499145508	-46.51213455200195	-36.33428192138672	-12.093097686767578	-7.279691696166992	-9.301074028015137	-35.24448013305664	-23.571319580078125
L239V	-31.672744750976562	-21.690876007080078	-18.7973575592041	8.112582206726074	-22.740711212158203	-30.78121566772461	-5.175046920776367	-0.18640367686748505	-8.886534690856934	-31.881908416748047	-16.37002182006836
L239W	-39.819618225097656	-45.1401481628418	-24.04603385925293	-6.1080780029296875	-32.82838821411133	-42.45877456665039	-16.031238555908203	-17.139495849609375	-10.369553565979004	-30.60209846496582	-26.454341888427734
L239Y	-28.921438217163086	-39.151153564453125	-18.388280868530273	-6.263843059539795	-41.218994140625	-34.799354553222656	-11.49517822265625	-9.83869743347168	-10.103194236755371	-30.86797332763672	-23.104812622070312
Y240A	-21.82006072998047	-25.94115447998047	-16.60896110534668	1.4352132081985474	-23.941024780273438	-35.449161529541016	-14.091538429260254	1.7275348901748657	-19.544233322143555	-25.92851448059082	-18.016189575195312
Y240C	-8.29113483428955	-30.18852424621582	-9.208864212036133	-10.973400115966797	-14.136164665222168	-18.748149871826172	-13.830077171325684	-9.123011589050293	-10.627338409423828	-14.273609161376953	-13.940027236938477
Y240D	-38.5545539855957	-38.618324279785156	-18.710962295532227	-20.930212020874023	-41.221771240234375	-46.19933319091797	-18.059322357177734	-10.010948181152344	-27.443336486816406	-29.571680068969727	-28.93204689025879
Y240E	-25.895227432250977	-34.417396545410156	-15.402876853942871	-9.822669982910156	-35.6870231628418	-50.95796203613281	-13.830758094787598	-7.210165977478027	-23.269010543823242	-30.14603614807129	-24.66391372680664
Y240F	-10.467394828796387	-26.89504623413086	-25.436086654663086	8.418412208557129	-11.585895538330078	-18.631624221801758	-2.650515556335449	1.9125384092330933	-4.143249988555908	-9.760543823242188	-9.923940658569336
Y240G	-24.080781936645508	-46.09638595581055	-21.470441818237305	-9.899017333984375	-33.241458892822266	-40.86241149902344	-12.000688552856445	-9.545893669128418	-28.434558868408203	-34.68564224243164	-26.031728744506836
Y240H	-12.256743431091309	-30.660139083862305	-8.832669258117676	-11.272971153259277	-17.693143844604492	-24.985328674316406	-15.586796760559082	-9.253523826599121	-12.375204086303711	-12.195427894592285	-15.511195182800293
Y240I	-4.547623157501221	-20.143800735473633	-16.784116744995117	4.050170421600342	-3.286560535430908	-19.793731689453125	4.3768534660339355	1.711679458618164	1.1142033338546753	-7.741603374481201	-6.104453086853027
Y240K	-15.48876953125	-36.73957061767578	-11.878344535827637	-15.798564910888672	-22.43674659729004	-36.30579376220703	-16.77368927001953	-10.429588317871094	-16.245361328125	-16.53832244873047	-19.863475799560547
Y240L	-0.5550426840782166	-38.35145950317383	-12.093157768249512	-4.377281665802002	4.110276699066162	0.21558941900730133	16.376855850219727	9.70121955871582	13.066280364990234	-3.9883759021759033	-1.5895100831985474
Y240M	-10.787093162536621	-22.765758514404297	-9.153809547424316	1.4491409063339233	-16.517196655273438	-21.451719284057617	-13.753931045532227	-8.414966583251953	-2.8232321739196777	-14.767531394958496	-11.898609161376953
Y240N	-20.86098289489746	-38.516868591308594	-17.886892318725586	-15.796930313110352	-27.44387435913086	-47.184967041015625	-13.606311798095703	-11.40173625946045	-20.826669692993164	-23.782655715942383	-23.730789184570312
Y240P	-21.293285369873047	-38.01816177368164	-22.869741439819336	-15.43570613861084	-31.073644638061523	-39.76966094970703	-16.09906005859375	-15.676688194274902	-22.638607025146484	-24.055936813354492	-24.693050384521484
Y240Q	-20.19621467590332	-32.25209426879883	-12.926799774169922	-15.63226318359375	-24.999483108520508	-44.06172180175781	-15.057637214660645	-11.894439697265625	-17.394546508789062	-23.880552291870117	-21.829574584960938
Y240R	-23.512096405029297	-35.834815979003906	-14.6329345703125	-16.36097526550293	-27.17414093017578	-57.99900817871094	-12.626014709472656	-13.002497673034668	-20.8176212310791	-27.51078224182129	-24.94709014892578
Y240S	-24.966609954833984	-36.61835479736328	-16.967445373535156	-12.357783317565918	-34.442203521728516	-41.23209762573242	-15.894570350646973	-5.210676193237305	-21.451547622680664	-31.361059188842773	-24.050235748291016
Y240T	-18.441740036010742	-30.45431900024414	-14.271743774414062	-15.10013198852539	-26.060123443603516	-37.624473571777344	-13.232227325439453	-7.574854373931885	-13.792786598205566	-23.671485900878906	-20.022388458251953
Y240V	-3.765291690826416	-24.599014282226562	-16.663415908813477	-1.2190124988555908	-1.91903555393219	-15.310628890991211	4.983579635620117	3.5003764629364014	3.5373663902282715	-8.832212448120117	-6.028729438781738
Y240W	-2.6974501609802246	-39.87387466430664	-7.159274578094482	-6.243659019470215	-12.352334022521973	-19.434463500976562	-20.086366653442383	-2.7499020099639893	-11.872666358947754	-5.583900451660156	-12.805389404296875
L241A	-7.542017459869385	-13.978324890136719	-3.1372222900390625	6.433372497558594	-41.35318374633789	-9.905139923095703	-0.11629337072372437	-2.775071859359741	1.3471015691757202	-8.778456687927246	-7.980523586273193
L241C	-0.033004410564899445	-2.27028489112854	1.3426495790481567	-13.98961067199707	1.506579875946045	-4.187243938446045	-7.6008620262146	-2.8504388332366943	-10.874961853027344	-13.175848960876465	-5.2133026123046875
L241D	-18.471893310546875	-21.577335357666016	-5.050809860229492	-9.527351379394531	-34.27404022216797	-8.01369571685791	-7.7646660804748535	-6.676560401916504	-6.916723251342773	-16.316509246826172	-13.458958625793457
L241E	-15.821239471435547	-21.459518432617188	-4.772459983825684	-1.1979368925094604	-27.363014221191406	-8.469023704528809	-5.786487579345703	-8.526028633117676	-7.764866352081299	-16.240859985351562	-11.740143775939941
L241F	-24.97254180908203	-2.624507427215576	-4.750542640686035	4.803073883056641	-17.35892105102539	2.4768075942993164	-2.8609580993652344	-1.7337357997894287	0.15253090858459473	3.9379117488861084	-4.293087959289551
L241G	-9.377069473266602	-17.929485321044922	-5.999711036682129	1.5491743087768555	-25.930103302001953	-4.800902366638184	-6.647122859954834	-5.813901424407959	-7.7248711585998535	-17.273386001586914	-9.99473762512207
L241H	0.8129504919052124	-5.457833290100098	-0.06909388303756714	-14.861557960510254	-6.312386989593506	-9.212711334228516	-10.15847110748291	-1.7519623041152954	-13.687110900878906	-15.035470962524414	-7.5733642578125
L241I	-14.44716739654541	-11.27771282196045	-2.5130274295806885	2.240776538848877	-7.381678581237793	-4.933465003967285	0.5666165947914124	0.14863701164722443	4.159262657165527	6.939450740814209	-2.6498308181762695
L241K	-0.2604493498802185	-7.616343021392822	-0.9860079288482666	-19.541996002197266	-4.426353454589844	-9.88448715209961	-11.823796272277832	-3.6015303134918213	-15.043046951293945	-17.3332462310791	-9.051725387573242
L241M	-4.5828857421875	0.18498966097831726	1.4909430742263794	-7.572152137756348	4.984793186187744	-1.779186487197876	-7.382437705993652	-6.094111442565918	-6.012452125549316	-16.277420043945312	-4.30399227142334
L241N	-4.453985691070557	-14.009383201599121	-1.3158093690872192	-16.121185302734375	-17.157894134521484	-9.193460464477539	-9.277758598327637	-6.273027420043945	-13.096230506896973	-19.054853439331055	-10.99535846710205
L241P	-5.046287536621094	-16.43755531311035	-3.982874870300293	-17.759960174560547	-18.072553634643555	-13.06137466430664	-17.70293426513672	-5.146740913391113	-16.452293395996094	-20.995986938476562	-13.465856552124023
L241Q	-6.577032566070557	-9.933170318603516	-1.4252252578735352	-10.48326587677002	-18.60232162475586	-6.376877784729004	-7.020177364349365	-8.50317668914795	-9.407116889953613	-16.954639434814453	-9.528300285339355
L241R	-7.039113998413086	-11.847657203674316	-2.492100954055786	-6.097522735595703	-19.540891647338867	-6.7421183586120605	-4.465776443481445	-4.051220417022705	-6.536266803741455	-16.429935455322266	-8.524259567260742
L241S	-15.068687438964844	-18.141157150268555	-4.57248592376709	2.000882863998413	-35.39181900024414	-8.491583824157715	-3.6016995906829834	-6.0121893882751465	-5.0585527420043945	-12.989091873168945	-10.73263931274414
L241T	-11.999953269958496	-13.026934623718262	-4.421250820159912	-7.381048202514648	-28.272167205810547	-9.7191162109375	-4.212034225463867	-10.859142303466797	-6.463869571685791	-12.350335121154785	-10.870584487915039
L241V	-12.317145347595215	-15.47015380859375	-4.827213764190674	-3.7577438354492188	-1.2505701780319214	-6.269406318664551	2.5339388847351074	1.8388487100601196	4.980475902557373	9.549062728881836	-2.498990535736084
L241W	-0.3220410943031311	3.3891944885253906	0.07167735695838928	-22.704450607299805	3.1377646923065186	-9.685962677001953	-12.08751106262207	-6.804069519042969	-16.783626556396484	-13.713188171386719	-7.5502214431762695
L241Y	-3.394796848297119	-5.168668746948242	1.4470778703689575	-12.726383209228516	-8.139934539794922	-7.614041328430176	-7.824975490570068	-10.78399658203125	-8.681599617004395	-10.380112648010254	-7.326742649078369
L242A	-18.104219436645508	-39.08601760864258	-19.747783660888672	-17.048702239990234	-60.90394973754883	-29.642032623291016	-17.238643646240234	-23.415996551513672	-11.599332809448242	-18.171913146972656	-25.495859146118164
L242C	-26.489925384521484	-25.214778900146484	-13.141280174255371	-27.735567092895508	-43.77177810668945	-44.67695617675781	-15.99902629852295	-30.881731033325195	-17.16521453857422	-21.89398193359375	-26.697025299072266
L242D	-37.5245361328125	-27.246728897094727	-17.561086654663086	-41.100830078125	-63.0527458190918	-49.561439514160156	-20.344018936157227	-33.8266716003418	-20.022960662841797	-26.035654067993164	-33.627662658691406
L242E	-29.533100128173828	-26.732038497924805	-16.23103904724121	-33.88388442993164	-61.79710006713867	-55.34917449951172	-19.403669357299805	-37.004478454589844	-18.6191463470459	-24.32433319091797	-32.28779602050781
L242F	-27.540489196777344	-43.6689338684082	-13.0199556350708	-4.778221130371094	-36.80825424194336	-16.59944725036621	-14.966120719909668	-11.159832000732422	-28.545063018798828	-0.13296276330947876	-19.721927642822266
L242G	-29.65403175354004	-24.909259796142578	-26.7692813873291	-35.33940124511719	-59.016815185546875	-34.202362060546875	-18.015911102294922	-26.820907592773438	-20.381694793701172	-29.780628204345703	-30.489028930664062
L242H	-31.549623489379883	-23.346637725830078	-16.160327911376953	-31.63513946533203	-42.02638626098633	-55.05641174316406	-22.195575714111328	-31.21217918395996	-18.343637466430664	-24.598827362060547	-29.612472534179688
L242I	-14.660216331481934	-28.41219139099121	-15.116259574890137	-0.93824303150177	-31.32596206665039	-15.576532363891602	-4.761024475097656	-5.8219380378723145	-9.638566970825195	3.0177247524261475	-12.323320388793945
L242K	-33.59364700317383	-25.645891189575195	-18.369186401367188	-33.834049224853516	-43.351322174072266	-56.802520751953125	-28.178754806518555	-31.22506332397461	-21.061138153076172	-27.847978591918945	-31.990955352783203
L242M	-22.892351150512695	-25.1132869720459	-15.035200119018555	-22.01799964904785	-46.43790817260742	-32.50247573852539	-10.101094245910645	-30.258155822753906	-13.846274375915527	-21.9061336517334	-24.011085510253906
L242N	-33.065757751464844	-25.337753295898438	-18.387758255004883	-34.9560432434082	-51.81772994995117	-52.92762756347656	-21.22068214416504	-30.451129913330078	-19.5225772857666	-27.134071350097656	-31.482112884521484
L242P	-35.391658782958984	-25.817052841186523	-22.647127151489258	-46.84444046020508	-48.90769958496094	-46.964637756347656	-19.3822021484375	-30.49245262145996	-24.51833152770996	-25.844160079956055	-32.68097686767578
L242Q	-29.126018524169922	-27.159116744995117	-14.643782615661621	-30.601482391357422	-55.416542053222656	-54.74995422363281	-19.090822219848633	-32.45389938354492	-17.072696685791016	-23.109317779541016	-30.342361450195312
L242R	-31.277021408081055	-26.8000431060791	-14.536640167236328	-28.014055252075195	-54.37691116333008	-49.14835739135742	-16.771516799926758	-26.525949478149414	-18.168188095092773	-28.198808670043945	-29.381750106811523
L242S	-28.78963279724121	-26.780994415283203	-20.774002075195312	-31.683618545532227	-68.63423919677734	-39.673091888427734	-18.071788787841797	-28.07550811767578	-16.535871505737305	-22.60597801208496	-30.162471771240234
L242T	-25.9056339263916	-25.045698165893555	-16.8780574798584	-31.5091552734375	-61.80405807495117	-47.024513244628906	-13.335551261901855	-34.48722457885742	-12.38744068145752	-20.06525993347168	-28.84425926208496
L242V	-9.96741771697998	-37.179222106933594	-14.87825870513916	-4.269845008850098	-19.046056747436523	-17.364383697509766	-5.446829795837402	-3.133092164993286	-4.790769100189209	4.337832927703857	-11.173805236816406
L242W	-25.08540916442871	-22.972301483154297	-17.116195678710938	-35.519046783447266	-21.858158111572266	-42.346107482910156	-20.395483016967773	-30.724302291870117	-22.585960388183594	-25.81294822692871	-26.441593170166016
L242Y	-26.818260192871094	-22.181283950805664	-18.503381729125977	-27.386974334716797	-52.2130126953125	-40.971500396728516	-13.260539054870605	-33.1065673828125	-17.21517562866211	-20.416683197021484	-27.20733642578125
T243A	2.504150629043579	40.83034896850586	-2.1371092796325684	4.445463180541992	-5.362797737121582	-2.5043399333953857	1.1244962215423584	7.965010643005371	2.860225200653076	2.8830411434173584	5.2608489990234375
T243C	3.289463758468628	8.33194637298584	0.2822823226451874	-0.2045678198337555	-2.9898786544799805	-1.5614588260650635	-4.384434223175049	-5.507286071777344	3.2329537868499756	-9.048511505126953	-0.8559491038322449
T243D	1.624400019645691	21.82759666442871	-6.742122173309326	6.0583720207214355	-8.657256126403809	-4.747339725494385	-5.097636699676514	2.7566535472869873	0.3947838544845581	-2.5547337532043457	0.48627161979675293
T243E	1.5939041376113892	18.120370864868164	-4.8703460693359375	6.473501205444336	-8.201910972595215	-3.985649347305298	-6.01215124130249	-0.7419102191925049	0.037402503192424774	0.7929244637489319	0.3206135630607605
T243F	7.512563705444336	29.896432876586914	-8.510686874389648	9.479524612426758	-1.640118956565857	1.5194416046142578	-3.7270665168762207	5.84457540512085	14.136869430541992	11.367195129394531	6.5878729820251465
T243G	5.36583137512207	15.570085525512695	-6.868472576141357	7.18753719329834	-6.859115123748779	-2.1215176582336426	-4.780170917510986	2.0443003177642822	5.011057376861572	-7.87139368057251	0.6678141951560974
T243H	2.9570627212524414	3.861672878265381	0.966397762298584	-1.49392831325531	-2.9670252799987793	-1.6949028968811035	-8.325591087341309	-6.76539945602417	-0.23020420968532562	-5.12496280670166	-1.881688117980957
T243I	6.716678619384766	31.56566047668457	-4.360257625579834	5.068844795227051	-0.6073189377784729	0.5302821397781372	-2.6597657203674316	2.827136993408203	9.323891639709473	8.792108535766602	5.719725608825684
T243K	2.443279981613159	5.2184600830078125	-0.9263002872467041	-8.335302352905273	-4.941795825958252	-3.09185791015625	-9.964944839477539	-6.253150939941406	-0.4642215967178345	-13.379837036132812	-3.969567060470581
T243L	4.148409843444824	9.606992721557617	-11.639236450195312	-9.88786506652832	8.71347713470459	-7.4272990226745605	-2.911013126373291	7.397289752960205	11.76930046081543	12.66390609741211	2.243396282196045
T243M	4.4778666496276855	9.661792755126953	1.8181012868881226	-0.10143207013607025	-0.07780317217111588	-1.3224215507507324	-3.225954294204712	-3.345188617706299	2.5475258827209473	-5.267536640167236	0.5164951086044312
T243N	2.0776596069335938	6.884505271911621	-2.264847755432129	-5.786165237426758	-7.501859664916992	-3.8595056533813477	-7.935581684112549	-0.9153043031692505	0.17295105755329132	-12.583806991577148	-3.1711955070495605
T243P	1.774739384651184	-3.0772738456726074	-12.897285461425781	-12.422739028930664	-13.346412658691406	-5.1531982421875	-10.42104434967041	-6.227444648742676	-2.098540782928467	-31.40058708190918	-9.526978492736816
T243Q	2.0227396488189697	11.088125228881836	1.0409601926803589	4.206003665924072	-5.428493976593018	-2.293156147003174	-5.2598066329956055	-1.5389199256896973	0.3028959035873413	-8.324111938476562	-0.4183763563632965
T243R	5.241387367248535	10.769420623779297	0.8788168430328369	9.550172805786133	-3.5782241821289062	-2.078037738800049	-5.178469181060791	-0.8150360584259033	1.2863402366638184	-3.236738681793213	1.2839632034301758
T243S	0.5005970001220703	33.08926773071289	-4.852323532104492	7.848004341125488	-8.335476875305176	-3.430738687515259	-2.1746792793273926	3.6850152015686035	2.9924349784851074	0.17131203413009644	2.9493417739868164
T243V	3.6350996494293213	23.75520133972168	-8.769628524780273	0.9567207098007202	0.5358465909957886	-3.9930624961853027	-0.6103449463844299	8.639434814453125	5.688209056854248	10.936117172241211	4.077359199523926
T243W	9.591534614562988	1.1801676750183105	-6.46121883392334	-22.744611740112305	1.317391276359558	-4.324958801269531	-8.88369369506836	-13.246281623840332	-6.147627353668213	-13.35435676574707	-6.307365417480469
T243Y	1.6257898807525635	10.287315368652344	-0.7846089601516724	1.9190239906311035	-5.446417808532715	-1.3424482345581055	-3.4099764823913574	-5.390740871429443	2.197542190551758	-7.6089253425598145	-0.7953447103500366
E244A	7.399114608764648	27.237459182739258	-2.7142281532287598	14.852550506591797	3.714486598968506	17.1326904296875	7.388948917388916	14.554754257202148	6.182619571685791	-3.1084680557250977	9.263992309570312
E244C	15.283114433288574	10.746933937072754	17.249263763427734	0.8889392614364624	5.819153785705566	7.495978832244873	12.2986421585083	5.529024124145508	2.9362220764160156	0.19599920511245728	7.844326972961426
E244D	15.723432540893555	24.448230743408203	5.660952568054199	12.91269588470459	6.017745018005371	19.95461654663086	8.73450756072998	29.048486709594727	4.883808612823486	3.808384656906128	13.119285583496094
E244F	-0.5074838399887085	12.78062915802002	-10.134337425231934	2.780346155166626	1.4046131372451782	2.881023645401001	-2.2783520221710205	5.149272441864014	2.4853110313415527	6.417950630187988	2.0978972911834717
E244G	16.736370086669922	11.68712043762207	3.2633719444274902	17.877729415893555	2.378080368041992	17.825531005859375	7.696356296539307	13.687437057495117	10.733171463012695	-3.7137129306793213	9.817145347595215
E244H	11.539865493774414	14.44845199584961	14.231761932373047	0.181317538022995	8.093511581420898	11.31657600402832	13.60661792755127	11.98618221282959	4.0807318687438965	3.2228262424468994	9.270784378051758
E244I	0.31870120763778687	13.740968704223633	-7.098679065704346	3.0169544219970703	5.002108573913574	4.286266803741455	3.637057304382324	5.876440048217773	9.977131843566895	8.343647003173828	4.710059642791748
E244K	12.796945571899414	14.429335594177246	13.370065689086914	-2.3075673580169678	9.912557601928711	11.194967269897461	13.031706809997559	5.041072845458984	3.543050765991211	2.6838648319244385	8.369600296020508
E244L	-15.855340957641602	-0.2802179157733917	-24.878421783447266	-9.976577758789062	-7.019143581390381	-6.247697353363037	0.9265322089195251	8.31876277923584	-5.483375549316406	-0.12373823672533035	-6.0619215965271
E244M	15.625747680664062	16.835731506347656	11.599897384643555	1.0603992938995361	8.493736267089844	6.720022201538086	11.238879203796387	3.525688409805298	5.09122896194458	3.1364591121673584	8.332778930664062
E244N	16.429353713989258	16.127626419067383	9.1351957321167	5.746566295623779	5.137826442718506	8.069084167480469	12.067408561706543	10.813875198364258	5.149864196777344	-0.784506618976593	8.789228439331055
E244P	12.034440040588379	13.016838073730469	6.403199672698975	2.1603991985321045	4.948667526245117	8.532418251037598	12.772727012634277	-4.926779270172119	4.496647834777832	-7.490119934082031	5.194843769073486
E244Q	13.568836212158203	18.332429885864258	10.156084060668945	7.644569396972656	7.161486625671387	12.636128425598145	14.166339874267578	26.452381134033203	7.033451080322266	3.9240972995758057	12.107580184936523
E244R	14.44054889678955	16.813570022583008	6.795175552368164	8.309978485107422	7.0098490715026855	15.243826866149902	12.966937065124512	31.510528564453125	7.240486145019531	1.1630243062973022	12.149392127990723
E244S	8.027812957763672	29.587739944458008	3.769632577896118	18.248552322387695	4.942850112915039	23.317363739013672	7.094340801239014	18.120569229125977	9.557878494262695	0.6935446858406067	12.336027145385742
E244T	11.844247817993164	23.744455337524414	6.335400581359863	9.658056259155273	2.4788424968719482	16.156436920166016	12.163354873657227	28.55118179321289	8.669347763061523	5.743562698364258	12.534488677978516
E244V	-4.076809883117676	5.952130317687988	-12.536185264587402	-2.422268867492676	3.649172067642212	-2.6254796981811523	5.177768707275391	6.045742034912109	-3.4265835285186768	-0.20794522762298584	-0.4470459520816803
E244W	15.071950912475586	13.424031257629395	23.913288116455078	-5.708946228027344	13.87889575958252	18.30497169494629	18.30378532409668	-6.0286712646484375	-0.08905400335788727	7.25243616104126	9.832269668579102
E244Y	15.603178024291992	14.857519149780273	12.281696319580078	4.240386009216309	2.5048928260803223	6.579277515411377	11.334620475769043	8.662525177001953	5.226744651794434	1.0090464353561401	8.229990005493164
K245A	19.196340560913086	35.97019577026367	5.197205066680908	16.677366256713867	4.9629693031311035	7.669185161590576	6.599595546722412	16.596084594726562	22.121381759643555	8.611403465270996	14.3601713180542
K245C	23.637638092041016	12.743736267089844	5.003444671630859	2.7574315071105957	9.115829467773438	8.538775444030762	8.389664649963379	-4.869461536407471	10.380351066589355	10.311901092529297	8.600931167602539
K245D	17.033479690551758	16.387147903442383	4.1140947341918945	6.712323188781738	4.746236324310303	11.655778884887695	2.2336618900299072	0.6492122411727905	11.049365043640137	7.264651775360107	8.18459415435791
K245E	20.969743728637695	18.59271812438965	4.570788383483887	7.967695236206055	8.12109375	10.42214298248291	0.362926185131073	3.129625082015991	11.374469757080078	8.35409164428711	9.386529922485352
K245F	3.1847541332244873	28.04509162902832	2.7049059867858887	15.679251670837402	0.6036747097969055	4.260601043701172	0.9880648255348206	-2.21451997756958	16.279659271240234	10.490588188171387	8.002206802368164
K245G	14.646347999572754	22.02775001525879	0.4576103389263153	6.861545085906982	2.4638452529907227	11.892043113708496	0.6357333064079285	12.367721557617188	15.808669090270996	5.472034931182861	9.263330459594727
K245H	22.20013999938965	11.929983139038086	5.274435997009277	3.5575990676879883	14.044988632202148	8.913017272949219	7.449890613555908	-3.5331742763519287	9.07893180847168	8.766571044921875	8.76823902130127
K245I	8.576534271240234	29.732227325439453	4.40805721282959	2.891805648803711	2.0795559883117676	4.1282830238342285	4.125683307647705	3.082120418548584	14.183206558227539	15.17442512512207	8.838190078735352
K245L	0.8860359787940979	2.9557480812072754	-11.84229850769043	0.2817769944667816	6.003403186798096	5.240580081939697	8.412825584411621	6.582364082336426	16.173673629760742	24.21833038330078	5.891243934631348
K245M	26.546875	13.245743751525879	4.001004695892334	3.049473524093628	14.11689567565918	4.995451927185059	7.566452503204346	-3.370144844055176	12.469749450683594	9.480801582336426	9.210229873657227
K245N	18.640546798706055	10.860750198364258	2.2090532779693604	3.542353868484497	9.75389289855957	7.63234806060791	1.9361697435379028	-3.964578866958618	7.77287483215332	5.794632911682129	6.417803764343262
K245P	11.407819747924805	8.375114440917969	-0.3552141487598419	-0.823721170425415	7.542849063873291	5.600315093994141	0.9621662497520447	-7.095456600189209	3.856778621673584	-1.607856035232544	2.7862792015075684
K245Q	20.39845848083496	14.799324035644531	4.606991291046143	10.16447639465332	13.46032428741455	7.316819190979004	4.295768737792969	0.366495817899704	11.894386291503906	9.146997451782227	9.645004272460938
K245R	16.624439239501953	13.38504695892334	4.412855625152588	8.674437522888184	9.571212768554688	6.906952381134033	6.286082744598389	5.340165138244629	11.3050537109375	7.952203273773193	9.045845031738281
K245S	23.07335090637207	31.52685546875	4.634639739990234	12.182761192321777	5.495139122009277	10.990020751953125	5.1994218826293945	8.842824935913086	23.40420150756836	6.6325883865356445	13.198179244995117
K245T	18.800249099731445	16.81159782409668	4.919425964355469	8.373360633850098	5.317095756530762	7.524768829345703	5.529672145843506	2.8602406978607178	13.765337944030762	8.535656929016113	9.24374008178711
K245V	3.1202733516693115	24.84300422668457	1.0274527072906494	3.899632215499878	1.8601526021957397	4.519035816192627	4.420436382293701	3.7953684329986572	14.585622787475586	18.198238372802734	8.026921272277832
K245W	24.7264461517334	10.438506126403809	9.159871101379395	3.0709030628204346	18.709274291992188	8.560114860534668	10.909006118774414	-12.644662857055664	4.069451332092285	11.756461143493652	8.87553596496582
K245Y	20.896638870239258	15.817206382751465	4.858384609222412	2.209414482116699	10.379644393920898	6.2505035400390625	8.654873847961426	-4.846112251281738	11.789217948913574	8.682828903198242	8.469259262084961
